typeCode,freqCode,refPeriodId,refYear,refMonth,period,reporterCode,reporterISO,reporterDesc,flowCode,flowDesc,partnerCode,partnerISO,partnerDesc,partner2Code,partner2ISO,partner2Desc,classificationCode,classificationSearchCode,isOriginalClassification,cmdCode,cmdDesc,aggrLevel,isLeaf,customsCode,customsDesc,mosCode,motCode,motDesc,qtyUnitCode,qtyUnitAbbr,qty,isQtyEstimated,altQtyUnitCode,altQtyUnitAbbr,altQty,isAltQtyEstimated,netWgt,isNetWgtEstimated,grossWgt,isGrossWgtEstimated,cifvalue,fobvalue,primaryValue,legacyEstimationFlag,isReported,isAggregate
C,A,20140101,2014,52,2014,156,CHN,China,X,Export,0,W00,World,0,W00,World,H4,HS,True,85,"Electrical machinery and equipment and parts thereof; sound recorders and reproducers; television image and sound recorders and reproducers, parts and accessories of such articles",2,False,C00,TOTAL CPC,0,0,TOTAL MOT,-1,N/A,,False,-1,N/A,,False,,False,,False,,570924485664.0,570924485664.0,0,True,False
C,A,20140101,2014,52,2014,156,CHN,China,X,Export,0,W00,World,0,W00,World,H4,HS,True,70,Glass and glassware,2,False,C00,TOTAL CPC,0,0,TOTAL MOT,-1,N/A,,False,-1,N/A,,False,,False,,False,,16039685029.0,16039685029.0,0,True,False
C,A,20140101,2014,52,2014,156,CHN,China,X,Export,0,W00,World,0,W00,World,H4,HS,True,54,Man-made filaments; strip and the like of man-made textile materials,2,False,C00,TOTAL CPC,0,0,TOTAL MOT,-1,N/A,,False,-1,N/A,,False,,False,,False,,16878482334.0,16878482334.0,0,True,False
C,A,20140101,2014,52,2014,156,CHN,China,X,Export,0,W00,World,0,W00,World,H4,HS,True,96,Miscellaneous manufactured articles,2,False,C00,TOTAL CPC,0,0,TOTAL MOT,-1,N/A,,False,-1,N/A,,False,,False,,False,,14227646164.0,14227646164.0,0,True,False
C,A,20140101,2014,52,2014,156,CHN,China,X,Export,0,W00,World,0,W00,World,H4,HS,True,62,Apparel and clothing accessories; not knitted or crocheted,2,False,C00,TOTAL CPC,0,0,TOTAL MOT,-1,N/A,,False,-1,N/A,,False,,False,,False,,81445115755.0,81445115755.0,0,True,False
C,A,20140101,2014,52,2014,156,CHN,China,X,Export,0,W00,World,0,W00,World,H4,HS,True,40,Rubber and articles thereof,2,False,C00,TOTAL CPC,0,0,TOTAL MOT,-1,N/A,,False,-1,N/A,,False,,False,,False,,23597423939.0,23597423939.0,0,True,False
C,A,20140101,2014,52,2014,156,CHN,China,X,Export,0,W00,World,0,W00,World,H4,HS,True,49,"Printed books, newspapers, pictures and other products of the printing industry; manuscripts, typescripts and plans",2,False,C00,TOTAL CPC,0,0,TOTAL MOT,-1,N/A,,False,-1,N/A,,False,,False,,False,,3837578381.0,3837578381.0,0,True,False
C,A,20140101,2014,52,2014,156,CHN,China,X,Export,0,W00,World,0,W00,World,H4,HS,True,90,"Optical, photographic, cinematographic, measuring, checking, medical or surgical instruments and apparatus; parts and accessories",2,False,C00,TOTAL CPC,0,0,TOTAL MOT,-1,N/A,,False,-1,N/A,,False,,False,,False,,74001395542.0,74001395542.0,0,True,False
C,A,20140101,2014,52,2014,156,CHN,China,X,Export,0,W00,World,0,W00,World,H4,HS,True,38,Chemical products n.e.c.,2,False,C00,TOTAL CPC,0,0,TOTAL MOT,-1,N/A,,False,-1,N/A,,False,,False,,False,,14211311971.0,14211311971.0,0,True,False
C,A,20140101,2014,52,2014,156,CHN,China,X,Export,0,W00,World,0,W00,World,H4,HS,True,84,"Nuclear reactors, boilers, machinery and mechanical appliances; parts thereof",2,False,C00,TOTAL CPC,0,0,TOTAL MOT,-1,N/A,,False,-1,N/A,,False,,False,,False,,400834160171.0,400834160171.0,0,True,False
C,A,20140101,2014,52,2014,156,CHN,China,X,Export,0,W00,World,0,W00,World,H4,HS,True,72,Iron and steel,2,False,C00,TOTAL CPC,0,0,TOTAL MOT,-1,N/A,,False,-1,N/A,,False,,False,,False,,55478832195.0,55478832195.0,0,True,False
C,A,20140101,2014,52,2014,156,CHN,China,X,Export,0,W00,World,0,W00,World,H4,HS,True,39,Plastics and articles thereof,2,False,C00,TOTAL CPC,0,0,TOTAL MOT,-1,N/A,,False,-1,N/A,,False,,False,,False,,66789420385.0,66789420385.0,0,True,False
C,A,20140101,2014,52,2014,156,CHN,China,X,Export,0,W00,World,0,W00,World,H4,HS,True,73,Iron or steel articles,2,False,C00,TOTAL CPC,0,0,TOTAL MOT,-1,N/A,,False,-1,N/A,,False,,False,,False,,60637042484.0,60637042484.0,0,True,False
C,A,20140101,2014,52,2014,156,CHN,China,X,Export,0,W00,World,0,W00,World,H4,HS,True,61,Apparel and clothing accessories; knitted or crocheted,2,False,C00,TOTAL CPC,0,0,TOTAL MOT,-1,N/A,,False,-1,N/A,,False,,False,,False,,91991730096.0,91991730096.0,0,True,False
C,A,20140101,2014,52,2014,156,CHN,China,X,Export,0,W00,World,0,W00,World,H4,HS,True,69,Ceramic products,2,False,C00,TOTAL CPC,0,0,TOTAL MOT,-1,N/A,,False,-1,N/A,,False,,False,,False,,21978516591.0,21978516591.0,0,True,False
C,A,20140101,2014,52,2014,156,CHN,China,X,Export,0,W00,World,0,W00,World,H4,HS,True,82,"Tools, implements, cutlery, spoons and forks, of base metal; parts thereof, of base metal",2,False,C00,TOTAL CPC,0,0,TOTAL MOT,-1,N/A,,False,-1,N/A,,False,,False,,False,,14786080368.0,14786080368.0,0,True,False
C,A,20140101,2014,52,2014,156,CHN,China,X,Export,0,W00,World,0,W00,World,H4,HS,True,95,"Toys, games and sports requisites; parts and accessories thereof",2,False,C00,TOTAL CPC,0,0,TOTAL MOT,-1,N/A,,False,-1,N/A,,False,,False,,False,,38552899770.0,38552899770.0,0,True,False
C,A,20140101,2014,52,2014,156,CHN,China,X,Export,0,W00,World,0,W00,World,H4,HS,True,64,Footwear; gaiters and the like; parts of such articles,2,False,C00,TOTAL CPC,0,0,TOTAL MOT,-1,N/A,,False,-1,N/A,,False,,False,,False,,56248573806.0,56248573806.0,0,True,False
C,A,20140101,2014,52,2014,156,CHN,China,X,Export,0,W00,World,0,W00,World,H4,HS,True,32,"Tanning or dyeing extracts; tannins and their derivatives; dyes, pigments and other colouring matter; paints, varnishes; putty, other mastics; inks",2,False,C00,TOTAL CPC,0,0,TOTAL MOT,-1,N/A,,False,-1,N/A,,False,,False,,False,,6723672372.0,6723672372.0,0,True,False
C,A,20140101,2014,52,2014,156,CHN,China,X,Export,0,W00,World,0,W00,World,H4,HS,True,33,"Essential oils and resinoids; perfumery, cosmetic or toilet preparations",2,False,C00,TOTAL CPC,0,0,TOTAL MOT,-1,N/A,,False,-1,N/A,,False,,False,,False,,4187334025.0,4187334025.0,0,True,False
C,A,20140101,2014,52,2014,156,CHN,China,X,Export,0,W00,World,0,W00,World,H4,HS,True,87,"Vehicles; other than railway or tramway rolling stock, and parts and accessories thereof",2,False,C00,TOTAL CPC,0,0,TOTAL MOT,-1,N/A,,False,-1,N/A,,False,,False,,False,,64192712762.0,64192712762.0,0,True,False
C,A,20140101,2014,52,2014,156,CHN,China,X,Export,0,W00,World,0,W00,World,H4,HS,True,63,"Textiles, made up articles; sets; worn clothing and worn textile articles; rags",2,False,C00,TOTAL CPC,0,0,TOTAL MOT,-1,N/A,,False,-1,N/A,,False,,False,,False,,28472645545.0,28472645545.0,0,True,False
C,A,20140101,2014,52,2014,156,CHN,China,X,Export,0,W00,World,0,W00,World,H4,HS,True,44,Wood and articles of wood; wood charcoal,2,False,C00,TOTAL CPC,0,0,TOTAL MOT,-1,N/A,,False,-1,N/A,,False,,False,,False,,14469961385.0,14469961385.0,0,True,False
C,A,20140101,2014,52,2014,156,CHN,China,X,Export,0,W00,World,0,W00,World,H4,HS,True,83,Metal; miscellaneous products of base metal,2,False,C00,TOTAL CPC,0,0,TOTAL MOT,-1,N/A,,False,-1,N/A,,False,,False,,False,,17180401730.0,17180401730.0,0,True,False
C,A,20140101,2014,52,2014,156,CHN,China,X,Export,0,W00,World,0,W00,World,H4,HS,True,94,"Furniture; bedding, mattresses, mattress supports, cushions and similar stuffed furnishings; lamps and lighting fittings, n.e.c.; illuminated signs, illuminated name-plates and the like; prefabricated buildings",2,False,C00,TOTAL CPC,0,0,TOTAL MOT,-1,N/A,,False,-1,N/A,,False,,False,,False,,93374119313.0,93374119313.0,0,True,False
C,A,20140101,2014,52,2014,156,CHN,China,X,Export,0,W00,World,0,W00,World,H4,HS,True,66,"Umbrellas, sun umbrellas, walking-sticks, seat sticks, whips, riding crops; and parts thereof",2,False,C00,TOTAL CPC,0,0,TOTAL MOT,-1,N/A,,False,-1,N/A,,False,,False,,False,,3214009524.0,3214009524.0,0,True,False
C,A,20140101,2014,52,2014,156,CHN,China,X,Export,0,W00,World,0,W00,World,H4,HS,True,76,Aluminium and articles thereof,2,False,C00,TOTAL CPC,0,0,TOTAL MOT,-1,N/A,,False,-1,N/A,,False,,False,,False,,22615470138.0,22615470138.0,0,True,False
C,A,20140101,2014,52,2014,156,CHN,China,X,Export,0,W00,World,0,W00,World,H4,HS,True,42,"Articles of leather; saddlery and harness; travel goods, handbags and similar containers; articles of animal gut (other than silk-worm gut)",2,False,C00,TOTAL CPC,0,0,TOTAL MOT,-1,N/A,,False,-1,N/A,,False,,False,,False,,30365882788.0,30365882788.0,0,True,False
C,A,20140101,2014,52,2014,156,CHN,China,X,Export,0,W00,World,0,W00,World,H4,HS,True,21,Miscellaneous edible preparations,2,False,C00,TOTAL CPC,0,0,TOTAL MOT,-1,N/A,,False,-1,N/A,,False,,False,,False,,2708011855.0,2708011855.0,0,True,False
C,A,20140101,2014,52,2014,156,CHN,China,X,Export,0,W00,World,0,W00,World,H4,HS,True,57,Carpets and other textile floor coverings,2,False,C00,TOTAL CPC,0,0,TOTAL MOT,-1,N/A,,False,-1,N/A,,False,,False,,False,,2680212613.0,2680212613.0,0,True,False
C,A,20140101,2014,52,2014,156,CHN,China,X,Export,0,W00,World,0,W00,World,H4,HS,True,68,"Stone, plaster, cement, asbestos, mica or similar materials; articles thereof",2,False,C00,TOTAL CPC,0,0,TOTAL MOT,-1,N/A,,False,-1,N/A,,False,,False,,False,,11094743553.0,11094743553.0,0,True,False
C,A,20140101,2014,52,2014,156,CHN,China,X,Export,0,W00,World,0,W00,World,H4,HS,True,34,"Soap, organic surface-active agents; washing, lubricating, polishing or scouring preparations; artificial or prepared waxes, candles and similar articles, modelling pastes, dental waxes and dental preparations with a basis of plaster",2,False,C00,TOTAL CPC,0,0,TOTAL MOT,-1,N/A,,False,-1,N/A,,False,,False,,False,,3447921237.0,3447921237.0,0,True,False
C,A,20140101,2014,52,2014,156,CHN,China,X,Export,0,W00,World,0,W00,World,H4,HS,True,65,Headgear and parts thereof,2,False,C00,TOTAL CPC,0,0,TOTAL MOT,-1,N/A,,False,-1,N/A,,False,,False,,False,,4542484003.0,4542484003.0,0,True,False
C,A,20140101,2014,52,2014,156,CHN,China,X,Export,0,W00,World,0,W00,World,H4,HS,True,71,"Natural, cultured pearls; precious, semi-precious stones; precious metals, metals clad with precious metal, and articles thereof; imitation jewellery; coin",2,False,C00,TOTAL CPC,0,0,TOTAL MOT,-1,N/A,,False,-1,N/A,,False,,False,,False,,63199827359.0,63199827359.0,0,True,False
C,A,20140101,2014,52,2014,156,CHN,China,X,Export,0,W00,World,0,W00,World,H4,HS,True,48,"Paper and paperboard; articles of paper pulp, of paper or paperboard",2,False,C00,TOTAL CPC,0,0,TOTAL MOT,-1,N/A,,False,-1,N/A,,False,,False,,False,,17818530033.0,17818530033.0,0,True,False
C,A,20140101,2014,52,2014,156,CHN,China,X,Export,0,W00,World,0,W00,World,H4,HS,True,35,Albuminoidal substances; modified starches; glues; enzymes,2,False,C00,TOTAL CPC,0,0,TOTAL MOT,-1,N/A,,False,-1,N/A,,False,,False,,False,,2679247348.0,2679247348.0,0,True,False
C,A,20140101,2014,52,2014,156,CHN,China,X,Export,0,W00,World,0,W00,World,H4,HS,True,52,Cotton,2,False,C00,TOTAL CPC,0,0,TOTAL MOT,-1,N/A,,False,-1,N/A,,False,,False,,False,,16304249650.0,16304249650.0,0,True,False
C,A,20140101,2014,52,2014,156,CHN,China,X,Export,0,W00,World,0,W00,World,H4,HS,True,67,"Feathers and down, prepared; and articles made of feather or of down; artificial flowers; articles of human hair",2,False,C00,TOTAL CPC,0,0,TOTAL MOT,-1,N/A,,False,-1,N/A,,False,,False,,False,,6539437881.0,6539437881.0,0,True,False
C,A,20140101,2014,52,2014,156,CHN,China,X,Export,0,W00,World,0,W00,World,H4,HS,True,74,Copper and articles thereof,2,False,C00,TOTAL CPC,0,0,TOTAL MOT,-1,N/A,,False,-1,N/A,,False,,False,,False,,6982630142.0,6982630142.0,0,True,False
C,A,20140101,2014,52,2014,156,CHN,China,X,Export,0,W00,World,0,W00,World,H4,HS,True,58,"Fabrics; special woven fabrics, tufted textile fabrics, lace, tapestries, trimmings, embroidery",2,False,C00,TOTAL CPC,0,0,TOTAL MOT,-1,N/A,,False,-1,N/A,,False,,False,,False,,5122516930.0,5122516930.0,0,True,False
C,A,20140101,2014,52,2014,156,CHN,China,X,Export,0,W00,World,0,W00,World,H4,HS,True,29,Organic chemicals,2,False,C00,TOTAL CPC,0,0,TOTAL MOT,-1,N/A,,False,-1,N/A,,False,,False,,False,,45442904733.0,45442904733.0,0,True,False
C,A,20140101,2014,52,2014,156,CHN,China,X,Export,0,W00,World,0,W00,World,H4,HS,True,56,"Wadding, felt and nonwovens, special yarns; twine, cordage, ropes and cables and articles thereof",2,False,C00,TOTAL CPC,0,0,TOTAL MOT,-1,N/A,,False,-1,N/A,,False,,False,,False,,4598020745.0,4598020745.0,0,True,False
C,A,20140101,2014,52,2014,156,CHN,China,X,Export,0,W00,World,0,W00,World,H4,HS,True,91,Clocks and watches and parts thereof,2,False,C00,TOTAL CPC,0,0,TOTAL MOT,-1,N/A,,False,-1,N/A,,False,,False,,False,,5322873312.0,5322873312.0,0,True,False
C,A,20140101,2014,52,2014,156,CHN,China,X,Export,0,W00,World,0,W00,World,H4,HS,True,55,Man-made staple fibres,2,False,C00,TOTAL CPC,0,0,TOTAL MOT,-1,N/A,,False,-1,N/A,,False,,False,,False,,12817089804.0,12817089804.0,0,True,False
C,A,20140101,2014,52,2014,156,CHN,China,X,Export,0,W00,World,0,W00,World,H4,HS,True,37,Photographic or cinematographic goods,2,False,C00,TOTAL CPC,0,0,TOTAL MOT,-1,N/A,,False,-1,N/A,,False,,False,,False,,1192484287.0,1192484287.0,0,True,False
C,A,20140101,2014,52,2014,156,CHN,China,X,Export,0,W00,World,0,W00,World,H4,HS,True,46,"Manufactures of straw, esparto or other plaiting materials; basketware and wickerwork",2,False,C00,TOTAL CPC,0,0,TOTAL MOT,-1,N/A,,False,-1,N/A,,False,,False,,False,,1664038212.0,1664038212.0,0,True,False
C,A,20140101,2014,52,2014,156,CHN,China,X,Export,0,W00,World,0,W00,World,H4,HS,True,25,"Salt; sulphur; earths, stone; plastering materials, lime and cement",2,False,C00,TOTAL CPC,0,0,TOTAL MOT,-1,N/A,,False,-1,N/A,,False,,False,,False,,3872635594.0,3872635594.0,0,True,False
C,A,20140101,2014,52,2014,156,CHN,China,X,Export,0,W00,World,0,W00,World,H4,HS,True,30,Pharmaceutical products,2,False,C00,TOTAL CPC,0,0,TOTAL MOT,-1,N/A,,False,-1,N/A,,False,,False,,False,,6591591943.0,6591591943.0,0,True,False
C,A,20140101,2014,52,2014,156,CHN,China,X,Export,0,W00,World,0,W00,World,H4,HS,True,28,"Inorganic chemicals; organic and inorganic compounds of precious metals; of rare earth metals, of radio-active elements and of isotopes",2,False,C00,TOTAL CPC,0,0,TOTAL MOT,-1,N/A,,False,-1,N/A,,False,,False,,False,,15026000882.0,15026000882.0,0,True,False
C,A,20140101,2014,52,2014,156,CHN,China,X,Export,0,W00,World,0,W00,World,H4,HS,True,60,Fabrics; knitted or crocheted,2,False,C00,TOTAL CPC,0,0,TOTAL MOT,-1,N/A,,False,-1,N/A,,False,,False,,False,,14141712683.0,14141712683.0,0,True,False
C,A,20140101,2014,52,2014,156,CHN,China,X,Export,0,W00,World,0,W00,World,H4,HS,True,20,"Preparations of vegetables, fruit, nuts or other parts of plants",2,False,C00,TOTAL CPC,0,0,TOTAL MOT,-1,N/A,,False,-1,N/A,,False,,False,,False,,7634471378.0,7634471378.0,0,True,False
C,A,20140101,2014,52,2014,156,CHN,China,X,Export,0,W00,World,0,W00,World,H4,HS,True,92,Musical instruments; parts and accessories of such articles,2,False,C00,TOTAL CPC,0,0,TOTAL MOT,-1,N/A,,False,-1,N/A,,False,,False,,False,,1710772231.0,1710772231.0,0,True,False
C,A,20140101,2014,52,2014,156,CHN,China,X,Export,0,W00,World,0,W00,World,H4,HS,True,07,Vegetables and certain roots and tubers; edible,2,False,C00,TOTAL CPC,0,0,TOTAL MOT,-1,N/A,,False,-1,N/A,,False,,False,,False,,8226456021.0,8226456021.0,0,True,False
C,A,20140101,2014,52,2014,156,CHN,China,X,Export,0,W00,World,0,W00,World,H4,HS,True,59,"Textile fabrics; impregnated, coated, covered or laminated; textile articles of a kind suitable for industrial use",2,False,C00,TOTAL CPC,0,0,TOTAL MOT,-1,N/A,,False,-1,N/A,,False,,False,,False,,7607248991.0,7607248991.0,0,True,False
C,A,20140101,2014,52,2014,156,CHN,China,X,Export,0,W00,World,0,W00,World,H4,HS,True,27,"Mineral fuels, mineral oils and products of their distillation; bituminous substances; mineral waxes",2,False,C00,TOTAL CPC,0,0,TOTAL MOT,-1,N/A,,False,-1,N/A,,False,,False,,False,,34451695358.0,34451695358.0,0,True,False
C,A,20140101,2014,52,2014,156,CHN,China,X,Export,0,W00,World,0,W00,World,H4,HS,True,89,"Ships, boats and floating structures",2,False,C00,TOTAL CPC,0,0,TOTAL MOT,-1,N/A,,False,-1,N/A,,False,,False,,False,,25202441503.0,25202441503.0,0,True,False
C,A,20140101,2014,52,2014,156,CHN,China,X,Export,0,W00,World,0,W00,World,H4,HS,True,19,"Preparations of cereals, flour, starch or milk; pastrycooks' products",2,False,C00,TOTAL CPC,0,0,TOTAL MOT,-1,N/A,,False,-1,N/A,,False,,False,,False,,1573198875.0,1573198875.0,0,True,False
C,A,20140101,2014,52,2014,156,CHN,China,X,Export,0,W00,World,0,W00,World,H4,HS,True,16,"Meat, fish or crustaceans, molluscs or other aquatic invertebrates; preparations thereof",2,False,C00,TOTAL CPC,0,0,TOTAL MOT,-1,N/A,,False,-1,N/A,,False,,False,,False,,8881918823.0,8881918823.0,0,True,False
C,A,20140101,2014,52,2014,156,CHN,China,X,Export,0,W00,World,0,W00,World,H4,HS,True,86,"Railway, tramway locomotives, rolling-stock and parts thereof; railway or tramway track fixtures and fittings and parts thereof; mechanical (including electro-mechanical) traffic signalling equipment of all kinds",2,False,C00,TOTAL CPC,0,0,TOTAL MOT,-1,N/A,,False,-1,N/A,,False,,False,,False,,12737456053.0,12737456053.0,0,True,False
C,A,20140101,2014,52,2014,156,CHN,China,X,Export,0,W00,World,0,W00,World,H4,HS,True,03,"Fish and crustaceans, molluscs and other aquatic invertebrates",2,False,C00,TOTAL CPC,0,0,TOTAL MOT,-1,N/A,,False,-1,N/A,,False,,False,,False,,14074262045.0,14074262045.0,0,True,False
C,A,20140101,2014,52,2014,156,CHN,China,X,Export,0,W00,World,0,W00,World,H4,HS,True,22,"Beverages, spirits and vinegar",2,False,C00,TOTAL CPC,0,0,TOTAL MOT,-1,N/A,,False,-1,N/A,,False,,False,,False,,1651195464.0,1651195464.0,0,True,False
C,A,20140101,2014,52,2014,156,CHN,China,X,Export,0,W00,World,0,W00,World,H4,HS,True,79,Zinc and articles thereof,2,False,C00,TOTAL CPC,0,0,TOTAL MOT,-1,N/A,,False,-1,N/A,,False,,False,,False,,572652317.0,572652317.0,0,True,False
C,A,20140101,2014,52,2014,156,CHN,China,X,Export,0,W00,World,0,W00,World,H4,HS,True,80,Tin; articles thereof,2,False,C00,TOTAL CPC,0,0,TOTAL MOT,-1,N/A,,False,-1,N/A,,False,,False,,False,,141263499.0,141263499.0,0,True,False
C,A,20140101,2014,52,2014,156,CHN,China,X,Export,0,W00,World,0,W00,World,H4,HS,True,17,Sugars and sugar confectionery,2,False,C00,TOTAL CPC,0,0,TOTAL MOT,-1,N/A,,False,-1,N/A,,False,,False,,False,,1540354714.0,1540354714.0,0,True,False
C,A,20140101,2014,52,2014,156,CHN,China,X,Export,0,W00,World,0,W00,World,H4,HS,True,31,Fertilizers,2,False,C00,TOTAL CPC,0,0,TOTAL MOT,-1,N/A,,False,-1,N/A,,False,,False,,False,,8919588204.0,8919588204.0,0,True,False
C,A,20140101,2014,52,2014,156,CHN,China,X,Export,0,W00,World,0,W00,World,H4,HS,True,09,"Coffee, tea, mate and spices",2,False,C00,TOTAL CPC,0,0,TOTAL MOT,-1,N/A,,False,-1,N/A,,False,,False,,False,,2452618343.0,2452618343.0,0,True,False
C,A,20140101,2014,52,2014,156,CHN,China,X,Export,0,W00,World,0,W00,World,H4,HS,True,12,"Oil seeds and oleaginous fruits; miscellaneous grains, seeds and fruit, industrial or medicinal plants; straw and fodder",2,False,C00,TOTAL CPC,0,0,TOTAL MOT,-1,N/A,,False,-1,N/A,,False,,False,,False,,3114042077.0,3114042077.0,0,True,False
C,A,20140101,2014,52,2014,156,CHN,China,X,Export,0,W00,World,0,W00,World,H4,HS,True,15,Animal or vegetable fats and oils and their cleavage products; prepared animal fats; animal or vegetable waxes,2,False,C00,TOTAL CPC,0,0,TOTAL MOT,-1,N/A,,False,-1,N/A,,False,,False,,False,,644613858.0,644613858.0,0,True,False
C,A,20140101,2014,52,2014,156,CHN,China,X,Export,0,W00,World,0,W00,World,H4,HS,True,53,Vegetable textile fibres; paper yarn and woven fabrics of paper yarn,2,False,C00,TOTAL CPC,0,0,TOTAL MOT,-1,N/A,,False,-1,N/A,,False,,False,,False,,1486329024.0,1486329024.0,0,True,False
C,A,20140101,2014,52,2014,156,CHN,China,X,Export,0,W00,World,0,W00,World,H4,HS,True,36,Explosives; pyrotechnic products; matches; pyrophoric alloys; certain combustible preparations,2,False,C00,TOTAL CPC,0,0,TOTAL MOT,-1,N/A,,False,-1,N/A,,False,,False,,False,,983577376.0,983577376.0,0,True,False
C,A,20140101,2014,52,2014,156,CHN,China,X,Export,0,W00,World,0,W00,World,H4,HS,True,97,Works of art; collectors' pieces and antiques,2,False,C00,TOTAL CPC,0,0,TOTAL MOT,-1,N/A,,False,-1,N/A,,False,,False,,False,,597460431.0,597460431.0,0,True,False
C,A,20140101,2014,52,2014,156,CHN,China,X,Export,0,W00,World,0,W00,World,H4,HS,True,08,"Fruit and nuts, edible; peel of citrus fruit or melons",2,False,C00,TOTAL CPC,0,0,TOTAL MOT,-1,N/A,,False,-1,N/A,,False,,False,,False,,4318151508.0,4318151508.0,0,True,False
C,A,20140101,2014,52,2014,156,CHN,China,X,Export,0,W00,World,0,W00,World,H4,HS,True,04,"Dairy produce; birds' eggs; natural honey; edible products of animal origin, not elsewhere specified or included",2,False,C00,TOTAL CPC,0,0,TOTAL MOT,-1,N/A,,False,-1,N/A,,False,,False,,False,,586071500.0,586071500.0,0,True,False
C,A,20140101,2014,52,2014,156,CHN,China,X,Export,0,W00,World,0,W00,World,H4,HS,True,05,Animal originated products; not elsewhere specified or included,2,False,C00,TOTAL CPC,0,0,TOTAL MOT,-1,N/A,,False,-1,N/A,,False,,False,,False,,2292693735.0,2292693735.0,0,True,False
C,A,20140101,2014,52,2014,156,CHN,China,X,Export,0,W00,World,0,W00,World,H4,HS,True,06,"Trees and other plants, live; bulbs, roots and the like; cut flowers and ornamental foliage",2,False,C00,TOTAL CPC,0,0,TOTAL MOT,-1,N/A,,False,-1,N/A,,False,,False,,False,,409950109.0,409950109.0,0,True,False
C,A,20140101,2014,52,2014,156,CHN,China,X,Export,0,W00,World,0,W00,World,H4,HS,True,10,Cereals,2,False,C00,TOTAL CPC,0,0,TOTAL MOT,-1,N/A,,False,-1,N/A,,False,,False,,False,,445421184.0,445421184.0,0,True,False
C,A,20140101,2014,52,2014,156,CHN,China,X,Export,0,W00,World,0,W00,World,H4,HS,True,11,"Products of the milling industry; malt, starches, inulin, wheat gluten",2,False,C00,TOTAL CPC,0,0,TOTAL MOT,-1,N/A,,False,-1,N/A,,False,,False,,False,,612292425.0,612292425.0,0,True,False
C,A,20140101,2014,52,2014,156,CHN,China,X,Export,0,W00,World,0,W00,World,H4,HS,True,13,"Lac; gums, resins and other vegetable saps and extracts",2,False,C00,TOTAL CPC,0,0,TOTAL MOT,-1,N/A,,False,-1,N/A,,False,,False,,False,,1305973977.0,1305973977.0,0,True,False
C,A,20140101,2014,52,2014,156,CHN,China,X,Export,0,W00,World,0,W00,World,H4,HS,True,14,Vegetable plaiting materials; vegetable products not elsewhere specified or included,2,False,C00,TOTAL CPC,0,0,TOTAL MOT,-1,N/A,,False,-1,N/A,,False,,False,,False,,103565059.0,103565059.0,0,True,False
C,A,20140101,2014,52,2014,156,CHN,China,X,Export,0,W00,World,0,W00,World,H4,HS,True,01,Animals; live,2,False,C00,TOTAL CPC,0,0,TOTAL MOT,-1,N/A,,False,-1,N/A,,False,,False,,False,,585572411.0,585572411.0,0,True,False
C,A,20140101,2014,52,2014,156,CHN,China,X,Export,0,W00,World,0,W00,World,H4,HS,True,02,Meat and edible meat offal,2,False,C00,TOTAL CPC,0,0,TOTAL MOT,-1,N/A,,False,-1,N/A,,False,,False,,False,,1181933170.0,1181933170.0,0,True,False
C,A,20140101,2014,52,2014,156,CHN,China,X,Export,0,W00,World,0,W00,World,H4,HS,True,18,Cocoa and cocoa preparations,2,False,C00,TOTAL CPC,0,0,TOTAL MOT,-1,N/A,,False,-1,N/A,,False,,False,,False,,475797463.0,475797463.0,0,True,False
C,A,20140101,2014,52,2014,156,CHN,China,X,Export,0,W00,World,0,W00,World,H4,HS,True,23,"Food industries, residues and wastes thereof; prepared animal fodder",2,False,C00,TOTAL CPC,0,0,TOTAL MOT,-1,N/A,,False,-1,N/A,,False,,False,,False,,3259876086.0,3259876086.0,0,True,False
C,A,20140101,2014,52,2014,156,CHN,China,X,Export,0,W00,World,0,W00,World,H4,HS,True,24,Tobacco and manufactured tobacco substitutes,2,False,C00,TOTAL CPC,0,0,TOTAL MOT,-1,N/A,,False,-1,N/A,,False,,False,,False,,1283911939.0,1283911939.0,0,True,False
C,A,20140101,2014,52,2014,156,CHN,China,X,Export,0,W00,World,0,W00,World,H4,HS,True,26,"Ores, slag and ash",2,False,C00,TOTAL CPC,0,0,TOTAL MOT,-1,N/A,,False,-1,N/A,,False,,False,,False,,350079192.0,350079192.0,0,True,False
C,A,20140101,2014,52,2014,156,CHN,China,X,Export,0,W00,World,0,W00,World,H4,HS,True,41,Raw hides and skins (other than furskins) and leather,2,False,C00,TOTAL CPC,0,0,TOTAL MOT,-1,N/A,,False,-1,N/A,,False,,False,,False,,563330032.0,563330032.0,0,True,False
C,A,20140101,2014,52,2014,156,CHN,China,X,Export,0,W00,World,0,W00,World,H4,HS,True,43,Furskins and artificial fur; manufactures thereof,2,False,C00,TOTAL CPC,0,0,TOTAL MOT,-1,N/A,,False,-1,N/A,,False,,False,,False,,4155154151.0,4155154151.0,0,True,False
C,A,20140101,2014,52,2014,156,CHN,China,X,Export,0,W00,World,0,W00,World,H4,HS,True,45,Cork and articles of cork,2,False,C00,TOTAL CPC,0,0,TOTAL MOT,-1,N/A,,False,-1,N/A,,False,,False,,False,,19651359.0,19651359.0,0,True,False
C,A,20140101,2014,52,2014,156,CHN,China,X,Export,0,W00,World,0,W00,World,H4,HS,True,47,Pulp of wood or other fibrous cellulosic material; recovered (waste and scrap) paper or paperboard,2,False,C00,TOTAL CPC,0,0,TOTAL MOT,-1,N/A,,False,-1,N/A,,False,,False,,False,,117668583.0,117668583.0,0,True,False
C,A,20140101,2014,52,2014,156,CHN,China,X,Export,0,W00,World,0,W00,World,H4,HS,True,50,Silk,2,False,C00,TOTAL CPC,0,0,TOTAL MOT,-1,N/A,,False,-1,N/A,,False,,False,,False,,1516712617.0,1516712617.0,0,True,False
C,A,20140101,2014,52,2014,156,CHN,China,X,Export,0,W00,World,0,W00,World,H4,HS,True,51,"Wool, fine or coarse animal hair; horsehair yarn and woven fabric",2,False,C00,TOTAL CPC,0,0,TOTAL MOT,-1,N/A,,False,-1,N/A,,False,,False,,False,,2522052336.0,2522052336.0,0,True,False
C,A,20140101,2014,52,2014,156,CHN,China,X,Export,0,W00,World,0,W00,World,H4,HS,True,75,Nickel and articles thereof,2,False,C00,TOTAL CPC,0,0,TOTAL MOT,-1,N/A,,False,-1,N/A,,False,,False,,False,,2213750552.0,2213750552.0,0,True,False
C,A,20140101,2014,52,2014,156,CHN,China,X,Export,0,W00,World,0,W00,World,H4,HS,True,78,Lead and articles thereof,2,False,C00,TOTAL CPC,0,0,TOTAL MOT,-1,N/A,,False,-1,N/A,,False,,False,,False,,160513980.0,160513980.0,0,True,False
C,A,20140101,2014,52,2014,156,CHN,China,X,Export,0,W00,World,0,W00,World,H4,HS,True,81,"Metals; n.e.c., cermets and articles thereof",2,False,C00,TOTAL CPC,0,0,TOTAL MOT,-1,N/A,,False,-1,N/A,,False,,False,,False,,3488112068.0,3488112068.0,0,True,False
C,A,20140101,2014,52,2014,156,CHN,China,X,Export,0,W00,World,0,W00,World,H4,HS,True,88,"Aircraft, spacecraft and parts thereof",2,False,C00,TOTAL CPC,0,0,TOTAL MOT,-1,N/A,,False,-1,N/A,,False,,False,,False,,2647266574.0,2647266574.0,0,True,False
C,A,20140101,2014,52,2014,156,CHN,China,X,Export,0,W00,World,0,W00,World,H4,HS,True,93,Arms and ammunition; parts and accessories thereof,2,False,C00,TOTAL CPC,0,0,TOTAL MOT,-1,N/A,,False,-1,N/A,,False,,False,,False,,161162823.0,161162823.0,0,True,False
C,A,20140101,2014,52,2014,156,CHN,China,X,Export,0,W00,World,0,W00,World,H4,HS,True,99,Commodities not specified according to kind,2,False,C00,TOTAL CPC,0,0,TOTAL MOT,-1,N/A,,False,-1,N/A,,False,,False,,False,,2266659876.0,2266659876.0,0,True,False
C,A,20140101,2014,52,2014,704,VNM,Viet Nam,X,Export,0,W00,World,0,W00,World,H4,HS,True,12,"Oil seeds and oleaginous fruits; miscellaneous grains, seeds and fruit, industrial or medicinal plants; straw and fodder",2,False,C00,TOTAL CPC,0,0,TOTAL MOT,-1,N/A,,False,-1,N/A,,False,,False,,False,,61176144.0,61176144.0,0,True,False
C,A,20140101,2014,52,2014,704,VNM,Viet Nam,X,Export,0,W00,World,0,W00,World,H4,HS,True,08,"Fruit and nuts, edible; peel of citrus fruit or melons",2,False,C00,TOTAL CPC,0,0,TOTAL MOT,-1,N/A,,False,-1,N/A,,False,,False,,False,,2569168654.0,2569168654.0,0,True,False
C,A,20140101,2014,52,2014,704,VNM,Viet Nam,X,Export,0,W00,World,0,W00,World,H4,HS,True,09,"Coffee, tea, mate and spices",2,False,C00,TOTAL CPC,0,0,TOTAL MOT,-1,N/A,,False,-1,N/A,,False,,False,,False,,4869768951.0,4869768951.0,0,True,False
C,A,20140101,2014,52,2014,704,VNM,Viet Nam,X,Export,0,W00,World,0,W00,World,H4,HS,True,01,Animals; live,2,False,C00,TOTAL CPC,0,0,TOTAL MOT,-1,N/A,,False,-1,N/A,,False,,False,,False,,6213126.0,6213126.0,0,True,False
C,A,20140101,2014,52,2014,704,VNM,Viet Nam,X,Export,0,W00,World,0,W00,World,H4,HS,True,03,"Fish and crustaceans, molluscs and other aquatic invertebrates",2,False,C00,TOTAL CPC,0,0,TOTAL MOT,-1,N/A,,False,-1,N/A,,False,,False,,False,,5762641630.0,5762641630.0,0,True,False
C,A,20140101,2014,52,2014,704,VNM,Viet Nam,X,Export,0,W00,World,0,W00,World,H4,HS,True,04,"Dairy produce; birds' eggs; natural honey; edible products of animal origin, not elsewhere specified or included",2,False,C00,TOTAL CPC,0,0,TOTAL MOT,-1,N/A,,False,-1,N/A,,False,,False,,False,,239874110.0,239874110.0,0,True,False
C,A,20140101,2014,52,2014,704,VNM,Viet Nam,X,Export,0,W00,World,0,W00,World,H4,HS,True,05,Animal originated products; not elsewhere specified or included,2,False,C00,TOTAL CPC,0,0,TOTAL MOT,-1,N/A,,False,-1,N/A,,False,,False,,False,,22691379.0,22691379.0,0,True,False
C,A,20140101,2014,52,2014,704,VNM,Viet Nam,X,Export,0,W00,World,0,W00,World,H4,HS,True,06,"Trees and other plants, live; bulbs, roots and the like; cut flowers and ornamental foliage",2,False,C00,TOTAL CPC,0,0,TOTAL MOT,-1,N/A,,False,-1,N/A,,False,,False,,False,,43298933.0,43298933.0,0,True,False
C,A,20140101,2014,52,2014,704,VNM,Viet Nam,X,Export,0,W00,World,0,W00,World,H4,HS,True,07,Vegetables and certain roots and tubers; edible,2,False,C00,TOTAL CPC,0,0,TOTAL MOT,-1,N/A,,False,-1,N/A,,False,,False,,False,,993544824.0,993544824.0,0,True,False
C,A,20140101,2014,52,2014,704,VNM,Viet Nam,X,Export,0,W00,World,0,W00,World,H4,HS,True,10,Cereals,2,False,C00,TOTAL CPC,0,0,TOTAL MOT,-1,N/A,,False,-1,N/A,,False,,False,,False,,2969000902.0,2969000902.0,0,True,False
C,A,20140101,2014,52,2014,704,VNM,Viet Nam,X,Export,0,W00,World,0,W00,World,H4,HS,True,13,"Lac; gums, resins and other vegetable saps and extracts",2,False,C00,TOTAL CPC,0,0,TOTAL MOT,-1,N/A,,False,-1,N/A,,False,,False,,False,,3733323.0,3733323.0,0,True,False
C,A,20140101,2014,52,2014,704,VNM,Viet Nam,X,Export,0,W00,World,0,W00,World,H4,HS,True,14,Vegetable plaiting materials; vegetable products not elsewhere specified or included,2,False,C00,TOTAL CPC,0,0,TOTAL MOT,-1,N/A,,False,-1,N/A,,False,,False,,False,,19955235.0,19955235.0,0,True,False
C,A,20140101,2014,52,2014,704,VNM,Viet Nam,X,Export,0,W00,World,0,W00,World,H4,HS,True,15,Animal or vegetable fats and oils and their cleavage products; prepared animal fats; animal or vegetable waxes,2,False,C00,TOTAL CPC,0,0,TOTAL MOT,-1,N/A,,False,-1,N/A,,False,,False,,False,,263320112.0,263320112.0,0,True,False
C,A,20140101,2014,52,2014,704,VNM,Viet Nam,X,Export,0,W00,World,0,W00,World,H4,HS,True,11,"Products of the milling industry; malt, starches, inulin, wheat gluten",2,False,C00,TOTAL CPC,0,0,TOTAL MOT,-1,N/A,,False,-1,N/A,,False,,False,,False,,819932967.0,819932967.0,0,True,False
C,A,20140101,2014,52,2014,704,VNM,Viet Nam,X,Export,0,W00,World,0,W00,World,H4,HS,True,02,Meat and edible meat offal,2,False,C00,TOTAL CPC,0,0,TOTAL MOT,-1,N/A,,False,-1,N/A,,False,,False,,False,,60715001.0,60715001.0,0,True,False
C,A,20140101,2014,52,2014,704,VNM,Viet Nam,X,Export,0,W00,World,0,W00,World,H4,HS,True,16,"Meat, fish or crustaceans, molluscs or other aquatic invertebrates; preparations thereof",2,False,C00,TOTAL CPC,0,0,TOTAL MOT,-1,N/A,,False,-1,N/A,,False,,False,,False,,2007716581.0,2007716581.0,0,True,False
C,A,20140101,2014,52,2014,704,VNM,Viet Nam,X,Export,0,W00,World,0,W00,World,H4,HS,True,17,Sugars and sugar confectionery,2,False,C00,TOTAL CPC,0,0,TOTAL MOT,-1,N/A,,False,-1,N/A,,False,,False,,False,,222572881.0,222572881.0,0,True,False
C,A,20140101,2014,52,2014,704,VNM,Viet Nam,X,Export,0,W00,World,0,W00,World,H4,HS,True,18,Cocoa and cocoa preparations,2,False,C00,TOTAL CPC,0,0,TOTAL MOT,-1,N/A,,False,-1,N/A,,False,,False,,False,,15758760.0,15758760.0,0,True,False
C,A,20140101,2014,52,2014,704,VNM,Viet Nam,X,Export,0,W00,World,0,W00,World,H4,HS,True,19,"Preparations of cereals, flour, starch or milk; pastrycooks' products",2,False,C00,TOTAL CPC,0,0,TOTAL MOT,-1,N/A,,False,-1,N/A,,False,,False,,False,,433005434.0,433005434.0,0,True,False
C,A,20140101,2014,52,2014,704,VNM,Viet Nam,X,Export,0,W00,World,0,W00,World,H4,HS,True,20,"Preparations of vegetables, fruit, nuts or other parts of plants",2,False,C00,TOTAL CPC,0,0,TOTAL MOT,-1,N/A,,False,-1,N/A,,False,,False,,False,,297382673.0,297382673.0,0,True,False
C,A,20140101,2014,52,2014,704,VNM,Viet Nam,X,Export,0,W00,World,0,W00,World,H4,HS,True,21,Miscellaneous edible preparations,2,False,C00,TOTAL CPC,0,0,TOTAL MOT,-1,N/A,,False,-1,N/A,,False,,False,,False,,405105076.0,405105076.0,0,True,False
C,A,20140101,2014,52,2014,704,VNM,Viet Nam,X,Export,0,W00,World,0,W00,World,H4,HS,True,22,"Beverages, spirits and vinegar",2,False,C00,TOTAL CPC,0,0,TOTAL MOT,-1,N/A,,False,-1,N/A,,False,,False,,False,,322288778.0,322288778.0,0,True,False
C,A,20140101,2014,52,2014,704,VNM,Viet Nam,X,Export,0,W00,World,0,W00,World,H4,HS,True,23,"Food industries, residues and wastes thereof; prepared animal fodder",2,False,C00,TOTAL CPC,0,0,TOTAL MOT,-1,N/A,,False,-1,N/A,,False,,False,,False,,479795517.0,479795517.0,0,True,False
C,A,20140101,2014,52,2014,704,VNM,Viet Nam,X,Export,0,W00,World,0,W00,World,H4,HS,True,24,Tobacco and manufactured tobacco substitutes,2,False,C00,TOTAL CPC,0,0,TOTAL MOT,-1,N/A,,False,-1,N/A,,False,,False,,False,,278139956.0,278139956.0,0,True,False
C,A,20140101,2014,52,2014,704,VNM,Viet Nam,X,Export,0,W00,World,0,W00,World,H4,HS,True,25,"Salt; sulphur; earths, stone; plastering materials, lime and cement",2,False,C00,TOTAL CPC,0,0,TOTAL MOT,-1,N/A,,False,-1,N/A,,False,,False,,False,,1165849404.0,1165849404.0,0,True,False
C,A,20140101,2014,52,2014,704,VNM,Viet Nam,X,Export,0,W00,World,0,W00,World,H4,HS,True,26,"Ores, slag and ash",2,False,C00,TOTAL CPC,0,0,TOTAL MOT,-1,N/A,,False,-1,N/A,,False,,False,,False,,169648026.0,169648026.0,0,True,False
C,A,20140101,2014,52,2014,704,VNM,Viet Nam,X,Export,0,W00,World,0,W00,World,H4,HS,True,27,"Mineral fuels, mineral oils and products of their distillation; bituminous substances; mineral waxes",2,False,C00,TOTAL CPC,0,0,TOTAL MOT,-1,N/A,,False,-1,N/A,,False,,False,,False,,9238543741.0,9238543741.0,0,True,False
C,A,20140101,2014,52,2014,704,VNM,Viet Nam,X,Export,0,W00,World,0,W00,World,H4,HS,True,28,"Inorganic chemicals; organic and inorganic compounds of precious metals; of rare earth metals, of radio-active elements and of isotopes",2,False,C00,TOTAL CPC,0,0,TOTAL MOT,-1,N/A,,False,-1,N/A,,False,,False,,False,,745300370.0,745300370.0,0,True,False
C,A,20140101,2014,52,2014,704,VNM,Viet Nam,X,Export,0,W00,World,0,W00,World,H4,HS,True,29,Organic chemicals,2,False,C00,TOTAL CPC,0,0,TOTAL MOT,-1,N/A,,False,-1,N/A,,False,,False,,False,,183109392.0,183109392.0,0,True,False
C,A,20140101,2014,52,2014,704,VNM,Viet Nam,X,Export,0,W00,World,0,W00,World,H4,HS,True,30,Pharmaceutical products,2,False,C00,TOTAL CPC,0,0,TOTAL MOT,-1,N/A,,False,-1,N/A,,False,,False,,False,,106628343.0,106628343.0,0,True,False
C,A,20140101,2014,52,2014,704,VNM,Viet Nam,X,Export,0,W00,World,0,W00,World,H4,HS,True,31,Fertilizers,2,False,C00,TOTAL CPC,0,0,TOTAL MOT,-1,N/A,,False,-1,N/A,,False,,False,,False,,373810606.0,373810606.0,0,True,False
C,A,20140101,2014,52,2014,704,VNM,Viet Nam,X,Export,0,W00,World,0,W00,World,H4,HS,True,32,"Tanning or dyeing extracts; tannins and their derivatives; dyes, pigments and other colouring matter; paints, varnishes; putty, other mastics; inks",2,False,C00,TOTAL CPC,0,0,TOTAL MOT,-1,N/A,,False,-1,N/A,,False,,False,,False,,57293633.0,57293633.0,0,True,False
C,A,20140101,2014,52,2014,704,VNM,Viet Nam,X,Export,0,W00,World,0,W00,World,H4,HS,True,33,"Essential oils and resinoids; perfumery, cosmetic or toilet preparations",2,False,C00,TOTAL CPC,0,0,TOTAL MOT,-1,N/A,,False,-1,N/A,,False,,False,,False,,283376665.0,283376665.0,0,True,False
C,A,20140101,2014,52,2014,704,VNM,Viet Nam,X,Export,0,W00,World,0,W00,World,H4,HS,True,34,"Soap, organic surface-active agents; washing, lubricating, polishing or scouring preparations; artificial or prepared waxes, candles and similar articles, modelling pastes, dental waxes and dental preparations with a basis of plaster",2,False,C00,TOTAL CPC,0,0,TOTAL MOT,-1,N/A,,False,-1,N/A,,False,,False,,False,,355721606.0,355721606.0,0,True,False
C,A,20140101,2014,52,2014,704,VNM,Viet Nam,X,Export,0,W00,World,0,W00,World,H4,HS,True,35,Albuminoidal substances; modified starches; glues; enzymes,2,False,C00,TOTAL CPC,0,0,TOTAL MOT,-1,N/A,,False,-1,N/A,,False,,False,,False,,89520058.0,89520058.0,0,True,False
C,A,20140101,2014,52,2014,704,VNM,Viet Nam,X,Export,0,W00,World,0,W00,World,H4,HS,True,36,Explosives; pyrotechnic products; matches; pyrophoric alloys; certain combustible preparations,2,False,C00,TOTAL CPC,0,0,TOTAL MOT,-1,N/A,,False,-1,N/A,,False,,False,,False,,252110.0,252110.0,0,True,False
C,A,20140101,2014,52,2014,704,VNM,Viet Nam,X,Export,0,W00,World,0,W00,World,H4,HS,True,37,Photographic or cinematographic goods,2,False,C00,TOTAL CPC,0,0,TOTAL MOT,-1,N/A,,False,-1,N/A,,False,,False,,False,,15926423.0,15926423.0,0,True,False
C,A,20140101,2014,52,2014,704,VNM,Viet Nam,X,Export,0,W00,World,0,W00,World,H4,HS,True,38,Chemical products n.e.c.,2,False,C00,TOTAL CPC,0,0,TOTAL MOT,-1,N/A,,False,-1,N/A,,False,,False,,False,,546157998.0,546157998.0,0,True,False
C,A,20140101,2014,52,2014,704,VNM,Viet Nam,X,Export,0,W00,World,0,W00,World,H4,HS,True,39,Plastics and articles thereof,2,False,C00,TOTAL CPC,0,0,TOTAL MOT,-1,N/A,,False,-1,N/A,,False,,False,,False,,2722424585.0,2722424585.0,0,True,False
C,A,20140101,2014,52,2014,704,VNM,Viet Nam,X,Export,0,W00,World,0,W00,World,H4,HS,True,47,Pulp of wood or other fibrous cellulosic material; recovered (waste and scrap) paper or paperboard,2,False,C00,TOTAL CPC,0,0,TOTAL MOT,-1,N/A,,False,-1,N/A,,False,,False,,False,,18304230.0,18304230.0,0,True,False
C,A,20140101,2014,52,2014,704,VNM,Viet Nam,X,Export,0,W00,World,0,W00,World,H4,HS,True,40,Rubber and articles thereof,2,False,C00,TOTAL CPC,0,0,TOTAL MOT,-1,N/A,,False,-1,N/A,,False,,False,,False,,2751212489.0,2751212489.0,0,True,False
C,A,20140101,2014,52,2014,704,VNM,Viet Nam,X,Export,0,W00,World,0,W00,World,H4,HS,True,41,Raw hides and skins (other than furskins) and leather,2,False,C00,TOTAL CPC,0,0,TOTAL MOT,-1,N/A,,False,-1,N/A,,False,,False,,False,,351216559.0,351216559.0,0,True,False
C,A,20140101,2014,52,2014,704,VNM,Viet Nam,X,Export,0,W00,World,0,W00,World,H4,HS,True,42,"Articles of leather; saddlery and harness; travel goods, handbags and similar containers; articles of animal gut (other than silk-worm gut)",2,False,C00,TOTAL CPC,0,0,TOTAL MOT,-1,N/A,,False,-1,N/A,,False,,False,,False,,2350776014.0,2350776014.0,0,True,False
C,A,20140101,2014,52,2014,704,VNM,Viet Nam,X,Export,0,W00,World,0,W00,World,H4,HS,True,43,Furskins and artificial fur; manufactures thereof,2,False,C00,TOTAL CPC,0,0,TOTAL MOT,-1,N/A,,False,-1,N/A,,False,,False,,False,,28575432.0,28575432.0,0,True,False
C,A,20140101,2014,52,2014,704,VNM,Viet Nam,X,Export,0,W00,World,0,W00,World,H4,HS,True,44,Wood and articles of wood; wood charcoal,2,False,C00,TOTAL CPC,0,0,TOTAL MOT,-1,N/A,,False,-1,N/A,,False,,False,,False,,2115022698.0,2115022698.0,0,True,False
C,A,20140101,2014,52,2014,704,VNM,Viet Nam,X,Export,0,W00,World,0,W00,World,H4,HS,True,46,"Manufactures of straw, esparto or other plaiting materials; basketware and wickerwork",2,False,C00,TOTAL CPC,0,0,TOTAL MOT,-1,N/A,,False,-1,N/A,,False,,False,,False,,193841294.0,193841294.0,0,True,False
C,A,20140101,2014,52,2014,704,VNM,Viet Nam,X,Export,0,W00,World,0,W00,World,H4,HS,True,49,"Printed books, newspapers, pictures and other products of the printing industry; manuscripts, typescripts and plans",2,False,C00,TOTAL CPC,0,0,TOTAL MOT,-1,N/A,,False,-1,N/A,,False,,False,,False,,43305339.0,43305339.0,0,True,False
C,A,20140101,2014,52,2014,704,VNM,Viet Nam,X,Export,0,W00,World,0,W00,World,H4,HS,True,50,Silk,2,False,C00,TOTAL CPC,0,0,TOTAL MOT,-1,N/A,,False,-1,N/A,,False,,False,,False,,68331862.0,68331862.0,0,True,False
C,A,20140101,2014,52,2014,704,VNM,Viet Nam,X,Export,0,W00,World,0,W00,World,H4,HS,True,51,"Wool, fine or coarse animal hair; horsehair yarn and woven fabric",2,False,C00,TOTAL CPC,0,0,TOTAL MOT,-1,N/A,,False,-1,N/A,,False,,False,,False,,4874959.0,4874959.0,0,True,False
C,A,20140101,2014,52,2014,704,VNM,Viet Nam,X,Export,0,W00,World,0,W00,World,H4,HS,True,52,Cotton,2,False,C00,TOTAL CPC,0,0,TOTAL MOT,-1,N/A,,False,-1,N/A,,False,,False,,False,,1553286313.0,1553286313.0,0,True,False
C,A,20140101,2014,52,2014,704,VNM,Viet Nam,X,Export,0,W00,World,0,W00,World,H4,HS,True,53,Vegetable textile fibres; paper yarn and woven fabrics of paper yarn,2,False,C00,TOTAL CPC,0,0,TOTAL MOT,-1,N/A,,False,-1,N/A,,False,,False,,False,,47041445.0,47041445.0,0,True,False
C,A,20140101,2014,52,2014,704,VNM,Viet Nam,X,Export,0,W00,World,0,W00,World,H4,HS,True,54,Man-made filaments; strip and the like of man-made textile materials,2,False,C00,TOTAL CPC,0,0,TOTAL MOT,-1,N/A,,False,-1,N/A,,False,,False,,False,,834726008.0,834726008.0,0,True,False
C,A,20140101,2014,52,2014,704,VNM,Viet Nam,X,Export,0,W00,World,0,W00,World,H4,HS,True,45,Cork and articles of cork,2,False,C00,TOTAL CPC,0,0,TOTAL MOT,-1,N/A,,False,-1,N/A,,False,,False,,False,,141781.0,141781.0,0,True,False
C,A,20140101,2014,52,2014,704,VNM,Viet Nam,X,Export,0,W00,World,0,W00,World,H4,HS,True,48,"Paper and paperboard; articles of paper pulp, of paper or paperboard",2,False,C00,TOTAL CPC,0,0,TOTAL MOT,-1,N/A,,False,-1,N/A,,False,,False,,False,,478949057.0,478949057.0,0,True,False
C,A,20140101,2014,52,2014,704,VNM,Viet Nam,X,Export,0,W00,World,0,W00,World,H4,HS,True,56,"Wadding, felt and nonwovens, special yarns; twine, cordage, ropes and cables and articles thereof",2,False,C00,TOTAL CPC,0,0,TOTAL MOT,-1,N/A,,False,-1,N/A,,False,,False,,False,,244825806.0,244825806.0,0,True,False
C,A,20140101,2014,52,2014,704,VNM,Viet Nam,X,Export,0,W00,World,0,W00,World,H4,HS,True,57,Carpets and other textile floor coverings,2,False,C00,TOTAL CPC,0,0,TOTAL MOT,-1,N/A,,False,-1,N/A,,False,,False,,False,,30959763.0,30959763.0,0,True,False
C,A,20140101,2014,52,2014,704,VNM,Viet Nam,X,Export,0,W00,World,0,W00,World,H4,HS,True,58,"Fabrics; special woven fabrics, tufted textile fabrics, lace, tapestries, trimmings, embroidery",2,False,C00,TOTAL CPC,0,0,TOTAL MOT,-1,N/A,,False,-1,N/A,,False,,False,,False,,65205224.0,65205224.0,0,True,False
C,A,20140101,2014,52,2014,704,VNM,Viet Nam,X,Export,0,W00,World,0,W00,World,H4,HS,True,59,"Textile fabrics; impregnated, coated, covered or laminated; textile articles of a kind suitable for industrial use",2,False,C00,TOTAL CPC,0,0,TOTAL MOT,-1,N/A,,False,-1,N/A,,False,,False,,False,,519020052.0,519020052.0,0,True,False
C,A,20140101,2014,52,2014,704,VNM,Viet Nam,X,Export,0,W00,World,0,W00,World,H4,HS,True,60,Fabrics; knitted or crocheted,2,False,C00,TOTAL CPC,0,0,TOTAL MOT,-1,N/A,,False,-1,N/A,,False,,False,,False,,333297372.0,333297372.0,0,True,False
C,A,20140101,2014,52,2014,704,VNM,Viet Nam,X,Export,0,W00,World,0,W00,World,H4,HS,True,61,Apparel and clothing accessories; knitted or crocheted,2,False,C00,TOTAL CPC,0,0,TOTAL MOT,-1,N/A,,False,-1,N/A,,False,,False,,False,,9180767693.0,9180767693.0,0,True,False
C,A,20140101,2014,52,2014,704,VNM,Viet Nam,X,Export,0,W00,World,0,W00,World,H4,HS,True,55,Man-made staple fibres,2,False,C00,TOTAL CPC,0,0,TOTAL MOT,-1,N/A,,False,-1,N/A,,False,,False,,False,,535263542.0,535263542.0,0,True,False
C,A,20140101,2014,52,2014,704,VNM,Viet Nam,X,Export,0,W00,World,0,W00,World,H4,HS,True,63,"Textiles, made up articles; sets; worn clothing and worn textile articles; rags",2,False,C00,TOTAL CPC,0,0,TOTAL MOT,-1,N/A,,False,-1,N/A,,False,,False,,False,,1302303482.0,1302303482.0,0,True,False
C,A,20140101,2014,52,2014,704,VNM,Viet Nam,X,Export,0,W00,World,0,W00,World,H4,HS,True,64,Footwear; gaiters and the like; parts of such articles,2,False,C00,TOTAL CPC,0,0,TOTAL MOT,-1,N/A,,False,-1,N/A,,False,,False,,False,,10690489210.0,10690489210.0,0,True,False
C,A,20140101,2014,52,2014,704,VNM,Viet Nam,X,Export,0,W00,World,0,W00,World,H4,HS,True,65,Headgear and parts thereof,2,False,C00,TOTAL CPC,0,0,TOTAL MOT,-1,N/A,,False,-1,N/A,,False,,False,,False,,267026629.0,267026629.0,0,True,False
C,A,20140101,2014,52,2014,704,VNM,Viet Nam,X,Export,0,W00,World,0,W00,World,H4,HS,True,66,"Umbrellas, sun umbrellas, walking-sticks, seat sticks, whips, riding crops; and parts thereof",2,False,C00,TOTAL CPC,0,0,TOTAL MOT,-1,N/A,,False,-1,N/A,,False,,False,,False,,12940951.0,12940951.0,0,True,False
C,A,20140101,2014,52,2014,704,VNM,Viet Nam,X,Export,0,W00,World,0,W00,World,H4,HS,True,67,"Feathers and down, prepared; and articles made of feather or of down; artificial flowers; articles of human hair",2,False,C00,TOTAL CPC,0,0,TOTAL MOT,-1,N/A,,False,-1,N/A,,False,,False,,False,,35789824.0,35789824.0,0,True,False
C,A,20140101,2014,52,2014,704,VNM,Viet Nam,X,Export,0,W00,World,0,W00,World,H4,HS,True,68,"Stone, plaster, cement, asbestos, mica or similar materials; articles thereof",2,False,C00,TOTAL CPC,0,0,TOTAL MOT,-1,N/A,,False,-1,N/A,,False,,False,,False,,332859054.0,332859054.0,0,True,False
C,A,20140101,2014,52,2014,704,VNM,Viet Nam,X,Export,0,W00,World,0,W00,World,H4,HS,True,69,Ceramic products,2,False,C00,TOTAL CPC,0,0,TOTAL MOT,-1,N/A,,False,-1,N/A,,False,,False,,False,,514345513.0,514345513.0,0,True,False
C,A,20140101,2014,52,2014,704,VNM,Viet Nam,X,Export,0,W00,World,0,W00,World,H4,HS,True,62,Apparel and clothing accessories; not knitted or crocheted,2,False,C00,TOTAL CPC,0,0,TOTAL MOT,-1,N/A,,False,-1,N/A,,False,,False,,False,,10518409798.0,10518409798.0,0,True,False
C,A,20140101,2014,52,2014,704,VNM,Viet Nam,X,Export,0,W00,World,0,W00,World,H4,HS,True,71,"Natural, cultured pearls; precious, semi-precious stones; precious metals, metals clad with precious metal, and articles thereof; imitation jewellery; coin",2,False,C00,TOTAL CPC,0,0,TOTAL MOT,-1,N/A,,False,-1,N/A,,False,,False,,False,,723636098.0,723636098.0,0,True,False
C,A,20140101,2014,52,2014,704,VNM,Viet Nam,X,Export,0,W00,World,0,W00,World,H4,HS,True,72,Iron and steel,2,False,C00,TOTAL CPC,0,0,TOTAL MOT,-1,N/A,,False,-1,N/A,,False,,False,,False,,2502613511.0,2502613511.0,0,True,False
C,A,20140101,2014,52,2014,704,VNM,Viet Nam,X,Export,0,W00,World,0,W00,World,H4,HS,True,73,Iron or steel articles,2,False,C00,TOTAL CPC,0,0,TOTAL MOT,-1,N/A,,False,-1,N/A,,False,,False,,False,,1736886556.0,1736886556.0,0,True,False
C,A,20140101,2014,52,2014,704,VNM,Viet Nam,X,Export,0,W00,World,0,W00,World,H4,HS,True,70,Glass and glassware,2,False,C00,TOTAL CPC,0,0,TOTAL MOT,-1,N/A,,False,-1,N/A,,False,,False,,False,,737698719.0,737698719.0,0,True,False
C,A,20140101,2014,52,2014,704,VNM,Viet Nam,X,Export,0,W00,World,0,W00,World,H4,HS,True,74,Copper and articles thereof,2,False,C00,TOTAL CPC,0,0,TOTAL MOT,-1,N/A,,False,-1,N/A,,False,,False,,False,,267978176.0,267978176.0,0,True,False
C,A,20140101,2014,52,2014,704,VNM,Viet Nam,X,Export,0,W00,World,0,W00,World,H4,HS,True,75,Nickel and articles thereof,2,False,C00,TOTAL CPC,0,0,TOTAL MOT,-1,N/A,,False,-1,N/A,,False,,False,,False,,1802797.0,1802797.0,0,True,False
C,A,20140101,2014,52,2014,704,VNM,Viet Nam,X,Export,0,W00,World,0,W00,World,H4,HS,True,76,Aluminium and articles thereof,2,False,C00,TOTAL CPC,0,0,TOTAL MOT,-1,N/A,,False,-1,N/A,,False,,False,,False,,503072467.0,503072467.0,0,True,False
C,A,20140101,2014,52,2014,704,VNM,Viet Nam,X,Export,0,W00,World,0,W00,World,H4,HS,True,78,Lead and articles thereof,2,False,C00,TOTAL CPC,0,0,TOTAL MOT,-1,N/A,,False,-1,N/A,,False,,False,,False,,67634672.0,67634672.0,0,True,False
C,A,20140101,2014,52,2014,704,VNM,Viet Nam,X,Export,0,W00,World,0,W00,World,H4,HS,True,79,Zinc and articles thereof,2,False,C00,TOTAL CPC,0,0,TOTAL MOT,-1,N/A,,False,-1,N/A,,False,,False,,False,,16175500.0,16175500.0,0,True,False
C,A,20140101,2014,52,2014,704,VNM,Viet Nam,X,Export,0,W00,World,0,W00,World,H4,HS,True,80,Tin; articles thereof,2,False,C00,TOTAL CPC,0,0,TOTAL MOT,-1,N/A,,False,-1,N/A,,False,,False,,False,,50102581.0,50102581.0,0,True,False
C,A,20140101,2014,52,2014,704,VNM,Viet Nam,X,Export,0,W00,World,0,W00,World,H4,HS,True,81,"Metals; n.e.c., cermets and articles thereof",2,False,C00,TOTAL CPC,0,0,TOTAL MOT,-1,N/A,,False,-1,N/A,,False,,False,,False,,32588141.0,32588141.0,0,True,False
C,A,20140101,2014,52,2014,704,VNM,Viet Nam,X,Export,0,W00,World,0,W00,World,H4,HS,True,82,"Tools, implements, cutlery, spoons and forks, of base metal; parts thereof, of base metal",2,False,C00,TOTAL CPC,0,0,TOTAL MOT,-1,N/A,,False,-1,N/A,,False,,False,,False,,344319609.0,344319609.0,0,True,False
C,A,20140101,2014,52,2014,704,VNM,Viet Nam,X,Export,0,W00,World,0,W00,World,H4,HS,True,83,Metal; miscellaneous products of base metal,2,False,C00,TOTAL CPC,0,0,TOTAL MOT,-1,N/A,,False,-1,N/A,,False,,False,,False,,225395830.0,225395830.0,0,True,False
C,A,20140101,2014,52,2014,704,VNM,Viet Nam,X,Export,0,W00,World,0,W00,World,H4,HS,True,84,"Nuclear reactors, boilers, machinery and mechanical appliances; parts thereof",2,False,C00,TOTAL CPC,0,0,TOTAL MOT,-1,N/A,,False,-1,N/A,,False,,False,,False,,8932476611.0,8932476611.0,0,True,False
C,A,20140101,2014,52,2014,704,VNM,Viet Nam,X,Export,0,W00,World,0,W00,World,H4,HS,True,85,"Electrical machinery and equipment and parts thereof; sound recorders and reproducers; television image and sound recorders and reproducers, parts and accessories of such articles",2,False,C00,TOTAL CPC,0,0,TOTAL MOT,-1,N/A,,False,-1,N/A,,False,,False,,False,,36494505386.0,36494505386.0,0,True,False
C,A,20140101,2014,52,2014,704,VNM,Viet Nam,X,Export,0,W00,World,0,W00,World,H4,HS,True,86,"Railway, tramway locomotives, rolling-stock and parts thereof; railway or tramway track fixtures and fittings and parts thereof; mechanical (including electro-mechanical) traffic signalling equipment of all kinds",2,False,C00,TOTAL CPC,0,0,TOTAL MOT,-1,N/A,,False,-1,N/A,,False,,False,,False,,3652049.0,3652049.0,0,True,False
C,A,20140101,2014,52,2014,704,VNM,Viet Nam,X,Export,0,W00,World,0,W00,World,H4,HS,True,89,"Ships, boats and floating structures",2,False,C00,TOTAL CPC,0,0,TOTAL MOT,-1,N/A,,False,-1,N/A,,False,,False,,False,,1064156318.0,1064156318.0,0,True,False
C,A,20140101,2014,52,2014,704,VNM,Viet Nam,X,Export,0,W00,World,0,W00,World,H4,HS,True,90,"Optical, photographic, cinematographic, measuring, checking, medical or surgical instruments and apparatus; parts and accessories",2,False,C00,TOTAL CPC,0,0,TOTAL MOT,-1,N/A,,False,-1,N/A,,False,,False,,False,,3061546223.0,3061546223.0,0,True,False
C,A,20140101,2014,52,2014,704,VNM,Viet Nam,X,Export,0,W00,World,0,W00,World,H4,HS,True,91,Clocks and watches and parts thereof,2,False,C00,TOTAL CPC,0,0,TOTAL MOT,-1,N/A,,False,-1,N/A,,False,,False,,False,,33393154.0,33393154.0,0,True,False
C,A,20140101,2014,52,2014,704,VNM,Viet Nam,X,Export,0,W00,World,0,W00,World,H4,HS,True,92,Musical instruments; parts and accessories of such articles,2,False,C00,TOTAL CPC,0,0,TOTAL MOT,-1,N/A,,False,-1,N/A,,False,,False,,False,,23693061.0,23693061.0,0,True,False
C,A,20140101,2014,52,2014,704,VNM,Viet Nam,X,Export,0,W00,World,0,W00,World,H4,HS,True,94,"Furniture; bedding, mattresses, mattress supports, cushions and similar stuffed furnishings; lamps and lighting fittings, n.e.c.; illuminated signs, illuminated name-plates and the like; prefabricated buildings",2,False,C00,TOTAL CPC,0,0,TOTAL MOT,-1,N/A,,False,-1,N/A,,False,,False,,False,,5016814616.0,5016814616.0,0,True,False
C,A,20140101,2014,52,2014,704,VNM,Viet Nam,X,Export,0,W00,World,0,W00,World,H4,HS,True,87,"Vehicles; other than railway or tramway rolling stock, and parts and accessories thereof",2,False,C00,TOTAL CPC,0,0,TOTAL MOT,-1,N/A,,False,-1,N/A,,False,,False,,False,,1913135985.0,1913135985.0,0,True,False
C,A,20140101,2014,52,2014,704,VNM,Viet Nam,X,Export,0,W00,World,0,W00,World,H4,HS,True,88,"Aircraft, spacecraft and parts thereof",2,False,C00,TOTAL CPC,0,0,TOTAL MOT,-1,N/A,,False,-1,N/A,,False,,False,,False,,205824949.0,205824949.0,0,True,False
C,A,20140101,2014,52,2014,704,VNM,Viet Nam,X,Export,0,W00,World,0,W00,World,H4,HS,True,95,"Toys, games and sports requisites; parts and accessories thereof",2,False,C00,TOTAL CPC,0,0,TOTAL MOT,-1,N/A,,False,-1,N/A,,False,,False,,False,,649527890.0,649527890.0,0,True,False
C,A,20140101,2014,52,2014,704,VNM,Viet Nam,X,Export,0,W00,World,0,W00,World,H4,HS,True,96,Miscellaneous manufactured articles,2,False,C00,TOTAL CPC,0,0,TOTAL MOT,-1,N/A,,False,-1,N/A,,False,,False,,False,,413325258.0,413325258.0,0,True,False
C,A,20140101,2014,52,2014,704,VNM,Viet Nam,X,Export,0,W00,World,0,W00,World,H4,HS,True,97,Works of art; collectors' pieces and antiques,2,False,C00,TOTAL CPC,0,0,TOTAL MOT,-1,N/A,,False,-1,N/A,,False,,False,,False,,869020.0,869020.0,0,True,False
C,A,20140101,2014,52,2014,704,VNM,Viet Nam,X,Export,0,W00,World,0,W00,World,H4,HS,True,99,Commodities not specified according to kind,2,False,C00,TOTAL CPC,0,0,TOTAL MOT,-1,N/A,,False,-1,N/A,,False,,False,,False,,550840275.0,550840275.0,0,True,False
C,A,20140101,2014,52,2014,699,IND,India,X,Export,0,W00,World,0,W00,World,H4,HS,True,85,"Electrical machinery and equipment and parts thereof; sound recorders and reproducers; television image and sound recorders and reproducers, parts and accessories of such articles",2,False,C00,TOTAL CPC,0,0,TOTAL MOT,-1,N/A,,False,-1,N/A,,False,,False,,False,,9002329656.0,9002329656.0,0,True,False
C,A,20140101,2014,52,2014,699,IND,India,X,Export,0,W00,World,0,W00,World,H4,HS,True,30,Pharmaceutical products,2,False,C00,TOTAL CPC,0,0,TOTAL MOT,-1,N/A,,False,-1,N/A,,False,,False,,False,,11663325523.0,11663325523.0,0,True,False
C,A,20140101,2014,52,2014,699,IND,India,X,Export,0,W00,World,0,W00,World,H4,HS,True,42,"Articles of leather; saddlery and harness; travel goods, handbags and similar containers; articles of animal gut (other than silk-worm gut)",2,False,C00,TOTAL CPC,0,0,TOTAL MOT,-1,N/A,,False,-1,N/A,,False,,False,,False,,2548217167.0,2548217167.0,0,True,False
C,A,20140101,2014,52,2014,699,IND,India,X,Export,0,W00,World,0,W00,World,H4,HS,True,84,"Nuclear reactors, boilers, machinery and mechanical appliances; parts thereof",2,False,C00,TOTAL CPC,0,0,TOTAL MOT,-1,N/A,,False,-1,N/A,,False,,False,,False,,13596128970.0,13596128970.0,0,True,False
C,A,20140101,2014,52,2014,699,IND,India,X,Export,0,W00,World,0,W00,World,H4,HS,True,99,Commodities not specified according to kind,2,False,C00,TOTAL CPC,0,0,TOTAL MOT,-1,N/A,,False,-1,N/A,,False,,False,,False,,959798192.0,959798192.0,0,True,False
C,A,20140101,2014,52,2014,699,IND,India,X,Export,0,W00,World,0,W00,World,H4,HS,True,82,"Tools, implements, cutlery, spoons and forks, of base metal; parts thereof, of base metal",2,False,C00,TOTAL CPC,0,0,TOTAL MOT,-1,N/A,,False,-1,N/A,,False,,False,,False,,914873617.0,914873617.0,0,True,False
C,A,20140101,2014,52,2014,699,IND,India,X,Export,0,W00,World,0,W00,World,H4,HS,True,48,"Paper and paperboard; articles of paper pulp, of paper or paperboard",2,False,C00,TOTAL CPC,0,0,TOTAL MOT,-1,N/A,,False,-1,N/A,,False,,False,,False,,1115992682.0,1115992682.0,0,True,False
C,A,20140101,2014,52,2014,699,IND,India,X,Export,0,W00,World,0,W00,World,H4,HS,True,62,Apparel and clothing accessories; not knitted or crocheted,2,False,C00,TOTAL CPC,0,0,TOTAL MOT,-1,N/A,,False,-1,N/A,,False,,False,,False,,9055716071.0,9055716071.0,0,True,False
C,A,20140101,2014,52,2014,699,IND,India,X,Export,0,W00,World,0,W00,World,H4,HS,True,95,"Toys, games and sports requisites; parts and accessories thereof",2,False,C00,TOTAL CPC,0,0,TOTAL MOT,-1,N/A,,False,-1,N/A,,False,,False,,False,,293457735.0,293457735.0,0,True,False
C,A,20140101,2014,52,2014,699,IND,India,X,Export,0,W00,World,0,W00,World,H4,HS,True,90,"Optical, photographic, cinematographic, measuring, checking, medical or surgical instruments and apparatus; parts and accessories",2,False,C00,TOTAL CPC,0,0,TOTAL MOT,-1,N/A,,False,-1,N/A,,False,,False,,False,,2334610780.0,2334610780.0,0,True,False
C,A,20140101,2014,52,2014,699,IND,India,X,Export,0,W00,World,0,W00,World,H4,HS,True,39,Plastics and articles thereof,2,False,C00,TOTAL CPC,0,0,TOTAL MOT,-1,N/A,,False,-1,N/A,,False,,False,,False,,5398297463.0,5398297463.0,0,True,False
C,A,20140101,2014,52,2014,699,IND,India,X,Export,0,W00,World,0,W00,World,H4,HS,True,52,Cotton,2,False,C00,TOTAL CPC,0,0,TOTAL MOT,-1,N/A,,False,-1,N/A,,False,,False,,False,,8883916348.0,8883916348.0,0,True,False
C,A,20140101,2014,52,2014,699,IND,India,X,Export,0,W00,World,0,W00,World,H4,HS,True,73,Iron or steel articles,2,False,C00,TOTAL CPC,0,0,TOTAL MOT,-1,N/A,,False,-1,N/A,,False,,False,,False,,7518711371.0,7518711371.0,0,True,False
C,A,20140101,2014,52,2014,699,IND,India,X,Export,0,W00,World,0,W00,World,H4,HS,True,94,"Furniture; bedding, mattresses, mattress supports, cushions and similar stuffed furnishings; lamps and lighting fittings, n.e.c.; illuminated signs, illuminated name-plates and the like; prefabricated buildings",2,False,C00,TOTAL CPC,0,0,TOTAL MOT,-1,N/A,,False,-1,N/A,,False,,False,,False,,1204429694.0,1204429694.0,0,True,False
C,A,20140101,2014,52,2014,699,IND,India,X,Export,0,W00,World,0,W00,World,H4,HS,True,61,Apparel and clothing accessories; knitted or crocheted,2,False,C00,TOTAL CPC,0,0,TOTAL MOT,-1,N/A,,False,-1,N/A,,False,,False,,False,,7482487430.0,7482487430.0,0,True,False
C,A,20140101,2014,52,2014,699,IND,India,X,Export,0,W00,World,0,W00,World,H4,HS,True,87,"Vehicles; other than railway or tramway rolling stock, and parts and accessories thereof",2,False,C00,TOTAL CPC,0,0,TOTAL MOT,-1,N/A,,False,-1,N/A,,False,,False,,False,,14481958543.0,14481958543.0,0,True,False
C,A,20140101,2014,52,2014,699,IND,India,X,Export,0,W00,World,0,W00,World,H4,HS,True,70,Glass and glassware,2,False,C00,TOTAL CPC,0,0,TOTAL MOT,-1,N/A,,False,-1,N/A,,False,,False,,False,,702510513.0,702510513.0,0,True,False
C,A,20140101,2014,52,2014,699,IND,India,X,Export,0,W00,World,0,W00,World,H4,HS,True,40,Rubber and articles thereof,2,False,C00,TOTAL CPC,0,0,TOTAL MOT,-1,N/A,,False,-1,N/A,,False,,False,,False,,2763231329.0,2763231329.0,0,True,False
C,A,20140101,2014,52,2014,699,IND,India,X,Export,0,W00,World,0,W00,World,H4,HS,True,49,"Printed books, newspapers, pictures and other products of the printing industry; manuscripts, typescripts and plans",2,False,C00,TOTAL CPC,0,0,TOTAL MOT,-1,N/A,,False,-1,N/A,,False,,False,,False,,313219714.0,313219714.0,0,True,False
C,A,20140101,2014,52,2014,699,IND,India,X,Export,0,W00,World,0,W00,World,H4,HS,True,63,"Textiles, made up articles; sets; worn clothing and worn textile articles; rags",2,False,C00,TOTAL CPC,0,0,TOTAL MOT,-1,N/A,,False,-1,N/A,,False,,False,,False,,4613244244.0,4613244244.0,0,True,False
C,A,20140101,2014,52,2014,699,IND,India,X,Export,0,W00,World,0,W00,World,H4,HS,True,29,Organic chemicals,2,False,C00,TOTAL CPC,0,0,TOTAL MOT,-1,N/A,,False,-1,N/A,,False,,False,,False,,12035144718.0,12035144718.0,0,True,False
C,A,20140101,2014,52,2014,699,IND,India,X,Export,0,W00,World,0,W00,World,H4,HS,True,38,Chemical products n.e.c.,2,False,C00,TOTAL CPC,0,0,TOTAL MOT,-1,N/A,,False,-1,N/A,,False,,False,,False,,3164368833.0,3164368833.0,0,True,False
C,A,20140101,2014,52,2014,699,IND,India,X,Export,0,W00,World,0,W00,World,H4,HS,True,83,Metal; miscellaneous products of base metal,2,False,C00,TOTAL CPC,0,0,TOTAL MOT,-1,N/A,,False,-1,N/A,,False,,False,,False,,540892764.0,540892764.0,0,True,False
C,A,20140101,2014,52,2014,699,IND,India,X,Export,0,W00,World,0,W00,World,H4,HS,True,76,Aluminium and articles thereof,2,False,C00,TOTAL CPC,0,0,TOTAL MOT,-1,N/A,,False,-1,N/A,,False,,False,,False,,2582503742.0,2582503742.0,0,True,False
C,A,20140101,2014,52,2014,699,IND,India,X,Export,0,W00,World,0,W00,World,H4,HS,True,96,Miscellaneous manufactured articles,2,False,C00,TOTAL CPC,0,0,TOTAL MOT,-1,N/A,,False,-1,N/A,,False,,False,,False,,518513762.0,518513762.0,0,True,False
C,A,20140101,2014,52,2014,699,IND,India,X,Export,0,W00,World,0,W00,World,H4,HS,True,25,"Salt; sulphur; earths, stone; plastering materials, lime and cement",2,False,C00,TOTAL CPC,0,0,TOTAL MOT,-1,N/A,,False,-1,N/A,,False,,False,,False,,1989969618.0,1989969618.0,0,True,False
C,A,20140101,2014,52,2014,699,IND,India,X,Export,0,W00,World,0,W00,World,H4,HS,True,54,Man-made filaments; strip and the like of man-made textile materials,2,False,C00,TOTAL CPC,0,0,TOTAL MOT,-1,N/A,,False,-1,N/A,,False,,False,,False,,2505413938.0,2505413938.0,0,True,False
C,A,20140101,2014,52,2014,699,IND,India,X,Export,0,W00,World,0,W00,World,H4,HS,True,33,"Essential oils and resinoids; perfumery, cosmetic or toilet preparations",2,False,C00,TOTAL CPC,0,0,TOTAL MOT,-1,N/A,,False,-1,N/A,,False,,False,,False,,1442829749.0,1442829749.0,0,True,False
C,A,20140101,2014,52,2014,699,IND,India,X,Export,0,W00,World,0,W00,World,H4,HS,True,69,Ceramic products,2,False,C00,TOTAL CPC,0,0,TOTAL MOT,-1,N/A,,False,-1,N/A,,False,,False,,False,,768627862.0,768627862.0,0,True,False
C,A,20140101,2014,52,2014,699,IND,India,X,Export,0,W00,World,0,W00,World,H4,HS,True,68,"Stone, plaster, cement, asbestos, mica or similar materials; articles thereof",2,False,C00,TOTAL CPC,0,0,TOTAL MOT,-1,N/A,,False,-1,N/A,,False,,False,,False,,1406047145.0,1406047145.0,0,True,False
C,A,20140101,2014,52,2014,699,IND,India,X,Export,0,W00,World,0,W00,World,H4,HS,True,44,Wood and articles of wood; wood charcoal,2,False,C00,TOTAL CPC,0,0,TOTAL MOT,-1,N/A,,False,-1,N/A,,False,,False,,False,,353811903.0,353811903.0,0,True,False
C,A,20140101,2014,52,2014,699,IND,India,X,Export,0,W00,World,0,W00,World,H4,HS,True,57,Carpets and other textile floor coverings,2,False,C00,TOTAL CPC,0,0,TOTAL MOT,-1,N/A,,False,-1,N/A,,False,,False,,False,,1800141703.0,1800141703.0,0,True,False
C,A,20140101,2014,52,2014,699,IND,India,X,Export,0,W00,World,0,W00,World,H4,HS,True,71,"Natural, cultured pearls; precious, semi-precious stones; precious metals, metals clad with precious metal, and articles thereof; imitation jewellery; coin",2,False,C00,TOTAL CPC,0,0,TOTAL MOT,-1,N/A,,False,-1,N/A,,False,,False,,False,,40703544377.0,40703544377.0,0,True,False
C,A,20140101,2014,52,2014,699,IND,India,X,Export,0,W00,World,0,W00,World,H4,HS,True,72,Iron and steel,2,False,C00,TOTAL CPC,0,0,TOTAL MOT,-1,N/A,,False,-1,N/A,,False,,False,,False,,9080605836.0,9080605836.0,0,True,False
C,A,20140101,2014,52,2014,699,IND,India,X,Export,0,W00,World,0,W00,World,H4,HS,True,65,Headgear and parts thereof,2,False,C00,TOTAL CPC,0,0,TOTAL MOT,-1,N/A,,False,-1,N/A,,False,,False,,False,,45844290.0,45844290.0,0,True,False
C,A,20140101,2014,52,2014,699,IND,India,X,Export,0,W00,World,0,W00,World,H4,HS,True,32,"Tanning or dyeing extracts; tannins and their derivatives; dyes, pigments and other colouring matter; paints, varnishes; putty, other mastics; inks",2,False,C00,TOTAL CPC,0,0,TOTAL MOT,-1,N/A,,False,-1,N/A,,False,,False,,False,,2907130961.0,2907130961.0,0,True,False
C,A,20140101,2014,52,2014,699,IND,India,X,Export,0,W00,World,0,W00,World,H4,HS,True,12,"Oil seeds and oleaginous fruits; miscellaneous grains, seeds and fruit, industrial or medicinal plants; straw and fodder",2,False,C00,TOTAL CPC,0,0,TOTAL MOT,-1,N/A,,False,-1,N/A,,False,,False,,False,,2151446392.0,2151446392.0,0,True,False
C,A,20140101,2014,52,2014,699,IND,India,X,Export,0,W00,World,0,W00,World,H4,HS,True,58,"Fabrics; special woven fabrics, tufted textile fabrics, lace, tapestries, trimmings, embroidery",2,False,C00,TOTAL CPC,0,0,TOTAL MOT,-1,N/A,,False,-1,N/A,,False,,False,,False,,407234673.0,407234673.0,0,True,False
C,A,20140101,2014,52,2014,699,IND,India,X,Export,0,W00,World,0,W00,World,H4,HS,True,74,Copper and articles thereof,2,False,C00,TOTAL CPC,0,0,TOTAL MOT,-1,N/A,,False,-1,N/A,,False,,False,,False,,3456137089.0,3456137089.0,0,True,False
C,A,20140101,2014,52,2014,699,IND,India,X,Export,0,W00,World,0,W00,World,H4,HS,True,34,"Soap, organic surface-active agents; washing, lubricating, polishing or scouring preparations; artificial or prepared waxes, candles and similar articles, modelling pastes, dental waxes and dental preparations with a basis of plaster",2,False,C00,TOTAL CPC,0,0,TOTAL MOT,-1,N/A,,False,-1,N/A,,False,,False,,False,,547118388.0,547118388.0,0,True,False
C,A,20140101,2014,52,2014,699,IND,India,X,Export,0,W00,World,0,W00,World,H4,HS,True,28,"Inorganic chemicals; organic and inorganic compounds of precious metals; of rare earth metals, of radio-active elements and of isotopes",2,False,C00,TOTAL CPC,0,0,TOTAL MOT,-1,N/A,,False,-1,N/A,,False,,False,,False,,1429430120.0,1429430120.0,0,True,False
C,A,20140101,2014,52,2014,699,IND,India,X,Export,0,W00,World,0,W00,World,H4,HS,True,09,"Coffee, tea, mate and spices",2,False,C00,TOTAL CPC,0,0,TOTAL MOT,-1,N/A,,False,-1,N/A,,False,,False,,False,,2770950352.0,2770950352.0,0,True,False
C,A,20140101,2014,52,2014,699,IND,India,X,Export,0,W00,World,0,W00,World,H4,HS,True,13,"Lac; gums, resins and other vegetable saps and extracts",2,False,C00,TOTAL CPC,0,0,TOTAL MOT,-1,N/A,,False,-1,N/A,,False,,False,,False,,2305278170.0,2305278170.0,0,True,False
C,A,20140101,2014,52,2014,699,IND,India,X,Export,0,W00,World,0,W00,World,H4,HS,True,19,"Preparations of cereals, flour, starch or milk; pastrycooks' products",2,False,C00,TOTAL CPC,0,0,TOTAL MOT,-1,N/A,,False,-1,N/A,,False,,False,,False,,488638215.0,488638215.0,0,True,False
C,A,20140101,2014,52,2014,699,IND,India,X,Export,0,W00,World,0,W00,World,H4,HS,True,64,Footwear; gaiters and the like; parts of such articles,2,False,C00,TOTAL CPC,0,0,TOTAL MOT,-1,N/A,,False,-1,N/A,,False,,False,,False,,2990732710.0,2990732710.0,0,True,False
C,A,20140101,2014,52,2014,699,IND,India,X,Export,0,W00,World,0,W00,World,H4,HS,True,11,"Products of the milling industry; malt, starches, inulin, wheat gluten",2,False,C00,TOTAL CPC,0,0,TOTAL MOT,-1,N/A,,False,-1,N/A,,False,,False,,False,,305476268.0,305476268.0,0,True,False
C,A,20140101,2014,52,2014,699,IND,India,X,Export,0,W00,World,0,W00,World,H4,HS,True,59,"Textile fabrics; impregnated, coated, covered or laminated; textile articles of a kind suitable for industrial use",2,False,C00,TOTAL CPC,0,0,TOTAL MOT,-1,N/A,,False,-1,N/A,,False,,False,,False,,393924018.0,393924018.0,0,True,False
C,A,20140101,2014,52,2014,699,IND,India,X,Export,0,W00,World,0,W00,World,H4,HS,True,27,"Mineral fuels, mineral oils and products of their distillation; bituminous substances; mineral waxes",2,False,C00,TOTAL CPC,0,0,TOTAL MOT,-1,N/A,,False,-1,N/A,,False,,False,,False,,62348538851.0,62348538851.0,0,True,False
C,A,20140101,2014,52,2014,699,IND,India,X,Export,0,W00,World,0,W00,World,H4,HS,True,55,Man-made staple fibres,2,False,C00,TOTAL CPC,0,0,TOTAL MOT,-1,N/A,,False,-1,N/A,,False,,False,,False,,2181561451.0,2181561451.0,0,True,False
C,A,20140101,2014,52,2014,699,IND,India,X,Export,0,W00,World,0,W00,World,H4,HS,True,10,Cereals,2,False,C00,TOTAL CPC,0,0,TOTAL MOT,-1,N/A,,False,-1,N/A,,False,,False,,False,,10059331357.0,10059331357.0,0,True,False
C,A,20140101,2014,52,2014,699,IND,India,X,Export,0,W00,World,0,W00,World,H4,HS,True,17,Sugars and sugar confectionery,2,False,C00,TOTAL CPC,0,0,TOTAL MOT,-1,N/A,,False,-1,N/A,,False,,False,,False,,1306197906.0,1306197906.0,0,True,False
C,A,20140101,2014,52,2014,699,IND,India,X,Export,0,W00,World,0,W00,World,H4,HS,True,56,"Wadding, felt and nonwovens, special yarns; twine, cordage, ropes and cables and articles thereof",2,False,C00,TOTAL CPC,0,0,TOTAL MOT,-1,N/A,,False,-1,N/A,,False,,False,,False,,345639345.0,345639345.0,0,True,False
C,A,20140101,2014,52,2014,699,IND,India,X,Export,0,W00,World,0,W00,World,H4,HS,True,21,Miscellaneous edible preparations,2,False,C00,TOTAL CPC,0,0,TOTAL MOT,-1,N/A,,False,-1,N/A,,False,,False,,False,,581763189.0,581763189.0,0,True,False
C,A,20140101,2014,52,2014,699,IND,India,X,Export,0,W00,World,0,W00,World,H4,HS,True,35,Albuminoidal substances; modified starches; glues; enzymes,2,False,C00,TOTAL CPC,0,0,TOTAL MOT,-1,N/A,,False,-1,N/A,,False,,False,,False,,341124341.0,341124341.0,0,True,False
C,A,20140101,2014,52,2014,699,IND,India,X,Export,0,W00,World,0,W00,World,H4,HS,True,08,"Fruit and nuts, edible; peel of citrus fruit or melons",2,False,C00,TOTAL CPC,0,0,TOTAL MOT,-1,N/A,,False,-1,N/A,,False,,False,,False,,1632898139.0,1632898139.0,0,True,False
C,A,20140101,2014,52,2014,699,IND,India,X,Export,0,W00,World,0,W00,World,H4,HS,True,20,"Preparations of vegetables, fruit, nuts or other parts of plants",2,False,C00,TOTAL CPC,0,0,TOTAL MOT,-1,N/A,,False,-1,N/A,,False,,False,,False,,502300272.0,502300272.0,0,True,False
C,A,20140101,2014,52,2014,699,IND,India,X,Export,0,W00,World,0,W00,World,H4,HS,True,07,Vegetables and certain roots and tubers; edible,2,False,C00,TOTAL CPC,0,0,TOTAL MOT,-1,N/A,,False,-1,N/A,,False,,False,,False,,1128347375.0,1128347375.0,0,True,False
C,A,20140101,2014,52,2014,699,IND,India,X,Export,0,W00,World,0,W00,World,H4,HS,True,91,Clocks and watches and parts thereof,2,False,C00,TOTAL CPC,0,0,TOTAL MOT,-1,N/A,,False,-1,N/A,,False,,False,,False,,91329068.0,91329068.0,0,True,False
C,A,20140101,2014,52,2014,699,IND,India,X,Export,0,W00,World,0,W00,World,H4,HS,True,15,Animal or vegetable fats and oils and their cleavage products; prepared animal fats; animal or vegetable waxes,2,False,C00,TOTAL CPC,0,0,TOTAL MOT,-1,N/A,,False,-1,N/A,,False,,False,,False,,903715388.0,903715388.0,0,True,False
C,A,20140101,2014,52,2014,699,IND,India,X,Export,0,W00,World,0,W00,World,H4,HS,True,53,Vegetable textile fibres; paper yarn and woven fabrics of paper yarn,2,False,C00,TOTAL CPC,0,0,TOTAL MOT,-1,N/A,,False,-1,N/A,,False,,False,,False,,350217667.0,350217667.0,0,True,False
C,A,20140101,2014,52,2014,699,IND,India,X,Export,0,W00,World,0,W00,World,H4,HS,True,24,Tobacco and manufactured tobacco substitutes,2,False,C00,TOTAL CPC,0,0,TOTAL MOT,-1,N/A,,False,-1,N/A,,False,,False,,False,,957215822.0,957215822.0,0,True,False
C,A,20140101,2014,52,2014,699,IND,India,X,Export,0,W00,World,0,W00,World,H4,HS,True,23,"Food industries, residues and wastes thereof; prepared animal fodder",2,False,C00,TOTAL CPC,0,0,TOTAL MOT,-1,N/A,,False,-1,N/A,,False,,False,,False,,2042843060.0,2042843060.0,0,True,False
C,A,20140101,2014,52,2014,699,IND,India,X,Export,0,W00,World,0,W00,World,H4,HS,True,04,"Dairy produce; birds' eggs; natural honey; edible products of animal origin, not elsewhere specified or included",2,False,C00,TOTAL CPC,0,0,TOTAL MOT,-1,N/A,,False,-1,N/A,,False,,False,,False,,481893335.0,481893335.0,0,True,False
C,A,20140101,2014,52,2014,699,IND,India,X,Export,0,W00,World,0,W00,World,H4,HS,True,05,Animal originated products; not elsewhere specified or included,2,False,C00,TOTAL CPC,0,0,TOTAL MOT,-1,N/A,,False,-1,N/A,,False,,False,,False,,117034691.0,117034691.0,0,True,False
C,A,20140101,2014,52,2014,699,IND,India,X,Export,0,W00,World,0,W00,World,H4,HS,True,06,"Trees and other plants, live; bulbs, roots and the like; cut flowers and ornamental foliage",2,False,C00,TOTAL CPC,0,0,TOTAL MOT,-1,N/A,,False,-1,N/A,,False,,False,,False,,74678686.0,74678686.0,0,True,False
C,A,20140101,2014,52,2014,699,IND,India,X,Export,0,W00,World,0,W00,World,H4,HS,True,01,Animals; live,2,False,C00,TOTAL CPC,0,0,TOTAL MOT,-1,N/A,,False,-1,N/A,,False,,False,,False,,12533161.0,12533161.0,0,True,False
C,A,20140101,2014,52,2014,699,IND,India,X,Export,0,W00,World,0,W00,World,H4,HS,True,02,Meat and edible meat offal,2,False,C00,TOTAL CPC,0,0,TOTAL MOT,-1,N/A,,False,-1,N/A,,False,,False,,False,,5075624703.0,5075624703.0,0,True,False
C,A,20140101,2014,52,2014,699,IND,India,X,Export,0,W00,World,0,W00,World,H4,HS,True,03,"Fish and crustaceans, molluscs and other aquatic invertebrates",2,False,C00,TOTAL CPC,0,0,TOTAL MOT,-1,N/A,,False,-1,N/A,,False,,False,,False,,5358638587.0,5358638587.0,0,True,False
C,A,20140101,2014,52,2014,699,IND,India,X,Export,0,W00,World,0,W00,World,H4,HS,True,16,"Meat, fish or crustaceans, molluscs or other aquatic invertebrates; preparations thereof",2,False,C00,TOTAL CPC,0,0,TOTAL MOT,-1,N/A,,False,-1,N/A,,False,,False,,False,,145419107.0,145419107.0,0,True,False
C,A,20140101,2014,52,2014,699,IND,India,X,Export,0,W00,World,0,W00,World,H4,HS,True,18,Cocoa and cocoa preparations,2,False,C00,TOTAL CPC,0,0,TOTAL MOT,-1,N/A,,False,-1,N/A,,False,,False,,False,,126613687.0,126613687.0,0,True,False
C,A,20140101,2014,52,2014,699,IND,India,X,Export,0,W00,World,0,W00,World,H4,HS,True,22,"Beverages, spirits and vinegar",2,False,C00,TOTAL CPC,0,0,TOTAL MOT,-1,N/A,,False,-1,N/A,,False,,False,,False,,376836788.0,376836788.0,0,True,False
C,A,20140101,2014,52,2014,699,IND,India,X,Export,0,W00,World,0,W00,World,H4,HS,True,14,Vegetable plaiting materials; vegetable products not elsewhere specified or included,2,False,C00,TOTAL CPC,0,0,TOTAL MOT,-1,N/A,,False,-1,N/A,,False,,False,,False,,55289332.0,55289332.0,0,True,False
C,A,20140101,2014,52,2014,699,IND,India,X,Export,0,W00,World,0,W00,World,H4,HS,True,26,"Ores, slag and ash",2,False,C00,TOTAL CPC,0,0,TOTAL MOT,-1,N/A,,False,-1,N/A,,False,,False,,False,,1356792878.0,1356792878.0,0,True,False
C,A,20140101,2014,52,2014,699,IND,India,X,Export,0,W00,World,0,W00,World,H4,HS,True,36,Explosives; pyrotechnic products; matches; pyrophoric alloys; certain combustible preparations,2,False,C00,TOTAL CPC,0,0,TOTAL MOT,-1,N/A,,False,-1,N/A,,False,,False,,False,,88043757.0,88043757.0,0,True,False
C,A,20140101,2014,52,2014,699,IND,India,X,Export,0,W00,World,0,W00,World,H4,HS,True,37,Photographic or cinematographic goods,2,False,C00,TOTAL CPC,0,0,TOTAL MOT,-1,N/A,,False,-1,N/A,,False,,False,,False,,27586062.0,27586062.0,0,True,False
C,A,20140101,2014,52,2014,699,IND,India,X,Export,0,W00,World,0,W00,World,H4,HS,True,31,Fertilizers,2,False,C00,TOTAL CPC,0,0,TOTAL MOT,-1,N/A,,False,-1,N/A,,False,,False,,False,,77599898.0,77599898.0,0,True,False
C,A,20140101,2014,52,2014,699,IND,India,X,Export,0,W00,World,0,W00,World,H4,HS,True,41,Raw hides and skins (other than furskins) and leather,2,False,C00,TOTAL CPC,0,0,TOTAL MOT,-1,N/A,,False,-1,N/A,,False,,False,,False,,1363716148.0,1363716148.0,0,True,False
C,A,20140101,2014,52,2014,699,IND,India,X,Export,0,W00,World,0,W00,World,H4,HS,True,43,Furskins and artificial fur; manufactures thereof,2,False,C00,TOTAL CPC,0,0,TOTAL MOT,-1,N/A,,False,-1,N/A,,False,,False,,False,,2395246.0,2395246.0,0,True,False
C,A,20140101,2014,52,2014,699,IND,India,X,Export,0,W00,World,0,W00,World,H4,HS,True,46,"Manufactures of straw, esparto or other plaiting materials; basketware and wickerwork",2,False,C00,TOTAL CPC,0,0,TOTAL MOT,-1,N/A,,False,-1,N/A,,False,,False,,False,,3763966.0,3763966.0,0,True,False
C,A,20140101,2014,52,2014,699,IND,India,X,Export,0,W00,World,0,W00,World,H4,HS,True,47,Pulp of wood or other fibrous cellulosic material; recovered (waste and scrap) paper or paperboard,2,False,C00,TOTAL CPC,0,0,TOTAL MOT,-1,N/A,,False,-1,N/A,,False,,False,,False,,4707428.0,4707428.0,0,True,False
C,A,20140101,2014,52,2014,699,IND,India,X,Export,0,W00,World,0,W00,World,H4,HS,True,50,Silk,2,False,C00,TOTAL CPC,0,0,TOTAL MOT,-1,N/A,,False,-1,N/A,,False,,False,,False,,140578635.0,140578635.0,0,True,False
C,A,20140101,2014,52,2014,699,IND,India,X,Export,0,W00,World,0,W00,World,H4,HS,True,51,"Wool, fine or coarse animal hair; horsehair yarn and woven fabric",2,False,C00,TOTAL CPC,0,0,TOTAL MOT,-1,N/A,,False,-1,N/A,,False,,False,,False,,178539404.0,178539404.0,0,True,False
C,A,20140101,2014,52,2014,699,IND,India,X,Export,0,W00,World,0,W00,World,H4,HS,True,45,Cork and articles of cork,2,False,C00,TOTAL CPC,0,0,TOTAL MOT,-1,N/A,,False,-1,N/A,,False,,False,,False,,2073794.0,2073794.0,0,True,False
C,A,20140101,2014,52,2014,699,IND,India,X,Export,0,W00,World,0,W00,World,H4,HS,True,60,Fabrics; knitted or crocheted,2,False,C00,TOTAL CPC,0,0,TOTAL MOT,-1,N/A,,False,-1,N/A,,False,,False,,False,,258952794.0,258952794.0,0,True,False
C,A,20140101,2014,52,2014,699,IND,India,X,Export,0,W00,World,0,W00,World,H4,HS,True,66,"Umbrellas, sun umbrellas, walking-sticks, seat sticks, whips, riding crops; and parts thereof",2,False,C00,TOTAL CPC,0,0,TOTAL MOT,-1,N/A,,False,-1,N/A,,False,,False,,False,,2263588.0,2263588.0,0,True,False
C,A,20140101,2014,52,2014,699,IND,India,X,Export,0,W00,World,0,W00,World,H4,HS,True,67,"Feathers and down, prepared; and articles made of feather or of down; artificial flowers; articles of human hair",2,False,C00,TOTAL CPC,0,0,TOTAL MOT,-1,N/A,,False,-1,N/A,,False,,False,,False,,276759450.0,276759450.0,0,True,False
C,A,20140101,2014,52,2014,699,IND,India,X,Export,0,W00,World,0,W00,World,H4,HS,True,75,Nickel and articles thereof,2,False,C00,TOTAL CPC,0,0,TOTAL MOT,-1,N/A,,False,-1,N/A,,False,,False,,False,,739733476.0,739733476.0,0,True,False
C,A,20140101,2014,52,2014,699,IND,India,X,Export,0,W00,World,0,W00,World,H4,HS,True,78,Lead and articles thereof,2,False,C00,TOTAL CPC,0,0,TOTAL MOT,-1,N/A,,False,-1,N/A,,False,,False,,False,,192578531.0,192578531.0,0,True,False
C,A,20140101,2014,52,2014,699,IND,India,X,Export,0,W00,World,0,W00,World,H4,HS,True,79,Zinc and articles thereof,2,False,C00,TOTAL CPC,0,0,TOTAL MOT,-1,N/A,,False,-1,N/A,,False,,False,,False,,463087222.0,463087222.0,0,True,False
C,A,20140101,2014,52,2014,699,IND,India,X,Export,0,W00,World,0,W00,World,H4,HS,True,80,Tin; articles thereof,2,False,C00,TOTAL CPC,0,0,TOTAL MOT,-1,N/A,,False,-1,N/A,,False,,False,,False,,33982717.0,33982717.0,0,True,False
C,A,20140101,2014,52,2014,699,IND,India,X,Export,0,W00,World,0,W00,World,H4,HS,True,81,"Metals; n.e.c., cermets and articles thereof",2,False,C00,TOTAL CPC,0,0,TOTAL MOT,-1,N/A,,False,-1,N/A,,False,,False,,False,,61981562.0,61981562.0,0,True,False
C,A,20140101,2014,52,2014,699,IND,India,X,Export,0,W00,World,0,W00,World,H4,HS,True,86,"Railway, tramway locomotives, rolling-stock and parts thereof; railway or tramway track fixtures and fittings and parts thereof; mechanical (including electro-mechanical) traffic signalling equipment of all kinds",2,False,C00,TOTAL CPC,0,0,TOTAL MOT,-1,N/A,,False,-1,N/A,,False,,False,,False,,140267903.0,140267903.0,0,True,False
C,A,20140101,2014,52,2014,699,IND,India,X,Export,0,W00,World,0,W00,World,H4,HS,True,92,Musical instruments; parts and accessories of such articles,2,False,C00,TOTAL CPC,0,0,TOTAL MOT,-1,N/A,,False,-1,N/A,,False,,False,,False,,16466284.0,16466284.0,0,True,False
C,A,20140101,2014,52,2014,699,IND,India,X,Export,0,W00,World,0,W00,World,H4,HS,True,93,Arms and ammunition; parts and accessories thereof,2,False,C00,TOTAL CPC,0,0,TOTAL MOT,-1,N/A,,False,-1,N/A,,False,,False,,False,,65088454.0,65088454.0,0,True,False
C,A,20140101,2014,52,2014,699,IND,India,X,Export,0,W00,World,0,W00,World,H4,HS,True,88,"Aircraft, spacecraft and parts thereof",2,False,C00,TOTAL CPC,0,0,TOTAL MOT,-1,N/A,,False,-1,N/A,,False,,False,,False,,6721166430.0,6721166430.0,0,True,False
C,A,20140101,2014,52,2014,699,IND,India,X,Export,0,W00,World,0,W00,World,H4,HS,True,89,"Ships, boats and floating structures",2,False,C00,TOTAL CPC,0,0,TOTAL MOT,-1,N/A,,False,-1,N/A,,False,,False,,False,,4556552342.0,4556552342.0,0,True,False
C,A,20140101,2014,52,2014,699,IND,India,X,Export,0,W00,World,0,W00,World,H4,HS,True,97,Works of art; collectors' pieces and antiques,2,False,C00,TOTAL CPC,0,0,TOTAL MOT,-1,N/A,,False,-1,N/A,,False,,False,,False,,234164340.0,234164340.0,0,True,False
C,A,20150101,2015,52,2015,50,BGD,Bangladesh,X,Export,0,W00,World,0,W00,World,H4,HS,True,61,Apparel and clothing accessories; knitted or crocheted,2,False,C00,TOTAL CPC,0,0,TOTAL MOT,-1,N/A,,False,-1,N/A,,False,,False,,False,,12767099522.0,12767099522.0,0,True,False
C,A,20150101,2015,52,2015,50,BGD,Bangladesh,X,Export,0,W00,World,0,W00,World,H4,HS,True,62,Apparel and clothing accessories; not knitted or crocheted,2,False,C00,TOTAL CPC,0,0,TOTAL MOT,-1,N/A,,False,-1,N/A,,False,,False,,False,,13765225603.0,13765225603.0,0,True,False
C,A,20150101,2015,52,2015,50,BGD,Bangladesh,X,Export,0,W00,World,0,W00,World,H4,HS,True,63,"Textiles, made up articles; sets; worn clothing and worn textile articles; rags",2,False,C00,TOTAL CPC,0,0,TOTAL MOT,-1,N/A,,False,-1,N/A,,False,,False,,False,,818596119.0,818596119.0,0,True,False
C,A,20150101,2015,52,2015,50,BGD,Bangladesh,X,Export,0,W00,World,0,W00,World,H4,HS,True,30,Pharmaceutical products,2,False,C00,TOTAL CPC,0,0,TOTAL MOT,-1,N/A,,False,-1,N/A,,False,,False,,False,,70123301.0,70123301.0,0,True,False
C,A,20150101,2015,52,2015,50,BGD,Bangladesh,X,Export,0,W00,World,0,W00,World,H4,HS,True,12,"Oil seeds and oleaginous fruits; miscellaneous grains, seeds and fruit, industrial or medicinal plants; straw and fodder",2,False,C00,TOTAL CPC,0,0,TOTAL MOT,-1,N/A,,False,-1,N/A,,False,,False,,False,,17871671.0,17871671.0,0,True,False
C,A,20150101,2015,52,2015,50,BGD,Bangladesh,X,Export,0,W00,World,0,W00,World,H4,HS,True,16,"Meat, fish or crustaceans, molluscs or other aquatic invertebrates; preparations thereof",2,False,C00,TOTAL CPC,0,0,TOTAL MOT,-1,N/A,,False,-1,N/A,,False,,False,,False,,2343756.0,2343756.0,0,True,False
C,A,20150101,2015,52,2015,50,BGD,Bangladesh,X,Export,0,W00,World,0,W00,World,H4,HS,True,17,Sugars and sugar confectionery,2,False,C00,TOTAL CPC,0,0,TOTAL MOT,-1,N/A,,False,-1,N/A,,False,,False,,False,,9182904.0,9182904.0,0,True,False
C,A,20150101,2015,52,2015,50,BGD,Bangladesh,X,Export,0,W00,World,0,W00,World,H4,HS,True,18,Cocoa and cocoa preparations,2,False,C00,TOTAL CPC,0,0,TOTAL MOT,-1,N/A,,False,-1,N/A,,False,,False,,False,,391483.0,391483.0,0,True,False
C,A,20150101,2015,52,2015,50,BGD,Bangladesh,X,Export,0,W00,World,0,W00,World,H4,HS,True,19,"Preparations of cereals, flour, starch or milk; pastrycooks' products",2,False,C00,TOTAL CPC,0,0,TOTAL MOT,-1,N/A,,False,-1,N/A,,False,,False,,False,,84838518.0,84838518.0,0,True,False
C,A,20150101,2015,52,2015,50,BGD,Bangladesh,X,Export,0,W00,World,0,W00,World,H4,HS,True,20,"Preparations of vegetables, fruit, nuts or other parts of plants",2,False,C00,TOTAL CPC,0,0,TOTAL MOT,-1,N/A,,False,-1,N/A,,False,,False,,False,,70468584.0,70468584.0,0,True,False
C,A,20150101,2015,52,2015,50,BGD,Bangladesh,X,Export,0,W00,World,0,W00,World,H4,HS,True,21,Miscellaneous edible preparations,2,False,C00,TOTAL CPC,0,0,TOTAL MOT,-1,N/A,,False,-1,N/A,,False,,False,,False,,250231.0,250231.0,0,True,False
C,A,20150101,2015,52,2015,50,BGD,Bangladesh,X,Export,0,W00,World,0,W00,World,H4,HS,True,22,"Beverages, spirits and vinegar",2,False,C00,TOTAL CPC,0,0,TOTAL MOT,-1,N/A,,False,-1,N/A,,False,,False,,False,,25266910.0,25266910.0,0,True,False
C,A,20150101,2015,52,2015,50,BGD,Bangladesh,X,Export,0,W00,World,0,W00,World,H4,HS,True,01,Animals; live,2,False,C00,TOTAL CPC,0,0,TOTAL MOT,-1,N/A,,False,-1,N/A,,False,,False,,False,,29131.0,29131.0,0,True,False
C,A,20150101,2015,52,2015,50,BGD,Bangladesh,X,Export,0,W00,World,0,W00,World,H4,HS,True,02,Meat and edible meat offal,2,False,C00,TOTAL CPC,0,0,TOTAL MOT,-1,N/A,,False,-1,N/A,,False,,False,,False,,987399.0,987399.0,0,True,False
C,A,20150101,2015,52,2015,50,BGD,Bangladesh,X,Export,0,W00,World,0,W00,World,H4,HS,True,03,"Fish and crustaceans, molluscs and other aquatic invertebrates",2,False,C00,TOTAL CPC,0,0,TOTAL MOT,-1,N/A,,False,-1,N/A,,False,,False,,False,,445008366.0,445008366.0,0,True,False
C,A,20150101,2015,52,2015,50,BGD,Bangladesh,X,Export,0,W00,World,0,W00,World,H4,HS,True,05,Animal originated products; not elsewhere specified or included,2,False,C00,TOTAL CPC,0,0,TOTAL MOT,-1,N/A,,False,-1,N/A,,False,,False,,False,,14881222.0,14881222.0,0,True,False
C,A,20150101,2015,52,2015,50,BGD,Bangladesh,X,Export,0,W00,World,0,W00,World,H4,HS,True,06,"Trees and other plants, live; bulbs, roots and the like; cut flowers and ornamental foliage",2,False,C00,TOTAL CPC,0,0,TOTAL MOT,-1,N/A,,False,-1,N/A,,False,,False,,False,,9627570.0,9627570.0,0,True,False
C,A,20150101,2015,52,2015,50,BGD,Bangladesh,X,Export,0,W00,World,0,W00,World,H4,HS,True,07,Vegetables and certain roots and tubers; edible,2,False,C00,TOTAL CPC,0,0,TOTAL MOT,-1,N/A,,False,-1,N/A,,False,,False,,False,,70248602.0,70248602.0,0,True,False
C,A,20150101,2015,52,2015,50,BGD,Bangladesh,X,Export,0,W00,World,0,W00,World,H4,HS,True,08,"Fruit and nuts, edible; peel of citrus fruit or melons",2,False,C00,TOTAL CPC,0,0,TOTAL MOT,-1,N/A,,False,-1,N/A,,False,,False,,False,,26617872.0,26617872.0,0,True,False
C,A,20150101,2015,52,2015,50,BGD,Bangladesh,X,Export,0,W00,World,0,W00,World,H4,HS,True,09,"Coffee, tea, mate and spices",2,False,C00,TOTAL CPC,0,0,TOTAL MOT,-1,N/A,,False,-1,N/A,,False,,False,,False,,25700170.0,25700170.0,0,True,False
C,A,20150101,2015,52,2015,50,BGD,Bangladesh,X,Export,0,W00,World,0,W00,World,H4,HS,True,10,Cereals,2,False,C00,TOTAL CPC,0,0,TOTAL MOT,-1,N/A,,False,-1,N/A,,False,,False,,False,,6048132.0,6048132.0,0,True,False
C,A,20150101,2015,52,2015,50,BGD,Bangladesh,X,Export,0,W00,World,0,W00,World,H4,HS,True,11,"Products of the milling industry; malt, starches, inulin, wheat gluten",2,False,C00,TOTAL CPC,0,0,TOTAL MOT,-1,N/A,,False,-1,N/A,,False,,False,,False,,1617518.0,1617518.0,0,True,False
C,A,20150101,2015,52,2015,50,BGD,Bangladesh,X,Export,0,W00,World,0,W00,World,H4,HS,True,23,"Food industries, residues and wastes thereof; prepared animal fodder",2,False,C00,TOTAL CPC,0,0,TOTAL MOT,-1,N/A,,False,-1,N/A,,False,,False,,False,,3241188.0,3241188.0,0,True,False
C,A,20150101,2015,52,2015,50,BGD,Bangladesh,X,Export,0,W00,World,0,W00,World,H4,HS,True,13,"Lac; gums, resins and other vegetable saps and extracts",2,False,C00,TOTAL CPC,0,0,TOTAL MOT,-1,N/A,,False,-1,N/A,,False,,False,,False,,136509.0,136509.0,0,True,False
C,A,20150101,2015,52,2015,50,BGD,Bangladesh,X,Export,0,W00,World,0,W00,World,H4,HS,True,14,Vegetable plaiting materials; vegetable products not elsewhere specified or included,2,False,C00,TOTAL CPC,0,0,TOTAL MOT,-1,N/A,,False,-1,N/A,,False,,False,,False,,23920114.0,23920114.0,0,True,False
C,A,20150101,2015,52,2015,50,BGD,Bangladesh,X,Export,0,W00,World,0,W00,World,H4,HS,True,15,Animal or vegetable fats and oils and their cleavage products; prepared animal fats; animal or vegetable waxes,2,False,C00,TOTAL CPC,0,0,TOTAL MOT,-1,N/A,,False,-1,N/A,,False,,False,,False,,17555702.0,17555702.0,0,True,False
C,A,20150101,2015,52,2015,50,BGD,Bangladesh,X,Export,0,W00,World,0,W00,World,H4,HS,True,26,"Ores, slag and ash",2,False,C00,TOTAL CPC,0,0,TOTAL MOT,-1,N/A,,False,-1,N/A,,False,,False,,False,,7739060.0,7739060.0,0,True,False
C,A,20150101,2015,52,2015,50,BGD,Bangladesh,X,Export,0,W00,World,0,W00,World,H4,HS,True,27,"Mineral fuels, mineral oils and products of their distillation; bituminous substances; mineral waxes",2,False,C00,TOTAL CPC,0,0,TOTAL MOT,-1,N/A,,False,-1,N/A,,False,,False,,False,,178120909.0,178120909.0,0,True,False
C,A,20150101,2015,52,2015,50,BGD,Bangladesh,X,Export,0,W00,World,0,W00,World,H4,HS,True,28,"Inorganic chemicals; organic and inorganic compounds of precious metals; of rare earth metals, of radio-active elements and of isotopes",2,False,C00,TOTAL CPC,0,0,TOTAL MOT,-1,N/A,,False,-1,N/A,,False,,False,,False,,22429236.0,22429236.0,0,True,False
C,A,20150101,2015,52,2015,50,BGD,Bangladesh,X,Export,0,W00,World,0,W00,World,H4,HS,True,31,Fertilizers,2,False,C00,TOTAL CPC,0,0,TOTAL MOT,-1,N/A,,False,-1,N/A,,False,,False,,False,,71897.0,71897.0,0,True,False
C,A,20150101,2015,52,2015,50,BGD,Bangladesh,X,Export,0,W00,World,0,W00,World,H4,HS,True,32,"Tanning or dyeing extracts; tannins and their derivatives; dyes, pigments and other colouring matter; paints, varnishes; putty, other mastics; inks",2,False,C00,TOTAL CPC,0,0,TOTAL MOT,-1,N/A,,False,-1,N/A,,False,,False,,False,,425507.0,425507.0,0,True,False
C,A,20150101,2015,52,2015,50,BGD,Bangladesh,X,Export,0,W00,World,0,W00,World,H4,HS,True,33,"Essential oils and resinoids; perfumery, cosmetic or toilet preparations",2,False,C00,TOTAL CPC,0,0,TOTAL MOT,-1,N/A,,False,-1,N/A,,False,,False,,False,,626397.0,626397.0,0,True,False
C,A,20150101,2015,52,2015,50,BGD,Bangladesh,X,Export,0,W00,World,0,W00,World,H4,HS,True,04,"Dairy produce; birds' eggs; natural honey; edible products of animal origin, not elsewhere specified or included",2,False,C00,TOTAL CPC,0,0,TOTAL MOT,-1,N/A,,False,-1,N/A,,False,,False,,False,,1666703.0,1666703.0,0,True,False
C,A,20150101,2015,52,2015,50,BGD,Bangladesh,X,Export,0,W00,World,0,W00,World,H4,HS,True,34,"Soap, organic surface-active agents; washing, lubricating, polishing or scouring preparations; artificial or prepared waxes, candles and similar articles, modelling pastes, dental waxes and dental preparations with a basis of plaster",2,False,C00,TOTAL CPC,0,0,TOTAL MOT,-1,N/A,,False,-1,N/A,,False,,False,,False,,3039639.0,3039639.0,0,True,False
C,A,20150101,2015,52,2015,50,BGD,Bangladesh,X,Export,0,W00,World,0,W00,World,H4,HS,True,35,Albuminoidal substances; modified starches; glues; enzymes,2,False,C00,TOTAL CPC,0,0,TOTAL MOT,-1,N/A,,False,-1,N/A,,False,,False,,False,,1275152.0,1275152.0,0,True,False
C,A,20150101,2015,52,2015,50,BGD,Bangladesh,X,Export,0,W00,World,0,W00,World,H4,HS,True,37,Photographic or cinematographic goods,2,False,C00,TOTAL CPC,0,0,TOTAL MOT,-1,N/A,,False,-1,N/A,,False,,False,,False,,668.0,668.0,0,True,False
C,A,20150101,2015,52,2015,50,BGD,Bangladesh,X,Export,0,W00,World,0,W00,World,H4,HS,True,38,Chemical products n.e.c.,2,False,C00,TOTAL CPC,0,0,TOTAL MOT,-1,N/A,,False,-1,N/A,,False,,False,,False,,3663750.0,3663750.0,0,True,False
C,A,20150101,2015,52,2015,50,BGD,Bangladesh,X,Export,0,W00,World,0,W00,World,H4,HS,True,39,Plastics and articles thereof,2,False,C00,TOTAL CPC,0,0,TOTAL MOT,-1,N/A,,False,-1,N/A,,False,,False,,False,,80221793.0,80221793.0,0,True,False
C,A,20150101,2015,52,2015,50,BGD,Bangladesh,X,Export,0,W00,World,0,W00,World,H4,HS,True,40,Rubber and articles thereof,2,False,C00,TOTAL CPC,0,0,TOTAL MOT,-1,N/A,,False,-1,N/A,,False,,False,,False,,21683781.0,21683781.0,0,True,False
C,A,20150101,2015,52,2015,50,BGD,Bangladesh,X,Export,0,W00,World,0,W00,World,H4,HS,True,24,Tobacco and manufactured tobacco substitutes,2,False,C00,TOTAL CPC,0,0,TOTAL MOT,-1,N/A,,False,-1,N/A,,False,,False,,False,,48841485.0,48841485.0,0,True,False
C,A,20150101,2015,52,2015,50,BGD,Bangladesh,X,Export,0,W00,World,0,W00,World,H4,HS,True,41,Raw hides and skins (other than furskins) and leather,2,False,C00,TOTAL CPC,0,0,TOTAL MOT,-1,N/A,,False,-1,N/A,,False,,False,,False,,298994297.0,298994297.0,0,True,False
C,A,20150101,2015,52,2015,50,BGD,Bangladesh,X,Export,0,W00,World,0,W00,World,H4,HS,True,42,"Articles of leather; saddlery and harness; travel goods, handbags and similar containers; articles of animal gut (other than silk-worm gut)",2,False,C00,TOTAL CPC,0,0,TOTAL MOT,-1,N/A,,False,-1,N/A,,False,,False,,False,,293246077.0,293246077.0,0,True,False
C,A,20150101,2015,52,2015,50,BGD,Bangladesh,X,Export,0,W00,World,0,W00,World,H4,HS,True,29,Organic chemicals,2,False,C00,TOTAL CPC,0,0,TOTAL MOT,-1,N/A,,False,-1,N/A,,False,,False,,False,,701634.0,701634.0,0,True,False
C,A,20150101,2015,52,2015,50,BGD,Bangladesh,X,Export,0,W00,World,0,W00,World,H4,HS,True,43,Furskins and artificial fur; manufactures thereof,2,False,C00,TOTAL CPC,0,0,TOTAL MOT,-1,N/A,,False,-1,N/A,,False,,False,,False,,5414.0,5414.0,0,True,False
C,A,20150101,2015,52,2015,50,BGD,Bangladesh,X,Export,0,W00,World,0,W00,World,H4,HS,True,44,Wood and articles of wood; wood charcoal,2,False,C00,TOTAL CPC,0,0,TOTAL MOT,-1,N/A,,False,-1,N/A,,False,,False,,False,,4056411.0,4056411.0,0,True,False
C,A,20150101,2015,52,2015,50,BGD,Bangladesh,X,Export,0,W00,World,0,W00,World,H4,HS,True,46,"Manufactures of straw, esparto or other plaiting materials; basketware and wickerwork",2,False,C00,TOTAL CPC,0,0,TOTAL MOT,-1,N/A,,False,-1,N/A,,False,,False,,False,,8244770.0,8244770.0,0,True,False
C,A,20150101,2015,52,2015,50,BGD,Bangladesh,X,Export,0,W00,World,0,W00,World,H4,HS,True,47,Pulp of wood or other fibrous cellulosic material; recovered (waste and scrap) paper or paperboard,2,False,C00,TOTAL CPC,0,0,TOTAL MOT,-1,N/A,,False,-1,N/A,,False,,False,,False,,7896.0,7896.0,0,True,False
C,A,20150101,2015,52,2015,50,BGD,Bangladesh,X,Export,0,W00,World,0,W00,World,H4,HS,True,48,"Paper and paperboard; articles of paper pulp, of paper or paperboard",2,False,C00,TOTAL CPC,0,0,TOTAL MOT,-1,N/A,,False,-1,N/A,,False,,False,,False,,36001824.0,36001824.0,0,True,False
C,A,20150101,2015,52,2015,50,BGD,Bangladesh,X,Export,0,W00,World,0,W00,World,H4,HS,True,49,"Printed books, newspapers, pictures and other products of the printing industry; manuscripts, typescripts and plans",2,False,C00,TOTAL CPC,0,0,TOTAL MOT,-1,N/A,,False,-1,N/A,,False,,False,,False,,947073.0,947073.0,0,True,False
C,A,20150101,2015,52,2015,50,BGD,Bangladesh,X,Export,0,W00,World,0,W00,World,H4,HS,True,50,Silk,2,False,C00,TOTAL CPC,0,0,TOTAL MOT,-1,N/A,,False,-1,N/A,,False,,False,,False,,23543.0,23543.0,0,True,False
C,A,20150101,2015,52,2015,50,BGD,Bangladesh,X,Export,0,W00,World,0,W00,World,H4,HS,True,51,"Wool, fine or coarse animal hair; horsehair yarn and woven fabric",2,False,C00,TOTAL CPC,0,0,TOTAL MOT,-1,N/A,,False,-1,N/A,,False,,False,,False,,401753.0,401753.0,0,True,False
C,A,20150101,2015,52,2015,50,BGD,Bangladesh,X,Export,0,W00,World,0,W00,World,H4,HS,True,52,Cotton,2,False,C00,TOTAL CPC,0,0,TOTAL MOT,-1,N/A,,False,-1,N/A,,False,,False,,False,,91677660.0,91677660.0,0,True,False
C,A,20150101,2015,52,2015,50,BGD,Bangladesh,X,Export,0,W00,World,0,W00,World,H4,HS,True,53,Vegetable textile fibres; paper yarn and woven fabrics of paper yarn,2,False,C00,TOTAL CPC,0,0,TOTAL MOT,-1,N/A,,False,-1,N/A,,False,,False,,False,,681185497.0,681185497.0,0,True,False
C,A,20150101,2015,52,2015,50,BGD,Bangladesh,X,Export,0,W00,World,0,W00,World,H4,HS,True,25,"Salt; sulphur; earths, stone; plastering materials, lime and cement",2,False,C00,TOTAL CPC,0,0,TOTAL MOT,-1,N/A,,False,-1,N/A,,False,,False,,False,,2200218.0,2200218.0,0,True,False
C,A,20150101,2015,52,2015,50,BGD,Bangladesh,X,Export,0,W00,World,0,W00,World,H4,HS,True,54,Man-made filaments; strip and the like of man-made textile materials,2,False,C00,TOTAL CPC,0,0,TOTAL MOT,-1,N/A,,False,-1,N/A,,False,,False,,False,,37369240.0,37369240.0,0,True,False
C,A,20150101,2015,52,2015,50,BGD,Bangladesh,X,Export,0,W00,World,0,W00,World,H4,HS,True,55,Man-made staple fibres,2,False,C00,TOTAL CPC,0,0,TOTAL MOT,-1,N/A,,False,-1,N/A,,False,,False,,False,,26195007.0,26195007.0,0,True,False
C,A,20150101,2015,52,2015,50,BGD,Bangladesh,X,Export,0,W00,World,0,W00,World,H4,HS,True,56,"Wadding, felt and nonwovens, special yarns; twine, cordage, ropes and cables and articles thereof",2,False,C00,TOTAL CPC,0,0,TOTAL MOT,-1,N/A,,False,-1,N/A,,False,,False,,False,,29845167.0,29845167.0,0,True,False
C,A,20150101,2015,52,2015,50,BGD,Bangladesh,X,Export,0,W00,World,0,W00,World,H4,HS,True,57,Carpets and other textile floor coverings,2,False,C00,TOTAL CPC,0,0,TOTAL MOT,-1,N/A,,False,-1,N/A,,False,,False,,False,,19068494.0,19068494.0,0,True,False
C,A,20150101,2015,52,2015,50,BGD,Bangladesh,X,Export,0,W00,World,0,W00,World,H4,HS,True,58,"Fabrics; special woven fabrics, tufted textile fabrics, lace, tapestries, trimmings, embroidery",2,False,C00,TOTAL CPC,0,0,TOTAL MOT,-1,N/A,,False,-1,N/A,,False,,False,,False,,49337413.0,49337413.0,0,True,False
C,A,20150101,2015,52,2015,50,BGD,Bangladesh,X,Export,0,W00,World,0,W00,World,H4,HS,True,59,"Textile fabrics; impregnated, coated, covered or laminated; textile articles of a kind suitable for industrial use",2,False,C00,TOTAL CPC,0,0,TOTAL MOT,-1,N/A,,False,-1,N/A,,False,,False,,False,,12725760.0,12725760.0,0,True,False
C,A,20150101,2015,52,2015,50,BGD,Bangladesh,X,Export,0,W00,World,0,W00,World,H4,HS,True,60,Fabrics; knitted or crocheted,2,False,C00,TOTAL CPC,0,0,TOTAL MOT,-1,N/A,,False,-1,N/A,,False,,False,,False,,33810028.0,33810028.0,0,True,False
C,A,20150101,2015,52,2015,50,BGD,Bangladesh,X,Export,0,W00,World,0,W00,World,H4,HS,True,64,Footwear; gaiters and the like; parts of such articles,2,False,C00,TOTAL CPC,0,0,TOTAL MOT,-1,N/A,,False,-1,N/A,,False,,False,,False,,696816375.0,696816375.0,0,True,False
C,A,20150101,2015,52,2015,50,BGD,Bangladesh,X,Export,0,W00,World,0,W00,World,H4,HS,True,65,Headgear and parts thereof,2,False,C00,TOTAL CPC,0,0,TOTAL MOT,-1,N/A,,False,-1,N/A,,False,,False,,False,,75634274.0,75634274.0,0,True,False
C,A,20150101,2015,52,2015,50,BGD,Bangladesh,X,Export,0,W00,World,0,W00,World,H4,HS,True,66,"Umbrellas, sun umbrellas, walking-sticks, seat sticks, whips, riding crops; and parts thereof",2,False,C00,TOTAL CPC,0,0,TOTAL MOT,-1,N/A,,False,-1,N/A,,False,,False,,False,,32715.0,32715.0,0,True,False
C,A,20150101,2015,52,2015,50,BGD,Bangladesh,X,Export,0,W00,World,0,W00,World,H4,HS,True,67,"Feathers and down, prepared; and articles made of feather or of down; artificial flowers; articles of human hair",2,False,C00,TOTAL CPC,0,0,TOTAL MOT,-1,N/A,,False,-1,N/A,,False,,False,,False,,14809079.0,14809079.0,0,True,False
C,A,20150101,2015,52,2015,50,BGD,Bangladesh,X,Export,0,W00,World,0,W00,World,H4,HS,True,68,"Stone, plaster, cement, asbestos, mica or similar materials; articles thereof",2,False,C00,TOTAL CPC,0,0,TOTAL MOT,-1,N/A,,False,-1,N/A,,False,,False,,False,,32183.0,32183.0,0,True,False
C,A,20150101,2015,52,2015,50,BGD,Bangladesh,X,Export,0,W00,World,0,W00,World,H4,HS,True,69,Ceramic products,2,False,C00,TOTAL CPC,0,0,TOTAL MOT,-1,N/A,,False,-1,N/A,,False,,False,,False,,36847220.0,36847220.0,0,True,False
C,A,20150101,2015,52,2015,50,BGD,Bangladesh,X,Export,0,W00,World,0,W00,World,H4,HS,True,70,Glass and glassware,2,False,C00,TOTAL CPC,0,0,TOTAL MOT,-1,N/A,,False,-1,N/A,,False,,False,,False,,1562481.0,1562481.0,0,True,False
C,A,20150101,2015,52,2015,50,BGD,Bangladesh,X,Export,0,W00,World,0,W00,World,H4,HS,True,71,"Natural, cultured pearls; precious, semi-precious stones; precious metals, metals clad with precious metal, and articles thereof; imitation jewellery; coin",2,False,C00,TOTAL CPC,0,0,TOTAL MOT,-1,N/A,,False,-1,N/A,,False,,False,,False,,5021772.0,5021772.0,0,True,False
C,A,20150101,2015,52,2015,50,BGD,Bangladesh,X,Export,0,W00,World,0,W00,World,H4,HS,True,72,Iron and steel,2,False,C00,TOTAL CPC,0,0,TOTAL MOT,-1,N/A,,False,-1,N/A,,False,,False,,False,,18913460.0,18913460.0,0,True,False
C,A,20150101,2015,52,2015,50,BGD,Bangladesh,X,Export,0,W00,World,0,W00,World,H4,HS,True,74,Copper and articles thereof,2,False,C00,TOTAL CPC,0,0,TOTAL MOT,-1,N/A,,False,-1,N/A,,False,,False,,False,,26263038.0,26263038.0,0,True,False
C,A,20150101,2015,52,2015,50,BGD,Bangladesh,X,Export,0,W00,World,0,W00,World,H4,HS,True,75,Nickel and articles thereof,2,False,C00,TOTAL CPC,0,0,TOTAL MOT,-1,N/A,,False,-1,N/A,,False,,False,,False,,79493.0,79493.0,0,True,False
C,A,20150101,2015,52,2015,50,BGD,Bangladesh,X,Export,0,W00,World,0,W00,World,H4,HS,True,76,Aluminium and articles thereof,2,False,C00,TOTAL CPC,0,0,TOTAL MOT,-1,N/A,,False,-1,N/A,,False,,False,,False,,1600291.0,1600291.0,0,True,False
C,A,20150101,2015,52,2015,50,BGD,Bangladesh,X,Export,0,W00,World,0,W00,World,H4,HS,True,78,Lead and articles thereof,2,False,C00,TOTAL CPC,0,0,TOTAL MOT,-1,N/A,,False,-1,N/A,,False,,False,,False,,11593459.0,11593459.0,0,True,False
C,A,20150101,2015,52,2015,50,BGD,Bangladesh,X,Export,0,W00,World,0,W00,World,H4,HS,True,79,Zinc and articles thereof,2,False,C00,TOTAL CPC,0,0,TOTAL MOT,-1,N/A,,False,-1,N/A,,False,,False,,False,,2671761.0,2671761.0,0,True,False
C,A,20150101,2015,52,2015,50,BGD,Bangladesh,X,Export,0,W00,World,0,W00,World,H4,HS,True,80,Tin; articles thereof,2,False,C00,TOTAL CPC,0,0,TOTAL MOT,-1,N/A,,False,-1,N/A,,False,,False,,False,,76319.0,76319.0,0,True,False
C,A,20150101,2015,52,2015,50,BGD,Bangladesh,X,Export,0,W00,World,0,W00,World,H4,HS,True,81,"Metals; n.e.c., cermets and articles thereof",2,False,C00,TOTAL CPC,0,0,TOTAL MOT,-1,N/A,,False,-1,N/A,,False,,False,,False,,205687.0,205687.0,0,True,False
C,A,20150101,2015,52,2015,50,BGD,Bangladesh,X,Export,0,W00,World,0,W00,World,H4,HS,True,82,"Tools, implements, cutlery, spoons and forks, of base metal; parts thereof, of base metal",2,False,C00,TOTAL CPC,0,0,TOTAL MOT,-1,N/A,,False,-1,N/A,,False,,False,,False,,6280885.0,6280885.0,0,True,False
C,A,20150101,2015,52,2015,50,BGD,Bangladesh,X,Export,0,W00,World,0,W00,World,H4,HS,True,83,Metal; miscellaneous products of base metal,2,False,C00,TOTAL CPC,0,0,TOTAL MOT,-1,N/A,,False,-1,N/A,,False,,False,,False,,425766.0,425766.0,0,True,False
C,A,20150101,2015,52,2015,50,BGD,Bangladesh,X,Export,0,W00,World,0,W00,World,H4,HS,True,84,"Nuclear reactors, boilers, machinery and mechanical appliances; parts thereof",2,False,C00,TOTAL CPC,0,0,TOTAL MOT,-1,N/A,,False,-1,N/A,,False,,False,,False,,171255856.0,171255856.0,0,True,False
C,A,20150101,2015,52,2015,50,BGD,Bangladesh,X,Export,0,W00,World,0,W00,World,H4,HS,True,73,Iron or steel articles,2,False,C00,TOTAL CPC,0,0,TOTAL MOT,-1,N/A,,False,-1,N/A,,False,,False,,False,,26884828.0,26884828.0,0,True,False
C,A,20150101,2015,52,2015,50,BGD,Bangladesh,X,Export,0,W00,World,0,W00,World,H4,HS,True,85,"Electrical machinery and equipment and parts thereof; sound recorders and reproducers; television image and sound recorders and reproducers, parts and accessories of such articles",2,False,C00,TOTAL CPC,0,0,TOTAL MOT,-1,N/A,,False,-1,N/A,,False,,False,,False,,59517997.0,59517997.0,0,True,False
C,A,20150101,2015,52,2015,50,BGD,Bangladesh,X,Export,0,W00,World,0,W00,World,H4,HS,True,86,"Railway, tramway locomotives, rolling-stock and parts thereof; railway or tramway track fixtures and fittings and parts thereof; mechanical (including electro-mechanical) traffic signalling equipment of all kinds",2,False,C00,TOTAL CPC,0,0,TOTAL MOT,-1,N/A,,False,-1,N/A,,False,,False,,False,,1027898.0,1027898.0,0,True,False
C,A,20150101,2015,52,2015,50,BGD,Bangladesh,X,Export,0,W00,World,0,W00,World,H4,HS,True,87,"Vehicles; other than railway or tramway rolling stock, and parts and accessories thereof",2,False,C00,TOTAL CPC,0,0,TOTAL MOT,-1,N/A,,False,-1,N/A,,False,,False,,False,,130519703.0,130519703.0,0,True,False
C,A,20150101,2015,52,2015,50,BGD,Bangladesh,X,Export,0,W00,World,0,W00,World,H4,HS,True,88,"Aircraft, spacecraft and parts thereof",2,False,C00,TOTAL CPC,0,0,TOTAL MOT,-1,N/A,,False,-1,N/A,,False,,False,,False,,14528413.0,14528413.0,0,True,False
C,A,20150101,2015,52,2015,50,BGD,Bangladesh,X,Export,0,W00,World,0,W00,World,H4,HS,True,91,Clocks and watches and parts thereof,2,False,C00,TOTAL CPC,0,0,TOTAL MOT,-1,N/A,,False,-1,N/A,,False,,False,,False,,864207.0,864207.0,0,True,False
C,A,20150101,2015,52,2015,50,BGD,Bangladesh,X,Export,0,W00,World,0,W00,World,H4,HS,True,92,Musical instruments; parts and accessories of such articles,2,False,C00,TOTAL CPC,0,0,TOTAL MOT,-1,N/A,,False,-1,N/A,,False,,False,,False,,4992.0,4992.0,0,True,False
C,A,20150101,2015,52,2015,50,BGD,Bangladesh,X,Export,0,W00,World,0,W00,World,H4,HS,True,93,Arms and ammunition; parts and accessories thereof,2,False,C00,TOTAL CPC,0,0,TOTAL MOT,-1,N/A,,False,-1,N/A,,False,,False,,False,,1592120.0,1592120.0,0,True,False
C,A,20150101,2015,52,2015,50,BGD,Bangladesh,X,Export,0,W00,World,0,W00,World,H4,HS,True,94,"Furniture; bedding, mattresses, mattress supports, cushions and similar stuffed furnishings; lamps and lighting fittings, n.e.c.; illuminated signs, illuminated name-plates and the like; prefabricated buildings",2,False,C00,TOTAL CPC,0,0,TOTAL MOT,-1,N/A,,False,-1,N/A,,False,,False,,False,,39819972.0,39819972.0,0,True,False
C,A,20150101,2015,52,2015,50,BGD,Bangladesh,X,Export,0,W00,World,0,W00,World,H4,HS,True,95,"Toys, games and sports requisites; parts and accessories thereof",2,False,C00,TOTAL CPC,0,0,TOTAL MOT,-1,N/A,,False,-1,N/A,,False,,False,,False,,26706034.0,26706034.0,0,True,False
C,A,20150101,2015,52,2015,50,BGD,Bangladesh,X,Export,0,W00,World,0,W00,World,H4,HS,True,96,Miscellaneous manufactured articles,2,False,C00,TOTAL CPC,0,0,TOTAL MOT,-1,N/A,,False,-1,N/A,,False,,False,,False,,15303893.0,15303893.0,0,True,False
C,A,20150101,2015,52,2015,50,BGD,Bangladesh,X,Export,0,W00,World,0,W00,World,H4,HS,True,97,Works of art; collectors' pieces and antiques,2,False,C00,TOTAL CPC,0,0,TOTAL MOT,-1,N/A,,False,-1,N/A,,False,,False,,False,,186864.0,186864.0,0,True,False
C,A,20150101,2015,52,2015,50,BGD,Bangladesh,X,Export,0,W00,World,0,W00,World,H4,HS,True,99,Commodities not specified according to kind,2,False,C00,TOTAL CPC,0,0,TOTAL MOT,-1,N/A,,False,-1,N/A,,False,,False,,False,,513947.0,513947.0,0,True,False
C,A,20150101,2015,52,2015,50,BGD,Bangladesh,X,Export,0,W00,World,0,W00,World,H4,HS,True,89,"Ships, boats and floating structures",2,False,C00,TOTAL CPC,0,0,TOTAL MOT,-1,N/A,,False,-1,N/A,,False,,False,,False,,19966940.0,19966940.0,0,True,False
C,A,20150101,2015,52,2015,50,BGD,Bangladesh,X,Export,0,W00,World,0,W00,World,H4,HS,True,90,"Optical, photographic, cinematographic, measuring, checking, medical or surgical instruments and apparatus; parts and accessories",2,False,C00,TOTAL CPC,0,0,TOTAL MOT,-1,N/A,,False,-1,N/A,,False,,False,,False,,53473249.0,53473249.0,0,True,False
C,A,20150101,2015,52,2015,156,CHN,China,X,Export,0,W00,World,0,W00,World,H4,HS,True,01,Animals; live,2,False,C00,TOTAL CPC,0 ,0,TOTAL MOT,-1,N/A,0.0,False,-1,N/A,0.0,False,,True,,False,,597730692.0,597730692.0,0,False,True
C,A,20150101,2015,52,2015,156,CHN,China,X,Export,0,W00,World,0,W00,World,H4,HS,True,03,"Fish and crustaceans, molluscs and other aquatic invertebrates",2,False,C00,TOTAL CPC,0 ,0,TOTAL MOT,-1,N/A,0.0,False,-1,N/A,0.0,False,,True,,False,,13323949596.0,13323949596.0,0,False,True
C,A,20150101,2015,52,2015,156,CHN,China,X,Export,0,W00,World,0,W00,World,H4,HS,True,05,Animal originated products; not elsewhere specified or included,2,False,C00,TOTAL CPC,0 ,0,TOTAL MOT,-1,N/A,0.0,False,-1,N/A,0.0,False,,True,,False,,1771699224.0,1771699224.0,0,False,True
C,A,20150101,2015,52,2015,156,CHN,China,X,Export,0,W00,World,0,W00,World,H4,HS,True,07,Vegetables and certain roots and tubers; edible,2,False,C00,TOTAL CPC,0 ,0,TOTAL MOT,-1,N/A,0.0,False,-1,N/A,0.0,False,,True,,False,,9023649662.0,9023649662.0,0,False,True
C,A,20150101,2015,52,2015,156,CHN,China,X,Export,0,W00,World,0,W00,World,H4,HS,True,09,"Coffee, tea, mate and spices",2,False,C00,TOTAL CPC,0 ,0,TOTAL MOT,-1,N/A,0.0,False,-1,N/A,0.0,False,,True,,False,,2535382061.0,2535382061.0,0,False,True
C,A,20150101,2015,52,2015,156,CHN,China,X,Export,0,W00,World,0,W00,World,H4,HS,True,12,"Oil seeds and oleaginous fruits; miscellaneous grains, seeds and fruit, industrial or medicinal plants; straw and fodder",2,False,C00,TOTAL CPC,0 ,0,TOTAL MOT,-1,N/A,0.0,False,-1,N/A,0.0,False,,True,,False,,2902851892.0,2902851892.0,0,False,True
C,A,20150101,2015,52,2015,156,CHN,China,X,Export,0,W00,World,0,W00,World,H4,HS,True,13,"Lac; gums, resins and other vegetable saps and extracts",2,False,C00,TOTAL CPC,0 ,0,TOTAL MOT,-1,N/A,0.0,False,-1,N/A,0.0,False,,True,,False,,1272172677.0,1272172677.0,0,False,True
C,A,20150101,2015,52,2015,156,CHN,China,X,Export,0,W00,World,0,W00,World,H4,HS,True,14,Vegetable plaiting materials; vegetable products not elsewhere specified or included,2,False,C00,TOTAL CPC,0 ,0,TOTAL MOT,-1,N/A,0.0,False,-1,N/A,0.0,False,,True,,False,,124733047.0,124733047.0,0,False,True
C,A,20150101,2015,52,2015,156,CHN,China,X,Export,0,W00,World,0,W00,World,H4,HS,True,15,Animal or vegetable fats and oils and their cleavage products; prepared animal fats; animal or vegetable waxes,2,False,C00,TOTAL CPC,0 ,0,TOTAL MOT,-1,N/A,0.0,False,-1,N/A,0.0,False,,True,,False,,666659899.0,666659899.0,0,False,True
C,A,20150101,2015,52,2015,156,CHN,China,X,Export,0,W00,World,0,W00,World,H4,HS,True,16,"Meat, fish or crustaceans, molluscs or other aquatic invertebrates; preparations thereof",2,False,C00,TOTAL CPC,0 ,0,TOTAL MOT,-1,N/A,0.0,False,-1,N/A,0.0,False,,True,,False,,8004594039.0,8004594039.0,0,False,True
C,A,20150101,2015,52,2015,156,CHN,China,X,Export,0,W00,World,0,W00,World,H4,HS,True,17,Sugars and sugar confectionery,2,False,C00,TOTAL CPC,0 ,0,TOTAL MOT,-1,N/A,0.0,False,-1,N/A,0.0,False,,True,,False,,1562489927.0,1562489927.0,0,False,True
C,A,20150101,2015,52,2015,156,CHN,China,X,Export,0,W00,World,0,W00,World,H4,HS,True,21,Miscellaneous edible preparations,2,False,C00,TOTAL CPC,0 ,0,TOTAL MOT,-1,N/A,0.0,False,-1,N/A,0.0,False,,True,,False,,2977369580.0,2977369580.0,0,False,True
C,A,20150101,2015,52,2015,156,CHN,China,X,Export,0,W00,World,0,W00,World,H4,HS,True,22,"Beverages, spirits and vinegar",2,False,C00,TOTAL CPC,0 ,0,TOTAL MOT,-1,N/A,0.0,False,-1,N/A,0.0,False,,True,,False,,1993890061.0,1993890061.0,0,False,True
C,A,20150101,2015,52,2015,156,CHN,China,X,Export,0,W00,World,0,W00,World,H4,HS,True,28,"Inorganic chemicals; organic and inorganic compounds of precious metals; of rare earth metals, of radio-active elements and of isotopes",2,False,C00,TOTAL CPC,0 ,0,TOTAL MOT,-1,N/A,0.0,False,-1,N/A,0.0,False,,True,,False,,13445973387.0,13445973387.0,0,False,True
C,A,20150101,2015,52,2015,156,CHN,China,X,Export,0,W00,World,0,W00,World,H4,HS,True,29,Organic chemicals,2,False,C00,TOTAL CPC,0 ,0,TOTAL MOT,-1,N/A,0.0,False,-1,N/A,0.0,False,,True,,False,,42666608948.0,42666608948.0,0,False,True
C,A,20150101,2015,52,2015,156,CHN,China,X,Export,0,W00,World,0,W00,World,H4,HS,True,27,"Mineral fuels, mineral oils and products of their distillation; bituminous substances; mineral waxes",2,False,C00,TOTAL CPC,0 ,0,TOTAL MOT,-1,N/A,0.0,False,-1,N/A,0.0,False,,True,,False,,27903739800.0,27903739800.0,0,False,True
C,A,20150101,2015,52,2015,156,CHN,China,X,Export,0,W00,World,0,W00,World,H4,HS,True,25,"Salt; sulphur; earths, stone; plastering materials, lime and cement",2,False,C00,TOTAL CPC,0 ,0,TOTAL MOT,-1,N/A,0.0,False,-1,N/A,0.0,False,,True,,False,,3571298210.0,3571298210.0,0,False,True
C,A,20150101,2015,52,2015,156,CHN,China,X,Export,0,W00,World,0,W00,World,H4,HS,True,34,"Soap, organic surface-active agents; washing, lubricating, polishing or scouring preparations; artificial or prepared waxes, candles and similar articles, modelling pastes, dental waxes and dental preparations with a basis of plaster",2,False,C00,TOTAL CPC,0 ,0,TOTAL MOT,-1,N/A,0.0,False,-1,N/A,0.0,False,,True,,False,,3277632151.0,3277632151.0,0,False,True
C,A,20150101,2015,52,2015,156,CHN,China,X,Export,0,W00,World,0,W00,World,H4,HS,True,38,Chemical products n.e.c.,2,False,C00,TOTAL CPC,0 ,0,TOTAL MOT,-1,N/A,0.0,False,-1,N/A,0.0,False,,True,,False,,13221056103.0,13221056103.0,0,False,True
C,A,20150101,2015,52,2015,156,CHN,China,X,Export,0,W00,World,0,W00,World,H4,HS,True,30,Pharmaceutical products,2,False,C00,TOTAL CPC,0 ,0,TOTAL MOT,-1,N/A,0.0,False,-1,N/A,0.0,False,,True,,False,,6940730995.0,6940730995.0,0,False,True
C,A,20150101,2015,52,2015,156,CHN,China,X,Export,0,W00,World,0,W00,World,H4,HS,True,31,Fertilizers,2,False,C00,TOTAL CPC,0 ,0,TOTAL MOT,-1,N/A,0.0,False,-1,N/A,0.0,False,,True,,False,,10880000796.0,10880000796.0,0,False,True
C,A,20150101,2015,52,2015,156,CHN,China,X,Export,0,W00,World,0,W00,World,H4,HS,True,32,"Tanning or dyeing extracts; tannins and their derivatives; dyes, pigments and other colouring matter; paints, varnishes; putty, other mastics; inks",2,False,C00,TOTAL CPC,0 ,0,TOTAL MOT,-1,N/A,0.0,False,-1,N/A,0.0,False,,True,,False,,6296766472.0,6296766472.0,0,False,True
C,A,20150101,2015,52,2015,156,CHN,China,X,Export,0,W00,World,0,W00,World,H4,HS,True,33,"Essential oils and resinoids; perfumery, cosmetic or toilet preparations",2,False,C00,TOTAL CPC,0 ,0,TOTAL MOT,-1,N/A,0.0,False,-1,N/A,0.0,False,,True,,False,,4694167049.0,4694167049.0,0,False,True
C,A,20150101,2015,52,2015,156,CHN,China,X,Export,0,W00,World,0,W00,World,H4,HS,True,41,Raw hides and skins (other than furskins) and leather,2,False,C00,TOTAL CPC,0 ,0,TOTAL MOT,-1,N/A,0.0,False,-1,N/A,0.0,False,,True,,False,,665876506.0,665876506.0,0,False,True
C,A,20150101,2015,52,2015,156,CHN,China,X,Export,0,W00,World,0,W00,World,H4,HS,True,35,Albuminoidal substances; modified starches; glues; enzymes,2,False,C00,TOTAL CPC,0 ,0,TOTAL MOT,-1,N/A,0.0,False,-1,N/A,0.0,False,,True,,False,,2639890932.0,2639890932.0,0,False,True
C,A,20150101,2015,52,2015,156,CHN,China,X,Export,0,W00,World,0,W00,World,H4,HS,True,37,Photographic or cinematographic goods,2,False,C00,TOTAL CPC,0 ,0,TOTAL MOT,-1,N/A,0.0,False,-1,N/A,0.0,False,,True,,False,,1184757436.0,1184757436.0,0,False,True
C,A,20150101,2015,52,2015,156,CHN,China,X,Export,0,W00,World,0,W00,World,H4,HS,True,48,"Paper and paperboard; articles of paper pulp, of paper or paperboard",2,False,C00,TOTAL CPC,0 ,0,TOTAL MOT,-1,N/A,0.0,False,-1,N/A,0.0,False,,True,,False,,18752435579.0,18752435579.0,0,False,True
C,A,20150101,2015,52,2015,156,CHN,China,X,Export,0,W00,World,0,W00,World,H4,HS,True,50,Silk,2,False,C00,TOTAL CPC,0 ,0,TOTAL MOT,-1,N/A,0.0,False,-1,N/A,0.0,False,,True,,False,,1269883713.0,1269883713.0,0,False,True
C,A,20150101,2015,52,2015,156,CHN,China,X,Export,0,W00,World,0,W00,World,H4,HS,True,43,Furskins and artificial fur; manufactures thereof,2,False,C00,TOTAL CPC,0 ,0,TOTAL MOT,-1,N/A,0.0,False,-1,N/A,0.0,False,,True,,False,,3341055414.0,3341055414.0,0,False,True
C,A,20150101,2015,52,2015,156,CHN,China,X,Export,0,W00,World,0,W00,World,H4,HS,True,44,Wood and articles of wood; wood charcoal,2,False,C00,TOTAL CPC,0 ,0,TOTAL MOT,-1,N/A,0.0,False,-1,N/A,0.0,False,,True,,False,,14199341609.0,14199341609.0,0,False,True
C,A,20150101,2015,52,2015,156,CHN,China,X,Export,0,W00,World,0,W00,World,H4,HS,True,45,Cork and articles of cork,2,False,C00,TOTAL CPC,0 ,0,TOTAL MOT,-1,N/A,0.0,False,-1,N/A,0.0,False,,True,,False,,22437636.0,22437636.0,0,False,True
C,A,20150101,2015,52,2015,156,CHN,China,X,Export,0,W00,World,0,W00,World,H4,HS,True,46,"Manufactures of straw, esparto or other plaiting materials; basketware and wickerwork",2,False,C00,TOTAL CPC,0 ,0,TOTAL MOT,-1,N/A,0.0,False,-1,N/A,0.0,False,,True,,False,,1613975498.0,1613975498.0,0,False,True
C,A,20150101,2015,52,2015,156,CHN,China,X,Export,0,W00,World,0,W00,World,H4,HS,True,51,"Wool, fine or coarse animal hair; horsehair yarn and woven fabric",2,False,C00,TOTAL CPC,0 ,0,TOTAL MOT,-1,N/A,0.0,False,-1,N/A,0.0,False,,True,,False,,2281226735.0,2281226735.0,0,False,True
C,A,20150101,2015,52,2015,156,CHN,China,X,Export,0,W00,World,0,W00,World,H4,HS,True,52,Cotton,2,False,C00,TOTAL CPC,0 ,0,TOTAL MOT,-1,N/A,0.0,False,-1,N/A,0.0,False,,True,,False,,15798722252.0,15798722252.0,0,False,True
C,A,20150101,2015,52,2015,156,CHN,China,X,Export,0,W00,World,0,W00,World,H4,HS,True,53,Vegetable textile fibres; paper yarn and woven fabrics of paper yarn,2,False,C00,TOTAL CPC,0 ,0,TOTAL MOT,-1,N/A,0.0,False,-1,N/A,0.0,False,,True,,False,,1568389343.0,1568389343.0,0,False,True
C,A,20150101,2015,52,2015,156,CHN,China,X,Export,0,W00,World,0,W00,World,H4,HS,True,54,Man-made filaments; strip and the like of man-made textile materials,2,False,C00,TOTAL CPC,0 ,0,TOTAL MOT,-1,N/A,0.0,False,-1,N/A,0.0,False,,True,,False,,16375995134.0,16375995134.0,0,False,True
C,A,20150101,2015,52,2015,156,CHN,China,X,Export,0,W00,World,0,W00,World,H4,HS,True,55,Man-made staple fibres,2,False,C00,TOTAL CPC,0 ,0,TOTAL MOT,-1,N/A,0.0,False,-1,N/A,0.0,False,,True,,False,,12898553390.0,12898553390.0,0,False,True
C,A,20150101,2015,52,2015,156,CHN,China,X,Export,0,W00,World,0,W00,World,H4,HS,True,56,"Wadding, felt and nonwovens, special yarns; twine, cordage, ropes and cables and articles thereof",2,False,C00,TOTAL CPC,0 ,0,TOTAL MOT,-1,N/A,0.0,False,-1,N/A,0.0,False,,True,,False,,4859369624.0,4859369624.0,0,False,True
C,A,20150101,2015,52,2015,156,CHN,China,X,Export,0,W00,World,0,W00,World,H4,HS,True,57,Carpets and other textile floor coverings,2,False,C00,TOTAL CPC,0 ,0,TOTAL MOT,-1,N/A,0.0,False,-1,N/A,0.0,False,,True,,False,,2628966895.0,2628966895.0,0,False,True
C,A,20150101,2015,52,2015,156,CHN,China,X,Export,0,W00,World,0,W00,World,H4,HS,True,58,"Fabrics; special woven fabrics, tufted textile fabrics, lace, tapestries, trimmings, embroidery",2,False,C00,TOTAL CPC,0 ,0,TOTAL MOT,-1,N/A,0.0,False,-1,N/A,0.0,False,,True,,False,,4803269042.0,4803269042.0,0,False,True
C,A,20150101,2015,52,2015,156,CHN,China,X,Export,0,W00,World,0,W00,World,H4,HS,True,59,"Textile fabrics; impregnated, coated, covered or laminated; textile articles of a kind suitable for industrial use",2,False,C00,TOTAL CPC,0 ,0,TOTAL MOT,-1,N/A,0.0,False,-1,N/A,0.0,False,,True,,False,,7130311346.0,7130311346.0,0,False,True
C,A,20150101,2015,52,2015,156,CHN,China,X,Export,0,W00,World,0,W00,World,H4,HS,True,60,Fabrics; knitted or crocheted,2,False,C00,TOTAL CPC,0 ,0,TOTAL MOT,-1,N/A,0.0,False,-1,N/A,0.0,False,,True,,False,,14624025477.0,14624025477.0,0,False,True
C,A,20150101,2015,52,2015,156,CHN,China,X,Export,0,W00,World,0,W00,World,H4,HS,True,63,"Textiles, made up articles; sets; worn clothing and worn textile articles; rags",2,False,C00,TOTAL CPC,0 ,0,TOTAL MOT,-1,N/A,0.0,False,-1,N/A,0.0,False,,True,,False,,26928572964.0,26928572964.0,0,False,True
C,A,20150101,2015,52,2015,156,CHN,China,X,Export,0,W00,World,0,W00,World,H4,HS,True,64,Footwear; gaiters and the like; parts of such articles,2,False,C00,TOTAL CPC,0 ,0,TOTAL MOT,-1,N/A,0.0,False,-1,N/A,0.0,False,,True,,False,,53509468717.0,53509468717.0,0,False,True
C,A,20150101,2015,52,2015,156,CHN,China,X,Export,0,W00,World,0,W00,World,H4,HS,True,72,Iron and steel,2,False,C00,TOTAL CPC,0 ,0,TOTAL MOT,-1,N/A,0.0,False,-1,N/A,0.0,False,,True,,False,,49196925849.0,49196925849.0,0,False,True
C,A,20150101,2015,52,2015,156,CHN,China,X,Export,0,W00,World,0,W00,World,H4,HS,True,70,Glass and glassware,2,False,C00,TOTAL CPC,0 ,0,TOTAL MOT,-1,N/A,0.0,False,-1,N/A,0.0,False,,True,,False,,15811636486.0,15811636486.0,0,False,True
C,A,20150101,2015,52,2015,156,CHN,China,X,Export,0,W00,World,0,W00,World,H4,HS,True,69,Ceramic products,2,False,C00,TOTAL CPC,0 ,0,TOTAL MOT,-1,N/A,0.0,False,-1,N/A,0.0,False,,True,,False,,26028723508.0,26028723508.0,0,False,True
C,A,20150101,2015,52,2015,156,CHN,China,X,Export,0,W00,World,0,W00,World,H4,HS,True,68,"Stone, plaster, cement, asbestos, mica or similar materials; articles thereof",2,False,C00,TOTAL CPC,0 ,0,TOTAL MOT,-1,N/A,0.0,False,-1,N/A,0.0,False,,True,,False,,13004525595.0,13004525595.0,0,False,True
C,A,20150101,2015,52,2015,156,CHN,China,X,Export,0,W00,World,0,W00,World,H4,HS,True,67,"Feathers and down, prepared; and articles made of feather or of down; artificial flowers; articles of human hair",2,False,C00,TOTAL CPC,0 ,0,TOTAL MOT,-1,N/A,0.0,False,-1,N/A,0.0,False,,True,,False,,6811100028.0,6811100028.0,0,False,True
C,A,20150101,2015,52,2015,156,CHN,China,X,Export,0,W00,World,0,W00,World,H4,HS,True,66,"Umbrellas, sun umbrellas, walking-sticks, seat sticks, whips, riding crops; and parts thereof",2,False,C00,TOTAL CPC,0 ,0,TOTAL MOT,-1,N/A,0.0,False,-1,N/A,0.0,False,,True,,False,,3104792630.0,3104792630.0,0,False,True
C,A,20150101,2015,52,2015,156,CHN,China,X,Export,0,W00,World,0,W00,World,H4,HS,True,65,Headgear and parts thereof,2,False,C00,TOTAL CPC,0 ,0,TOTAL MOT,-1,N/A,0.0,False,-1,N/A,0.0,False,,True,,False,,4785075557.0,4785075557.0,0,False,True
C,A,20150101,2015,52,2015,156,CHN,China,X,Export,0,W00,World,0,W00,World,H4,HS,True,79,Zinc and articles thereof,2,False,C00,TOTAL CPC,0 ,0,TOTAL MOT,-1,N/A,0.0,False,-1,N/A,0.0,False,,True,,False,,524267140.0,524267140.0,0,False,True
C,A,20150101,2015,52,2015,156,CHN,China,X,Export,0,W00,World,0,W00,World,H4,HS,True,81,"Metals; n.e.c., cermets and articles thereof",2,False,C00,TOTAL CPC,0 ,0,TOTAL MOT,-1,N/A,0.0,False,-1,N/A,0.0,False,,True,,False,,2831494409.0,2831494409.0,0,False,True
C,A,20150101,2015,52,2015,156,CHN,China,X,Export,0,W00,World,0,W00,World,H4,HS,True,80,Tin; articles thereof,2,False,C00,TOTAL CPC,0 ,0,TOTAL MOT,-1,N/A,0.0,False,-1,N/A,0.0,False,,True,,False,,60284486.0,60284486.0,0,False,True
C,A,20150101,2015,52,2015,156,CHN,China,X,Export,0,W00,World,0,W00,World,H4,HS,True,78,Lead and articles thereof,2,False,C00,TOTAL CPC,0 ,0,TOTAL MOT,-1,N/A,0.0,False,-1,N/A,0.0,False,,True,,False,,160390148.0,160390148.0,0,False,True
C,A,20150101,2015,52,2015,156,CHN,China,X,Export,0,W00,World,0,W00,World,H4,HS,True,76,Aluminium and articles thereof,2,False,C00,TOTAL CPC,0 ,0,TOTAL MOT,-1,N/A,0.0,False,-1,N/A,0.0,False,,True,,False,,23808387585.0,23808387585.0,0,False,True
C,A,20150101,2015,52,2015,156,CHN,China,X,Export,0,W00,World,0,W00,World,H4,HS,True,75,Nickel and articles thereof,2,False,C00,TOTAL CPC,0 ,0,TOTAL MOT,-1,N/A,0.0,False,-1,N/A,0.0,False,,True,,False,,764479749.0,764479749.0,0,False,True
C,A,20150101,2015,52,2015,156,CHN,China,X,Export,0,W00,World,0,W00,World,H4,HS,True,74,Copper and articles thereof,2,False,C00,TOTAL CPC,0 ,0,TOTAL MOT,-1,N/A,0.0,False,-1,N/A,0.0,False,,True,,False,,5621492269.0,5621492269.0,0,False,True
C,A,20150101,2015,52,2015,156,CHN,China,X,Export,0,W00,World,0,W00,World,H4,HS,True,94,"Furniture; bedding, mattresses, mattress supports, cushions and similar stuffed furnishings; lamps and lighting fittings, n.e.c.; illuminated signs, illuminated name-plates and the like; prefabricated buildings",2,False,C00,TOTAL CPC,0 ,0,TOTAL MOT,-1,N/A,0.0,False,-1,N/A,0.0,False,,True,,False,,98530819388.0,98530819388.0,0,False,True
C,A,20150101,2015,52,2015,156,CHN,China,X,Export,0,W00,World,0,W00,World,H4,HS,True,93,Arms and ammunition; parts and accessories thereof,2,False,C00,TOTAL CPC,0 ,0,TOTAL MOT,-1,N/A,0.0,False,-1,N/A,0.0,False,,True,,False,,170249686.0,170249686.0,0,False,True
C,A,20150101,2015,52,2015,156,CHN,China,X,Export,0,W00,World,0,W00,World,H4,HS,True,88,"Aircraft, spacecraft and parts thereof",2,False,C00,TOTAL CPC,0 ,0,TOTAL MOT,-1,N/A,0.0,False,-1,N/A,0.0,False,,True,,False,,3470737587.0,3470737587.0,0,False,True
C,A,20150101,2015,52,2015,156,CHN,China,X,Export,0,W00,World,0,W00,World,H4,HS,True,71,"Natural, cultured pearls; precious, semi-precious stones; precious metals, metals clad with precious metal, and articles thereof; imitation jewellery; coin",2,False,C00,TOTAL CPC,0 ,0,TOTAL MOT,-1,N/A,0.0,False,-1,N/A,0.0,False,,True,,False,,30708818609.0,30708818609.0,0,False,True
C,A,20150101,2015,52,2015,156,CHN,China,X,Export,0,W00,World,0,W00,World,H4,HS,True,49,"Printed books, newspapers, pictures and other products of the printing industry; manuscripts, typescripts and plans",2,False,C00,TOTAL CPC,0 ,0,TOTAL MOT,-1,N/A,0.0,False,-1,N/A,0.0,False,,True,,False,,3898661455.0,3898661455.0,0,False,True
C,A,20150101,2015,52,2015,156,CHN,China,X,Export,0,W00,World,0,W00,World,H4,HS,True,42,"Articles of leather; saddlery and harness; travel goods, handbags and similar containers; articles of animal gut (other than silk-worm gut)",2,False,C00,TOTAL CPC,0 ,0,TOTAL MOT,-1,N/A,0.0,False,-1,N/A,0.0,False,,True,,False,,31031734572.0,31031734572.0,0,False,True
C,A,20150101,2015,52,2015,156,CHN,China,X,Export,0,W00,World,0,W00,World,H4,HS,True,97,Works of art; collectors' pieces and antiques,2,False,C00,TOTAL CPC,0 ,0,TOTAL MOT,-1,N/A,0.0,False,-1,N/A,0.0,False,,True,,False,,564988221.0,564988221.0,0,False,True
C,A,20150101,2015,52,2015,156,CHN,China,X,Export,0,W00,World,0,W00,World,H4,HS,True,86,"Railway, tramway locomotives, rolling-stock and parts thereof; railway or tramway track fixtures and fittings and parts thereof; mechanical (including electro-mechanical) traffic signalling equipment of all kinds",2,False,C00,TOTAL CPC,0 ,0,TOTAL MOT,-1,N/A,0.0,False,-1,N/A,0.0,False,,True,,False,,12330654087.0,12330654087.0,0,False,True
C,A,20150101,2015,52,2015,156,CHN,China,X,Export,0,W00,World,0,W00,World,H4,HS,True,83,Metal; miscellaneous products of base metal,2,False,C00,TOTAL CPC,0 ,0,TOTAL MOT,-1,N/A,0.0,False,-1,N/A,0.0,False,,True,,False,,18497995373.0,18497995373.0,0,False,True
C,A,20150101,2015,52,2015,156,CHN,China,X,Export,0,W00,World,0,W00,World,H4,HS,True,40,Rubber and articles thereof,2,False,C00,TOTAL CPC,0 ,0,TOTAL MOT,-1,N/A,0.0,False,-1,N/A,0.0,False,,True,,False,,20347644863.0,20347644863.0,0,False,True
C,A,20150101,2015,52,2015,156,CHN,China,X,Export,0,W00,World,0,W00,World,H4,HS,True,82,"Tools, implements, cutlery, spoons and forks, of base metal; parts thereof, of base metal",2,False,C00,TOTAL CPC,0 ,0,TOTAL MOT,-1,N/A,0.0,False,-1,N/A,0.0,False,,True,,False,,14578718116.0,14578718116.0,0,False,True
C,A,20150101,2015,52,2015,156,CHN,China,X,Export,0,W00,World,0,W00,World,H4,HS,True,73,Iron or steel articles,2,False,C00,TOTAL CPC,0 ,0,TOTAL MOT,-1,N/A,0.0,False,-1,N/A,0.0,False,,True,,False,,60522912949.0,60522912949.0,0,False,True
C,A,20150101,2015,52,2015,156,CHN,China,X,Export,0,W00,World,0,W00,World,H4,HS,True,61,Apparel and clothing accessories; knitted or crocheted,2,False,C00,TOTAL CPC,0 ,0,TOTAL MOT,-1,N/A,0.0,False,-1,N/A,0.0,False,,True,,False,,83786271223.0,83786271223.0,0,False,True
C,A,20150101,2015,52,2015,156,CHN,China,X,Export,0,W00,World,0,W00,World,H4,HS,True,62,Apparel and clothing accessories; not knitted or crocheted,2,False,C00,TOTAL CPC,0 ,0,TOTAL MOT,-1,N/A,0.0,False,-1,N/A,0.0,False,,True,,False,,78439918318.0,78439918318.0,0,False,True
C,A,20150101,2015,52,2015,156,CHN,China,X,Export,0,W00,World,0,W00,World,H4,HS,True,89,"Ships, boats and floating structures",2,False,C00,TOTAL CPC,0 ,0,TOTAL MOT,-1,N/A,0.0,False,-1,N/A,0.0,False,,True,,False,,28813230963.0,28813230963.0,0,False,True
C,A,20150101,2015,52,2015,156,CHN,China,X,Export,0,W00,World,0,W00,World,H4,HS,True,92,Musical instruments; parts and accessories of such articles,2,False,C00,TOTAL CPC,0 ,0,TOTAL MOT,-1,N/A,0.0,False,-1,N/A,0.0,False,,True,,False,,1688542125.0,1688542125.0,0,False,True
C,A,20150101,2015,52,2015,156,CHN,China,X,Export,0,W00,World,0,W00,World,H4,HS,True,39,Plastics and articles thereof,2,False,C00,TOTAL CPC,0 ,0,TOTAL MOT,-1,N/A,0.0,False,-1,N/A,0.0,False,,True,,False,,65682744031.0,65682744031.0,0,False,True
C,A,20150101,2015,52,2015,156,CHN,China,X,Export,0,W00,World,0,W00,World,H4,HS,True,91,Clocks and watches and parts thereof,2,False,C00,TOTAL CPC,0 ,0,TOTAL MOT,-1,N/A,0.0,False,-1,N/A,0.0,False,,True,,False,,5733056110.0,5733056110.0,0,False,True
C,A,20150101,2015,52,2015,156,CHN,China,X,Export,0,W00,World,0,W00,World,H4,HS,True,95,"Toys, games and sports requisites; parts and accessories thereof",2,False,C00,TOTAL CPC,0 ,0,TOTAL MOT,-1,N/A,0.0,False,-1,N/A,0.0,False,,True,,False,,42626657469.0,42626657469.0,0,False,True
C,A,20150101,2015,52,2015,156,CHN,China,X,Export,0,W00,World,0,W00,World,H4,HS,True,96,Miscellaneous manufactured articles,2,False,C00,TOTAL CPC,0 ,0,TOTAL MOT,-1,N/A,0.0,False,-1,N/A,0.0,False,,True,,False,,14680542166.0,14680542166.0,0,False,True
C,A,20150101,2015,52,2015,156,CHN,China,X,Export,0,W00,World,0,W00,World,H4,HS,True,90,"Optical, photographic, cinematographic, measuring, checking, medical or surgical instruments and apparatus; parts and accessories",2,False,C00,TOTAL CPC,0 ,0,TOTAL MOT,-1,N/A,0.0,False,-1,N/A,0.0,False,,True,,False,,73676933408.0,73676933408.0,0,False,True
C,A,20150101,2015,52,2015,156,CHN,China,X,Export,0,W00,World,0,W00,World,H4,HS,True,87,"Vehicles; other than railway or tramway rolling stock, and parts and accessories thereof",2,False,C00,TOTAL CPC,0 ,0,TOTAL MOT,-1,N/A,0.0,False,-1,N/A,0.0,False,,True,,False,,62600002447.0,62600002447.0,0,False,True
C,A,20150101,2015,52,2015,156,CHN,China,X,Export,0,W00,World,0,W00,World,H4,HS,True,84,"Nuclear reactors, boilers, machinery and mechanical appliances; parts thereof",2,False,C00,TOTAL CPC,0 ,0,TOTAL MOT,-1,N/A,0.0,False,-1,N/A,0.0,False,,True,,False,,364276141584.0,364276141584.0,0,False,True
C,A,20150101,2015,52,2015,156,CHN,China,X,Export,0,W00,World,0,W00,World,H4,HS,True,85,"Electrical machinery and equipment and parts thereof; sound recorders and reproducers; television image and sound recorders and reproducers, parts and accessories of such articles",2,False,C00,TOTAL CPC,0 ,0,TOTAL MOT,-1,N/A,0.0,False,-1,N/A,0.0,False,,True,,False,,594325410786.0,594325410786.0,0,False,True
C,A,20150101,2015,52,2015,156,CHN,China,X,Export,0,W00,World,0,W00,World,H4,HS,True,36,Explosives; pyrotechnic products; matches; pyrophoric alloys; certain combustible preparations,2,False,C00,TOTAL CPC,0 ,0,TOTAL MOT,-1,N/A,0.0,False,-1,N/A,0.0,False,,False,,False,,946910549.0,946910549.0,0,False,True
C,A,20150101,2015,52,2015,156,CHN,China,X,Export,0,W00,World,0,W00,World,H4,HS,True,08,"Fruit and nuts, edible; peel of citrus fruit or melons",2,False,C00,TOTAL CPC,0 ,0,TOTAL MOT,-1,N/A,0.0,False,-1,N/A,0.0,False,,False,,False,,5161489218.0,5161489218.0,0,False,True
C,A,20150101,2015,52,2015,156,CHN,China,X,Export,0,W00,World,0,W00,World,H4,HS,True,02,Meat and edible meat offal,2,False,C00,TOTAL CPC,0 ,0,TOTAL MOT,-1,N/A,0.0,False,-1,N/A,0.0,False,,False,,False,,1057443657.0,1057443657.0,0,False,True
C,A,20150101,2015,52,2015,156,CHN,China,X,Export,0,W00,World,0,W00,World,H4,HS,True,04,"Dairy produce; birds' eggs; natural honey; edible products of animal origin, not elsewhere specified or included",2,False,C00,TOTAL CPC,0 ,0,TOTAL MOT,-1,N/A,0.0,False,-1,N/A,0.0,False,,False,,False,,606068016.0,606068016.0,0,False,True
C,A,20150101,2015,52,2015,156,CHN,China,X,Export,0,W00,World,0,W00,World,H4,HS,True,06,"Trees and other plants, live; bulbs, roots and the like; cut flowers and ornamental foliage",2,False,C00,TOTAL CPC,0 ,0,TOTAL MOT,-1,N/A,0.0,False,-1,N/A,0.0,False,,False,,False,,299685506.0,299685506.0,0,False,True
C,A,20150101,2015,52,2015,156,CHN,China,X,Export,0,W00,World,0,W00,World,H4,HS,True,10,Cereals,2,False,C00,TOTAL CPC,0 ,0,TOTAL MOT,-1,N/A,0.0,False,-1,N/A,0.0,False,,False,,False,,321808151.0,321808151.0,0,False,True
C,A,20150101,2015,52,2015,156,CHN,China,X,Export,0,W00,World,0,W00,World,H4,HS,True,11,"Products of the milling industry; malt, starches, inulin, wheat gluten",2,False,C00,TOTAL CPC,0 ,0,TOTAL MOT,-1,N/A,0.0,False,-1,N/A,0.0,False,,False,,False,,589678350.0,589678350.0,0,False,True
C,A,20150101,2015,52,2015,156,CHN,China,X,Export,0,W00,World,0,W00,World,H4,HS,True,18,Cocoa and cocoa preparations,2,False,C00,TOTAL CPC,0 ,0,TOTAL MOT,-1,N/A,0.0,False,-1,N/A,0.0,False,,False,,False,,442228299.0,442228299.0,0,False,True
C,A,20150101,2015,52,2015,156,CHN,China,X,Export,0,W00,World,0,W00,World,H4,HS,True,23,"Food industries, residues and wastes thereof; prepared animal fodder",2,False,C00,TOTAL CPC,0 ,0,TOTAL MOT,-1,N/A,0.0,False,-1,N/A,0.0,False,,False,,False,,2665136606.0,2665136606.0,0,False,True
C,A,20150101,2015,52,2015,156,CHN,China,X,Export,0,W00,World,0,W00,World,H4,HS,True,24,Tobacco and manufactured tobacco substitutes,2,False,C00,TOTAL CPC,0 ,0,TOTAL MOT,-1,N/A,0.0,False,-1,N/A,0.0,False,,False,,False,,1351465653.0,1351465653.0,0,False,True
C,A,20150101,2015,52,2015,156,CHN,China,X,Export,0,W00,World,0,W00,World,H4,HS,True,26,"Ores, slag and ash",2,False,C00,TOTAL CPC,0 ,0,TOTAL MOT,-1,N/A,0.0,False,-1,N/A,0.0,False,,False,,False,,243859786.0,243859786.0,0,False,True
C,A,20150101,2015,52,2015,156,CHN,China,X,Export,0,W00,World,0,W00,World,H4,HS,True,47,Pulp of wood or other fibrous cellulosic material; recovered (waste and scrap) paper or paperboard,2,False,C00,TOTAL CPC,0 ,0,TOTAL MOT,-1,N/A,0.0,False,-1,N/A,0.0,False,,False,,False,,113081223.0,113081223.0,0,False,True
C,A,20150101,2015,52,2015,156,CHN,China,X,Export,0,W00,World,0,W00,World,H4,HS,True,99,Commodities not specified according to kind,2,False,C00,TOTAL CPC,0 ,0,TOTAL MOT,-1,N/A,0.0,False,-1,N/A,0.0,False,,False,,False,,506693233.0,506693233.0,0,False,True
C,A,20150101,2015,52,2015,156,CHN,China,X,Export,0,W00,World,0,W00,World,H4,HS,True,19,"Preparations of cereals, flour, starch or milk; pastrycooks' products",2,False,C00,TOTAL CPC,0 ,0,TOTAL MOT,-1,N/A,0.0,False,-1,N/A,0.0,False,,False,,False,,1527573187.0,1527573187.0,0,False,True
C,A,20150101,2015,52,2015,156,CHN,China,X,Export,0,W00,World,0,W00,World,H4,HS,True,20,"Preparations of vegetables, fruit, nuts or other parts of plants",2,False,C00,TOTAL CPC,0 ,0,TOTAL MOT,-1,N/A,0.0,False,-1,N/A,0.0,False,,False,,False,,7386470194.0,7386470194.0,0,False,True
C,A,20150101,2015,52,2015,704,VNM,Viet Nam,X,Export,0,W00,World,0,W00,World,H4,HS,True,09,"Coffee, tea, mate and spices",2,False,C00,TOTAL CPC,0,0,TOTAL MOT,-1,N/A,,False,-1,N/A,,False,,False,,False,,4005173289.0,4005173289.0,0,True,False
C,A,20150101,2015,52,2015,704,VNM,Viet Nam,X,Export,0,W00,World,0,W00,World,H4,HS,True,05,Animal originated products; not elsewhere specified or included,2,False,C00,TOTAL CPC,0,0,TOTAL MOT,-1,N/A,,False,-1,N/A,,False,,False,,False,,17250083.0,17250083.0,0,True,False
C,A,20150101,2015,52,2015,704,VNM,Viet Nam,X,Export,0,W00,World,0,W00,World,H4,HS,True,06,"Trees and other plants, live; bulbs, roots and the like; cut flowers and ornamental foliage",2,False,C00,TOTAL CPC,0,0,TOTAL MOT,-1,N/A,,False,-1,N/A,,False,,False,,False,,48845153.0,48845153.0,0,True,False
C,A,20150101,2015,52,2015,704,VNM,Viet Nam,X,Export,0,W00,World,0,W00,World,H4,HS,True,07,Vegetables and certain roots and tubers; edible,2,False,C00,TOTAL CPC,0,0,TOTAL MOT,-1,N/A,,False,-1,N/A,,False,,False,,False,,578456429.0,578456429.0,0,True,False
C,A,20150101,2015,52,2015,704,VNM,Viet Nam,X,Export,0,W00,World,0,W00,World,H4,HS,True,15,Animal or vegetable fats and oils and their cleavage products; prepared animal fats; animal or vegetable waxes,2,False,C00,TOTAL CPC,0,0,TOTAL MOT,-1,N/A,,False,-1,N/A,,False,,False,,False,,288957615.0,288957615.0,0,True,False
C,A,20150101,2015,52,2015,704,VNM,Viet Nam,X,Export,0,W00,World,0,W00,World,H4,HS,True,16,"Meat, fish or crustaceans, molluscs or other aquatic invertebrates; preparations thereof",2,False,C00,TOTAL CPC,0,0,TOTAL MOT,-1,N/A,,False,-1,N/A,,False,,False,,False,,1712593858.0,1712593858.0,0,True,False
C,A,20150101,2015,52,2015,704,VNM,Viet Nam,X,Export,0,W00,World,0,W00,World,H4,HS,True,10,Cereals,2,False,C00,TOTAL CPC,0,0,TOTAL MOT,-1,N/A,,False,-1,N/A,,False,,False,,False,,2824656509.0,2824656509.0,0,True,False
C,A,20150101,2015,52,2015,704,VNM,Viet Nam,X,Export,0,W00,World,0,W00,World,H4,HS,True,11,"Products of the milling industry; malt, starches, inulin, wheat gluten",2,False,C00,TOTAL CPC,0,0,TOTAL MOT,-1,N/A,,False,-1,N/A,,False,,False,,False,,1001369159.0,1001369159.0,0,True,False
C,A,20150101,2015,52,2015,704,VNM,Viet Nam,X,Export,0,W00,World,0,W00,World,H4,HS,True,20,"Preparations of vegetables, fruit, nuts or other parts of plants",2,False,C00,TOTAL CPC,0,0,TOTAL MOT,-1,N/A,,False,-1,N/A,,False,,False,,False,,769193447.0,769193447.0,0,True,False
C,A,20150101,2015,52,2015,704,VNM,Viet Nam,X,Export,0,W00,World,0,W00,World,H4,HS,True,12,"Oil seeds and oleaginous fruits; miscellaneous grains, seeds and fruit, industrial or medicinal plants; straw and fodder",2,False,C00,TOTAL CPC,0,0,TOTAL MOT,-1,N/A,,False,-1,N/A,,False,,False,,False,,62101794.0,62101794.0,0,True,False
C,A,20150101,2015,52,2015,704,VNM,Viet Nam,X,Export,0,W00,World,0,W00,World,H4,HS,True,08,"Fruit and nuts, edible; peel of citrus fruit or melons",2,False,C00,TOTAL CPC,0,0,TOTAL MOT,-1,N/A,,False,-1,N/A,,False,,False,,False,,3272227491.0,3272227491.0,0,True,False
C,A,20150101,2015,52,2015,704,VNM,Viet Nam,X,Export,0,W00,World,0,W00,World,H4,HS,True,13,"Lac; gums, resins and other vegetable saps and extracts",2,False,C00,TOTAL CPC,0,0,TOTAL MOT,-1,N/A,,False,-1,N/A,,False,,False,,False,,9734083.0,9734083.0,0,True,False
C,A,20150101,2015,52,2015,704,VNM,Viet Nam,X,Export,0,W00,World,0,W00,World,H4,HS,True,14,Vegetable plaiting materials; vegetable products not elsewhere specified or included,2,False,C00,TOTAL CPC,0,0,TOTAL MOT,-1,N/A,,False,-1,N/A,,False,,False,,False,,22066400.0,22066400.0,0,True,False
C,A,20150101,2015,52,2015,704,VNM,Viet Nam,X,Export,0,W00,World,0,W00,World,H4,HS,True,01,Animals; live,2,False,C00,TOTAL CPC,0,0,TOTAL MOT,-1,N/A,,False,-1,N/A,,False,,False,,False,,47351613.0,47351613.0,0,True,False
C,A,20150101,2015,52,2015,704,VNM,Viet Nam,X,Export,0,W00,World,0,W00,World,H4,HS,True,02,Meat and edible meat offal,2,False,C00,TOTAL CPC,0,0,TOTAL MOT,-1,N/A,,False,-1,N/A,,False,,False,,False,,85888169.0,85888169.0,0,True,False
C,A,20150101,2015,52,2015,704,VNM,Viet Nam,X,Export,0,W00,World,0,W00,World,H4,HS,True,03,"Fish and crustaceans, molluscs and other aquatic invertebrates",2,False,C00,TOTAL CPC,0,0,TOTAL MOT,-1,N/A,,False,-1,N/A,,False,,False,,False,,4838124426.0,4838124426.0,0,True,False
C,A,20150101,2015,52,2015,704,VNM,Viet Nam,X,Export,0,W00,World,0,W00,World,H4,HS,True,04,"Dairy produce; birds' eggs; natural honey; edible products of animal origin, not elsewhere specified or included",2,False,C00,TOTAL CPC,0,0,TOTAL MOT,-1,N/A,,False,-1,N/A,,False,,False,,False,,212502108.0,212502108.0,0,True,False
C,A,20150101,2015,52,2015,704,VNM,Viet Nam,X,Export,0,W00,World,0,W00,World,H4,HS,True,17,Sugars and sugar confectionery,2,False,C00,TOTAL CPC,0,0,TOTAL MOT,-1,N/A,,False,-1,N/A,,False,,False,,False,,159758023.0,159758023.0,0,True,False
C,A,20150101,2015,52,2015,704,VNM,Viet Nam,X,Export,0,W00,World,0,W00,World,H4,HS,True,18,Cocoa and cocoa preparations,2,False,C00,TOTAL CPC,0,0,TOTAL MOT,-1,N/A,,False,-1,N/A,,False,,False,,False,,20794752.0,20794752.0,0,True,False
C,A,20150101,2015,52,2015,704,VNM,Viet Nam,X,Export,0,W00,World,0,W00,World,H4,HS,True,19,"Preparations of cereals, flour, starch or milk; pastrycooks' products",2,False,C00,TOTAL CPC,0,0,TOTAL MOT,-1,N/A,,False,-1,N/A,,False,,False,,False,,547751045.0,547751045.0,0,True,False
C,A,20150101,2015,52,2015,704,VNM,Viet Nam,X,Export,0,W00,World,0,W00,World,H4,HS,True,21,Miscellaneous edible preparations,2,False,C00,TOTAL CPC,0,0,TOTAL MOT,-1,N/A,,False,-1,N/A,,False,,False,,False,,435563556.0,435563556.0,0,True,False
C,A,20150101,2015,52,2015,704,VNM,Viet Nam,X,Export,0,W00,World,0,W00,World,H4,HS,True,22,"Beverages, spirits and vinegar",2,False,C00,TOTAL CPC,0,0,TOTAL MOT,-1,N/A,,False,-1,N/A,,False,,False,,False,,302226976.0,302226976.0,0,True,False
C,A,20150101,2015,52,2015,704,VNM,Viet Nam,X,Export,0,W00,World,0,W00,World,H4,HS,True,23,"Food industries, residues and wastes thereof; prepared animal fodder",2,False,C00,TOTAL CPC,0,0,TOTAL MOT,-1,N/A,,False,-1,N/A,,False,,False,,False,,506521949.0,506521949.0,0,True,False
C,A,20150101,2015,52,2015,704,VNM,Viet Nam,X,Export,0,W00,World,0,W00,World,H4,HS,True,24,Tobacco and manufactured tobacco substitutes,2,False,C00,TOTAL CPC,0,0,TOTAL MOT,-1,N/A,,False,-1,N/A,,False,,False,,False,,292429575.0,292429575.0,0,True,False
C,A,20150101,2015,52,2015,704,VNM,Viet Nam,X,Export,0,W00,World,0,W00,World,H4,HS,True,25,"Salt; sulphur; earths, stone; plastering materials, lime and cement",2,False,C00,TOTAL CPC,0,0,TOTAL MOT,-1,N/A,,False,-1,N/A,,False,,False,,False,,950458412.0,950458412.0,0,True,False
C,A,20150101,2015,52,2015,704,VNM,Viet Nam,X,Export,0,W00,World,0,W00,World,H4,HS,True,26,"Ores, slag and ash",2,False,C00,TOTAL CPC,0,0,TOTAL MOT,-1,N/A,,False,-1,N/A,,False,,False,,False,,130874155.0,130874155.0,0,True,False
C,A,20150101,2015,52,2015,704,VNM,Viet Nam,X,Export,0,W00,World,0,W00,World,H4,HS,True,27,"Mineral fuels, mineral oils and products of their distillation; bituminous substances; mineral waxes",2,False,C00,TOTAL CPC,0,0,TOTAL MOT,-1,N/A,,False,-1,N/A,,False,,False,,False,,4996619579.0,4996619579.0,0,True,False
C,A,20150101,2015,52,2015,704,VNM,Viet Nam,X,Export,0,W00,World,0,W00,World,H4,HS,True,28,"Inorganic chemicals; organic and inorganic compounds of precious metals; of rare earth metals, of radio-active elements and of isotopes",2,False,C00,TOTAL CPC,0,0,TOTAL MOT,-1,N/A,,False,-1,N/A,,False,,False,,False,,750333100.0,750333100.0,0,True,False
C,A,20150101,2015,52,2015,704,VNM,Viet Nam,X,Export,0,W00,World,0,W00,World,H4,HS,True,29,Organic chemicals,2,False,C00,TOTAL CPC,0,0,TOTAL MOT,-1,N/A,,False,-1,N/A,,False,,False,,False,,172329384.0,172329384.0,0,True,False
C,A,20150101,2015,52,2015,704,VNM,Viet Nam,X,Export,0,W00,World,0,W00,World,H4,HS,True,30,Pharmaceutical products,2,False,C00,TOTAL CPC,0,0,TOTAL MOT,-1,N/A,,False,-1,N/A,,False,,False,,False,,113847386.0,113847386.0,0,True,False
C,A,20150101,2015,52,2015,704,VNM,Viet Nam,X,Export,0,W00,World,0,W00,World,H4,HS,True,33,"Essential oils and resinoids; perfumery, cosmetic or toilet preparations",2,False,C00,TOTAL CPC,0,0,TOTAL MOT,-1,N/A,,False,-1,N/A,,False,,False,,False,,269220262.0,269220262.0,0,True,False
C,A,20150101,2015,52,2015,704,VNM,Viet Nam,X,Export,0,W00,World,0,W00,World,H4,HS,True,38,Chemical products n.e.c.,2,False,C00,TOTAL CPC,0,0,TOTAL MOT,-1,N/A,,False,-1,N/A,,False,,False,,False,,492974634.0,492974634.0,0,True,False
C,A,20150101,2015,52,2015,704,VNM,Viet Nam,X,Export,0,W00,World,0,W00,World,H4,HS,True,43,Furskins and artificial fur; manufactures thereof,2,False,C00,TOTAL CPC,0,0,TOTAL MOT,-1,N/A,,False,-1,N/A,,False,,False,,False,,127477338.0,127477338.0,0,True,False
C,A,20150101,2015,52,2015,704,VNM,Viet Nam,X,Export,0,W00,World,0,W00,World,H4,HS,True,39,Plastics and articles thereof,2,False,C00,TOTAL CPC,0,0,TOTAL MOT,-1,N/A,,False,-1,N/A,,False,,False,,False,,2634782295.0,2634782295.0,0,True,False
C,A,20150101,2015,52,2015,704,VNM,Viet Nam,X,Export,0,W00,World,0,W00,World,H4,HS,True,47,Pulp of wood or other fibrous cellulosic material; recovered (waste and scrap) paper or paperboard,2,False,C00,TOTAL CPC,0,0,TOTAL MOT,-1,N/A,,False,-1,N/A,,False,,False,,False,,4146167.0,4146167.0,0,True,False
C,A,20150101,2015,52,2015,704,VNM,Viet Nam,X,Export,0,W00,World,0,W00,World,H4,HS,True,40,Rubber and articles thereof,2,False,C00,TOTAL CPC,0,0,TOTAL MOT,-1,N/A,,False,-1,N/A,,False,,False,,False,,2539569901.0,2539569901.0,0,True,False
C,A,20150101,2015,52,2015,704,VNM,Viet Nam,X,Export,0,W00,World,0,W00,World,H4,HS,True,31,Fertilizers,2,False,C00,TOTAL CPC,0,0,TOTAL MOT,-1,N/A,,False,-1,N/A,,False,,False,,False,,279815401.0,279815401.0,0,True,False
C,A,20150101,2015,52,2015,704,VNM,Viet Nam,X,Export,0,W00,World,0,W00,World,H4,HS,True,32,"Tanning or dyeing extracts; tannins and their derivatives; dyes, pigments and other colouring matter; paints, varnishes; putty, other mastics; inks",2,False,C00,TOTAL CPC,0,0,TOTAL MOT,-1,N/A,,False,-1,N/A,,False,,False,,False,,63819444.0,63819444.0,0,True,False
C,A,20150101,2015,52,2015,704,VNM,Viet Nam,X,Export,0,W00,World,0,W00,World,H4,HS,True,34,"Soap, organic surface-active agents; washing, lubricating, polishing or scouring preparations; artificial or prepared waxes, candles and similar articles, modelling pastes, dental waxes and dental preparations with a basis of plaster",2,False,C00,TOTAL CPC,0,0,TOTAL MOT,-1,N/A,,False,-1,N/A,,False,,False,,False,,363251588.0,363251588.0,0,True,False
C,A,20150101,2015,52,2015,704,VNM,Viet Nam,X,Export,0,W00,World,0,W00,World,H4,HS,True,35,Albuminoidal substances; modified starches; glues; enzymes,2,False,C00,TOTAL CPC,0,0,TOTAL MOT,-1,N/A,,False,-1,N/A,,False,,False,,False,,82394261.0,82394261.0,0,True,False
C,A,20150101,2015,52,2015,704,VNM,Viet Nam,X,Export,0,W00,World,0,W00,World,H4,HS,True,53,Vegetable textile fibres; paper yarn and woven fabrics of paper yarn,2,False,C00,TOTAL CPC,0,0,TOTAL MOT,-1,N/A,,False,-1,N/A,,False,,False,,False,,41170058.0,41170058.0,0,True,False
C,A,20150101,2015,52,2015,704,VNM,Viet Nam,X,Export,0,W00,World,0,W00,World,H4,HS,True,36,Explosives; pyrotechnic products; matches; pyrophoric alloys; certain combustible preparations,2,False,C00,TOTAL CPC,0,0,TOTAL MOT,-1,N/A,,False,-1,N/A,,False,,False,,False,,31895.0,31895.0,0,True,False
C,A,20150101,2015,52,2015,704,VNM,Viet Nam,X,Export,0,W00,World,0,W00,World,H4,HS,True,54,Man-made filaments; strip and the like of man-made textile materials,2,False,C00,TOTAL CPC,0,0,TOTAL MOT,-1,N/A,,False,-1,N/A,,False,,False,,False,,778455861.0,778455861.0,0,True,False
C,A,20150101,2015,52,2015,704,VNM,Viet Nam,X,Export,0,W00,World,0,W00,World,H4,HS,True,37,Photographic or cinematographic goods,2,False,C00,TOTAL CPC,0,0,TOTAL MOT,-1,N/A,,False,-1,N/A,,False,,False,,False,,10216828.0,10216828.0,0,True,False
C,A,20150101,2015,52,2015,704,VNM,Viet Nam,X,Export,0,W00,World,0,W00,World,H4,HS,True,41,Raw hides and skins (other than furskins) and leather,2,False,C00,TOTAL CPC,0,0,TOTAL MOT,-1,N/A,,False,-1,N/A,,False,,False,,False,,454983932.0,454983932.0,0,True,False
C,A,20150101,2015,52,2015,704,VNM,Viet Nam,X,Export,0,W00,World,0,W00,World,H4,HS,True,42,"Articles of leather; saddlery and harness; travel goods, handbags and similar containers; articles of animal gut (other than silk-worm gut)",2,False,C00,TOTAL CPC,0,0,TOTAL MOT,-1,N/A,,False,-1,N/A,,False,,False,,False,,2704003170.0,2704003170.0,0,True,False
C,A,20150101,2015,52,2015,704,VNM,Viet Nam,X,Export,0,W00,World,0,W00,World,H4,HS,True,55,Man-made staple fibres,2,False,C00,TOTAL CPC,0,0,TOTAL MOT,-1,N/A,,False,-1,N/A,,False,,False,,False,,473347017.0,473347017.0,0,True,False
C,A,20150101,2015,52,2015,704,VNM,Viet Nam,X,Export,0,W00,World,0,W00,World,H4,HS,True,44,Wood and articles of wood; wood charcoal,2,False,C00,TOTAL CPC,0,0,TOTAL MOT,-1,N/A,,False,-1,N/A,,False,,False,,False,,2477816169.0,2477816169.0,0,True,False
C,A,20150101,2015,52,2015,704,VNM,Viet Nam,X,Export,0,W00,World,0,W00,World,H4,HS,True,56,"Wadding, felt and nonwovens, special yarns; twine, cordage, ropes and cables and articles thereof",2,False,C00,TOTAL CPC,0,0,TOTAL MOT,-1,N/A,,False,-1,N/A,,False,,False,,False,,261401219.0,261401219.0,0,True,False
C,A,20150101,2015,52,2015,704,VNM,Viet Nam,X,Export,0,W00,World,0,W00,World,H4,HS,True,45,Cork and articles of cork,2,False,C00,TOTAL CPC,0,0,TOTAL MOT,-1,N/A,,False,-1,N/A,,False,,False,,False,,160392.0,160392.0,0,True,False
C,A,20150101,2015,52,2015,704,VNM,Viet Nam,X,Export,0,W00,World,0,W00,World,H4,HS,True,46,"Manufactures of straw, esparto or other plaiting materials; basketware and wickerwork",2,False,C00,TOTAL CPC,0,0,TOTAL MOT,-1,N/A,,False,-1,N/A,,False,,False,,False,,197484552.0,197484552.0,0,True,False
C,A,20150101,2015,52,2015,704,VNM,Viet Nam,X,Export,0,W00,World,0,W00,World,H4,HS,True,48,"Paper and paperboard; articles of paper pulp, of paper or paperboard",2,False,C00,TOTAL CPC,0,0,TOTAL MOT,-1,N/A,,False,-1,N/A,,False,,False,,False,,461872569.0,461872569.0,0,True,False
C,A,20150101,2015,52,2015,704,VNM,Viet Nam,X,Export,0,W00,World,0,W00,World,H4,HS,True,59,"Textile fabrics; impregnated, coated, covered or laminated; textile articles of a kind suitable for industrial use",2,False,C00,TOTAL CPC,0,0,TOTAL MOT,-1,N/A,,False,-1,N/A,,False,,False,,False,,526864566.0,526864566.0,0,True,False
C,A,20150101,2015,52,2015,704,VNM,Viet Nam,X,Export,0,W00,World,0,W00,World,H4,HS,True,49,"Printed books, newspapers, pictures and other products of the printing industry; manuscripts, typescripts and plans",2,False,C00,TOTAL CPC,0,0,TOTAL MOT,-1,N/A,,False,-1,N/A,,False,,False,,False,,31025730.0,31025730.0,0,True,False
C,A,20150101,2015,52,2015,704,VNM,Viet Nam,X,Export,0,W00,World,0,W00,World,H4,HS,True,50,Silk,2,False,C00,TOTAL CPC,0,0,TOTAL MOT,-1,N/A,,False,-1,N/A,,False,,False,,False,,68062128.0,68062128.0,0,True,False
C,A,20150101,2015,52,2015,704,VNM,Viet Nam,X,Export,0,W00,World,0,W00,World,H4,HS,True,61,Apparel and clothing accessories; knitted or crocheted,2,False,C00,TOTAL CPC,0,0,TOTAL MOT,-1,N/A,,False,-1,N/A,,False,,False,,False,,10111020292.0,10111020292.0,0,True,False
C,A,20150101,2015,52,2015,704,VNM,Viet Nam,X,Export,0,W00,World,0,W00,World,H4,HS,True,51,"Wool, fine or coarse animal hair; horsehair yarn and woven fabric",2,False,C00,TOTAL CPC,0,0,TOTAL MOT,-1,N/A,,False,-1,N/A,,False,,False,,False,,4569788.0,4569788.0,0,True,False
C,A,20150101,2015,52,2015,704,VNM,Viet Nam,X,Export,0,W00,World,0,W00,World,H4,HS,True,52,Cotton,2,False,C00,TOTAL CPC,0,0,TOTAL MOT,-1,N/A,,False,-1,N/A,,False,,False,,False,,1706681375.0,1706681375.0,0,True,False
C,A,20150101,2015,52,2015,704,VNM,Viet Nam,X,Export,0,W00,World,0,W00,World,H4,HS,True,57,Carpets and other textile floor coverings,2,False,C00,TOTAL CPC,0,0,TOTAL MOT,-1,N/A,,False,-1,N/A,,False,,False,,False,,33293097.0,33293097.0,0,True,False
C,A,20150101,2015,52,2015,704,VNM,Viet Nam,X,Export,0,W00,World,0,W00,World,H4,HS,True,67,"Feathers and down, prepared; and articles made of feather or of down; artificial flowers; articles of human hair",2,False,C00,TOTAL CPC,0,0,TOTAL MOT,-1,N/A,,False,-1,N/A,,False,,False,,False,,31011741.0,31011741.0,0,True,False
C,A,20150101,2015,52,2015,704,VNM,Viet Nam,X,Export,0,W00,World,0,W00,World,H4,HS,True,60,Fabrics; knitted or crocheted,2,False,C00,TOTAL CPC,0,0,TOTAL MOT,-1,N/A,,False,-1,N/A,,False,,False,,False,,494742776.0,494742776.0,0,True,False
C,A,20150101,2015,52,2015,704,VNM,Viet Nam,X,Export,0,W00,World,0,W00,World,H4,HS,True,69,Ceramic products,2,False,C00,TOTAL CPC,0,0,TOTAL MOT,-1,N/A,,False,-1,N/A,,False,,False,,False,,477031267.0,477031267.0,0,True,False
C,A,20150101,2015,52,2015,704,VNM,Viet Nam,X,Export,0,W00,World,0,W00,World,H4,HS,True,62,Apparel and clothing accessories; not knitted or crocheted,2,False,C00,TOTAL CPC,0,0,TOTAL MOT,-1,N/A,,False,-1,N/A,,False,,False,,False,,11323162550.0,11323162550.0,0,True,False
C,A,20150101,2015,52,2015,704,VNM,Viet Nam,X,Export,0,W00,World,0,W00,World,H4,HS,True,63,"Textiles, made up articles; sets; worn clothing and worn textile articles; rags",2,False,C00,TOTAL CPC,0,0,TOTAL MOT,-1,N/A,,False,-1,N/A,,False,,False,,False,,1370827403.0,1370827403.0,0,True,False
C,A,20150101,2015,52,2015,704,VNM,Viet Nam,X,Export,0,W00,World,0,W00,World,H4,HS,True,64,Footwear; gaiters and the like; parts of such articles,2,False,C00,TOTAL CPC,0,0,TOTAL MOT,-1,N/A,,False,-1,N/A,,False,,False,,False,,12438846829.0,12438846829.0,0,True,False
C,A,20150101,2015,52,2015,704,VNM,Viet Nam,X,Export,0,W00,World,0,W00,World,H4,HS,True,73,Iron or steel articles,2,False,C00,TOTAL CPC,0,0,TOTAL MOT,-1,N/A,,False,-1,N/A,,False,,False,,False,,1762596596.0,1762596596.0,0,True,False
C,A,20150101,2015,52,2015,704,VNM,Viet Nam,X,Export,0,W00,World,0,W00,World,H4,HS,True,65,Headgear and parts thereof,2,False,C00,TOTAL CPC,0,0,TOTAL MOT,-1,N/A,,False,-1,N/A,,False,,False,,False,,293584439.0,293584439.0,0,True,False
C,A,20150101,2015,52,2015,704,VNM,Viet Nam,X,Export,0,W00,World,0,W00,World,H4,HS,True,58,"Fabrics; special woven fabrics, tufted textile fabrics, lace, tapestries, trimmings, embroidery",2,False,C00,TOTAL CPC,0,0,TOTAL MOT,-1,N/A,,False,-1,N/A,,False,,False,,False,,72801454.0,72801454.0,0,True,False
C,A,20150101,2015,52,2015,704,VNM,Viet Nam,X,Export,0,W00,World,0,W00,World,H4,HS,True,66,"Umbrellas, sun umbrellas, walking-sticks, seat sticks, whips, riding crops; and parts thereof",2,False,C00,TOTAL CPC,0,0,TOTAL MOT,-1,N/A,,False,-1,N/A,,False,,False,,False,,20196678.0,20196678.0,0,True,False
C,A,20150101,2015,52,2015,704,VNM,Viet Nam,X,Export,0,W00,World,0,W00,World,H4,HS,True,68,"Stone, plaster, cement, asbestos, mica or similar materials; articles thereof",2,False,C00,TOTAL CPC,0,0,TOTAL MOT,-1,N/A,,False,-1,N/A,,False,,False,,False,,343189209.0,343189209.0,0,True,False
C,A,20150101,2015,52,2015,704,VNM,Viet Nam,X,Export,0,W00,World,0,W00,World,H4,HS,True,70,Glass and glassware,2,False,C00,TOTAL CPC,0,0,TOTAL MOT,-1,N/A,,False,-1,N/A,,False,,False,,False,,911463451.0,911463451.0,0,True,False
C,A,20150101,2015,52,2015,704,VNM,Viet Nam,X,Export,0,W00,World,0,W00,World,H4,HS,True,71,"Natural, cultured pearls; precious, semi-precious stones; precious metals, metals clad with precious metal, and articles thereof; imitation jewellery; coin",2,False,C00,TOTAL CPC,0,0,TOTAL MOT,-1,N/A,,False,-1,N/A,,False,,False,,False,,689931338.0,689931338.0,0,True,False
C,A,20150101,2015,52,2015,704,VNM,Viet Nam,X,Export,0,W00,World,0,W00,World,H4,HS,True,72,Iron and steel,2,False,C00,TOTAL CPC,0,0,TOTAL MOT,-1,N/A,,False,-1,N/A,,False,,False,,False,,2203817925.0,2203817925.0,0,True,False
C,A,20150101,2015,52,2015,704,VNM,Viet Nam,X,Export,0,W00,World,0,W00,World,H4,HS,True,80,Tin; articles thereof,2,False,C00,TOTAL CPC,0,0,TOTAL MOT,-1,N/A,,False,-1,N/A,,False,,False,,False,,28795248.0,28795248.0,0,True,False
C,A,20150101,2015,52,2015,704,VNM,Viet Nam,X,Export,0,W00,World,0,W00,World,H4,HS,True,83,Metal; miscellaneous products of base metal,2,False,C00,TOTAL CPC,0,0,TOTAL MOT,-1,N/A,,False,-1,N/A,,False,,False,,False,,247491588.0,247491588.0,0,True,False
C,A,20150101,2015,52,2015,704,VNM,Viet Nam,X,Export,0,W00,World,0,W00,World,H4,HS,True,74,Copper and articles thereof,2,False,C00,TOTAL CPC,0,0,TOTAL MOT,-1,N/A,,False,-1,N/A,,False,,False,,False,,319748912.0,319748912.0,0,True,False
C,A,20150101,2015,52,2015,704,VNM,Viet Nam,X,Export,0,W00,World,0,W00,World,H4,HS,True,75,Nickel and articles thereof,2,False,C00,TOTAL CPC,0,0,TOTAL MOT,-1,N/A,,False,-1,N/A,,False,,False,,False,,2304917.0,2304917.0,0,True,False
C,A,20150101,2015,52,2015,704,VNM,Viet Nam,X,Export,0,W00,World,0,W00,World,H4,HS,True,76,Aluminium and articles thereof,2,False,C00,TOTAL CPC,0,0,TOTAL MOT,-1,N/A,,False,-1,N/A,,False,,False,,False,,664068319.0,664068319.0,0,True,False
C,A,20150101,2015,52,2015,704,VNM,Viet Nam,X,Export,0,W00,World,0,W00,World,H4,HS,True,78,Lead and articles thereof,2,False,C00,TOTAL CPC,0,0,TOTAL MOT,-1,N/A,,False,-1,N/A,,False,,False,,False,,41191429.0,41191429.0,0,True,False
C,A,20150101,2015,52,2015,704,VNM,Viet Nam,X,Export,0,W00,World,0,W00,World,H4,HS,True,79,Zinc and articles thereof,2,False,C00,TOTAL CPC,0,0,TOTAL MOT,-1,N/A,,False,-1,N/A,,False,,False,,False,,17629296.0,17629296.0,0,True,False
C,A,20150101,2015,52,2015,704,VNM,Viet Nam,X,Export,0,W00,World,0,W00,World,H4,HS,True,82,"Tools, implements, cutlery, spoons and forks, of base metal; parts thereof, of base metal",2,False,C00,TOTAL CPC,0,0,TOTAL MOT,-1,N/A,,False,-1,N/A,,False,,False,,False,,384890040.0,384890040.0,0,True,False
C,A,20150101,2015,52,2015,704,VNM,Viet Nam,X,Export,0,W00,World,0,W00,World,H4,HS,True,81,"Metals; n.e.c., cermets and articles thereof",2,False,C00,TOTAL CPC,0,0,TOTAL MOT,-1,N/A,,False,-1,N/A,,False,,False,,False,,40993721.0,40993721.0,0,True,False
C,A,20150101,2015,52,2015,704,VNM,Viet Nam,X,Export,0,W00,World,0,W00,World,H4,HS,True,84,"Nuclear reactors, boilers, machinery and mechanical appliances; parts thereof",2,False,C00,TOTAL CPC,0,0,TOTAL MOT,-1,N/A,,False,-1,N/A,,False,,False,,False,,10045236948.0,10045236948.0,0,True,False
C,A,20150101,2015,52,2015,704,VNM,Viet Nam,X,Export,0,W00,World,0,W00,World,H4,HS,True,88,"Aircraft, spacecraft and parts thereof",2,False,C00,TOTAL CPC,0,0,TOTAL MOT,-1,N/A,,False,-1,N/A,,False,,False,,False,,172376167.0,172376167.0,0,True,False
C,A,20150101,2015,52,2015,704,VNM,Viet Nam,X,Export,0,W00,World,0,W00,World,H4,HS,True,89,"Ships, boats and floating structures",2,False,C00,TOTAL CPC,0,0,TOTAL MOT,-1,N/A,,False,-1,N/A,,False,,False,,False,,1027922517.0,1027922517.0,0,True,False
C,A,20150101,2015,52,2015,704,VNM,Viet Nam,X,Export,0,W00,World,0,W00,World,H4,HS,True,85,"Electrical machinery and equipment and parts thereof; sound recorders and reproducers; television image and sound recorders and reproducers, parts and accessories of such articles",2,False,C00,TOTAL CPC,0,0,TOTAL MOT,-1,N/A,,False,-1,N/A,,False,,False,,False,,47399605428.0,47399605428.0,0,True,False
C,A,20150101,2015,52,2015,704,VNM,Viet Nam,X,Export,0,W00,World,0,W00,World,H4,HS,True,92,Musical instruments; parts and accessories of such articles,2,False,C00,TOTAL CPC,0,0,TOTAL MOT,-1,N/A,,False,-1,N/A,,False,,False,,False,,21695023.0,21695023.0,0,True,False
C,A,20150101,2015,52,2015,704,VNM,Viet Nam,X,Export,0,W00,World,0,W00,World,H4,HS,True,94,"Furniture; bedding, mattresses, mattress supports, cushions and similar stuffed furnishings; lamps and lighting fittings, n.e.c.; illuminated signs, illuminated name-plates and the like; prefabricated buildings",2,False,C00,TOTAL CPC,0,0,TOTAL MOT,-1,N/A,,False,-1,N/A,,False,,False,,False,,5483213163.0,5483213163.0,0,True,False
C,A,20150101,2015,52,2015,704,VNM,Viet Nam,X,Export,0,W00,World,0,W00,World,H4,HS,True,86,"Railway, tramway locomotives, rolling-stock and parts thereof; railway or tramway track fixtures and fittings and parts thereof; mechanical (including electro-mechanical) traffic signalling equipment of all kinds",2,False,C00,TOTAL CPC,0,0,TOTAL MOT,-1,N/A,,False,-1,N/A,,False,,False,,False,,1770993.0,1770993.0,0,True,False
C,A,20150101,2015,52,2015,704,VNM,Viet Nam,X,Export,0,W00,World,0,W00,World,H4,HS,True,87,"Vehicles; other than railway or tramway rolling stock, and parts and accessories thereof",2,False,C00,TOTAL CPC,0,0,TOTAL MOT,-1,N/A,,False,-1,N/A,,False,,False,,False,,1909915980.0,1909915980.0,0,True,False
C,A,20150101,2015,52,2015,704,VNM,Viet Nam,X,Export,0,W00,World,0,W00,World,H4,HS,True,90,"Optical, photographic, cinematographic, measuring, checking, medical or surgical instruments and apparatus; parts and accessories",2,False,C00,TOTAL CPC,0,0,TOTAL MOT,-1,N/A,,False,-1,N/A,,False,,False,,False,,3482047338.0,3482047338.0,0,True,False
C,A,20150101,2015,52,2015,704,VNM,Viet Nam,X,Export,0,W00,World,0,W00,World,H4,HS,True,91,Clocks and watches and parts thereof,2,False,C00,TOTAL CPC,0,0,TOTAL MOT,-1,N/A,,False,-1,N/A,,False,,False,,False,,51250204.0,51250204.0,0,True,False
C,A,20150101,2015,52,2015,704,VNM,Viet Nam,X,Export,0,W00,World,0,W00,World,H4,HS,True,95,"Toys, games and sports requisites; parts and accessories thereof",2,False,C00,TOTAL CPC,0,0,TOTAL MOT,-1,N/A,,False,-1,N/A,,False,,False,,False,,790121244.0,790121244.0,0,True,False
C,A,20150101,2015,52,2015,704,VNM,Viet Nam,X,Export,0,W00,World,0,W00,World,H4,HS,True,96,Miscellaneous manufactured articles,2,False,C00,TOTAL CPC,0,0,TOTAL MOT,-1,N/A,,False,-1,N/A,,False,,False,,False,,455613483.0,455613483.0,0,True,False
C,A,20150101,2015,52,2015,704,VNM,Viet Nam,X,Export,0,W00,World,0,W00,World,H4,HS,True,97,Works of art; collectors' pieces and antiques,2,False,C00,TOTAL CPC,0,0,TOTAL MOT,-1,N/A,,False,-1,N/A,,False,,False,,False,,1081282.0,1081282.0,0,True,False
C,A,20150101,2015,52,2015,704,VNM,Viet Nam,X,Export,0,W00,World,0,W00,World,H4,HS,True,99,Commodities not specified according to kind,2,False,C00,TOTAL CPC,0,0,TOTAL MOT,-1,N/A,,False,-1,N/A,,False,,False,,False,,618664139.0,618664139.0,0,True,False
C,A,20150101,2015,52,2015,699,IND,India,X,Export,0,W00,World,0,W00,World,H4,HS,True,39,Plastics and articles thereof,2,False,C00,TOTAL CPC,0,0,TOTAL MOT,-1,N/A,,False,-1,N/A,,False,,False,,False,,5012759382.0,5012759382.0,0,True,False
C,A,20150101,2015,52,2015,699,IND,India,X,Export,0,W00,World,0,W00,World,H4,HS,True,30,Pharmaceutical products,2,False,C00,TOTAL CPC,0,0,TOTAL MOT,-1,N/A,,False,-1,N/A,,False,,False,,False,,12544722058.0,12544722058.0,0,True,False
C,A,20150101,2015,52,2015,699,IND,India,X,Export,0,W00,World,0,W00,World,H4,HS,True,62,Apparel and clothing accessories; not knitted or crocheted,2,False,C00,TOTAL CPC,0,0,TOTAL MOT,-1,N/A,,False,-1,N/A,,False,,False,,False,,9349940548.0,9349940548.0,0,True,False
C,A,20150101,2015,52,2015,699,IND,India,X,Export,0,W00,World,0,W00,World,H4,HS,True,85,"Electrical machinery and equipment and parts thereof; sound recorders and reproducers; television image and sound recorders and reproducers, parts and accessories of such articles",2,False,C00,TOTAL CPC,0,0,TOTAL MOT,-1,N/A,,False,-1,N/A,,False,,False,,False,,7935913038.0,7935913038.0,0,True,False
C,A,20150101,2015,52,2015,699,IND,India,X,Export,0,W00,World,0,W00,World,H4,HS,True,61,Apparel and clothing accessories; knitted or crocheted,2,False,C00,TOTAL CPC,0,0,TOTAL MOT,-1,N/A,,False,-1,N/A,,False,,False,,False,,7781249140.0,7781249140.0,0,True,False
C,A,20150101,2015,52,2015,699,IND,India,X,Export,0,W00,World,0,W00,World,H4,HS,True,90,"Optical, photographic, cinematographic, measuring, checking, medical or surgical instruments and apparatus; parts and accessories",2,False,C00,TOTAL CPC,0,0,TOTAL MOT,-1,N/A,,False,-1,N/A,,False,,False,,False,,2321574743.0,2321574743.0,0,True,False
C,A,20150101,2015,52,2015,699,IND,India,X,Export,0,W00,World,0,W00,World,H4,HS,True,84,"Nuclear reactors, boilers, machinery and mechanical appliances; parts thereof",2,False,C00,TOTAL CPC,0,0,TOTAL MOT,-1,N/A,,False,-1,N/A,,False,,False,,False,,13231404018.0,13231404018.0,0,True,False
C,A,20150101,2015,52,2015,699,IND,India,X,Export,0,W00,World,0,W00,World,H4,HS,True,48,"Paper and paperboard; articles of paper pulp, of paper or paperboard",2,False,C00,TOTAL CPC,0,0,TOTAL MOT,-1,N/A,,False,-1,N/A,,False,,False,,False,,1127619741.0,1127619741.0,0,True,False
C,A,20150101,2015,52,2015,699,IND,India,X,Export,0,W00,World,0,W00,World,H4,HS,True,63,"Textiles, made up articles; sets; worn clothing and worn textile articles; rags",2,False,C00,TOTAL CPC,0,0,TOTAL MOT,-1,N/A,,False,-1,N/A,,False,,False,,False,,4618408159.0,4618408159.0,0,True,False
C,A,20150101,2015,52,2015,699,IND,India,X,Export,0,W00,World,0,W00,World,H4,HS,True,99,Commodities not specified according to kind,2,False,C00,TOTAL CPC,0,0,TOTAL MOT,-1,N/A,,False,-1,N/A,,False,,False,,False,,2310011629.0,2310011629.0,0,True,False
C,A,20150101,2015,52,2015,699,IND,India,X,Export,0,W00,World,0,W00,World,H4,HS,True,87,"Vehicles; other than railway or tramway rolling stock, and parts and accessories thereof",2,False,C00,TOTAL CPC,0,0,TOTAL MOT,-1,N/A,,False,-1,N/A,,False,,False,,False,,14081904121.0,14081904121.0,0,True,False
C,A,20150101,2015,52,2015,699,IND,India,X,Export,0,W00,World,0,W00,World,H4,HS,True,73,Iron or steel articles,2,False,C00,TOTAL CPC,0,0,TOTAL MOT,-1,N/A,,False,-1,N/A,,False,,False,,False,,6510496453.0,6510496453.0,0,True,False
C,A,20150101,2015,52,2015,699,IND,India,X,Export,0,W00,World,0,W00,World,H4,HS,True,34,"Soap, organic surface-active agents; washing, lubricating, polishing or scouring preparations; artificial or prepared waxes, candles and similar articles, modelling pastes, dental waxes and dental preparations with a basis of plaster",2,False,C00,TOTAL CPC,0,0,TOTAL MOT,-1,N/A,,False,-1,N/A,,False,,False,,False,,482682457.0,482682457.0,0,True,False
C,A,20150101,2015,52,2015,699,IND,India,X,Export,0,W00,World,0,W00,World,H4,HS,True,94,"Furniture; bedding, mattresses, mattress supports, cushions and similar stuffed furnishings; lamps and lighting fittings, n.e.c.; illuminated signs, illuminated name-plates and the like; prefabricated buildings",2,False,C00,TOTAL CPC,0,0,TOTAL MOT,-1,N/A,,False,-1,N/A,,False,,False,,False,,1263197668.0,1263197668.0,0,True,False
C,A,20150101,2015,52,2015,699,IND,India,X,Export,0,W00,World,0,W00,World,H4,HS,True,69,Ceramic products,2,False,C00,TOTAL CPC,0,0,TOTAL MOT,-1,N/A,,False,-1,N/A,,False,,False,,False,,894981369.0,894981369.0,0,True,False
C,A,20150101,2015,52,2015,699,IND,India,X,Export,0,W00,World,0,W00,World,H4,HS,True,96,Miscellaneous manufactured articles,2,False,C00,TOTAL CPC,0,0,TOTAL MOT,-1,N/A,,False,-1,N/A,,False,,False,,False,,540882602.0,540882602.0,0,True,False
C,A,20150101,2015,52,2015,699,IND,India,X,Export,0,W00,World,0,W00,World,H4,HS,True,33,"Essential oils and resinoids; perfumery, cosmetic or toilet preparations",2,False,C00,TOTAL CPC,0,0,TOTAL MOT,-1,N/A,,False,-1,N/A,,False,,False,,False,,1437700104.0,1437700104.0,0,True,False
C,A,20150101,2015,52,2015,699,IND,India,X,Export,0,W00,World,0,W00,World,H4,HS,True,42,"Articles of leather; saddlery and harness; travel goods, handbags and similar containers; articles of animal gut (other than silk-worm gut)",2,False,C00,TOTAL CPC,0,0,TOTAL MOT,-1,N/A,,False,-1,N/A,,False,,False,,False,,2425275718.0,2425275718.0,0,True,False
C,A,20150101,2015,52,2015,699,IND,India,X,Export,0,W00,World,0,W00,World,H4,HS,True,52,Cotton,2,False,C00,TOTAL CPC,0,0,TOTAL MOT,-1,N/A,,False,-1,N/A,,False,,False,,False,,7470346108.0,7470346108.0,0,True,False
C,A,20150101,2015,52,2015,699,IND,India,X,Export,0,W00,World,0,W00,World,H4,HS,True,40,Rubber and articles thereof,2,False,C00,TOTAL CPC,0,0,TOTAL MOT,-1,N/A,,False,-1,N/A,,False,,False,,False,,2361581594.0,2361581594.0,0,True,False
C,A,20150101,2015,52,2015,699,IND,India,X,Export,0,W00,World,0,W00,World,H4,HS,True,38,Chemical products n.e.c.,2,False,C00,TOTAL CPC,0,0,TOTAL MOT,-1,N/A,,False,-1,N/A,,False,,False,,False,,3031840277.0,3031840277.0,0,True,False
C,A,20150101,2015,52,2015,699,IND,India,X,Export,0,W00,World,0,W00,World,H4,HS,True,70,Glass and glassware,2,False,C00,TOTAL CPC,0,0,TOTAL MOT,-1,N/A,,False,-1,N/A,,False,,False,,False,,703951947.0,703951947.0,0,True,False
C,A,20150101,2015,52,2015,699,IND,India,X,Export,0,W00,World,0,W00,World,H4,HS,True,49,"Printed books, newspapers, pictures and other products of the printing industry; manuscripts, typescripts and plans",2,False,C00,TOTAL CPC,0,0,TOTAL MOT,-1,N/A,,False,-1,N/A,,False,,False,,False,,276456495.0,276456495.0,0,True,False
C,A,20150101,2015,52,2015,699,IND,India,X,Export,0,W00,World,0,W00,World,H4,HS,True,54,Man-made filaments; strip and the like of man-made textile materials,2,False,C00,TOTAL CPC,0,0,TOTAL MOT,-1,N/A,,False,-1,N/A,,False,,False,,False,,2190203870.0,2190203870.0,0,True,False
C,A,20150101,2015,52,2015,699,IND,India,X,Export,0,W00,World,0,W00,World,H4,HS,True,68,"Stone, plaster, cement, asbestos, mica or similar materials; articles thereof",2,False,C00,TOTAL CPC,0,0,TOTAL MOT,-1,N/A,,False,-1,N/A,,False,,False,,False,,1330241232.0,1330241232.0,0,True,False
C,A,20150101,2015,52,2015,699,IND,India,X,Export,0,W00,World,0,W00,World,H4,HS,True,95,"Toys, games and sports requisites; parts and accessories thereof",2,False,C00,TOTAL CPC,0,0,TOTAL MOT,-1,N/A,,False,-1,N/A,,False,,False,,False,,285489091.0,285489091.0,0,True,False
C,A,20150101,2015,52,2015,699,IND,India,X,Export,0,W00,World,0,W00,World,H4,HS,True,65,Headgear and parts thereof,2,False,C00,TOTAL CPC,0,0,TOTAL MOT,-1,N/A,,False,-1,N/A,,False,,False,,False,,38617448.0,38617448.0,0,True,False
C,A,20150101,2015,52,2015,699,IND,India,X,Export,0,W00,World,0,W00,World,H4,HS,True,76,Aluminium and articles thereof,2,False,C00,TOTAL CPC,0,0,TOTAL MOT,-1,N/A,,False,-1,N/A,,False,,False,,False,,2687503636.0,2687503636.0,0,True,False
C,A,20150101,2015,52,2015,699,IND,India,X,Export,0,W00,World,0,W00,World,H4,HS,True,82,"Tools, implements, cutlery, spoons and forks, of base metal; parts thereof, of base metal",2,False,C00,TOTAL CPC,0,0,TOTAL MOT,-1,N/A,,False,-1,N/A,,False,,False,,False,,788040467.0,788040467.0,0,True,False
C,A,20150101,2015,52,2015,699,IND,India,X,Export,0,W00,World,0,W00,World,H4,HS,True,32,"Tanning or dyeing extracts; tannins and their derivatives; dyes, pigments and other colouring matter; paints, varnishes; putty, other mastics; inks",2,False,C00,TOTAL CPC,0,0,TOTAL MOT,-1,N/A,,False,-1,N/A,,False,,False,,False,,2470900041.0,2470900041.0,0,True,False
C,A,20150101,2015,52,2015,699,IND,India,X,Export,0,W00,World,0,W00,World,H4,HS,True,44,Wood and articles of wood; wood charcoal,2,False,C00,TOTAL CPC,0,0,TOTAL MOT,-1,N/A,,False,-1,N/A,,False,,False,,False,,425890116.0,425890116.0,0,True,False
C,A,20150101,2015,52,2015,699,IND,India,X,Export,0,W00,World,0,W00,World,H4,HS,True,83,Metal; miscellaneous products of base metal,2,False,C00,TOTAL CPC,0,0,TOTAL MOT,-1,N/A,,False,-1,N/A,,False,,False,,False,,508271910.0,508271910.0,0,True,False
C,A,20150101,2015,52,2015,699,IND,India,X,Export,0,W00,World,0,W00,World,H4,HS,True,64,Footwear; gaiters and the like; parts of such articles,2,False,C00,TOTAL CPC,0,0,TOTAL MOT,-1,N/A,,False,-1,N/A,,False,,False,,False,,2771020373.0,2771020373.0,0,True,False
C,A,20150101,2015,52,2015,699,IND,India,X,Export,0,W00,World,0,W00,World,H4,HS,True,25,"Salt; sulphur; earths, stone; plastering materials, lime and cement",2,False,C00,TOTAL CPC,0,0,TOTAL MOT,-1,N/A,,False,-1,N/A,,False,,False,,False,,1770679711.0,1770679711.0,0,True,False
C,A,20150101,2015,52,2015,699,IND,India,X,Export,0,W00,World,0,W00,World,H4,HS,True,29,Organic chemicals,2,False,C00,TOTAL CPC,0,0,TOTAL MOT,-1,N/A,,False,-1,N/A,,False,,False,,False,,11298855545.0,11298855545.0,0,True,False
C,A,20150101,2015,52,2015,699,IND,India,X,Export,0,W00,World,0,W00,World,H4,HS,True,74,Copper and articles thereof,2,False,C00,TOTAL CPC,0,0,TOTAL MOT,-1,N/A,,False,-1,N/A,,False,,False,,False,,2724318224.0,2724318224.0,0,True,False
C,A,20150101,2015,52,2015,699,IND,India,X,Export,0,W00,World,0,W00,World,H4,HS,True,09,"Coffee, tea, mate and spices",2,False,C00,TOTAL CPC,0,0,TOTAL MOT,-1,N/A,,False,-1,N/A,,False,,False,,False,,2919670848.0,2919670848.0,0,True,False
C,A,20150101,2015,52,2015,699,IND,India,X,Export,0,W00,World,0,W00,World,H4,HS,True,57,Carpets and other textile floor coverings,2,False,C00,TOTAL CPC,0,0,TOTAL MOT,-1,N/A,,False,-1,N/A,,False,,False,,False,,1718611827.0,1718611827.0,0,True,False
C,A,20150101,2015,52,2015,699,IND,India,X,Export,0,W00,World,0,W00,World,H4,HS,True,71,"Natural, cultured pearls; precious, semi-precious stones; precious metals, metals clad with precious metal, and articles thereof; imitation jewellery; coin",2,False,C00,TOTAL CPC,0,0,TOTAL MOT,-1,N/A,,False,-1,N/A,,False,,False,,False,,38488469183.0,38488469183.0,0,True,False
C,A,20150101,2015,52,2015,699,IND,India,X,Export,0,W00,World,0,W00,World,H4,HS,True,72,Iron and steel,2,False,C00,TOTAL CPC,0,0,TOTAL MOT,-1,N/A,,False,-1,N/A,,False,,False,,False,,6308179225.0,6308179225.0,0,True,False
C,A,20150101,2015,52,2015,699,IND,India,X,Export,0,W00,World,0,W00,World,H4,HS,True,13,"Lac; gums, resins and other vegetable saps and extracts",2,False,C00,TOTAL CPC,0,0,TOTAL MOT,-1,N/A,,False,-1,N/A,,False,,False,,False,,1063197799.0,1063197799.0,0,True,False
C,A,20150101,2015,52,2015,699,IND,India,X,Export,0,W00,World,0,W00,World,H4,HS,True,12,"Oil seeds and oleaginous fruits; miscellaneous grains, seeds and fruit, industrial or medicinal plants; straw and fodder",2,False,C00,TOTAL CPC,0,0,TOTAL MOT,-1,N/A,,False,-1,N/A,,False,,False,,False,,1714714160.0,1714714160.0,0,True,False
C,A,20150101,2015,52,2015,699,IND,India,X,Export,0,W00,World,0,W00,World,H4,HS,True,58,"Fabrics; special woven fabrics, tufted textile fabrics, lace, tapestries, trimmings, embroidery",2,False,C00,TOTAL CPC,0,0,TOTAL MOT,-1,N/A,,False,-1,N/A,,False,,False,,False,,365894946.0,365894946.0,0,True,False
C,A,20150101,2015,52,2015,699,IND,India,X,Export,0,W00,World,0,W00,World,H4,HS,True,28,"Inorganic chemicals; organic and inorganic compounds of precious metals; of rare earth metals, of radio-active elements and of isotopes",2,False,C00,TOTAL CPC,0,0,TOTAL MOT,-1,N/A,,False,-1,N/A,,False,,False,,False,,1251897622.0,1251897622.0,0,True,False
C,A,20150101,2015,52,2015,699,IND,India,X,Export,0,W00,World,0,W00,World,H4,HS,True,55,Man-made staple fibres,2,False,C00,TOTAL CPC,0,0,TOTAL MOT,-1,N/A,,False,-1,N/A,,False,,False,,False,,2127189926.0,2127189926.0,0,True,False
C,A,20150101,2015,52,2015,699,IND,India,X,Export,0,W00,World,0,W00,World,H4,HS,True,19,"Preparations of cereals, flour, starch or milk; pastrycooks' products",2,False,C00,TOTAL CPC,0,0,TOTAL MOT,-1,N/A,,False,-1,N/A,,False,,False,,False,,495223486.0,495223486.0,0,True,False
C,A,20150101,2015,52,2015,699,IND,India,X,Export,0,W00,World,0,W00,World,H4,HS,True,08,"Fruit and nuts, edible; peel of citrus fruit or melons",2,False,C00,TOTAL CPC,0,0,TOTAL MOT,-1,N/A,,False,-1,N/A,,False,,False,,False,,1484470183.0,1484470183.0,0,True,False
C,A,20150101,2015,52,2015,699,IND,India,X,Export,0,W00,World,0,W00,World,H4,HS,True,59,"Textile fabrics; impregnated, coated, covered or laminated; textile articles of a kind suitable for industrial use",2,False,C00,TOTAL CPC,0,0,TOTAL MOT,-1,N/A,,False,-1,N/A,,False,,False,,False,,223889788.0,223889788.0,0,True,False
C,A,20150101,2015,52,2015,699,IND,India,X,Export,0,W00,World,0,W00,World,H4,HS,True,17,Sugars and sugar confectionery,2,False,C00,TOTAL CPC,0,0,TOTAL MOT,-1,N/A,,False,-1,N/A,,False,,False,,False,,1405186797.0,1405186797.0,0,True,False
C,A,20150101,2015,52,2015,699,IND,India,X,Export,0,W00,World,0,W00,World,H4,HS,True,35,Albuminoidal substances; modified starches; glues; enzymes,2,False,C00,TOTAL CPC,0,0,TOTAL MOT,-1,N/A,,False,-1,N/A,,False,,False,,False,,258837805.0,258837805.0,0,True,False
C,A,20150101,2015,52,2015,699,IND,India,X,Export,0,W00,World,0,W00,World,H4,HS,True,56,"Wadding, felt and nonwovens, special yarns; twine, cordage, ropes and cables and articles thereof",2,False,C00,TOTAL CPC,0,0,TOTAL MOT,-1,N/A,,False,-1,N/A,,False,,False,,False,,427722281.0,427722281.0,0,True,False
C,A,20150101,2015,52,2015,699,IND,India,X,Export,0,W00,World,0,W00,World,H4,HS,True,10,Cereals,2,False,C00,TOTAL CPC,0,0,TOTAL MOT,-1,N/A,,False,-1,N/A,,False,,False,,False,,6846426692.0,6846426692.0,0,True,False
C,A,20150101,2015,52,2015,699,IND,India,X,Export,0,W00,World,0,W00,World,H4,HS,True,21,Miscellaneous edible preparations,2,False,C00,TOTAL CPC,0,0,TOTAL MOT,-1,N/A,,False,-1,N/A,,False,,False,,False,,556516893.0,556516893.0,0,True,False
C,A,20150101,2015,52,2015,699,IND,India,X,Export,0,W00,World,0,W00,World,H4,HS,True,27,"Mineral fuels, mineral oils and products of their distillation; bituminous substances; mineral waxes",2,False,C00,TOTAL CPC,0,0,TOTAL MOT,-1,N/A,,False,-1,N/A,,False,,False,,False,,31393703098.0,31393703098.0,0,True,False
C,A,20150101,2015,52,2015,699,IND,India,X,Export,0,W00,World,0,W00,World,H4,HS,True,20,"Preparations of vegetables, fruit, nuts or other parts of plants",2,False,C00,TOTAL CPC,0,0,TOTAL MOT,-1,N/A,,False,-1,N/A,,False,,False,,False,,490916103.0,490916103.0,0,True,False
C,A,20150101,2015,52,2015,699,IND,India,X,Export,0,W00,World,0,W00,World,H4,HS,True,07,Vegetables and certain roots and tubers; edible,2,False,C00,TOTAL CPC,0,0,TOTAL MOT,-1,N/A,,False,-1,N/A,,False,,False,,False,,1157515252.0,1157515252.0,0,True,False
C,A,20150101,2015,52,2015,699,IND,India,X,Export,0,W00,World,0,W00,World,H4,HS,True,15,Animal or vegetable fats and oils and their cleavage products; prepared animal fats; animal or vegetable waxes,2,False,C00,TOTAL CPC,0,0,TOTAL MOT,-1,N/A,,False,-1,N/A,,False,,False,,False,,929771408.0,929771408.0,0,True,False
C,A,20150101,2015,52,2015,699,IND,India,X,Export,0,W00,World,0,W00,World,H4,HS,True,91,Clocks and watches and parts thereof,2,False,C00,TOTAL CPC,0,0,TOTAL MOT,-1,N/A,,False,-1,N/A,,False,,False,,False,,99396594.0,99396594.0,0,True,False
C,A,20150101,2015,52,2015,699,IND,India,X,Export,0,W00,World,0,W00,World,H4,HS,True,11,"Products of the milling industry; malt, starches, inulin, wheat gluten",2,False,C00,TOTAL CPC,0,0,TOTAL MOT,-1,N/A,,False,-1,N/A,,False,,False,,False,,295931361.0,295931361.0,0,True,False
C,A,20150101,2015,52,2015,699,IND,India,X,Export,0,W00,World,0,W00,World,H4,HS,True,53,Vegetable textile fibres; paper yarn and woven fabrics of paper yarn,2,False,C00,TOTAL CPC,0,0,TOTAL MOT,-1,N/A,,False,-1,N/A,,False,,False,,False,,358134706.0,358134706.0,0,True,False
C,A,20150101,2015,52,2015,699,IND,India,X,Export,0,W00,World,0,W00,World,H4,HS,True,24,Tobacco and manufactured tobacco substitutes,2,False,C00,TOTAL CPC,0,0,TOTAL MOT,-1,N/A,,False,-1,N/A,,False,,False,,False,,934957772.0,934957772.0,0,True,False
C,A,20150101,2015,52,2015,699,IND,India,X,Export,0,W00,World,0,W00,World,H4,HS,True,23,"Food industries, residues and wastes thereof; prepared animal fodder",2,False,C00,TOTAL CPC,0,0,TOTAL MOT,-1,N/A,,False,-1,N/A,,False,,False,,False,,1065015262.0,1065015262.0,0,True,False
C,A,20150101,2015,52,2015,699,IND,India,X,Export,0,W00,World,0,W00,World,H4,HS,True,04,"Dairy produce; birds' eggs; natural honey; edible products of animal origin, not elsewhere specified or included",2,False,C00,TOTAL CPC,0,0,TOTAL MOT,-1,N/A,,False,-1,N/A,,False,,False,,False,,346378918.0,346378918.0,0,True,False
C,A,20150101,2015,52,2015,699,IND,India,X,Export,0,W00,World,0,W00,World,H4,HS,True,05,Animal originated products; not elsewhere specified or included,2,False,C00,TOTAL CPC,0,0,TOTAL MOT,-1,N/A,,False,-1,N/A,,False,,False,,False,,80025501.0,80025501.0,0,True,False
C,A,20150101,2015,52,2015,699,IND,India,X,Export,0,W00,World,0,W00,World,H4,HS,True,06,"Trees and other plants, live; bulbs, roots and the like; cut flowers and ornamental foliage",2,False,C00,TOTAL CPC,0,0,TOTAL MOT,-1,N/A,,False,-1,N/A,,False,,False,,False,,72807977.0,72807977.0,0,True,False
C,A,20150101,2015,52,2015,699,IND,India,X,Export,0,W00,World,0,W00,World,H4,HS,True,01,Animals; live,2,False,C00,TOTAL CPC,0,0,TOTAL MOT,-1,N/A,,False,-1,N/A,,False,,False,,False,,9970444.0,9970444.0,0,True,False
C,A,20150101,2015,52,2015,699,IND,India,X,Export,0,W00,World,0,W00,World,H4,HS,True,02,Meat and edible meat offal,2,False,C00,TOTAL CPC,0,0,TOTAL MOT,-1,N/A,,False,-1,N/A,,False,,False,,False,,4342028065.0,4342028065.0,0,True,False
C,A,20150101,2015,52,2015,699,IND,India,X,Export,0,W00,World,0,W00,World,H4,HS,True,03,"Fish and crustaceans, molluscs and other aquatic invertebrates",2,False,C00,TOTAL CPC,0,0,TOTAL MOT,-1,N/A,,False,-1,N/A,,False,,False,,False,,4579965120.0,4579965120.0,0,True,False
C,A,20150101,2015,52,2015,699,IND,India,X,Export,0,W00,World,0,W00,World,H4,HS,True,14,Vegetable plaiting materials; vegetable products not elsewhere specified or included,2,False,C00,TOTAL CPC,0,0,TOTAL MOT,-1,N/A,,False,-1,N/A,,False,,False,,False,,60661079.0,60661079.0,0,True,False
C,A,20150101,2015,52,2015,699,IND,India,X,Export,0,W00,World,0,W00,World,H4,HS,True,16,"Meat, fish or crustaceans, molluscs or other aquatic invertebrates; preparations thereof",2,False,C00,TOTAL CPC,0,0,TOTAL MOT,-1,N/A,,False,-1,N/A,,False,,False,,False,,203144565.0,203144565.0,0,True,False
C,A,20150101,2015,52,2015,699,IND,India,X,Export,0,W00,World,0,W00,World,H4,HS,True,18,Cocoa and cocoa preparations,2,False,C00,TOTAL CPC,0,0,TOTAL MOT,-1,N/A,,False,-1,N/A,,False,,False,,False,,179877059.0,179877059.0,0,True,False
C,A,20150101,2015,52,2015,699,IND,India,X,Export,0,W00,World,0,W00,World,H4,HS,True,22,"Beverages, spirits and vinegar",2,False,C00,TOTAL CPC,0,0,TOTAL MOT,-1,N/A,,False,-1,N/A,,False,,False,,False,,341608972.0,341608972.0,0,True,False
C,A,20150101,2015,52,2015,699,IND,India,X,Export,0,W00,World,0,W00,World,H4,HS,True,26,"Ores, slag and ash",2,False,C00,TOTAL CPC,0,0,TOTAL MOT,-1,N/A,,False,-1,N/A,,False,,False,,False,,673066200.0,673066200.0,0,True,False
C,A,20150101,2015,52,2015,699,IND,India,X,Export,0,W00,World,0,W00,World,H4,HS,True,31,Fertilizers,2,False,C00,TOTAL CPC,0,0,TOTAL MOT,-1,N/A,,False,-1,N/A,,False,,False,,False,,96877924.0,96877924.0,0,True,False
C,A,20150101,2015,52,2015,699,IND,India,X,Export,0,W00,World,0,W00,World,H4,HS,True,36,Explosives; pyrotechnic products; matches; pyrophoric alloys; certain combustible preparations,2,False,C00,TOTAL CPC,0,0,TOTAL MOT,-1,N/A,,False,-1,N/A,,False,,False,,False,,84528749.0,84528749.0,0,True,False
C,A,20150101,2015,52,2015,699,IND,India,X,Export,0,W00,World,0,W00,World,H4,HS,True,37,Photographic or cinematographic goods,2,False,C00,TOTAL CPC,0,0,TOTAL MOT,-1,N/A,,False,-1,N/A,,False,,False,,False,,18034963.0,18034963.0,0,True,False
C,A,20150101,2015,52,2015,699,IND,India,X,Export,0,W00,World,0,W00,World,H4,HS,True,47,Pulp of wood or other fibrous cellulosic material; recovered (waste and scrap) paper or paperboard,2,False,C00,TOTAL CPC,0,0,TOTAL MOT,-1,N/A,,False,-1,N/A,,False,,False,,False,,10932240.0,10932240.0,0,True,False
C,A,20150101,2015,52,2015,699,IND,India,X,Export,0,W00,World,0,W00,World,H4,HS,True,41,Raw hides and skins (other than furskins) and leather,2,False,C00,TOTAL CPC,0,0,TOTAL MOT,-1,N/A,,False,-1,N/A,,False,,False,,False,,1096322905.0,1096322905.0,0,True,False
C,A,20150101,2015,52,2015,699,IND,India,X,Export,0,W00,World,0,W00,World,H4,HS,True,43,Furskins and artificial fur; manufactures thereof,2,False,C00,TOTAL CPC,0,0,TOTAL MOT,-1,N/A,,False,-1,N/A,,False,,False,,False,,2824135.0,2824135.0,0,True,False
C,A,20150101,2015,52,2015,699,IND,India,X,Export,0,W00,World,0,W00,World,H4,HS,True,45,Cork and articles of cork,2,False,C00,TOTAL CPC,0,0,TOTAL MOT,-1,N/A,,False,-1,N/A,,False,,False,,False,,1965484.0,1965484.0,0,True,False
C,A,20150101,2015,52,2015,699,IND,India,X,Export,0,W00,World,0,W00,World,H4,HS,True,46,"Manufactures of straw, esparto or other plaiting materials; basketware and wickerwork",2,False,C00,TOTAL CPC,0,0,TOTAL MOT,-1,N/A,,False,-1,N/A,,False,,False,,False,,5929273.0,5929273.0,0,True,False
C,A,20150101,2015,52,2015,699,IND,India,X,Export,0,W00,World,0,W00,World,H4,HS,True,51,"Wool, fine or coarse animal hair; horsehair yarn and woven fabric",2,False,C00,TOTAL CPC,0,0,TOTAL MOT,-1,N/A,,False,-1,N/A,,False,,False,,False,,180865210.0,180865210.0,0,True,False
C,A,20150101,2015,52,2015,699,IND,India,X,Export,0,W00,World,0,W00,World,H4,HS,True,50,Silk,2,False,C00,TOTAL CPC,0,0,TOTAL MOT,-1,N/A,,False,-1,N/A,,False,,False,,False,,111222168.0,111222168.0,0,True,False
C,A,20150101,2015,52,2015,699,IND,India,X,Export,0,W00,World,0,W00,World,H4,HS,True,60,Fabrics; knitted or crocheted,2,False,C00,TOTAL CPC,0,0,TOTAL MOT,-1,N/A,,False,-1,N/A,,False,,False,,False,,238003941.0,238003941.0,0,True,False
C,A,20150101,2015,52,2015,699,IND,India,X,Export,0,W00,World,0,W00,World,H4,HS,True,66,"Umbrellas, sun umbrellas, walking-sticks, seat sticks, whips, riding crops; and parts thereof",2,False,C00,TOTAL CPC,0,0,TOTAL MOT,-1,N/A,,False,-1,N/A,,False,,False,,False,,18463225.0,18463225.0,0,True,False
C,A,20150101,2015,52,2015,699,IND,India,X,Export,0,W00,World,0,W00,World,H4,HS,True,67,"Feathers and down, prepared; and articles made of feather or of down; artificial flowers; articles of human hair",2,False,C00,TOTAL CPC,0,0,TOTAL MOT,-1,N/A,,False,-1,N/A,,False,,False,,False,,286202999.0,286202999.0,0,True,False
C,A,20150101,2015,52,2015,699,IND,India,X,Export,0,W00,World,0,W00,World,H4,HS,True,78,Lead and articles thereof,2,False,C00,TOTAL CPC,0,0,TOTAL MOT,-1,N/A,,False,-1,N/A,,False,,False,,False,,176987896.0,176987896.0,0,True,False
C,A,20150101,2015,52,2015,699,IND,India,X,Export,0,W00,World,0,W00,World,H4,HS,True,80,Tin; articles thereof,2,False,C00,TOTAL CPC,0,0,TOTAL MOT,-1,N/A,,False,-1,N/A,,False,,False,,False,,47778211.0,47778211.0,0,True,False
C,A,20150101,2015,52,2015,699,IND,India,X,Export,0,W00,World,0,W00,World,H4,HS,True,75,Nickel and articles thereof,2,False,C00,TOTAL CPC,0,0,TOTAL MOT,-1,N/A,,False,-1,N/A,,False,,False,,False,,751084047.0,751084047.0,0,True,False
C,A,20150101,2015,52,2015,699,IND,India,X,Export,0,W00,World,0,W00,World,H4,HS,True,79,Zinc and articles thereof,2,False,C00,TOTAL CPC,0,0,TOTAL MOT,-1,N/A,,False,-1,N/A,,False,,False,,False,,691900519.0,691900519.0,0,True,False
C,A,20150101,2015,52,2015,699,IND,India,X,Export,0,W00,World,0,W00,World,H4,HS,True,81,"Metals; n.e.c., cermets and articles thereof",2,False,C00,TOTAL CPC,0,0,TOTAL MOT,-1,N/A,,False,-1,N/A,,False,,False,,False,,44802412.0,44802412.0,0,True,False
C,A,20150101,2015,52,2015,699,IND,India,X,Export,0,W00,World,0,W00,World,H4,HS,True,88,"Aircraft, spacecraft and parts thereof",2,False,C00,TOTAL CPC,0,0,TOTAL MOT,-1,N/A,,False,-1,N/A,,False,,False,,False,,3784099591.0,3784099591.0,0,True,False
C,A,20150101,2015,52,2015,699,IND,India,X,Export,0,W00,World,0,W00,World,H4,HS,True,89,"Ships, boats and floating structures",2,False,C00,TOTAL CPC,0,0,TOTAL MOT,-1,N/A,,False,-1,N/A,,False,,False,,False,,4063750061.0,4063750061.0,0,True,False
C,A,20150101,2015,52,2015,699,IND,India,X,Export,0,W00,World,0,W00,World,H4,HS,True,92,Musical instruments; parts and accessories of such articles,2,False,C00,TOTAL CPC,0,0,TOTAL MOT,-1,N/A,,False,-1,N/A,,False,,False,,False,,19877322.0,19877322.0,0,True,False
C,A,20150101,2015,52,2015,699,IND,India,X,Export,0,W00,World,0,W00,World,H4,HS,True,93,Arms and ammunition; parts and accessories thereof,2,False,C00,TOTAL CPC,0,0,TOTAL MOT,-1,N/A,,False,-1,N/A,,False,,False,,False,,120769452.0,120769452.0,0,True,False
C,A,20150101,2015,52,2015,699,IND,India,X,Export,0,W00,World,0,W00,World,H4,HS,True,86,"Railway, tramway locomotives, rolling-stock and parts thereof; railway or tramway track fixtures and fittings and parts thereof; mechanical (including electro-mechanical) traffic signalling equipment of all kinds",2,False,C00,TOTAL CPC,0,0,TOTAL MOT,-1,N/A,,False,-1,N/A,,False,,False,,False,,84151244.0,84151244.0,0,True,False
C,A,20150101,2015,52,2015,699,IND,India,X,Export,0,W00,World,0,W00,World,H4,HS,True,97,Works of art; collectors' pieces and antiques,2,False,C00,TOTAL CPC,0,0,TOTAL MOT,-1,N/A,,False,-1,N/A,,False,,False,,False,,167723713.0,167723713.0,0,True,False
C,A,20160101,2016,52,2016,50,BGD,Bangladesh,X,Export,0,W00,World,0,W00,World,H4,HS,True,99,Commodities not specified according to kind,2,False,C00,TOTAL CPC,0,0,TOTAL MOT,-1,N/A,0.0,False,-1,N/A,0.0,False,0.0,False,0.0,False,,714488.817,714488.817,0,False,True
C,A,20160101,2016,52,2016,50,BGD,Bangladesh,X,Export,0,W00,World,0,W00,World,H4,HS,True,09,"Coffee, tea, mate and spices",2,False,C00,TOTAL CPC,0,0,TOTAL MOT,-1,N/A,0.0,False,-1,N/A,0.0,False,0.0,False,0.0,False,,34545049.074,34545049.074,0,False,True
C,A,20160101,2016,52,2016,50,BGD,Bangladesh,X,Export,0,W00,World,0,W00,World,H4,HS,True,12,"Oil seeds and oleaginous fruits; miscellaneous grains, seeds and fruit, industrial or medicinal plants; straw and fodder",2,False,C00,TOTAL CPC,0,0,TOTAL MOT,-1,N/A,0.0,False,-1,N/A,0.0,False,0.0,False,0.0,False,,12729280.123,12729280.123,0,False,True
C,A,20160101,2016,52,2016,50,BGD,Bangladesh,X,Export,0,W00,World,0,W00,World,H4,HS,True,29,Organic chemicals,2,False,C00,TOTAL CPC,0,0,TOTAL MOT,-1,N/A,0.0,False,-1,N/A,0.0,False,0.0,False,0.0,False,,2249775.773,2249775.773,0,False,True
C,A,20160101,2016,52,2016,50,BGD,Bangladesh,X,Export,0,W00,World,0,W00,World,H4,HS,True,32,"Tanning or dyeing extracts; tannins and their derivatives; dyes, pigments and other colouring matter; paints, varnishes; putty, other mastics; inks",2,False,C00,TOTAL CPC,0,0,TOTAL MOT,-1,N/A,0.0,False,-1,N/A,0.0,False,0.0,False,0.0,False,,607923.913,607923.913,0,False,True
C,A,20160101,2016,52,2016,50,BGD,Bangladesh,X,Export,0,W00,World,0,W00,World,H4,HS,True,35,Albuminoidal substances; modified starches; glues; enzymes,2,False,C00,TOTAL CPC,0,0,TOTAL MOT,-1,N/A,0.0,False,-1,N/A,0.0,False,0.0,False,0.0,False,,2063797.3,2063797.3,0,False,True
C,A,20160101,2016,52,2016,50,BGD,Bangladesh,X,Export,0,W00,World,0,W00,World,H4,HS,True,49,"Printed books, newspapers, pictures and other products of the printing industry; manuscripts, typescripts and plans",2,False,C00,TOTAL CPC,0,0,TOTAL MOT,-1,N/A,0.0,False,-1,N/A,0.0,False,0.0,False,0.0,False,,849862.683,849862.683,0,False,True
C,A,20160101,2016,52,2016,50,BGD,Bangladesh,X,Export,0,W00,World,0,W00,World,H4,HS,True,55,Man-made staple fibres,2,False,C00,TOTAL CPC,0,0,TOTAL MOT,-1,N/A,0.0,False,-1,N/A,0.0,False,0.0,False,0.0,False,,23381489.683,23381489.683,0,False,True
C,A,20160101,2016,52,2016,50,BGD,Bangladesh,X,Export,0,W00,World,0,W00,World,H4,HS,True,72,Iron and steel,2,False,C00,TOTAL CPC,0,0,TOTAL MOT,-1,N/A,0.0,False,-1,N/A,0.0,False,0.0,False,0.0,False,,16887223.255,16887223.255,0,False,True
C,A,20160101,2016,52,2016,50,BGD,Bangladesh,X,Export,0,W00,World,0,W00,World,H4,HS,True,04,"Dairy produce; birds' eggs; natural honey; edible products of animal origin, not elsewhere specified or included",2,False,C00,TOTAL CPC,0,0,TOTAL MOT,-1,N/A,0.0,False,-1,N/A,0.0,False,0.0,False,0.0,False,,2194513.861,2194513.861,0,False,True
C,A,20160101,2016,52,2016,50,BGD,Bangladesh,X,Export,0,W00,World,0,W00,World,H4,HS,True,07,Vegetables and certain roots and tubers; edible,2,False,C00,TOTAL CPC,0,0,TOTAL MOT,-1,N/A,0.0,False,-1,N/A,0.0,False,0.0,False,0.0,False,,110733147.519,110733147.519,0,False,True
C,A,20160101,2016,52,2016,50,BGD,Bangladesh,X,Export,0,W00,World,0,W00,World,H4,HS,True,24,Tobacco and manufactured tobacco substitutes,2,False,C00,TOTAL CPC,0,0,TOTAL MOT,-1,N/A,0.0,False,-1,N/A,0.0,False,0.0,False,0.0,False,,47381573.218,47381573.218,0,False,True
C,A,20160101,2016,52,2016,50,BGD,Bangladesh,X,Export,0,W00,World,0,W00,World,H4,HS,True,27,"Mineral fuels, mineral oils and products of their distillation; bituminous substances; mineral waxes",2,False,C00,TOTAL CPC,0,0,TOTAL MOT,-1,N/A,0.0,False,-1,N/A,0.0,False,0.0,False,0.0,False,,278015766.38,278015766.38,0,False,True
C,A,20160101,2016,52,2016,50,BGD,Bangladesh,X,Export,0,W00,World,0,W00,World,H4,HS,True,50,Silk,2,False,C00,TOTAL CPC,0,0,TOTAL MOT,-1,N/A,0.0,False,-1,N/A,0.0,False,0.0,False,0.0,False,,18966.558,18966.558,0,False,True
C,A,20160101,2016,52,2016,50,BGD,Bangladesh,X,Export,0,W00,World,0,W00,World,H4,HS,True,67,"Feathers and down, prepared; and articles made of feather or of down; artificial flowers; articles of human hair",2,False,C00,TOTAL CPC,0,0,TOTAL MOT,-1,N/A,0.0,False,-1,N/A,0.0,False,0.0,False,0.0,False,,16489475.337,16489475.337,0,False,True
C,A,20160101,2016,52,2016,50,BGD,Bangladesh,X,Export,0,W00,World,0,W00,World,H4,HS,True,15,Animal or vegetable fats and oils and their cleavage products; prepared animal fats; animal or vegetable waxes,2,False,C00,TOTAL CPC,0,0,TOTAL MOT,-1,N/A,0.0,False,-1,N/A,0.0,False,0.0,False,0.0,False,,47607293.795,47607293.795,0,False,True
C,A,20160101,2016,52,2016,50,BGD,Bangladesh,X,Export,0,W00,World,0,W00,World,H4,HS,True,18,Cocoa and cocoa preparations,2,False,C00,TOTAL CPC,0,0,TOTAL MOT,-1,N/A,0.0,False,-1,N/A,0.0,False,0.0,False,0.0,False,,890639.157,890639.157,0,False,True
C,A,20160101,2016,52,2016,50,BGD,Bangladesh,X,Export,0,W00,World,0,W00,World,H4,HS,True,21,Miscellaneous edible preparations,2,False,C00,TOTAL CPC,0,0,TOTAL MOT,-1,N/A,0.0,False,-1,N/A,0.0,False,0.0,False,0.0,False,,381657.255,381657.255,0,False,True
C,A,20160101,2016,52,2016,50,BGD,Bangladesh,X,Export,0,W00,World,0,W00,World,H4,HS,True,38,Chemical products n.e.c.,2,False,C00,TOTAL CPC,0,0,TOTAL MOT,-1,N/A,0.0,False,-1,N/A,0.0,False,0.0,False,0.0,False,,7382638.703,7382638.703,0,False,True
C,A,20160101,2016,52,2016,50,BGD,Bangladesh,X,Export,0,W00,World,0,W00,World,H4,HS,True,41,Raw hides and skins (other than furskins) and leather,2,False,C00,TOTAL CPC,0,0,TOTAL MOT,-1,N/A,0.0,False,-1,N/A,0.0,False,0.0,False,0.0,False,,280916746.997,280916746.997,0,False,True
C,A,20160101,2016,52,2016,50,BGD,Bangladesh,X,Export,0,W00,World,0,W00,World,H4,HS,True,58,"Fabrics; special woven fabrics, tufted textile fabrics, lace, tapestries, trimmings, embroidery",2,False,C00,TOTAL CPC,0,0,TOTAL MOT,-1,N/A,0.0,False,-1,N/A,0.0,False,0.0,False,0.0,False,,50646822.204,50646822.204,0,False,True
C,A,20160101,2016,52,2016,50,BGD,Bangladesh,X,Export,0,W00,World,0,W00,World,H4,HS,True,78,Lead and articles thereof,2,False,C00,TOTAL CPC,0,0,TOTAL MOT,-1,N/A,0.0,False,-1,N/A,0.0,False,0.0,False,0.0,False,,26492920.393,26492920.393,0,False,True
C,A,20160101,2016,52,2016,50,BGD,Bangladesh,X,Export,0,W00,World,0,W00,World,H4,HS,True,81,"Metals; n.e.c., cermets and articles thereof",2,False,C00,TOTAL CPC,0,0,TOTAL MOT,-1,N/A,0.0,False,-1,N/A,0.0,False,0.0,False,0.0,False,,123084.9,123084.9,0,False,True
C,A,20160101,2016,52,2016,50,BGD,Bangladesh,X,Export,0,W00,World,0,W00,World,H4,HS,True,13,"Lac; gums, resins and other vegetable saps and extracts",2,False,C00,TOTAL CPC,0,0,TOTAL MOT,-1,N/A,0.0,False,-1,N/A,0.0,False,0.0,False,0.0,False,,122627.186,122627.186,0,False,True
C,A,20160101,2016,52,2016,50,BGD,Bangladesh,X,Export,0,W00,World,0,W00,World,H4,HS,True,16,"Meat, fish or crustaceans, molluscs or other aquatic invertebrates; preparations thereof",2,False,C00,TOTAL CPC,0,0,TOTAL MOT,-1,N/A,0.0,False,-1,N/A,0.0,False,0.0,False,0.0,False,,3438738.552,3438738.552,0,False,True
C,A,20160101,2016,52,2016,50,BGD,Bangladesh,X,Export,0,W00,World,0,W00,World,H4,HS,True,33,"Essential oils and resinoids; perfumery, cosmetic or toilet preparations",2,False,C00,TOTAL CPC,0,0,TOTAL MOT,-1,N/A,0.0,False,-1,N/A,0.0,False,0.0,False,0.0,False,,649516.439,649516.439,0,False,True
C,A,20160101,2016,52,2016,50,BGD,Bangladesh,X,Export,0,W00,World,0,W00,World,H4,HS,True,53,Vegetable textile fibres; paper yarn and woven fabrics of paper yarn,2,False,C00,TOTAL CPC,0,0,TOTAL MOT,-1,N/A,0.0,False,-1,N/A,0.0,False,0.0,False,0.0,False,,823852056.815,823852056.815,0,False,True
C,A,20160101,2016,52,2016,50,BGD,Bangladesh,X,Export,0,W00,World,0,W00,World,H4,HS,True,56,"Wadding, felt and nonwovens, special yarns; twine, cordage, ropes and cables and articles thereof",2,False,C00,TOTAL CPC,0,0,TOTAL MOT,-1,N/A,0.0,False,-1,N/A,0.0,False,0.0,False,0.0,False,,44991926.695,44991926.695,0,False,True
C,A,20160101,2016,52,2016,50,BGD,Bangladesh,X,Export,0,W00,World,0,W00,World,H4,HS,True,76,Aluminium and articles thereof,2,False,C00,TOTAL CPC,0,0,TOTAL MOT,-1,N/A,0.0,False,-1,N/A,0.0,False,0.0,False,0.0,False,,1660934.923,1660934.923,0,False,True
C,A,20160101,2016,52,2016,50,BGD,Bangladesh,X,Export,0,W00,World,0,W00,World,H4,HS,True,79,Zinc and articles thereof,2,False,C00,TOTAL CPC,0,0,TOTAL MOT,-1,N/A,0.0,False,-1,N/A,0.0,False,0.0,False,0.0,False,,4444017.561,4444017.561,0,False,True
C,A,20160101,2016,52,2016,50,BGD,Bangladesh,X,Export,0,W00,World,0,W00,World,H4,HS,True,02,Meat and edible meat offal,2,False,C00,TOTAL CPC,0,0,TOTAL MOT,-1,N/A,0.0,False,-1,N/A,0.0,False,0.0,False,0.0,False,,1269445.292,1269445.292,0,False,True
C,A,20160101,2016,52,2016,50,BGD,Bangladesh,X,Export,0,W00,World,0,W00,World,H4,HS,True,05,Animal originated products; not elsewhere specified or included,2,False,C00,TOTAL CPC,0,0,TOTAL MOT,-1,N/A,0.0,False,-1,N/A,0.0,False,0.0,False,0.0,False,,16345364.979,16345364.979,0,False,True
C,A,20160101,2016,52,2016,50,BGD,Bangladesh,X,Export,0,W00,World,0,W00,World,H4,HS,True,08,"Fruit and nuts, edible; peel of citrus fruit or melons",2,False,C00,TOTAL CPC,0,0,TOTAL MOT,-1,N/A,0.0,False,-1,N/A,0.0,False,0.0,False,0.0,False,,3500084.604,3500084.604,0,False,True
C,A,20160101,2016,52,2016,50,BGD,Bangladesh,X,Export,0,W00,World,0,W00,World,H4,HS,True,11,"Products of the milling industry; malt, starches, inulin, wheat gluten",2,False,C00,TOTAL CPC,0,0,TOTAL MOT,-1,N/A,0.0,False,-1,N/A,0.0,False,0.0,False,0.0,False,,1535262.169,1535262.169,0,False,True
C,A,20160101,2016,52,2016,50,BGD,Bangladesh,X,Export,0,W00,World,0,W00,World,H4,HS,True,14,Vegetable plaiting materials; vegetable products not elsewhere specified or included,2,False,C00,TOTAL CPC,0,0,TOTAL MOT,-1,N/A,0.0,False,-1,N/A,0.0,False,0.0,False,0.0,False,,36661158.145,36661158.145,0,False,True
C,A,20160101,2016,52,2016,50,BGD,Bangladesh,X,Export,0,W00,World,0,W00,World,H4,HS,True,17,Sugars and sugar confectionery,2,False,C00,TOTAL CPC,0,0,TOTAL MOT,-1,N/A,0.0,False,-1,N/A,0.0,False,0.0,False,0.0,False,,26753436.085,26753436.085,0,False,True
C,A,20160101,2016,52,2016,50,BGD,Bangladesh,X,Export,0,W00,World,0,W00,World,H4,HS,True,19,"Preparations of cereals, flour, starch or milk; pastrycooks' products",2,False,C00,TOTAL CPC,0,0,TOTAL MOT,-1,N/A,0.0,False,-1,N/A,0.0,False,0.0,False,0.0,False,,95823542.406,95823542.406,0,False,True
C,A,20160101,2016,52,2016,50,BGD,Bangladesh,X,Export,0,W00,World,0,W00,World,H4,HS,True,22,"Beverages, spirits and vinegar",2,False,C00,TOTAL CPC,0,0,TOTAL MOT,-1,N/A,0.0,False,-1,N/A,0.0,False,0.0,False,0.0,False,,30213354.182,30213354.182,0,False,True
C,A,20160101,2016,52,2016,50,BGD,Bangladesh,X,Export,0,W00,World,0,W00,World,H4,HS,True,23,"Food industries, residues and wastes thereof; prepared animal fodder",2,False,C00,TOTAL CPC,0,0,TOTAL MOT,-1,N/A,0.0,False,-1,N/A,0.0,False,0.0,False,0.0,False,,8186834.289,8186834.289,0,False,True
C,A,20160101,2016,52,2016,50,BGD,Bangladesh,X,Export,0,W00,World,0,W00,World,H4,HS,True,25,"Salt; sulphur; earths, stone; plastering materials, lime and cement",2,False,C00,TOTAL CPC,0,0,TOTAL MOT,-1,N/A,0.0,False,-1,N/A,0.0,False,0.0,False,0.0,False,,4686835.465,4686835.465,0,False,True
C,A,20160101,2016,52,2016,50,BGD,Bangladesh,X,Export,0,W00,World,0,W00,World,H4,HS,True,26,"Ores, slag and ash",2,False,C00,TOTAL CPC,0,0,TOTAL MOT,-1,N/A,0.0,False,-1,N/A,0.0,False,0.0,False,0.0,False,,4890578.313,4890578.313,0,False,True
C,A,20160101,2016,52,2016,50,BGD,Bangladesh,X,Export,0,W00,World,0,W00,World,H4,HS,True,31,Fertilizers,2,False,C00,TOTAL CPC,0,0,TOTAL MOT,-1,N/A,0.0,False,-1,N/A,0.0,False,0.0,False,0.0,False,,5625625.837,5625625.837,0,False,True
C,A,20160101,2016,52,2016,50,BGD,Bangladesh,X,Export,0,W00,World,0,W00,World,H4,HS,True,34,"Soap, organic surface-active agents; washing, lubricating, polishing or scouring preparations; artificial or prepared waxes, candles and similar articles, modelling pastes, dental waxes and dental preparations with a basis of plaster",2,False,C00,TOTAL CPC,0,0,TOTAL MOT,-1,N/A,0.0,False,-1,N/A,0.0,False,0.0,False,0.0,False,,1297400.086,1297400.086,0,False,True
C,A,20160101,2016,52,2016,50,BGD,Bangladesh,X,Export,0,W00,World,0,W00,World,H4,HS,True,37,Photographic or cinematographic goods,2,False,C00,TOTAL CPC,0,0,TOTAL MOT,-1,N/A,0.0,False,-1,N/A,0.0,False,0.0,False,0.0,False,,1601.988,1601.988,0,False,True
C,A,20160101,2016,52,2016,50,BGD,Bangladesh,X,Export,0,W00,World,0,W00,World,H4,HS,True,39,Plastics and articles thereof,2,False,C00,TOTAL CPC,0,0,TOTAL MOT,-1,N/A,0.0,False,-1,N/A,0.0,False,0.0,False,0.0,False,,108147775.494,108147775.494,0,False,True
C,A,20160101,2016,52,2016,50,BGD,Bangladesh,X,Export,0,W00,World,0,W00,World,H4,HS,True,46,"Manufactures of straw, esparto or other plaiting materials; basketware and wickerwork",2,False,C00,TOTAL CPC,0,0,TOTAL MOT,-1,N/A,0.0,False,-1,N/A,0.0,False,0.0,False,0.0,False,,12729423.379,12729423.379,0,False,True
C,A,20160101,2016,52,2016,50,BGD,Bangladesh,X,Export,0,W00,World,0,W00,World,H4,HS,True,51,"Wool, fine or coarse animal hair; horsehair yarn and woven fabric",2,False,C00,TOTAL CPC,0,0,TOTAL MOT,-1,N/A,0.0,False,-1,N/A,0.0,False,0.0,False,0.0,False,,266983.108,266983.108,0,False,True
C,A,20160101,2016,52,2016,50,BGD,Bangladesh,X,Export,0,W00,World,0,W00,World,H4,HS,True,54,Man-made filaments; strip and the like of man-made textile materials,2,False,C00,TOTAL CPC,0,0,TOTAL MOT,-1,N/A,0.0,False,-1,N/A,0.0,False,0.0,False,0.0,False,,41193807.122,41193807.122,0,False,True
C,A,20160101,2016,52,2016,50,BGD,Bangladesh,X,Export,0,W00,World,0,W00,World,H4,HS,True,60,Fabrics; knitted or crocheted,2,False,C00,TOTAL CPC,0,0,TOTAL MOT,-1,N/A,0.0,False,-1,N/A,0.0,False,0.0,False,0.0,False,,34984740.705,34984740.705,0,False,True
C,A,20160101,2016,52,2016,50,BGD,Bangladesh,X,Export,0,W00,World,0,W00,World,H4,HS,True,68,"Stone, plaster, cement, asbestos, mica or similar materials; articles thereof",2,False,C00,TOTAL CPC,0,0,TOTAL MOT,-1,N/A,0.0,False,-1,N/A,0.0,False,0.0,False,0.0,False,,473714.788,473714.788,0,False,True
C,A,20160101,2016,52,2016,50,BGD,Bangladesh,X,Export,0,W00,World,0,W00,World,H4,HS,True,80,Tin; articles thereof,2,False,C00,TOTAL CPC,0,0,TOTAL MOT,-1,N/A,0.0,False,-1,N/A,0.0,False,0.0,False,0.0,False,,167199.889,167199.889,0,False,True
C,A,20160101,2016,52,2016,50,BGD,Bangladesh,X,Export,0,W00,World,0,W00,World,H4,HS,True,52,Cotton,2,False,C00,TOTAL CPC,0,0,TOTAL MOT,-1,N/A,0.0,False,-1,N/A,0.0,False,0.0,True,0.0,False,,99690123.138,99690123.138,4,False,True
C,A,20160101,2016,52,2016,50,BGD,Bangladesh,X,Export,0,W00,World,0,W00,World,H4,HS,True,92,Musical instruments; parts and accessories of such articles,2,False,C00,TOTAL CPC,0,0,TOTAL MOT,-1,N/A,0.0,False,-1,N/A,0.0,False,0.0,True,0.0,False,,1519.777,1519.777,4,False,True
C,A,20160101,2016,52,2016,50,BGD,Bangladesh,X,Export,0,W00,World,0,W00,World,H4,HS,True,95,"Toys, games and sports requisites; parts and accessories thereof",2,False,C00,TOTAL CPC,0,0,TOTAL MOT,-1,N/A,0.0,False,-1,N/A,0.0,False,0.0,True,0.0,False,,24161724.543,24161724.543,4,False,True
C,A,20160101,2016,52,2016,50,BGD,Bangladesh,X,Export,0,W00,World,0,W00,World,H4,HS,True,44,Wood and articles of wood; wood charcoal,2,False,C00,TOTAL CPC,0,0,TOTAL MOT,-1,N/A,0.0,False,-1,N/A,0.0,False,0.0,True,0.0,False,,6154107.979,6154107.979,4,False,True
C,A,20160101,2016,52,2016,50,BGD,Bangladesh,X,Export,0,W00,World,0,W00,World,H4,HS,True,64,Footwear; gaiters and the like; parts of such articles,2,False,C00,TOTAL CPC,0,0,TOTAL MOT,-1,N/A,0.0,False,-1,N/A,0.0,False,0.0,True,0.0,False,,748674545.497,748674545.497,4,False,True
C,A,20160101,2016,52,2016,50,BGD,Bangladesh,X,Export,0,W00,World,0,W00,World,H4,HS,True,70,Glass and glassware,2,False,C00,TOTAL CPC,0,0,TOTAL MOT,-1,N/A,0.0,False,-1,N/A,0.0,False,0.0,True,0.0,False,,1673169.344,1673169.344,4,False,True
C,A,20160101,2016,52,2016,50,BGD,Bangladesh,X,Export,0,W00,World,0,W00,World,H4,HS,True,01,Animals; live,2,False,C00,TOTAL CPC,0,0,TOTAL MOT,-1,N/A,0.0,False,-1,N/A,0.0,False,0.0,True,0.0,False,,4414.519,4414.519,4,False,True
C,A,20160101,2016,52,2016,50,BGD,Bangladesh,X,Export,0,W00,World,0,W00,World,H4,HS,True,73,Iron or steel articles,2,False,C00,TOTAL CPC,0,0,TOTAL MOT,-1,N/A,0.0,False,-1,N/A,0.0,False,0.0,True,0.0,False,,31003104.691,31003104.691,4,False,True
C,A,20160101,2016,52,2016,50,BGD,Bangladesh,X,Export,0,W00,World,0,W00,World,H4,HS,True,93,Arms and ammunition; parts and accessories thereof,2,False,C00,TOTAL CPC,0,0,TOTAL MOT,-1,N/A,0.0,False,-1,N/A,0.0,False,0.0,True,0.0,False,,588865.854,588865.854,4,False,True
C,A,20160101,2016,52,2016,50,BGD,Bangladesh,X,Export,0,W00,World,0,W00,World,H4,HS,True,03,"Fish and crustaceans, molluscs and other aquatic invertebrates",2,False,C00,TOTAL CPC,0,0,TOTAL MOT,-1,N/A,0.0,False,-1,N/A,0.0,False,0.0,True,0.0,False,,540173505.72,540173505.72,4,False,True
C,A,20160101,2016,52,2016,50,BGD,Bangladesh,X,Export,0,W00,World,0,W00,World,H4,HS,True,20,"Preparations of vegetables, fruit, nuts or other parts of plants",2,False,C00,TOTAL CPC,0,0,TOTAL MOT,-1,N/A,0.0,False,-1,N/A,0.0,False,0.0,True,0.0,False,,78833663.875,78833663.875,4,False,True
C,A,20160101,2016,52,2016,50,BGD,Bangladesh,X,Export,0,W00,World,0,W00,World,H4,HS,True,28,"Inorganic chemicals; organic and inorganic compounds of precious metals; of rare earth metals, of radio-active elements and of isotopes",2,False,C00,TOTAL CPC,0,0,TOTAL MOT,-1,N/A,0.0,False,-1,N/A,0.0,False,0.0,True,0.0,False,,20841094.411,20841094.411,4,False,True
C,A,20160101,2016,52,2016,50,BGD,Bangladesh,X,Export,0,W00,World,0,W00,World,H4,HS,True,40,Rubber and articles thereof,2,False,C00,TOTAL CPC,0,0,TOTAL MOT,-1,N/A,0.0,False,-1,N/A,0.0,False,0.0,True,0.0,False,,21221621.665,21221621.665,4,False,True
C,A,20160101,2016,52,2016,50,BGD,Bangladesh,X,Export,0,W00,World,0,W00,World,H4,HS,True,48,"Paper and paperboard; articles of paper pulp, of paper or paperboard",2,False,C00,TOTAL CPC,0,0,TOTAL MOT,-1,N/A,0.0,False,-1,N/A,0.0,False,0.0,True,0.0,False,,47324301.98,47324301.98,4,False,True
C,A,20160101,2016,52,2016,50,BGD,Bangladesh,X,Export,0,W00,World,0,W00,World,H4,HS,True,59,"Textile fabrics; impregnated, coated, covered or laminated; textile articles of a kind suitable for industrial use",2,False,C00,TOTAL CPC,0,0,TOTAL MOT,-1,N/A,0.0,False,-1,N/A,0.0,False,0.0,True,0.0,False,,16536621.277,16536621.277,4,False,True
C,A,20160101,2016,52,2016,50,BGD,Bangladesh,X,Export,0,W00,World,0,W00,World,H4,HS,True,63,"Textiles, made up articles; sets; worn clothing and worn textile articles; rags",2,False,C00,TOTAL CPC,0,0,TOTAL MOT,-1,N/A,0.0,False,-1,N/A,0.0,False,0.0,True,0.0,False,,895727172.732,895727172.732,4,False,True
C,A,20160101,2016,52,2016,50,BGD,Bangladesh,X,Export,0,W00,World,0,W00,World,H4,HS,True,65,Headgear and parts thereof,2,False,C00,TOTAL CPC,0,0,TOTAL MOT,-1,N/A,0.0,False,-1,N/A,0.0,False,0.0,True,0.0,False,,183026341.408,183026341.408,4,False,True
C,A,20160101,2016,52,2016,50,BGD,Bangladesh,X,Export,0,W00,World,0,W00,World,H4,HS,True,66,"Umbrellas, sun umbrellas, walking-sticks, seat sticks, whips, riding crops; and parts thereof",2,False,C00,TOTAL CPC,0,0,TOTAL MOT,-1,N/A,0.0,False,-1,N/A,0.0,False,0.0,True,0.0,False,,98875.742,98875.742,4,False,True
C,A,20160101,2016,52,2016,50,BGD,Bangladesh,X,Export,0,W00,World,0,W00,World,H4,HS,True,69,Ceramic products,2,False,C00,TOTAL CPC,0,0,TOTAL MOT,-1,N/A,0.0,False,-1,N/A,0.0,False,0.0,True,0.0,False,,37234691.491,37234691.491,4,False,True
C,A,20160101,2016,52,2016,50,BGD,Bangladesh,X,Export,0,W00,World,0,W00,World,H4,HS,True,74,Copper and articles thereof,2,False,C00,TOTAL CPC,0,0,TOTAL MOT,-1,N/A,0.0,False,-1,N/A,0.0,False,0.0,True,0.0,False,,24724372.116,24724372.116,4,False,True
C,A,20160101,2016,52,2016,50,BGD,Bangladesh,X,Export,0,W00,World,0,W00,World,H4,HS,True,83,Metal; miscellaneous products of base metal,2,False,C00,TOTAL CPC,0,0,TOTAL MOT,-1,N/A,0.0,False,-1,N/A,0.0,False,0.0,True,0.0,False,,543392.988,543392.988,4,False,True
C,A,20160101,2016,52,2016,50,BGD,Bangladesh,X,Export,0,W00,World,0,W00,World,H4,HS,True,88,"Aircraft, spacecraft and parts thereof",2,False,C00,TOTAL CPC,0,0,TOTAL MOT,-1,N/A,0.0,False,-1,N/A,0.0,False,0.0,True,0.0,False,,22890218.133,22890218.133,4,False,True
C,A,20160101,2016,52,2016,50,BGD,Bangladesh,X,Export,0,W00,World,0,W00,World,H4,HS,True,94,"Furniture; bedding, mattresses, mattress supports, cushions and similar stuffed furnishings; lamps and lighting fittings, n.e.c.; illuminated signs, illuminated name-plates and the like; prefabricated buildings",2,False,C00,TOTAL CPC,0,0,TOTAL MOT,-1,N/A,0.0,False,-1,N/A,0.0,False,0.0,True,0.0,False,,49275329.436,49275329.436,4,False,True
C,A,20160101,2016,52,2016,50,BGD,Bangladesh,X,Export,0,W00,World,0,W00,World,H4,HS,True,62,Apparel and clothing accessories; not knitted or crocheted,2,False,C00,TOTAL CPC,0,0,TOTAL MOT,-1,N/A,0.0,False,-1,N/A,0.0,False,0.0,True,0.0,False,,14927088619.131,14927088619.131,4,False,True
C,A,20160101,2016,52,2016,50,BGD,Bangladesh,X,Export,0,W00,World,0,W00,World,H4,HS,True,61,Apparel and clothing accessories; knitted or crocheted,2,False,C00,TOTAL CPC,0,0,TOTAL MOT,-1,N/A,0.0,False,-1,N/A,0.0,False,0.0,True,0.0,False,,13735477885.446,13735477885.446,4,False,True
C,A,20160101,2016,52,2016,50,BGD,Bangladesh,X,Export,0,W00,World,0,W00,World,H4,HS,True,30,Pharmaceutical products,2,False,C00,TOTAL CPC,0,0,TOTAL MOT,-1,N/A,0.0,False,-1,N/A,0.0,False,,False,0.0,False,,83372861.447,83372861.447,0,False,True
C,A,20160101,2016,52,2016,50,BGD,Bangladesh,X,Export,0,W00,World,0,W00,World,H4,HS,True,47,Pulp of wood or other fibrous cellulosic material; recovered (waste and scrap) paper or paperboard,2,False,C00,TOTAL CPC,0,0,TOTAL MOT,-1,N/A,0.0,False,-1,N/A,0.0,False,,False,0.0,False,,22485.452,22485.452,0,False,True
C,A,20160101,2016,52,2016,50,BGD,Bangladesh,X,Export,0,W00,World,0,W00,World,H4,HS,True,87,"Vehicles; other than railway or tramway rolling stock, and parts and accessories thereof",2,False,C00,TOTAL CPC,0,0,TOTAL MOT,-1,N/A,0.0,False,-1,N/A,0.0,False,,False,0.0,False,,131744760.875,131744760.875,0,False,True
C,A,20160101,2016,52,2016,50,BGD,Bangladesh,X,Export,0,W00,World,0,W00,World,H4,HS,True,90,"Optical, photographic, cinematographic, measuring, checking, medical or surgical instruments and apparatus; parts and accessories",2,False,C00,TOTAL CPC,0,0,TOTAL MOT,-1,N/A,0.0,False,-1,N/A,0.0,False,,False,0.0,False,,66727589.056,66727589.056,0,False,True
C,A,20160101,2016,52,2016,50,BGD,Bangladesh,X,Export,0,W00,World,0,W00,World,H4,HS,True,84,"Nuclear reactors, boilers, machinery and mechanical appliances; parts thereof",2,False,C00,TOTAL CPC,0,0,TOTAL MOT,-1,N/A,0.0,False,-1,N/A,0.0,False,,False,0.0,False,,129201606.839,129201606.839,0,False,True
C,A,20160101,2016,52,2016,50,BGD,Bangladesh,X,Export,0,W00,World,0,W00,World,H4,HS,True,10,Cereals,2,False,C00,TOTAL CPC,0,0,TOTAL MOT,-1,N/A,0.0,False,-1,N/A,0.0,False,,False,0.0,False,,5703088.295,5703088.295,0,False,True
C,A,20160101,2016,52,2016,50,BGD,Bangladesh,X,Export,0,W00,World,0,W00,World,H4,HS,True,96,Miscellaneous manufactured articles,2,False,C00,TOTAL CPC,0,0,TOTAL MOT,-1,N/A,0.0,False,-1,N/A,0.0,False,,False,0.0,False,,15915055.542,15915055.542,0,False,True
C,A,20160101,2016,52,2016,50,BGD,Bangladesh,X,Export,0,W00,World,0,W00,World,H4,HS,True,06,"Trees and other plants, live; bulbs, roots and the like; cut flowers and ornamental foliage",2,False,C00,TOTAL CPC,0,0,TOTAL MOT,-1,N/A,0.0,False,-1,N/A,0.0,False,,False,0.0,False,,529087.432,529087.432,0,False,True
C,A,20160101,2016,52,2016,50,BGD,Bangladesh,X,Export,0,W00,World,0,W00,World,H4,HS,True,42,"Articles of leather; saddlery and harness; travel goods, handbags and similar containers; articles of animal gut (other than silk-worm gut)",2,False,C00,TOTAL CPC,0,0,TOTAL MOT,-1,N/A,0.0,False,-1,N/A,0.0,False,,False,0.0,False,,420631613.707,420631613.707,0,False,True
C,A,20160101,2016,52,2016,50,BGD,Bangladesh,X,Export,0,W00,World,0,W00,World,H4,HS,True,57,Carpets and other textile floor coverings,2,False,C00,TOTAL CPC,0,0,TOTAL MOT,-1,N/A,0.0,False,-1,N/A,0.0,False,,False,0.0,False,,16586272.821,16586272.821,0,False,True
C,A,20160101,2016,52,2016,50,BGD,Bangladesh,X,Export,0,W00,World,0,W00,World,H4,HS,True,71,"Natural, cultured pearls; precious, semi-precious stones; precious metals, metals clad with precious metal, and articles thereof; imitation jewellery; coin",2,False,C00,TOTAL CPC,0,0,TOTAL MOT,-1,N/A,0.0,False,-1,N/A,0.0,False,,False,0.0,False,,4227236.22,4227236.22,0,False,True
C,A,20160101,2016,52,2016,50,BGD,Bangladesh,X,Export,0,W00,World,0,W00,World,H4,HS,True,82,"Tools, implements, cutlery, spoons and forks, of base metal; parts thereof, of base metal",2,False,C00,TOTAL CPC,0,0,TOTAL MOT,-1,N/A,0.0,False,-1,N/A,0.0,False,,False,0.0,False,,8846626.94,8846626.94,0,False,True
C,A,20160101,2016,52,2016,50,BGD,Bangladesh,X,Export,0,W00,World,0,W00,World,H4,HS,True,85,"Electrical machinery and equipment and parts thereof; sound recorders and reproducers; television image and sound recorders and reproducers, parts and accessories of such articles",2,False,C00,TOTAL CPC,0,0,TOTAL MOT,-1,N/A,0.0,False,-1,N/A,0.0,False,,False,0.0,False,,59871341.978,59871341.978,0,False,True
C,A,20160101,2016,52,2016,50,BGD,Bangladesh,X,Export,0,W00,World,0,W00,World,H4,HS,True,86,"Railway, tramway locomotives, rolling-stock and parts thereof; railway or tramway track fixtures and fittings and parts thereof; mechanical (including electro-mechanical) traffic signalling equipment of all kinds",2,False,C00,TOTAL CPC,0,0,TOTAL MOT,-1,N/A,0.0,False,-1,N/A,0.0,False,,False,0.0,False,,649879.516,649879.516,0,False,True
C,A,20160101,2016,52,2016,50,BGD,Bangladesh,X,Export,0,W00,World,0,W00,World,H4,HS,True,89,"Ships, boats and floating structures",2,False,C00,TOTAL CPC,0,0,TOTAL MOT,-1,N/A,0.0,False,-1,N/A,0.0,False,,False,0.0,False,,17829859.061,17829859.061,0,False,True
C,A,20160101,2016,52,2016,50,BGD,Bangladesh,X,Export,0,W00,World,0,W00,World,H4,HS,True,91,Clocks and watches and parts thereof,2,False,C00,TOTAL CPC,0,0,TOTAL MOT,-1,N/A,0.0,False,-1,N/A,0.0,False,,False,0.0,False,,799951.85,799951.85,0,False,True
C,A,20160101,2016,52,2016,50,BGD,Bangladesh,X,Export,0,W00,World,0,W00,World,H4,HS,True,97,Works of art; collectors' pieces and antiques,2,False,C00,TOTAL CPC,0,0,TOTAL MOT,-1,N/A,0.0,False,-1,N/A,0.0,False,,False,0.0,False,,24401.631,24401.631,0,False,True
C,A,20160101,2016,52,2016,156,CHN,China,X,Export,0,W00,World,0,W00,World,H4,HS,True,99,Commodities not specified according to kind,2,False,C00,TOTAL CPC,0,0,TOTAL MOT,-1,N/A,0.0,False,-1,N/A,0.0,False,0.0,False,0.0,False,0.0,4556862938.0,4556862938.0,0,False,True
C,A,20160101,2016,52,2016,156,CHN,China,X,Export,0,W00,World,0,W00,World,H4,HS,True,06,"Trees and other plants, live; bulbs, roots and the like; cut flowers and ornamental foliage",2,False,C00,TOTAL CPC,0,0,TOTAL MOT,-1,N/A,0.0,False,-1,N/A,0.0,False,0.0,True,0.0,False,0.0,330000234.0,330000234.0,4,False,True
C,A,20160101,2016,52,2016,156,CHN,China,X,Export,0,W00,World,0,W00,World,H4,HS,True,37,Photographic or cinematographic goods,2,False,C00,TOTAL CPC,0,0,TOTAL MOT,-1,N/A,0.0,False,-1,N/A,0.0,False,0.0,True,0.0,False,0.0,1070707745.0,1070707745.0,4,False,True
C,A,20160101,2016,52,2016,156,CHN,China,X,Export,0,W00,World,0,W00,World,H4,HS,True,62,Apparel and clothing accessories; not knitted or crocheted,2,False,C00,TOTAL CPC,0,0,TOTAL MOT,-1,N/A,0.0,False,-1,N/A,0.0,False,0.0,True,0.0,False,0.0,72064923620.0,72064923620.0,4,False,True
C,A,20160101,2016,52,2016,156,CHN,China,X,Export,0,W00,World,0,W00,World,H4,HS,True,71,"Natural, cultured pearls; precious, semi-precious stones; precious metals, metals clad with precious metal, and articles thereof; imitation jewellery; coin",2,False,C00,TOTAL CPC,0,0,TOTAL MOT,-1,N/A,0.0,False,-1,N/A,0.0,False,0.0,True,0.0,False,0.0,21746336164.0,21746336164.0,4,False,True
C,A,20160101,2016,52,2016,156,CHN,China,X,Export,0,W00,World,0,W00,World,H4,HS,True,84,"Nuclear reactors, boilers, machinery and mechanical appliances; parts thereof",2,False,C00,TOTAL CPC,0,0,TOTAL MOT,-1,N/A,0.0,False,-1,N/A,0.0,False,0.0,True,0.0,False,0.0,343770528509.0,343770528509.0,4,False,True
C,A,20160101,2016,52,2016,156,CHN,China,X,Export,0,W00,World,0,W00,World,H4,HS,True,85,"Electrical machinery and equipment and parts thereof; sound recorders and reproducers; television image and sound recorders and reproducers, parts and accessories of such articles",2,False,C00,TOTAL CPC,0,0,TOTAL MOT,-1,N/A,0.0,False,-1,N/A,0.0,False,0.0,True,0.0,False,0.0,553168922135.0,553168922135.0,4,False,True
C,A,20160101,2016,52,2016,156,CHN,China,X,Export,0,W00,World,0,W00,World,H4,HS,True,86,"Railway, tramway locomotives, rolling-stock and parts thereof; railway or tramway track fixtures and fittings and parts thereof; mechanical (including electro-mechanical) traffic signalling equipment of all kinds",2,False,C00,TOTAL CPC,0,0,TOTAL MOT,-1,N/A,0.0,False,-1,N/A,0.0,False,0.0,True,0.0,False,0.0,6857455764.0,6857455764.0,4,False,True
C,A,20160101,2016,52,2016,156,CHN,China,X,Export,0,W00,World,0,W00,World,H4,HS,True,87,"Vehicles; other than railway or tramway rolling stock, and parts and accessories thereof",2,False,C00,TOTAL CPC,0,0,TOTAL MOT,-1,N/A,0.0,False,-1,N/A,0.0,False,0.0,True,0.0,False,0.0,60145135152.0,60145135152.0,4,False,True
C,A,20160101,2016,52,2016,156,CHN,China,X,Export,0,W00,World,0,W00,World,H4,HS,True,88,"Aircraft, spacecraft and parts thereof",2,False,C00,TOTAL CPC,0,0,TOTAL MOT,-1,N/A,0.0,False,-1,N/A,0.0,False,0.0,True,0.0,False,0.0,3364512155.0,3364512155.0,4,False,True
C,A,20160101,2016,52,2016,156,CHN,China,X,Export,0,W00,World,0,W00,World,H4,HS,True,89,"Ships, boats and floating structures",2,False,C00,TOTAL CPC,0,0,TOTAL MOT,-1,N/A,0.0,False,-1,N/A,0.0,False,0.0,True,0.0,False,0.0,22514909880.0,22514909880.0,4,False,True
C,A,20160101,2016,52,2016,156,CHN,China,X,Export,0,W00,World,0,W00,World,H4,HS,True,90,"Optical, photographic, cinematographic, measuring, checking, medical or surgical instruments and apparatus; parts and accessories",2,False,C00,TOTAL CPC,0,0,TOTAL MOT,-1,N/A,0.0,False,-1,N/A,0.0,False,0.0,True,0.0,False,0.0,67487732957.0,67487732957.0,4,False,True
C,A,20160101,2016,52,2016,156,CHN,China,X,Export,0,W00,World,0,W00,World,H4,HS,True,91,Clocks and watches and parts thereof,2,False,C00,TOTAL CPC,0,0,TOTAL MOT,-1,N/A,0.0,False,-1,N/A,0.0,False,0.0,True,0.0,False,0.0,5330967341.0,5330967341.0,4,False,True
C,A,20160101,2016,52,2016,156,CHN,China,X,Export,0,W00,World,0,W00,World,H4,HS,True,92,Musical instruments; parts and accessories of such articles,2,False,C00,TOTAL CPC,0,0,TOTAL MOT,-1,N/A,0.0,False,-1,N/A,0.0,False,0.0,True,0.0,False,0.0,1570295403.0,1570295403.0,4,False,True
C,A,20160101,2016,52,2016,156,CHN,China,X,Export,0,W00,World,0,W00,World,H4,HS,True,96,Miscellaneous manufactured articles,2,False,C00,TOTAL CPC,0,0,TOTAL MOT,-1,N/A,0.0,False,-1,N/A,0.0,False,0.0,True,0.0,False,0.0,14837500509.0,14837500509.0,4,False,True
C,A,20160101,2016,52,2016,156,CHN,China,X,Export,0,W00,World,0,W00,World,H4,HS,True,97,Works of art; collectors' pieces and antiques,2,False,C00,TOTAL CPC,0,0,TOTAL MOT,-1,N/A,0.0,False,-1,N/A,0.0,False,0.0,True,0.0,False,0.0,215430140.0,215430140.0,4,False,True
C,A,20160101,2016,52,2016,156,CHN,China,X,Export,0,W00,World,0,W00,World,H4,HS,True,01,Animals; live,2,False,C00,TOTAL CPC,0,0,TOTAL MOT,-1,N/A,0.0,False,-1,N/A,0.0,False,0.0,True,0.0,False,0.0,646738226.0,646738226.0,4,False,True
C,A,20160101,2016,52,2016,156,CHN,China,X,Export,0,W00,World,0,W00,World,H4,HS,True,03,"Fish and crustaceans, molluscs and other aquatic invertebrates",2,False,C00,TOTAL CPC,0,0,TOTAL MOT,-1,N/A,0.0,False,-1,N/A,0.0,False,0.0,True,0.0,False,0.0,13705483575.0,13705483575.0,4,False,True
C,A,20160101,2016,52,2016,156,CHN,China,X,Export,0,W00,World,0,W00,World,H4,HS,True,04,"Dairy produce; birds' eggs; natural honey; edible products of animal origin, not elsewhere specified or included",2,False,C00,TOTAL CPC,0,0,TOTAL MOT,-1,N/A,0.0,False,-1,N/A,0.0,False,0.0,True,0.0,False,0.0,589656006.0,589656006.0,4,False,True
C,A,20160101,2016,52,2016,156,CHN,China,X,Export,0,W00,World,0,W00,World,H4,HS,True,05,Animal originated products; not elsewhere specified or included,2,False,C00,TOTAL CPC,0,0,TOTAL MOT,-1,N/A,0.0,False,-1,N/A,0.0,False,0.0,True,0.0,False,0.0,1772362013.0,1772362013.0,4,False,True
C,A,20160101,2016,52,2016,156,CHN,China,X,Export,0,W00,World,0,W00,World,H4,HS,True,07,Vegetables and certain roots and tubers; edible,2,False,C00,TOTAL CPC,0,0,TOTAL MOT,-1,N/A,0.0,False,-1,N/A,0.0,False,0.0,True,0.0,False,0.0,10545990267.0,10545990267.0,4,False,True
C,A,20160101,2016,52,2016,156,CHN,China,X,Export,0,W00,World,0,W00,World,H4,HS,True,10,Cereals,2,False,C00,TOTAL CPC,0,0,TOTAL MOT,-1,N/A,0.0,False,-1,N/A,0.0,False,0.0,True,0.0,False,0.0,429187889.0,429187889.0,4,False,True
C,A,20160101,2016,52,2016,156,CHN,China,X,Export,0,W00,World,0,W00,World,H4,HS,True,11,"Products of the milling industry; malt, starches, inulin, wheat gluten",2,False,C00,TOTAL CPC,0,0,TOTAL MOT,-1,N/A,0.0,False,-1,N/A,0.0,False,0.0,True,0.0,False,0.0,565431129.0,565431129.0,4,False,True
C,A,20160101,2016,52,2016,156,CHN,China,X,Export,0,W00,World,0,W00,World,H4,HS,True,12,"Oil seeds and oleaginous fruits; miscellaneous grains, seeds and fruit, industrial or medicinal plants; straw and fodder",2,False,C00,TOTAL CPC,0,0,TOTAL MOT,-1,N/A,0.0,False,-1,N/A,0.0,False,0.0,True,0.0,False,0.0,2673682588.0,2673682588.0,4,False,True
C,A,20160101,2016,52,2016,156,CHN,China,X,Export,0,W00,World,0,W00,World,H4,HS,True,13,"Lac; gums, resins and other vegetable saps and extracts",2,False,C00,TOTAL CPC,0,0,TOTAL MOT,-1,N/A,0.0,False,-1,N/A,0.0,False,0.0,True,0.0,False,0.0,1257516274.0,1257516274.0,4,False,True
C,A,20160101,2016,52,2016,156,CHN,China,X,Export,0,W00,World,0,W00,World,H4,HS,True,15,Animal or vegetable fats and oils and their cleavage products; prepared animal fats; animal or vegetable waxes,2,False,C00,TOTAL CPC,0,0,TOTAL MOT,-1,N/A,0.0,False,-1,N/A,0.0,False,0.0,True,0.0,False,0.0,584064967.0,584064967.0,4,False,True
C,A,20160101,2016,52,2016,156,CHN,China,X,Export,0,W00,World,0,W00,World,H4,HS,True,16,"Meat, fish or crustaceans, molluscs or other aquatic invertebrates; preparations thereof",2,False,C00,TOTAL CPC,0,0,TOTAL MOT,-1,N/A,0.0,False,-1,N/A,0.0,False,0.0,True,0.0,False,0.0,7941690560.0,7941690560.0,4,False,True
C,A,20160101,2016,52,2016,156,CHN,China,X,Export,0,W00,World,0,W00,World,H4,HS,True,17,Sugars and sugar confectionery,2,False,C00,TOTAL CPC,0,0,TOTAL MOT,-1,N/A,0.0,False,-1,N/A,0.0,False,0.0,True,0.0,False,0.0,1706742441.0,1706742441.0,4,False,True
C,A,20160101,2016,52,2016,156,CHN,China,X,Export,0,W00,World,0,W00,World,H4,HS,True,24,Tobacco and manufactured tobacco substitutes,2,False,C00,TOTAL CPC,0,0,TOTAL MOT,-1,N/A,0.0,False,-1,N/A,0.0,False,0.0,True,0.0,False,0.0,1377466935.0,1377466935.0,4,False,True
C,A,20160101,2016,52,2016,156,CHN,China,X,Export,0,W00,World,0,W00,World,H4,HS,True,25,"Salt; sulphur; earths, stone; plastering materials, lime and cement",2,False,C00,TOTAL CPC,0,0,TOTAL MOT,-1,N/A,0.0,False,-1,N/A,0.0,False,0.0,True,0.0,False,0.0,2979622171.0,2979622171.0,4,False,True
C,A,20160101,2016,52,2016,156,CHN,China,X,Export,0,W00,World,0,W00,World,H4,HS,True,26,"Ores, slag and ash",2,False,C00,TOTAL CPC,0,0,TOTAL MOT,-1,N/A,0.0,False,-1,N/A,0.0,False,0.0,True,0.0,False,0.0,270468805.0,270468805.0,4,False,True
C,A,20160101,2016,52,2016,156,CHN,China,X,Export,0,W00,World,0,W00,World,H4,HS,True,27,"Mineral fuels, mineral oils and products of their distillation; bituminous substances; mineral waxes",2,False,C00,TOTAL CPC,0,0,TOTAL MOT,-1,N/A,0.0,False,-1,N/A,0.0,False,0.0,True,0.0,False,0.0,26873527146.0,26873527146.0,4,False,True
C,A,20160101,2016,52,2016,156,CHN,China,X,Export,0,W00,World,0,W00,World,H4,HS,True,28,"Inorganic chemicals; organic and inorganic compounds of precious metals; of rare earth metals, of radio-active elements and of isotopes",2,False,C00,TOTAL CPC,0,0,TOTAL MOT,-1,N/A,0.0,False,-1,N/A,0.0,False,0.0,True,0.0,False,0.0,12134627239.0,12134627239.0,4,False,True
C,A,20160101,2016,52,2016,156,CHN,China,X,Export,0,W00,World,0,W00,World,H4,HS,True,29,Organic chemicals,2,False,C00,TOTAL CPC,0,0,TOTAL MOT,-1,N/A,0.0,False,-1,N/A,0.0,False,0.0,True,0.0,False,0.0,42164490098.0,42164490098.0,4,False,True
C,A,20160101,2016,52,2016,156,CHN,China,X,Export,0,W00,World,0,W00,World,H4,HS,True,30,Pharmaceutical products,2,False,C00,TOTAL CPC,0,0,TOTAL MOT,-1,N/A,0.0,False,-1,N/A,0.0,False,0.0,True,0.0,False,0.0,7011521915.0,7011521915.0,4,False,True
C,A,20160101,2016,52,2016,156,CHN,China,X,Export,0,W00,World,0,W00,World,H4,HS,True,31,Fertilizers,2,False,C00,TOTAL CPC,0,0,TOTAL MOT,-1,N/A,0.0,False,-1,N/A,0.0,False,0.0,True,0.0,False,0.0,6556864784.0,6556864784.0,4,False,True
C,A,20160101,2016,52,2016,156,CHN,China,X,Export,0,W00,World,0,W00,World,H4,HS,True,32,"Tanning or dyeing extracts; tannins and their derivatives; dyes, pigments and other colouring matter; paints, varnishes; putty, other mastics; inks",2,False,C00,TOTAL CPC,0,0,TOTAL MOT,-1,N/A,0.0,False,-1,N/A,0.0,False,0.0,True,0.0,False,0.0,6085312145.0,6085312145.0,4,False,True
C,A,20160101,2016,52,2016,156,CHN,China,X,Export,0,W00,World,0,W00,World,H4,HS,True,36,Explosives; pyrotechnic products; matches; pyrophoric alloys; certain combustible preparations,2,False,C00,TOTAL CPC,0,0,TOTAL MOT,-1,N/A,0.0,False,-1,N/A,0.0,False,0.0,True,0.0,False,0.0,822098977.0,822098977.0,4,False,True
C,A,20160101,2016,52,2016,156,CHN,China,X,Export,0,W00,World,0,W00,World,H4,HS,True,38,Chemical products n.e.c.,2,False,C00,TOTAL CPC,0,0,TOTAL MOT,-1,N/A,0.0,False,-1,N/A,0.0,False,0.0,True,0.0,False,0.0,13445475260.0,13445475260.0,4,False,True
C,A,20160101,2016,52,2016,156,CHN,China,X,Export,0,W00,World,0,W00,World,H4,HS,True,39,Plastics and articles thereof,2,False,C00,TOTAL CPC,0,0,TOTAL MOT,-1,N/A,0.0,False,-1,N/A,0.0,False,0.0,True,0.0,False,0.0,62349962839.0,62349962839.0,4,False,True
C,A,20160101,2016,52,2016,156,CHN,China,X,Export,0,W00,World,0,W00,World,H4,HS,True,40,Rubber and articles thereof,2,False,C00,TOTAL CPC,0,0,TOTAL MOT,-1,N/A,0.0,False,-1,N/A,0.0,False,0.0,True,0.0,False,0.0,18728636633.0,18728636633.0,4,False,True
C,A,20160101,2016,52,2016,156,CHN,China,X,Export,0,W00,World,0,W00,World,H4,HS,True,41,Raw hides and skins (other than furskins) and leather,2,False,C00,TOTAL CPC,0,0,TOTAL MOT,-1,N/A,0.0,False,-1,N/A,0.0,False,0.0,True,0.0,False,0.0,626959868.0,626959868.0,4,False,True
C,A,20160101,2016,52,2016,156,CHN,China,X,Export,0,W00,World,0,W00,World,H4,HS,True,42,"Articles of leather; saddlery and harness; travel goods, handbags and similar containers; articles of animal gut (other than silk-worm gut)",2,False,C00,TOTAL CPC,0,0,TOTAL MOT,-1,N/A,0.0,False,-1,N/A,0.0,False,0.0,True,0.0,False,0.0,27367409264.0,27367409264.0,4,False,True
C,A,20160101,2016,52,2016,156,CHN,China,X,Export,0,W00,World,0,W00,World,H4,HS,True,43,Furskins and artificial fur; manufactures thereof,2,False,C00,TOTAL CPC,0,0,TOTAL MOT,-1,N/A,0.0,False,-1,N/A,0.0,False,0.0,True,0.0,False,0.0,3402266563.0,3402266563.0,4,False,True
C,A,20160101,2016,52,2016,156,CHN,China,X,Export,0,W00,World,0,W00,World,H4,HS,True,44,Wood and articles of wood; wood charcoal,2,False,C00,TOTAL CPC,0,0,TOTAL MOT,-1,N/A,0.0,False,-1,N/A,0.0,False,0.0,True,0.0,False,0.0,13544086576.0,13544086576.0,4,False,True
C,A,20160101,2016,52,2016,156,CHN,China,X,Export,0,W00,World,0,W00,World,H4,HS,True,45,Cork and articles of cork,2,False,C00,TOTAL CPC,0,0,TOTAL MOT,-1,N/A,0.0,False,-1,N/A,0.0,False,0.0,True,0.0,False,0.0,21282052.0,21282052.0,4,False,True
C,A,20160101,2016,52,2016,156,CHN,China,X,Export,0,W00,World,0,W00,World,H4,HS,True,48,"Paper and paperboard; articles of paper pulp, of paper or paperboard",2,False,C00,TOTAL CPC,0,0,TOTAL MOT,-1,N/A,0.0,False,-1,N/A,0.0,False,0.0,True,0.0,False,0.0,17610115559.0,17610115559.0,4,False,True
C,A,20160101,2016,52,2016,156,CHN,China,X,Export,0,W00,World,0,W00,World,H4,HS,True,49,"Printed books, newspapers, pictures and other products of the printing industry; manuscripts, typescripts and plans",2,False,C00,TOTAL CPC,0,0,TOTAL MOT,-1,N/A,0.0,False,-1,N/A,0.0,False,0.0,True,0.0,False,0.0,3612981316.0,3612981316.0,4,False,True
C,A,20160101,2016,52,2016,156,CHN,China,X,Export,0,W00,World,0,W00,World,H4,HS,True,53,Vegetable textile fibres; paper yarn and woven fabrics of paper yarn,2,False,C00,TOTAL CPC,0,0,TOTAL MOT,-1,N/A,0.0,False,-1,N/A,0.0,False,0.0,True,0.0,False,0.0,1054543515.0,1054543515.0,4,False,True
C,A,20160101,2016,52,2016,156,CHN,China,X,Export,0,W00,World,0,W00,World,H4,HS,True,54,Man-made filaments; strip and the like of man-made textile materials,2,False,C00,TOTAL CPC,0,0,TOTAL MOT,-1,N/A,0.0,False,-1,N/A,0.0,False,0.0,True,0.0,False,0.0,16560952774.0,16560952774.0,4,False,True
C,A,20160101,2016,52,2016,156,CHN,China,X,Export,0,W00,World,0,W00,World,H4,HS,True,55,Man-made staple fibres,2,False,C00,TOTAL CPC,0,0,TOTAL MOT,-1,N/A,0.0,False,-1,N/A,0.0,False,0.0,True,0.0,False,0.0,12114107051.0,12114107051.0,4,False,True
C,A,20160101,2016,52,2016,156,CHN,China,X,Export,0,W00,World,0,W00,World,H4,HS,True,56,"Wadding, felt and nonwovens, special yarns; twine, cordage, ropes and cables and articles thereof",2,False,C00,TOTAL CPC,0,0,TOTAL MOT,-1,N/A,0.0,False,-1,N/A,0.0,False,0.0,True,0.0,False,0.0,4905182575.0,4905182575.0,4,False,True
C,A,20160101,2016,52,2016,156,CHN,China,X,Export,0,W00,World,0,W00,World,H4,HS,True,58,"Fabrics; special woven fabrics, tufted textile fabrics, lace, tapestries, trimmings, embroidery",2,False,C00,TOTAL CPC,0,0,TOTAL MOT,-1,N/A,0.0,False,-1,N/A,0.0,False,0.0,True,0.0,False,0.0,4481013852.0,4481013852.0,4,False,True
C,A,20160101,2016,52,2016,156,CHN,China,X,Export,0,W00,World,0,W00,World,H4,HS,True,59,"Textile fabrics; impregnated, coated, covered or laminated; textile articles of a kind suitable for industrial use",2,False,C00,TOTAL CPC,0,0,TOTAL MOT,-1,N/A,0.0,False,-1,N/A,0.0,False,0.0,True,0.0,False,0.0,6898409869.0,6898409869.0,4,False,True
C,A,20160101,2016,52,2016,156,CHN,China,X,Export,0,W00,World,0,W00,World,H4,HS,True,61,Apparel and clothing accessories; knitted or crocheted,2,False,C00,TOTAL CPC,0,0,TOTAL MOT,-1,N/A,0.0,False,-1,N/A,0.0,False,0.0,True,0.0,False,0.0,74413440500.0,74413440500.0,4,False,True
C,A,20160101,2016,52,2016,156,CHN,China,X,Export,0,W00,World,0,W00,World,H4,HS,True,64,Footwear; gaiters and the like; parts of such articles,2,False,C00,TOTAL CPC,0,0,TOTAL MOT,-1,N/A,0.0,False,-1,N/A,0.0,False,0.0,True,0.0,False,0.0,47202913204.0,47202913204.0,4,False,True
C,A,20160101,2016,52,2016,156,CHN,China,X,Export,0,W00,World,0,W00,World,H4,HS,True,66,"Umbrellas, sun umbrellas, walking-sticks, seat sticks, whips, riding crops; and parts thereof",2,False,C00,TOTAL CPC,0,0,TOTAL MOT,-1,N/A,0.0,False,-1,N/A,0.0,False,0.0,True,0.0,False,0.0,2717323560.0,2717323560.0,4,False,True
C,A,20160101,2016,52,2016,156,CHN,China,X,Export,0,W00,World,0,W00,World,H4,HS,True,67,"Feathers and down, prepared; and articles made of feather or of down; artificial flowers; articles of human hair",2,False,C00,TOTAL CPC,0,0,TOTAL MOT,-1,N/A,0.0,False,-1,N/A,0.0,False,0.0,True,0.0,False,0.0,5111793296.0,5111793296.0,4,False,True
C,A,20160101,2016,52,2016,156,CHN,China,X,Export,0,W00,World,0,W00,World,H4,HS,True,68,"Stone, plaster, cement, asbestos, mica or similar materials; articles thereof",2,False,C00,TOTAL CPC,0,0,TOTAL MOT,-1,N/A,0.0,False,-1,N/A,0.0,False,0.0,True,0.0,False,0.0,10736979439.0,10736979439.0,4,False,True
C,A,20160101,2016,52,2016,156,CHN,China,X,Export,0,W00,World,0,W00,World,H4,HS,True,69,Ceramic products,2,False,C00,TOTAL CPC,0,0,TOTAL MOT,-1,N/A,0.0,False,-1,N/A,0.0,False,0.0,True,0.0,False,0.0,18262144229.0,18262144229.0,4,False,True
C,A,20160101,2016,52,2016,156,CHN,China,X,Export,0,W00,World,0,W00,World,H4,HS,True,70,Glass and glassware,2,False,C00,TOTAL CPC,0,0,TOTAL MOT,-1,N/A,0.0,False,-1,N/A,0.0,False,0.0,True,0.0,False,0.0,15264090063.0,15264090063.0,4,False,True
C,A,20160101,2016,52,2016,156,CHN,China,X,Export,0,W00,World,0,W00,World,H4,HS,True,72,Iron and steel,2,False,C00,TOTAL CPC,0,0,TOTAL MOT,-1,N/A,0.0,False,-1,N/A,0.0,False,0.0,True,0.0,False,0.0,43243669540.0,43243669540.0,4,False,True
C,A,20160101,2016,52,2016,156,CHN,China,X,Export,0,W00,World,0,W00,World,H4,HS,True,73,Iron or steel articles,2,False,C00,TOTAL CPC,0,0,TOTAL MOT,-1,N/A,0.0,False,-1,N/A,0.0,False,0.0,True,0.0,False,0.0,51891864569.0,51891864569.0,4,False,True
C,A,20160101,2016,52,2016,156,CHN,China,X,Export,0,W00,World,0,W00,World,H4,HS,True,74,Copper and articles thereof,2,False,C00,TOTAL CPC,0,0,TOTAL MOT,-1,N/A,0.0,False,-1,N/A,0.0,False,0.0,True,0.0,False,0.0,5794826321.0,5794826321.0,4,False,True
C,A,20160101,2016,52,2016,156,CHN,China,X,Export,0,W00,World,0,W00,World,H4,HS,True,75,Nickel and articles thereof,2,False,C00,TOTAL CPC,0,0,TOTAL MOT,-1,N/A,0.0,False,-1,N/A,0.0,False,0.0,True,0.0,False,0.0,325474967.0,325474967.0,4,False,True
C,A,20160101,2016,52,2016,156,CHN,China,X,Export,0,W00,World,0,W00,World,H4,HS,True,76,Aluminium and articles thereof,2,False,C00,TOTAL CPC,0,0,TOTAL MOT,-1,N/A,0.0,False,-1,N/A,0.0,False,0.0,True,0.0,False,0.0,21208479017.0,21208479017.0,4,False,True
C,A,20160101,2016,52,2016,156,CHN,China,X,Export,0,W00,World,0,W00,World,H4,HS,True,81,"Metals; n.e.c., cermets and articles thereof",2,False,C00,TOTAL CPC,0,0,TOTAL MOT,-1,N/A,0.0,False,-1,N/A,0.0,False,0.0,True,0.0,False,0.0,2499829350.0,2499829350.0,4,False,True
C,A,20160101,2016,52,2016,156,CHN,China,X,Export,0,W00,World,0,W00,World,H4,HS,True,82,"Tools, implements, cutlery, spoons and forks, of base metal; parts thereof, of base metal",2,False,C00,TOTAL CPC,0,0,TOTAL MOT,-1,N/A,0.0,False,-1,N/A,0.0,False,0.0,True,0.0,False,0.0,13341101462.0,13341101462.0,4,False,True
C,A,20160101,2016,52,2016,156,CHN,China,X,Export,0,W00,World,0,W00,World,H4,HS,True,83,Metal; miscellaneous products of base metal,2,False,C00,TOTAL CPC,0,0,TOTAL MOT,-1,N/A,0.0,False,-1,N/A,0.0,False,0.0,True,0.0,False,0.0,15667166556.0,15667166556.0,4,False,True
C,A,20160101,2016,52,2016,156,CHN,China,X,Export,0,W00,World,0,W00,World,H4,HS,True,93,Arms and ammunition; parts and accessories thereof,2,False,C00,TOTAL CPC,0,0,TOTAL MOT,-1,N/A,0.0,False,-1,N/A,0.0,False,0.0,True,0.0,False,0.0,139258558.0,139258558.0,4,False,True
C,A,20160101,2016,52,2016,156,CHN,China,X,Export,0,W00,World,0,W00,World,H4,HS,True,65,Headgear and parts thereof,2,False,C00,TOTAL CPC,0,0,TOTAL MOT,-1,N/A,0.0,False,-1,N/A,0.0,False,0.0,True,0.0,False,0.0,4403383781.0,4403383781.0,4,False,True
C,A,20160101,2016,52,2016,156,CHN,China,X,Export,0,W00,World,0,W00,World,H4,HS,True,94,"Furniture; bedding, mattresses, mattress supports, cushions and similar stuffed furnishings; lamps and lighting fittings, n.e.c.; illuminated signs, illuminated name-plates and the like; prefabricated buildings",2,False,C00,TOTAL CPC,0,0,TOTAL MOT,-1,N/A,0.0,False,-1,N/A,0.0,False,0.0,True,0.0,False,0.0,87509355600.0,87509355600.0,4,False,True
C,A,20160101,2016,52,2016,156,CHN,China,X,Export,0,W00,World,0,W00,World,H4,HS,True,95,"Toys, games and sports requisites; parts and accessories thereof",2,False,C00,TOTAL CPC,0,0,TOTAL MOT,-1,N/A,0.0,False,-1,N/A,0.0,False,0.0,True,0.0,False,0.0,43706633787.0,43706633787.0,4,False,True
C,A,20160101,2016,52,2016,156,CHN,China,X,Export,0,W00,World,0,W00,World,H4,HS,True,02,Meat and edible meat offal,2,False,C00,TOTAL CPC,0,0,TOTAL MOT,-1,N/A,0.0,False,-1,N/A,0.0,False,0.0,True,0.0,False,0.0,902451901.0,902451901.0,4,False,True
C,A,20160101,2016,52,2016,156,CHN,China,X,Export,0,W00,World,0,W00,World,H4,HS,True,08,"Fruit and nuts, edible; peel of citrus fruit or melons",2,False,C00,TOTAL CPC,0,0,TOTAL MOT,-1,N/A,0.0,False,-1,N/A,0.0,False,0.0,True,0.0,False,0.0,5484751979.0,5484751979.0,4,False,True
C,A,20160101,2016,52,2016,156,CHN,China,X,Export,0,W00,World,0,W00,World,H4,HS,True,09,"Coffee, tea, mate and spices",2,False,C00,TOTAL CPC,0,0,TOTAL MOT,-1,N/A,0.0,False,-1,N/A,0.0,False,0.0,True,0.0,False,0.0,2981022067.0,2981022067.0,4,False,True
C,A,20160101,2016,52,2016,156,CHN,China,X,Export,0,W00,World,0,W00,World,H4,HS,True,14,Vegetable plaiting materials; vegetable products not elsewhere specified or included,2,False,C00,TOTAL CPC,0,0,TOTAL MOT,-1,N/A,0.0,False,-1,N/A,0.0,False,0.0,True,0.0,False,0.0,120680798.0,120680798.0,4,False,True
C,A,20160101,2016,52,2016,156,CHN,China,X,Export,0,W00,World,0,W00,World,H4,HS,True,18,Cocoa and cocoa preparations,2,False,C00,TOTAL CPC,0,0,TOTAL MOT,-1,N/A,0.0,False,-1,N/A,0.0,False,0.0,True,0.0,False,0.0,425866561.0,425866561.0,4,False,True
C,A,20160101,2016,52,2016,156,CHN,China,X,Export,0,W00,World,0,W00,World,H4,HS,True,19,"Preparations of cereals, flour, starch or milk; pastrycooks' products",2,False,C00,TOTAL CPC,0,0,TOTAL MOT,-1,N/A,0.0,False,-1,N/A,0.0,False,0.0,True,0.0,False,0.0,1578685280.0,1578685280.0,4,False,True
C,A,20160101,2016,52,2016,156,CHN,China,X,Export,0,W00,World,0,W00,World,H4,HS,True,20,"Preparations of vegetables, fruit, nuts or other parts of plants",2,False,C00,TOTAL CPC,0,0,TOTAL MOT,-1,N/A,0.0,False,-1,N/A,0.0,False,0.0,True,0.0,False,0.0,7337690951.0,7337690951.0,4,False,True
C,A,20160101,2016,52,2016,156,CHN,China,X,Export,0,W00,World,0,W00,World,H4,HS,True,21,Miscellaneous edible preparations,2,False,C00,TOTAL CPC,0,0,TOTAL MOT,-1,N/A,0.0,False,-1,N/A,0.0,False,0.0,True,0.0,False,0.0,3205203315.0,3205203315.0,4,False,True
C,A,20160101,2016,52,2016,156,CHN,China,X,Export,0,W00,World,0,W00,World,H4,HS,True,22,"Beverages, spirits and vinegar",2,False,C00,TOTAL CPC,0,0,TOTAL MOT,-1,N/A,0.0,False,-1,N/A,0.0,False,0.0,True,0.0,False,0.0,2202627559.0,2202627559.0,4,False,True
C,A,20160101,2016,52,2016,156,CHN,China,X,Export,0,W00,World,0,W00,World,H4,HS,True,23,"Food industries, residues and wastes thereof; prepared animal fodder",2,False,C00,TOTAL CPC,0,0,TOTAL MOT,-1,N/A,0.0,False,-1,N/A,0.0,False,0.0,True,0.0,False,0.0,2767530969.0,2767530969.0,4,False,True
C,A,20160101,2016,52,2016,156,CHN,China,X,Export,0,W00,World,0,W00,World,H4,HS,True,33,"Essential oils and resinoids; perfumery, cosmetic or toilet preparations",2,False,C00,TOTAL CPC,0,0,TOTAL MOT,-1,N/A,0.0,False,-1,N/A,0.0,False,0.0,True,0.0,False,0.0,4287175875.0,4287175875.0,4,False,True
C,A,20160101,2016,52,2016,156,CHN,China,X,Export,0,W00,World,0,W00,World,H4,HS,True,34,"Soap, organic surface-active agents; washing, lubricating, polishing or scouring preparations; artificial or prepared waxes, candles and similar articles, modelling pastes, dental waxes and dental preparations with a basis of plaster",2,False,C00,TOTAL CPC,0,0,TOTAL MOT,-1,N/A,0.0,False,-1,N/A,0.0,False,0.0,True,0.0,False,0.0,3233810290.0,3233810290.0,4,False,True
C,A,20160101,2016,52,2016,156,CHN,China,X,Export,0,W00,World,0,W00,World,H4,HS,True,35,Albuminoidal substances; modified starches; glues; enzymes,2,False,C00,TOTAL CPC,0,0,TOTAL MOT,-1,N/A,0.0,False,-1,N/A,0.0,False,0.0,True,0.0,False,0.0,2493481376.0,2493481376.0,4,False,True
C,A,20160101,2016,52,2016,156,CHN,China,X,Export,0,W00,World,0,W00,World,H4,HS,True,46,"Manufactures of straw, esparto or other plaiting materials; basketware and wickerwork",2,False,C00,TOTAL CPC,0,0,TOTAL MOT,-1,N/A,0.0,False,-1,N/A,0.0,False,0.0,True,0.0,False,0.0,1481603475.0,1481603475.0,4,False,True
C,A,20160101,2016,52,2016,156,CHN,China,X,Export,0,W00,World,0,W00,World,H4,HS,True,47,Pulp of wood or other fibrous cellulosic material; recovered (waste and scrap) paper or paperboard,2,False,C00,TOTAL CPC,0,0,TOTAL MOT,-1,N/A,0.0,False,-1,N/A,0.0,False,0.0,True,0.0,False,0.0,109685343.0,109685343.0,4,False,True
C,A,20160101,2016,52,2016,156,CHN,China,X,Export,0,W00,World,0,W00,World,H4,HS,True,50,Silk,2,False,C00,TOTAL CPC,0,0,TOTAL MOT,-1,N/A,0.0,False,-1,N/A,0.0,False,0.0,True,0.0,False,0.0,1158019723.0,1158019723.0,4,False,True
C,A,20160101,2016,52,2016,156,CHN,China,X,Export,0,W00,World,0,W00,World,H4,HS,True,51,"Wool, fine or coarse animal hair; horsehair yarn and woven fabric",2,False,C00,TOTAL CPC,0,0,TOTAL MOT,-1,N/A,0.0,False,-1,N/A,0.0,False,0.0,True,0.0,False,0.0,2140643062.0,2140643062.0,4,False,True
C,A,20160101,2016,52,2016,156,CHN,China,X,Export,0,W00,World,0,W00,World,H4,HS,True,52,Cotton,2,False,C00,TOTAL CPC,0,0,TOTAL MOT,-1,N/A,0.0,False,-1,N/A,0.0,False,0.0,True,0.0,False,0.0,14965725351.0,14965725351.0,4,False,True
C,A,20160101,2016,52,2016,156,CHN,China,X,Export,0,W00,World,0,W00,World,H4,HS,True,57,Carpets and other textile floor coverings,2,False,C00,TOTAL CPC,0,0,TOTAL MOT,-1,N/A,0.0,False,-1,N/A,0.0,False,0.0,True,0.0,False,0.0,2522916281.0,2522916281.0,4,False,True
C,A,20160101,2016,52,2016,156,CHN,China,X,Export,0,W00,World,0,W00,World,H4,HS,True,60,Fabrics; knitted or crocheted,2,False,C00,TOTAL CPC,0,0,TOTAL MOT,-1,N/A,0.0,False,-1,N/A,0.0,False,0.0,True,0.0,False,0.0,14415314628.0,14415314628.0,4,False,True
C,A,20160101,2016,52,2016,156,CHN,China,X,Export,0,W00,World,0,W00,World,H4,HS,True,63,"Textiles, made up articles; sets; worn clothing and worn textile articles; rags",2,False,C00,TOTAL CPC,0,0,TOTAL MOT,-1,N/A,0.0,False,-1,N/A,0.0,False,0.0,True,0.0,False,0.0,25521305863.0,25521305863.0,4,False,True
C,A,20160101,2016,52,2016,156,CHN,China,X,Export,0,W00,World,0,W00,World,H4,HS,True,78,Lead and articles thereof,2,False,C00,TOTAL CPC,0,0,TOTAL MOT,-1,N/A,0.0,False,-1,N/A,0.0,False,0.0,True,0.0,False,0.0,72779236.0,72779236.0,4,False,True
C,A,20160101,2016,52,2016,156,CHN,China,X,Export,0,W00,World,0,W00,World,H4,HS,True,79,Zinc and articles thereof,2,False,C00,TOTAL CPC,0,0,TOTAL MOT,-1,N/A,0.0,False,-1,N/A,0.0,False,0.0,True,0.0,False,0.0,271933521.0,271933521.0,4,False,True
C,A,20160101,2016,52,2016,156,CHN,China,X,Export,0,W00,World,0,W00,World,H4,HS,True,80,Tin; articles thereof,2,False,C00,TOTAL CPC,0,0,TOTAL MOT,-1,N/A,0.0,False,-1,N/A,0.0,False,0.0,True,0.0,False,0.0,66386330.0,66386330.0,4,False,True
C,A,20160101,2016,52,2016,704,VNM,Viet Nam,X,Export,0,W00,World,0,W00,World,H4,HS,True,84,"Nuclear reactors, boilers, machinery and mechanical appliances; parts thereof",2,False,C00,TOTAL CPC,0 ,0,TOTAL MOT,-1,N/A,0.0,False,-1,N/A,0.0,False,,True,,False,,9699156115.87,9699156115.87,0,False,True
C,A,20160101,2016,52,2016,704,VNM,Viet Nam,X,Export,0,W00,World,0,W00,World,H4,HS,True,39,Plastics and articles thereof,2,False,C00,TOTAL CPC,0 ,0,TOTAL MOT,-1,N/A,0.0,False,-1,N/A,0.0,False,,True,,False,,2786216440.0,2786216440.0,0,False,True
C,A,20160101,2016,52,2016,704,VNM,Viet Nam,X,Export,0,W00,World,0,W00,World,H4,HS,True,85,"Electrical machinery and equipment and parts thereof; sound recorders and reproducers; television image and sound recorders and reproducers, parts and accessories of such articles",2,False,C00,TOTAL CPC,0 ,0,TOTAL MOT,-1,N/A,0.0,False,-1,N/A,0.0,False,,True,,False,,57192921412.48,57192921412.48,0,False,True
C,A,20160101,2016,52,2016,704,VNM,Viet Nam,X,Export,0,W00,World,0,W00,World,H4,HS,True,94,"Furniture; bedding, mattresses, mattress supports, cushions and similar stuffed furnishings; lamps and lighting fittings, n.e.c.; illuminated signs, illuminated name-plates and the like; prefabricated buildings",2,False,C00,TOTAL CPC,0 ,0,TOTAL MOT,-1,N/A,0.0,False,-1,N/A,0.0,False,,True,,False,,5856759606.31,5856759606.31,0,False,True
C,A,20160101,2016,52,2016,704,VNM,Viet Nam,X,Export,0,W00,World,0,W00,World,H4,HS,True,61,Apparel and clothing accessories; knitted or crocheted,2,False,C00,TOTAL CPC,0 ,0,TOTAL MOT,-1,N/A,0.0,False,-1,N/A,0.0,False,,True,,False,,10801483624.55,10801483624.55,0,False,True
C,A,20160101,2016,52,2016,704,VNM,Viet Nam,X,Export,0,W00,World,0,W00,World,H4,HS,True,01,Animals; live,2,False,C00,TOTAL CPC,0 ,0,TOTAL MOT,-1,N/A,0.0,False,-1,N/A,0.0,False,,True,,False,,130647555.76,130647555.76,0,False,True
C,A,20160101,2016,52,2016,704,VNM,Viet Nam,X,Export,0,W00,World,0,W00,World,H4,HS,True,02,Meat and edible meat offal,2,False,C00,TOTAL CPC,0 ,0,TOTAL MOT,-1,N/A,0.0,False,-1,N/A,0.0,False,,True,,False,,115147725.09,115147725.09,0,False,True
C,A,20160101,2016,52,2016,704,VNM,Viet Nam,X,Export,0,W00,World,0,W00,World,H4,HS,True,03,"Fish and crustaceans, molluscs and other aquatic invertebrates",2,False,C00,TOTAL CPC,0 ,0,TOTAL MOT,-1,N/A,0.0,False,-1,N/A,0.0,False,,True,,False,,5184388211.19,5184388211.19,0,False,True
C,A,20160101,2016,52,2016,704,VNM,Viet Nam,X,Export,0,W00,World,0,W00,World,H4,HS,True,04,"Dairy produce; birds' eggs; natural honey; edible products of animal origin, not elsewhere specified or included",2,False,C00,TOTAL CPC,0 ,0,TOTAL MOT,-1,N/A,0.0,False,-1,N/A,0.0,False,,True,,False,,155446587.86,155446587.86,0,False,True
C,A,20160101,2016,52,2016,704,VNM,Viet Nam,X,Export,0,W00,World,0,W00,World,H4,HS,True,05,Animal originated products; not elsewhere specified or included,2,False,C00,TOTAL CPC,0 ,0,TOTAL MOT,-1,N/A,0.0,False,-1,N/A,0.0,False,,True,,False,,24143617.07,24143617.07,0,False,True
C,A,20160101,2016,52,2016,704,VNM,Viet Nam,X,Export,0,W00,World,0,W00,World,H4,HS,True,06,"Trees and other plants, live; bulbs, roots and the like; cut flowers and ornamental foliage",2,False,C00,TOTAL CPC,0 ,0,TOTAL MOT,-1,N/A,0.0,False,-1,N/A,0.0,False,,True,,False,,65708043.84,65708043.84,0,False,True
C,A,20160101,2016,52,2016,704,VNM,Viet Nam,X,Export,0,W00,World,0,W00,World,H4,HS,True,07,Vegetables and certain roots and tubers; edible,2,False,C00,TOTAL CPC,0 ,0,TOTAL MOT,-1,N/A,0.0,False,-1,N/A,0.0,False,,True,,False,,500684202.31,500684202.31,0,False,True
C,A,20160101,2016,52,2016,704,VNM,Viet Nam,X,Export,0,W00,World,0,W00,World,H4,HS,True,08,"Fruit and nuts, edible; peel of citrus fruit or melons",2,False,C00,TOTAL CPC,0 ,0,TOTAL MOT,-1,N/A,0.0,False,-1,N/A,0.0,False,,True,,False,,4611877424.91,4611877424.91,0,False,True
C,A,20160101,2016,52,2016,704,VNM,Viet Nam,X,Export,0,W00,World,0,W00,World,H4,HS,True,09,"Coffee, tea, mate and spices",2,False,C00,TOTAL CPC,0 ,0,TOTAL MOT,-1,N/A,0.0,False,-1,N/A,0.0,False,,True,,False,,4826959167.59,4826959167.59,0,False,True
C,A,20160101,2016,52,2016,704,VNM,Viet Nam,X,Export,0,W00,World,0,W00,World,H4,HS,True,10,Cereals,2,False,C00,TOTAL CPC,0 ,0,TOTAL MOT,-1,N/A,0.0,False,-1,N/A,0.0,False,,True,,False,,2180841928.56,2180841928.56,0,False,True
C,A,20160101,2016,52,2016,704,VNM,Viet Nam,X,Export,0,W00,World,0,W00,World,H4,HS,True,11,"Products of the milling industry; malt, starches, inulin, wheat gluten",2,False,C00,TOTAL CPC,0 ,0,TOTAL MOT,-1,N/A,0.0,False,-1,N/A,0.0,False,,True,,False,,815019005.24,815019005.24,0,False,True
C,A,20160101,2016,52,2016,704,VNM,Viet Nam,X,Export,0,W00,World,0,W00,World,H4,HS,True,12,"Oil seeds and oleaginous fruits; miscellaneous grains, seeds and fruit, industrial or medicinal plants; straw and fodder",2,False,C00,TOTAL CPC,0 ,0,TOTAL MOT,-1,N/A,0.0,False,-1,N/A,0.0,False,,True,,False,,113825729.85,113825729.85,0,False,True
C,A,20160101,2016,52,2016,704,VNM,Viet Nam,X,Export,0,W00,World,0,W00,World,H4,HS,True,13,"Lac; gums, resins and other vegetable saps and extracts",2,False,C00,TOTAL CPC,0 ,0,TOTAL MOT,-1,N/A,0.0,False,-1,N/A,0.0,False,,True,,False,,25633490.21,25633490.21,0,False,True
C,A,20160101,2016,52,2016,704,VNM,Viet Nam,X,Export,0,W00,World,0,W00,World,H4,HS,True,14,Vegetable plaiting materials; vegetable products not elsewhere specified or included,2,False,C00,TOTAL CPC,0 ,0,TOTAL MOT,-1,N/A,0.0,False,-1,N/A,0.0,False,,True,,False,,24294997.74,24294997.74,0,False,True
C,A,20160101,2016,52,2016,704,VNM,Viet Nam,X,Export,0,W00,World,0,W00,World,H4,HS,True,15,Animal or vegetable fats and oils and their cleavage products; prepared animal fats; animal or vegetable waxes,2,False,C00,TOTAL CPC,0 ,0,TOTAL MOT,-1,N/A,0.0,False,-1,N/A,0.0,False,,True,,False,,175551861.54,175551861.54,0,False,True
C,A,20160101,2016,52,2016,704,VNM,Viet Nam,X,Export,0,W00,World,0,W00,World,H4,HS,True,16,"Meat, fish or crustaceans, molluscs or other aquatic invertebrates; preparations thereof",2,False,C00,TOTAL CPC,0 ,0,TOTAL MOT,-1,N/A,0.0,False,-1,N/A,0.0,False,,True,,False,,1855144557.14,1855144557.14,0,False,True
C,A,20160101,2016,52,2016,704,VNM,Viet Nam,X,Export,0,W00,World,0,W00,World,H4,HS,True,17,Sugars and sugar confectionery,2,False,C00,TOTAL CPC,0 ,0,TOTAL MOT,-1,N/A,0.0,False,-1,N/A,0.0,False,,True,,False,,118998753.83,118998753.83,0,False,True
C,A,20160101,2016,52,2016,704,VNM,Viet Nam,X,Export,0,W00,World,0,W00,World,H4,HS,True,18,Cocoa and cocoa preparations,2,False,C00,TOTAL CPC,0 ,0,TOTAL MOT,-1,N/A,0.0,False,-1,N/A,0.0,False,,True,,False,,21507390.88,21507390.88,0,False,True
C,A,20160101,2016,52,2016,704,VNM,Viet Nam,X,Export,0,W00,World,0,W00,World,H4,HS,True,19,"Preparations of cereals, flour, starch or milk; pastrycooks' products",2,False,C00,TOTAL CPC,0 ,0,TOTAL MOT,-1,N/A,0.0,False,-1,N/A,0.0,False,,True,,False,,625831338.46,625831338.46,0,False,True
C,A,20160101,2016,52,2016,704,VNM,Viet Nam,X,Export,0,W00,World,0,W00,World,H4,HS,True,20,"Preparations of vegetables, fruit, nuts or other parts of plants",2,False,C00,TOTAL CPC,0 ,0,TOTAL MOT,-1,N/A,0.0,False,-1,N/A,0.0,False,,True,,False,,424175624.01,424175624.01,0,False,True
C,A,20160101,2016,52,2016,704,VNM,Viet Nam,X,Export,0,W00,World,0,W00,World,H4,HS,True,21,Miscellaneous edible preparations,2,False,C00,TOTAL CPC,0 ,0,TOTAL MOT,-1,N/A,0.0,False,-1,N/A,0.0,False,,True,,False,,521054533.77,521054533.77,0,False,True
C,A,20160101,2016,52,2016,704,VNM,Viet Nam,X,Export,0,W00,World,0,W00,World,H4,HS,True,22,"Beverages, spirits and vinegar",2,False,C00,TOTAL CPC,0 ,0,TOTAL MOT,-1,N/A,0.0,False,-1,N/A,0.0,False,,True,,False,,265129417.5,265129417.5,0,False,True
C,A,20160101,2016,52,2016,704,VNM,Viet Nam,X,Export,0,W00,World,0,W00,World,H4,HS,True,23,"Food industries, residues and wastes thereof; prepared animal fodder",2,False,C00,TOTAL CPC,0 ,0,TOTAL MOT,-1,N/A,0.0,False,-1,N/A,0.0,False,,True,,False,,586552383.43,586552383.43,0,False,True
C,A,20160101,2016,52,2016,704,VNM,Viet Nam,X,Export,0,W00,World,0,W00,World,H4,HS,True,24,Tobacco and manufactured tobacco substitutes,2,False,C00,TOTAL CPC,0 ,0,TOTAL MOT,-1,N/A,0.0,False,-1,N/A,0.0,False,,True,,False,,296508430.92,296508430.92,0,False,True
C,A,20160101,2016,52,2016,704,VNM,Viet Nam,X,Export,0,W00,World,0,W00,World,H4,HS,True,25,"Salt; sulphur; earths, stone; plastering materials, lime and cement",2,False,C00,TOTAL CPC,0 ,0,TOTAL MOT,-1,N/A,0.0,False,-1,N/A,0.0,False,,True,,False,,840504887.37,840504887.37,0,False,True
C,A,20160101,2016,52,2016,704,VNM,Viet Nam,X,Export,0,W00,World,0,W00,World,H4,HS,True,26,"Ores, slag and ash",2,False,C00,TOTAL CPC,0 ,0,TOTAL MOT,-1,N/A,0.0,False,-1,N/A,0.0,False,,True,,False,,77671267.94,77671267.94,0,False,True
C,A,20160101,2016,52,2016,704,VNM,Viet Nam,X,Export,0,W00,World,0,W00,World,H4,HS,True,27,"Mineral fuels, mineral oils and products of their distillation; bituminous substances; mineral waxes",2,False,C00,TOTAL CPC,0 ,0,TOTAL MOT,-1,N/A,0.0,False,-1,N/A,0.0,False,,True,,False,,3579059669.08,3579059669.08,0,False,True
C,A,20160101,2016,52,2016,704,VNM,Viet Nam,X,Export,0,W00,World,0,W00,World,H4,HS,True,28,"Inorganic chemicals; organic and inorganic compounds of precious metals; of rare earth metals, of radio-active elements and of isotopes",2,False,C00,TOTAL CPC,0 ,0,TOTAL MOT,-1,N/A,0.0,False,-1,N/A,0.0,False,,True,,False,,769703662.33,769703662.33,0,False,True
C,A,20160101,2016,52,2016,704,VNM,Viet Nam,X,Export,0,W00,World,0,W00,World,H4,HS,True,29,Organic chemicals,2,False,C00,TOTAL CPC,0 ,0,TOTAL MOT,-1,N/A,0.0,False,-1,N/A,0.0,False,,True,,False,,177925000.18,177925000.18,0,False,True
C,A,20160101,2016,52,2016,704,VNM,Viet Nam,X,Export,0,W00,World,0,W00,World,H4,HS,True,30,Pharmaceutical products,2,False,C00,TOTAL CPC,0 ,0,TOTAL MOT,-1,N/A,0.0,False,-1,N/A,0.0,False,,True,,False,,117870901.99,117870901.99,0,False,True
C,A,20160101,2016,52,2016,704,VNM,Viet Nam,X,Export,0,W00,World,0,W00,World,H4,HS,True,32,"Tanning or dyeing extracts; tannins and their derivatives; dyes, pigments and other colouring matter; paints, varnishes; putty, other mastics; inks",2,False,C00,TOTAL CPC,0 ,0,TOTAL MOT,-1,N/A,0.0,False,-1,N/A,0.0,False,,True,,False,,72697001.92,72697001.92,0,False,True
C,A,20160101,2016,52,2016,704,VNM,Viet Nam,X,Export,0,W00,World,0,W00,World,H4,HS,True,33,"Essential oils and resinoids; perfumery, cosmetic or toilet preparations",2,False,C00,TOTAL CPC,0 ,0,TOTAL MOT,-1,N/A,0.0,False,-1,N/A,0.0,False,,True,,False,,320318234.47,320318234.47,0,False,True
C,A,20160101,2016,52,2016,704,VNM,Viet Nam,X,Export,0,W00,World,0,W00,World,H4,HS,True,34,"Soap, organic surface-active agents; washing, lubricating, polishing or scouring preparations; artificial or prepared waxes, candles and similar articles, modelling pastes, dental waxes and dental preparations with a basis of plaster",2,False,C00,TOTAL CPC,0 ,0,TOTAL MOT,-1,N/A,0.0,False,-1,N/A,0.0,False,,True,,False,,395045641.64,395045641.64,0,False,True
C,A,20160101,2016,52,2016,704,VNM,Viet Nam,X,Export,0,W00,World,0,W00,World,H4,HS,True,35,Albuminoidal substances; modified starches; glues; enzymes,2,False,C00,TOTAL CPC,0 ,0,TOTAL MOT,-1,N/A,0.0,False,-1,N/A,0.0,False,,True,,False,,91466398.04,91466398.04,0,False,True
C,A,20160101,2016,52,2016,704,VNM,Viet Nam,X,Export,0,W00,World,0,W00,World,H4,HS,True,36,Explosives; pyrotechnic products; matches; pyrophoric alloys; certain combustible preparations,2,False,C00,TOTAL CPC,0 ,0,TOTAL MOT,-1,N/A,0.0,False,-1,N/A,0.0,False,,True,,False,,582238.02,582238.02,0,False,True
C,A,20160101,2016,52,2016,704,VNM,Viet Nam,X,Export,0,W00,World,0,W00,World,H4,HS,True,37,Photographic or cinematographic goods,2,False,C00,TOTAL CPC,0 ,0,TOTAL MOT,-1,N/A,0.0,False,-1,N/A,0.0,False,,True,,False,,5578621.65,5578621.65,0,False,True
C,A,20160101,2016,52,2016,704,VNM,Viet Nam,X,Export,0,W00,World,0,W00,World,H4,HS,True,38,Chemical products n.e.c.,2,False,C00,TOTAL CPC,0 ,0,TOTAL MOT,-1,N/A,0.0,False,-1,N/A,0.0,False,,True,,False,,514006424.55,514006424.55,0,False,True
C,A,20160101,2016,52,2016,704,VNM,Viet Nam,X,Export,0,W00,World,0,W00,World,H4,HS,True,40,Rubber and articles thereof,2,False,C00,TOTAL CPC,0 ,0,TOTAL MOT,-1,N/A,0.0,False,-1,N/A,0.0,False,,True,,False,,2845962396.03,2845962396.03,0,False,True
C,A,20160101,2016,52,2016,704,VNM,Viet Nam,X,Export,0,W00,World,0,W00,World,H4,HS,True,41,Raw hides and skins (other than furskins) and leather,2,False,C00,TOTAL CPC,0 ,0,TOTAL MOT,-1,N/A,0.0,False,-1,N/A,0.0,False,,True,,False,,408968843.53,408968843.53,0,False,True
C,A,20160101,2016,52,2016,704,VNM,Viet Nam,X,Export,0,W00,World,0,W00,World,H4,HS,True,42,"Articles of leather; saddlery and harness; travel goods, handbags and similar containers; articles of animal gut (other than silk-worm gut)",2,False,C00,TOTAL CPC,0 ,0,TOTAL MOT,-1,N/A,0.0,False,-1,N/A,0.0,False,,True,,False,,2985053481.01,2985053481.01,0,False,True
C,A,20160101,2016,52,2016,704,VNM,Viet Nam,X,Export,0,W00,World,0,W00,World,H4,HS,True,43,Furskins and artificial fur; manufactures thereof,2,False,C00,TOTAL CPC,0 ,0,TOTAL MOT,-1,N/A,0.0,False,-1,N/A,0.0,False,,True,,False,,142541118.04,142541118.04,0,False,True
C,A,20160101,2016,52,2016,704,VNM,Viet Nam,X,Export,0,W00,World,0,W00,World,H4,HS,True,44,Wood and articles of wood; wood charcoal,2,False,C00,TOTAL CPC,0 ,0,TOTAL MOT,-1,N/A,0.0,False,-1,N/A,0.0,False,,True,,False,,2290126060.41,2290126060.41,0,False,True
C,A,20160101,2016,52,2016,704,VNM,Viet Nam,X,Export,0,W00,World,0,W00,World,H4,HS,True,45,Cork and articles of cork,2,False,C00,TOTAL CPC,0 ,0,TOTAL MOT,-1,N/A,0.0,False,-1,N/A,0.0,False,,True,,False,,175708.81,175708.81,0,False,True
C,A,20160101,2016,52,2016,704,VNM,Viet Nam,X,Export,0,W00,World,0,W00,World,H4,HS,True,46,"Manufactures of straw, esparto or other plaiting materials; basketware and wickerwork",2,False,C00,TOTAL CPC,0 ,0,TOTAL MOT,-1,N/A,0.0,False,-1,N/A,0.0,False,,True,,False,,195962698.25,195962698.25,0,False,True
C,A,20160101,2016,52,2016,704,VNM,Viet Nam,X,Export,0,W00,World,0,W00,World,H4,HS,True,47,Pulp of wood or other fibrous cellulosic material; recovered (waste and scrap) paper or paperboard,2,False,C00,TOTAL CPC,0 ,0,TOTAL MOT,-1,N/A,0.0,False,-1,N/A,0.0,False,,True,,False,,1512893.1,1512893.1,0,False,True
C,A,20160101,2016,52,2016,704,VNM,Viet Nam,X,Export,0,W00,World,0,W00,World,H4,HS,True,48,"Paper and paperboard; articles of paper pulp, of paper or paperboard",2,False,C00,TOTAL CPC,0 ,0,TOTAL MOT,-1,N/A,0.0,False,-1,N/A,0.0,False,,True,,False,,523404550.17,523404550.17,0,False,True
C,A,20160101,2016,52,2016,704,VNM,Viet Nam,X,Export,0,W00,World,0,W00,World,H4,HS,True,49,"Printed books, newspapers, pictures and other products of the printing industry; manuscripts, typescripts and plans",2,False,C00,TOTAL CPC,0 ,0,TOTAL MOT,-1,N/A,0.0,False,-1,N/A,0.0,False,,True,,False,,45153131.6,45153131.6,0,False,True
C,A,20160101,2016,52,2016,704,VNM,Viet Nam,X,Export,0,W00,World,0,W00,World,H4,HS,True,50,Silk,2,False,C00,TOTAL CPC,0 ,0,TOTAL MOT,-1,N/A,0.0,False,-1,N/A,0.0,False,,True,,False,,73129756.33,73129756.33,0,False,True
C,A,20160101,2016,52,2016,704,VNM,Viet Nam,X,Export,0,W00,World,0,W00,World,H4,HS,True,51,"Wool, fine or coarse animal hair; horsehair yarn and woven fabric",2,False,C00,TOTAL CPC,0 ,0,TOTAL MOT,-1,N/A,0.0,False,-1,N/A,0.0,False,,True,,False,,6289393.79,6289393.79,0,False,True
C,A,20160101,2016,52,2016,704,VNM,Viet Nam,X,Export,0,W00,World,0,W00,World,H4,HS,True,52,Cotton,2,False,C00,TOTAL CPC,0 ,0,TOTAL MOT,-1,N/A,0.0,False,-1,N/A,0.0,False,,True,,False,,2096054607.23,2096054607.23,0,False,True
C,A,20160101,2016,52,2016,704,VNM,Viet Nam,X,Export,0,W00,World,0,W00,World,H4,HS,True,53,Vegetable textile fibres; paper yarn and woven fabrics of paper yarn,2,False,C00,TOTAL CPC,0 ,0,TOTAL MOT,-1,N/A,0.0,False,-1,N/A,0.0,False,,True,,False,,31896502.94,31896502.94,0,False,True
C,A,20160101,2016,52,2016,704,VNM,Viet Nam,X,Export,0,W00,World,0,W00,World,H4,HS,True,54,Man-made filaments; strip and the like of man-made textile materials,2,False,C00,TOTAL CPC,0 ,0,TOTAL MOT,-1,N/A,0.0,False,-1,N/A,0.0,False,,True,,False,,749765662.11,749765662.11,0,False,True
C,A,20160101,2016,52,2016,704,VNM,Viet Nam,X,Export,0,W00,World,0,W00,World,H4,HS,True,55,Man-made staple fibres,2,False,C00,TOTAL CPC,0 ,0,TOTAL MOT,-1,N/A,0.0,False,-1,N/A,0.0,False,,True,,False,,491746733.82,491746733.82,0,False,True
C,A,20160101,2016,52,2016,704,VNM,Viet Nam,X,Export,0,W00,World,0,W00,World,H4,HS,True,56,"Wadding, felt and nonwovens, special yarns; twine, cordage, ropes and cables and articles thereof",2,False,C00,TOTAL CPC,0 ,0,TOTAL MOT,-1,N/A,0.0,False,-1,N/A,0.0,False,,True,,False,,288980782.32,288980782.32,0,False,True
C,A,20160101,2016,52,2016,704,VNM,Viet Nam,X,Export,0,W00,World,0,W00,World,H4,HS,True,57,Carpets and other textile floor coverings,2,False,C00,TOTAL CPC,0 ,0,TOTAL MOT,-1,N/A,0.0,False,-1,N/A,0.0,False,,True,,False,,35098799.33,35098799.33,0,False,True
C,A,20160101,2016,52,2016,704,VNM,Viet Nam,X,Export,0,W00,World,0,W00,World,H4,HS,True,58,"Fabrics; special woven fabrics, tufted textile fabrics, lace, tapestries, trimmings, embroidery",2,False,C00,TOTAL CPC,0 ,0,TOTAL MOT,-1,N/A,0.0,False,-1,N/A,0.0,False,,True,,False,,75098227.09,75098227.09,0,False,True
C,A,20160101,2016,52,2016,704,VNM,Viet Nam,X,Export,0,W00,World,0,W00,World,H4,HS,True,59,"Textile fabrics; impregnated, coated, covered or laminated; textile articles of a kind suitable for industrial use",2,False,C00,TOTAL CPC,0 ,0,TOTAL MOT,-1,N/A,0.0,False,-1,N/A,0.0,False,,True,,False,,484693294.76,484693294.76,0,False,True
C,A,20160101,2016,52,2016,704,VNM,Viet Nam,X,Export,0,W00,World,0,W00,World,H4,HS,True,60,Fabrics; knitted or crocheted,2,False,C00,TOTAL CPC,0 ,0,TOTAL MOT,-1,N/A,0.0,False,-1,N/A,0.0,False,,True,,False,,600596203.07,600596203.07,0,False,True
C,A,20160101,2016,52,2016,704,VNM,Viet Nam,X,Export,0,W00,World,0,W00,World,H4,HS,True,62,Apparel and clothing accessories; not knitted or crocheted,2,False,C00,TOTAL CPC,0 ,0,TOTAL MOT,-1,N/A,0.0,False,-1,N/A,0.0,False,,True,,False,,11608485853.09,11608485853.09,0,False,True
C,A,20160101,2016,52,2016,704,VNM,Viet Nam,X,Export,0,W00,World,0,W00,World,H4,HS,True,63,"Textiles, made up articles; sets; worn clothing and worn textile articles; rags",2,False,C00,TOTAL CPC,0 ,0,TOTAL MOT,-1,N/A,0.0,False,-1,N/A,0.0,False,,True,,False,,1359836148.86,1359836148.86,0,False,True
C,A,20160101,2016,52,2016,704,VNM,Viet Nam,X,Export,0,W00,World,0,W00,World,H4,HS,True,64,Footwear; gaiters and the like; parts of such articles,2,False,C00,TOTAL CPC,0 ,0,TOTAL MOT,-1,N/A,0.0,False,-1,N/A,0.0,False,,True,,False,,13476379248.14,13476379248.14,0,False,True
C,A,20160101,2016,52,2016,704,VNM,Viet Nam,X,Export,0,W00,World,0,W00,World,H4,HS,True,65,Headgear and parts thereof,2,False,C00,TOTAL CPC,0 ,0,TOTAL MOT,-1,N/A,0.0,False,-1,N/A,0.0,False,,True,,False,,342341099.55,342341099.55,0,False,True
C,A,20160101,2016,52,2016,704,VNM,Viet Nam,X,Export,0,W00,World,0,W00,World,H4,HS,True,66,"Umbrellas, sun umbrellas, walking-sticks, seat sticks, whips, riding crops; and parts thereof",2,False,C00,TOTAL CPC,0 ,0,TOTAL MOT,-1,N/A,0.0,False,-1,N/A,0.0,False,,True,,False,,20884424.73,20884424.73,0,False,True
C,A,20160101,2016,52,2016,704,VNM,Viet Nam,X,Export,0,W00,World,0,W00,World,H4,HS,True,67,"Feathers and down, prepared; and articles made of feather or of down; artificial flowers; articles of human hair",2,False,C00,TOTAL CPC,0 ,0,TOTAL MOT,-1,N/A,0.0,False,-1,N/A,0.0,False,,True,,False,,37763256.93,37763256.93,0,False,True
C,A,20160101,2016,52,2016,704,VNM,Viet Nam,X,Export,0,W00,World,0,W00,World,H4,HS,True,68,"Stone, plaster, cement, asbestos, mica or similar materials; articles thereof",2,False,C00,TOTAL CPC,0 ,0,TOTAL MOT,-1,N/A,0.0,False,-1,N/A,0.0,False,,True,,False,,386411997.57,386411997.57,0,False,True
C,A,20160101,2016,52,2016,704,VNM,Viet Nam,X,Export,0,W00,World,0,W00,World,H4,HS,True,69,Ceramic products,2,False,C00,TOTAL CPC,0 ,0,TOTAL MOT,-1,N/A,0.0,False,-1,N/A,0.0,False,,True,,False,,431347219.73,431347219.73,0,False,True
C,A,20160101,2016,52,2016,704,VNM,Viet Nam,X,Export,0,W00,World,0,W00,World,H4,HS,True,70,Glass and glassware,2,False,C00,TOTAL CPC,0 ,0,TOTAL MOT,-1,N/A,0.0,False,-1,N/A,0.0,False,,True,,False,,844244389.85,844244389.85,0,False,True
C,A,20160101,2016,52,2016,704,VNM,Viet Nam,X,Export,0,W00,World,0,W00,World,H4,HS,True,71,"Natural, cultured pearls; precious, semi-precious stones; precious metals, metals clad with precious metal, and articles thereof; imitation jewellery; coin",2,False,C00,TOTAL CPC,0 ,0,TOTAL MOT,-1,N/A,0.0,False,-1,N/A,0.0,False,,True,,False,,991290063.46,991290063.46,0,False,True
C,A,20160101,2016,52,2016,704,VNM,Viet Nam,X,Export,0,W00,World,0,W00,World,H4,HS,True,72,Iron and steel,2,False,C00,TOTAL CPC,0 ,0,TOTAL MOT,-1,N/A,0.0,False,-1,N/A,0.0,False,,True,,False,,2248672583.65,2248672583.65,0,False,True
C,A,20160101,2016,52,2016,704,VNM,Viet Nam,X,Export,0,W00,World,0,W00,World,H4,HS,True,73,Iron or steel articles,2,False,C00,TOTAL CPC,0 ,0,TOTAL MOT,-1,N/A,0.0,False,-1,N/A,0.0,False,,True,,False,,1995847774.1,1995847774.1,0,False,True
C,A,20160101,2016,52,2016,704,VNM,Viet Nam,X,Export,0,W00,World,0,W00,World,H4,HS,True,80,Tin; articles thereof,2,False,C00,TOTAL CPC,0 ,0,TOTAL MOT,-1,N/A,0.0,False,-1,N/A,0.0,False,,True,,False,,32559687.5,32559687.5,0,False,True
C,A,20160101,2016,52,2016,704,VNM,Viet Nam,X,Export,0,W00,World,0,W00,World,H4,HS,True,83,Metal; miscellaneous products of base metal,2,False,C00,TOTAL CPC,0 ,0,TOTAL MOT,-1,N/A,0.0,False,-1,N/A,0.0,False,,True,,False,,244857002.78,244857002.78,0,False,True
C,A,20160101,2016,52,2016,704,VNM,Viet Nam,X,Export,0,W00,World,0,W00,World,H4,HS,True,82,"Tools, implements, cutlery, spoons and forks, of base metal; parts thereof, of base metal",2,False,C00,TOTAL CPC,0 ,0,TOTAL MOT,-1,N/A,0.0,False,-1,N/A,0.0,False,,True,,False,,409242023.6,409242023.6,0,False,True
C,A,20160101,2016,52,2016,704,VNM,Viet Nam,X,Export,0,W00,World,0,W00,World,H4,HS,True,81,"Metals; n.e.c., cermets and articles thereof",2,False,C00,TOTAL CPC,0 ,0,TOTAL MOT,-1,N/A,0.0,False,-1,N/A,0.0,False,,True,,False,,34915827.41,34915827.41,0,False,True
C,A,20160101,2016,52,2016,704,VNM,Viet Nam,X,Export,0,W00,World,0,W00,World,H4,HS,True,79,Zinc and articles thereof,2,False,C00,TOTAL CPC,0 ,0,TOTAL MOT,-1,N/A,0.0,False,-1,N/A,0.0,False,,True,,False,,14584926.64,14584926.64,0,False,True
C,A,20160101,2016,52,2016,704,VNM,Viet Nam,X,Export,0,W00,World,0,W00,World,H4,HS,True,78,Lead and articles thereof,2,False,C00,TOTAL CPC,0 ,0,TOTAL MOT,-1,N/A,0.0,False,-1,N/A,0.0,False,,True,,False,,63321700.66,63321700.66,0,False,True
C,A,20160101,2016,52,2016,704,VNM,Viet Nam,X,Export,0,W00,World,0,W00,World,H4,HS,True,76,Aluminium and articles thereof,2,False,C00,TOTAL CPC,0 ,0,TOTAL MOT,-1,N/A,0.0,False,-1,N/A,0.0,False,,True,,False,,714766864.5,714766864.5,0,False,True
C,A,20160101,2016,52,2016,704,VNM,Viet Nam,X,Export,0,W00,World,0,W00,World,H4,HS,True,75,Nickel and articles thereof,2,False,C00,TOTAL CPC,0 ,0,TOTAL MOT,-1,N/A,0.0,False,-1,N/A,0.0,False,,True,,False,,1372587.54,1372587.54,0,False,True
C,A,20160101,2016,52,2016,704,VNM,Viet Nam,X,Export,0,W00,World,0,W00,World,H4,HS,True,74,Copper and articles thereof,2,False,C00,TOTAL CPC,0 ,0,TOTAL MOT,-1,N/A,0.0,False,-1,N/A,0.0,False,,True,,False,,514704095.42,514704095.42,0,False,True
C,A,20160101,2016,52,2016,704,VNM,Viet Nam,X,Export,0,W00,World,0,W00,World,H4,HS,True,95,"Toys, games and sports requisites; parts and accessories thereof",2,False,C00,TOTAL CPC,0 ,0,TOTAL MOT,-1,N/A,0.0,False,-1,N/A,0.0,False,,True,,False,,957348560.08,957348560.08,0,False,True
C,A,20160101,2016,52,2016,704,VNM,Viet Nam,X,Export,0,W00,World,0,W00,World,H4,HS,True,86,"Railway, tramway locomotives, rolling-stock and parts thereof; railway or tramway track fixtures and fittings and parts thereof; mechanical (including electro-mechanical) traffic signalling equipment of all kinds",2,False,C00,TOTAL CPC,0 ,0,TOTAL MOT,-1,N/A,0.0,False,-1,N/A,0.0,False,,True,,False,,1458056.54,1458056.54,0,False,True
C,A,20160101,2016,52,2016,704,VNM,Viet Nam,X,Export,0,W00,World,0,W00,World,H4,HS,True,87,"Vehicles; other than railway or tramway rolling stock, and parts and accessories thereof",2,False,C00,TOTAL CPC,0 ,0,TOTAL MOT,-1,N/A,0.0,False,-1,N/A,0.0,False,,True,,False,,2067747131.15,2067747131.15,0,False,True
C,A,20160101,2016,52,2016,704,VNM,Viet Nam,X,Export,0,W00,World,0,W00,World,H4,HS,True,97,Works of art; collectors' pieces and antiques,2,False,C00,TOTAL CPC,0 ,0,TOTAL MOT,-1,N/A,0.0,False,-1,N/A,0.0,False,,True,,False,,1769082.78,1769082.78,0,False,True
C,A,20160101,2016,52,2016,704,VNM,Viet Nam,X,Export,0,W00,World,0,W00,World,H4,HS,True,88,"Aircraft, spacecraft and parts thereof",2,False,C00,TOTAL CPC,0 ,0,TOTAL MOT,-1,N/A,0.0,False,-1,N/A,0.0,False,,True,,False,,331849088.06,331849088.06,0,False,True
C,A,20160101,2016,52,2016,704,VNM,Viet Nam,X,Export,0,W00,World,0,W00,World,H4,HS,True,89,"Ships, boats and floating structures",2,False,C00,TOTAL CPC,0 ,0,TOTAL MOT,-1,N/A,0.0,False,-1,N/A,0.0,False,,True,,False,,736119612.05,736119612.05,0,False,True
C,A,20160101,2016,52,2016,704,VNM,Viet Nam,X,Export,0,W00,World,0,W00,World,H4,HS,True,90,"Optical, photographic, cinematographic, measuring, checking, medical or surgical instruments and apparatus; parts and accessories",2,False,C00,TOTAL CPC,0 ,0,TOTAL MOT,-1,N/A,0.0,False,-1,N/A,0.0,False,,True,,False,,4343556094.94,4343556094.94,0,False,True
C,A,20160101,2016,52,2016,704,VNM,Viet Nam,X,Export,0,W00,World,0,W00,World,H4,HS,True,92,Musical instruments; parts and accessories of such articles,2,False,C00,TOTAL CPC,0 ,0,TOTAL MOT,-1,N/A,0.0,False,-1,N/A,0.0,False,,True,,False,,22247122.97,22247122.97,0,False,True
C,A,20160101,2016,52,2016,704,VNM,Viet Nam,X,Export,0,W00,World,0,W00,World,H4,HS,True,96,Miscellaneous manufactured articles,2,False,C00,TOTAL CPC,0 ,0,TOTAL MOT,-1,N/A,0.0,False,-1,N/A,0.0,False,,True,,False,,500589401.64,500589401.64,0,False,True
C,A,20160101,2016,52,2016,704,VNM,Viet Nam,X,Export,0,W00,World,0,W00,World,H4,HS,True,91,Clocks and watches and parts thereof,2,False,C00,TOTAL CPC,0 ,0,TOTAL MOT,-1,N/A,0.0,False,-1,N/A,0.0,False,,True,,False,,52335929.43,52335929.43,0,False,True
C,A,20160101,2016,52,2016,704,VNM,Viet Nam,X,Export,0,W00,World,0,W00,World,H4,HS,True,31,Fertilizers,2,False,C00,TOTAL CPC,0 ,0,TOTAL MOT,-1,N/A,0.0,False,-1,N/A,0.0,False,,False,,False,,209612776.79,209612776.79,0,False,True
C,A,20160101,2016,52,2016,704,VNM,Viet Nam,X,Export,0,W00,World,0,W00,World,H4,HS,True,99,Commodities not specified according to kind,2,False,C00,TOTAL CPC,0 ,0,TOTAL MOT,-1,N/A,0.0,False,-1,N/A,0.0,False,,False,,False,,246075031.75,246075031.75,0,False,True
C,A,20160101,2016,52,2016,699,IND,India,X,Export,0,W00,World,0,W00,World,H4,HS,True,30,Pharmaceutical products,2,False,C00,TOTAL CPC,0,0,TOTAL MOT,-1,N/A,,False,-1,N/A,,False,,False,,False,,13042715969.0,13042715969.0,0,True,False
C,A,20160101,2016,52,2016,699,IND,India,X,Export,0,W00,World,0,W00,World,H4,HS,True,90,"Optical, photographic, cinematographic, measuring, checking, medical or surgical instruments and apparatus; parts and accessories",2,False,C00,TOTAL CPC,0,0,TOTAL MOT,-1,N/A,,False,-1,N/A,,False,,False,,False,,2649634696.0,2649634696.0,0,True,False
C,A,20160101,2016,52,2016,699,IND,India,X,Export,0,W00,World,0,W00,World,H4,HS,True,39,Plastics and articles thereof,2,False,C00,TOTAL CPC,0,0,TOTAL MOT,-1,N/A,,False,-1,N/A,,False,,False,,False,,5213179893.0,5213179893.0,0,True,False
C,A,20160101,2016,52,2016,699,IND,India,X,Export,0,W00,World,0,W00,World,H4,HS,True,83,Metal; miscellaneous products of base metal,2,False,C00,TOTAL CPC,0,0,TOTAL MOT,-1,N/A,,False,-1,N/A,,False,,False,,False,,516346686.0,516346686.0,0,True,False
C,A,20160101,2016,52,2016,699,IND,India,X,Export,0,W00,World,0,W00,World,H4,HS,True,63,"Textiles, made up articles; sets; worn clothing and worn textile articles; rags",2,False,C00,TOTAL CPC,0,0,TOTAL MOT,-1,N/A,,False,-1,N/A,,False,,False,,False,,4564826545.0,4564826545.0,0,True,False
C,A,20160101,2016,52,2016,699,IND,India,X,Export,0,W00,World,0,W00,World,H4,HS,True,48,"Paper and paperboard; articles of paper pulp, of paper or paperboard",2,False,C00,TOTAL CPC,0,0,TOTAL MOT,-1,N/A,,False,-1,N/A,,False,,False,,False,,1184067911.0,1184067911.0,0,True,False
C,A,20160101,2016,52,2016,699,IND,India,X,Export,0,W00,World,0,W00,World,H4,HS,True,87,"Vehicles; other than railway or tramway rolling stock, and parts and accessories thereof",2,False,C00,TOTAL CPC,0,0,TOTAL MOT,-1,N/A,,False,-1,N/A,,False,,False,,False,,14988305143.0,14988305143.0,0,True,False
C,A,20160101,2016,52,2016,699,IND,India,X,Export,0,W00,World,0,W00,World,H4,HS,True,62,Apparel and clothing accessories; not knitted or crocheted,2,False,C00,TOTAL CPC,0,0,TOTAL MOT,-1,N/A,,False,-1,N/A,,False,,False,,False,,9051089148.0,9051089148.0,0,True,False
C,A,20160101,2016,52,2016,699,IND,India,X,Export,0,W00,World,0,W00,World,H4,HS,True,68,"Stone, plaster, cement, asbestos, mica or similar materials; articles thereof",2,False,C00,TOTAL CPC,0,0,TOTAL MOT,-1,N/A,,False,-1,N/A,,False,,False,,False,,1339777195.0,1339777195.0,0,True,False
C,A,20160101,2016,52,2016,699,IND,India,X,Export,0,W00,World,0,W00,World,H4,HS,True,73,Iron or steel articles,2,False,C00,TOTAL CPC,0,0,TOTAL MOT,-1,N/A,,False,-1,N/A,,False,,False,,False,,5820737292.0,5820737292.0,0,True,False
C,A,20160101,2016,52,2016,699,IND,India,X,Export,0,W00,World,0,W00,World,H4,HS,True,40,Rubber and articles thereof,2,False,C00,TOTAL CPC,0,0,TOTAL MOT,-1,N/A,,False,-1,N/A,,False,,False,,False,,2407851101.0,2407851101.0,0,True,False
C,A,20160101,2016,52,2016,699,IND,India,X,Export,0,W00,World,0,W00,World,H4,HS,True,99,Commodities not specified according to kind,2,False,C00,TOTAL CPC,0,0,TOTAL MOT,-1,N/A,,False,-1,N/A,,False,,False,,False,,821059303.0,821059303.0,0,True,False
C,A,20160101,2016,52,2016,699,IND,India,X,Export,0,W00,World,0,W00,World,H4,HS,True,85,"Electrical machinery and equipment and parts thereof; sound recorders and reproducers; television image and sound recorders and reproducers, parts and accessories of such articles",2,False,C00,TOTAL CPC,0,0,TOTAL MOT,-1,N/A,,False,-1,N/A,,False,,False,,False,,8217870197.0,8217870197.0,0,True,False
C,A,20160101,2016,52,2016,699,IND,India,X,Export,0,W00,World,0,W00,World,H4,HS,True,84,"Nuclear reactors, boilers, machinery and mechanical appliances; parts thereof",2,False,C00,TOTAL CPC,0,0,TOTAL MOT,-1,N/A,,False,-1,N/A,,False,,False,,False,,13557485607.0,13557485607.0,0,True,False
C,A,20160101,2016,52,2016,699,IND,India,X,Export,0,W00,World,0,W00,World,H4,HS,True,25,"Salt; sulphur; earths, stone; plastering materials, lime and cement",2,False,C00,TOTAL CPC,0,0,TOTAL MOT,-1,N/A,,False,-1,N/A,,False,,False,,False,,1815622244.0,1815622244.0,0,True,False
C,A,20160101,2016,52,2016,699,IND,India,X,Export,0,W00,World,0,W00,World,H4,HS,True,76,Aluminium and articles thereof,2,False,C00,TOTAL CPC,0,0,TOTAL MOT,-1,N/A,,False,-1,N/A,,False,,False,,False,,2732715287.0,2732715287.0,0,True,False
C,A,20160101,2016,52,2016,699,IND,India,X,Export,0,W00,World,0,W00,World,H4,HS,True,95,"Toys, games and sports requisites; parts and accessories thereof",2,False,C00,TOTAL CPC,0,0,TOTAL MOT,-1,N/A,,False,-1,N/A,,False,,False,,False,,298189911.0,298189911.0,0,True,False
C,A,20160101,2016,52,2016,699,IND,India,X,Export,0,W00,World,0,W00,World,H4,HS,True,49,"Printed books, newspapers, pictures and other products of the printing industry; manuscripts, typescripts and plans",2,False,C00,TOTAL CPC,0,0,TOTAL MOT,-1,N/A,,False,-1,N/A,,False,,False,,False,,286029257.0,286029257.0,0,True,False
C,A,20160101,2016,52,2016,699,IND,India,X,Export,0,W00,World,0,W00,World,H4,HS,True,69,Ceramic products,2,False,C00,TOTAL CPC,0,0,TOTAL MOT,-1,N/A,,False,-1,N/A,,False,,False,,False,,1047890593.0,1047890593.0,0,True,False
C,A,20160101,2016,52,2016,699,IND,India,X,Export,0,W00,World,0,W00,World,H4,HS,True,96,Miscellaneous manufactured articles,2,False,C00,TOTAL CPC,0,0,TOTAL MOT,-1,N/A,,False,-1,N/A,,False,,False,,False,,560511141.0,560511141.0,0,True,False
C,A,20160101,2016,52,2016,699,IND,India,X,Export,0,W00,World,0,W00,World,H4,HS,True,71,"Natural, cultured pearls; precious, semi-precious stones; precious metals, metals clad with precious metal, and articles thereof; imitation jewellery; coin",2,False,C00,TOTAL CPC,0,0,TOTAL MOT,-1,N/A,,False,-1,N/A,,False,,False,,False,,42290721094.0,42290721094.0,0,True,False
C,A,20160101,2016,52,2016,699,IND,India,X,Export,0,W00,World,0,W00,World,H4,HS,True,33,"Essential oils and resinoids; perfumery, cosmetic or toilet preparations",2,False,C00,TOTAL CPC,0,0,TOTAL MOT,-1,N/A,,False,-1,N/A,,False,,False,,False,,1539740029.0,1539740029.0,0,True,False
C,A,20160101,2016,52,2016,699,IND,India,X,Export,0,W00,World,0,W00,World,H4,HS,True,42,"Articles of leather; saddlery and harness; travel goods, handbags and similar containers; articles of animal gut (other than silk-worm gut)",2,False,C00,TOTAL CPC,0,0,TOTAL MOT,-1,N/A,,False,-1,N/A,,False,,False,,False,,2345799388.0,2345799388.0,0,True,False
C,A,20160101,2016,52,2016,699,IND,India,X,Export,0,W00,World,0,W00,World,H4,HS,True,64,Footwear; gaiters and the like; parts of such articles,2,False,C00,TOTAL CPC,0,0,TOTAL MOT,-1,N/A,,False,-1,N/A,,False,,False,,False,,2747900364.0,2747900364.0,0,True,False
C,A,20160101,2016,52,2016,699,IND,India,X,Export,0,W00,World,0,W00,World,H4,HS,True,94,"Furniture; bedding, mattresses, mattress supports, cushions and similar stuffed furnishings; lamps and lighting fittings, n.e.c.; illuminated signs, illuminated name-plates and the like; prefabricated buildings",2,False,C00,TOTAL CPC,0,0,TOTAL MOT,-1,N/A,,False,-1,N/A,,False,,False,,False,,1353997571.0,1353997571.0,0,True,False
C,A,20160101,2016,52,2016,699,IND,India,X,Export,0,W00,World,0,W00,World,H4,HS,True,61,Apparel and clothing accessories; knitted or crocheted,2,False,C00,TOTAL CPC,0,0,TOTAL MOT,-1,N/A,,False,-1,N/A,,False,,False,,False,,7910076151.0,7910076151.0,0,True,False
C,A,20160101,2016,52,2016,699,IND,India,X,Export,0,W00,World,0,W00,World,H4,HS,True,65,Headgear and parts thereof,2,False,C00,TOTAL CPC,0,0,TOTAL MOT,-1,N/A,,False,-1,N/A,,False,,False,,False,,38171244.0,38171244.0,0,True,False
C,A,20160101,2016,52,2016,699,IND,India,X,Export,0,W00,World,0,W00,World,H4,HS,True,82,"Tools, implements, cutlery, spoons and forks, of base metal; parts thereof, of base metal",2,False,C00,TOTAL CPC,0,0,TOTAL MOT,-1,N/A,,False,-1,N/A,,False,,False,,False,,738936904.0,738936904.0,0,True,False
C,A,20160101,2016,52,2016,699,IND,India,X,Export,0,W00,World,0,W00,World,H4,HS,True,34,"Soap, organic surface-active agents; washing, lubricating, polishing or scouring preparations; artificial or prepared waxes, candles and similar articles, modelling pastes, dental waxes and dental preparations with a basis of plaster",2,False,C00,TOTAL CPC,0,0,TOTAL MOT,-1,N/A,,False,-1,N/A,,False,,False,,False,,510203707.0,510203707.0,0,True,False
C,A,20160101,2016,52,2016,699,IND,India,X,Export,0,W00,World,0,W00,World,H4,HS,True,09,"Coffee, tea, mate and spices",2,False,C00,TOTAL CPC,0,0,TOTAL MOT,-1,N/A,,False,-1,N/A,,False,,False,,False,,2977741785.0,2977741785.0,0,True,False
C,A,20160101,2016,52,2016,699,IND,India,X,Export,0,W00,World,0,W00,World,H4,HS,True,54,Man-made filaments; strip and the like of man-made textile materials,2,False,C00,TOTAL CPC,0,0,TOTAL MOT,-1,N/A,,False,-1,N/A,,False,,False,,False,,1925427432.0,1925427432.0,0,True,False
C,A,20160101,2016,52,2016,699,IND,India,X,Export,0,W00,World,0,W00,World,H4,HS,True,44,Wood and articles of wood; wood charcoal,2,False,C00,TOTAL CPC,0,0,TOTAL MOT,-1,N/A,,False,-1,N/A,,False,,False,,False,,400798645.0,400798645.0,0,True,False
C,A,20160101,2016,52,2016,699,IND,India,X,Export,0,W00,World,0,W00,World,H4,HS,True,38,Chemical products n.e.c.,2,False,C00,TOTAL CPC,0,0,TOTAL MOT,-1,N/A,,False,-1,N/A,,False,,False,,False,,3150406045.0,3150406045.0,0,True,False
C,A,20160101,2016,52,2016,699,IND,India,X,Export,0,W00,World,0,W00,World,H4,HS,True,29,Organic chemicals,2,False,C00,TOTAL CPC,0,0,TOTAL MOT,-1,N/A,,False,-1,N/A,,False,,False,,False,,11252925665.0,11252925665.0,0,True,False
C,A,20160101,2016,52,2016,699,IND,India,X,Export,0,W00,World,0,W00,World,H4,HS,True,28,"Inorganic chemicals; organic and inorganic compounds of precious metals; of rare earth metals, of radio-active elements and of isotopes",2,False,C00,TOTAL CPC,0,0,TOTAL MOT,-1,N/A,,False,-1,N/A,,False,,False,,False,,1243860343.0,1243860343.0,0,True,False
C,A,20160101,2016,52,2016,699,IND,India,X,Export,0,W00,World,0,W00,World,H4,HS,True,70,Glass and glassware,2,False,C00,TOTAL CPC,0,0,TOTAL MOT,-1,N/A,,False,-1,N/A,,False,,False,,False,,652883401.0,652883401.0,0,True,False
C,A,20160101,2016,52,2016,699,IND,India,X,Export,0,W00,World,0,W00,World,H4,HS,True,72,Iron and steel,2,False,C00,TOTAL CPC,0,0,TOTAL MOT,-1,N/A,,False,-1,N/A,,False,,False,,False,,6436668805.0,6436668805.0,0,True,False
C,A,20160101,2016,52,2016,699,IND,India,X,Export,0,W00,World,0,W00,World,H4,HS,True,12,"Oil seeds and oleaginous fruits; miscellaneous grains, seeds and fruit, industrial or medicinal plants; straw and fodder",2,False,C00,TOTAL CPC,0,0,TOTAL MOT,-1,N/A,,False,-1,N/A,,False,,False,,False,,1685530737.0,1685530737.0,0,True,False
C,A,20160101,2016,52,2016,699,IND,India,X,Export,0,W00,World,0,W00,World,H4,HS,True,74,Copper and articles thereof,2,False,C00,TOTAL CPC,0,0,TOTAL MOT,-1,N/A,,False,-1,N/A,,False,,False,,False,,2326978291.0,2326978291.0,0,True,False
C,A,20160101,2016,52,2016,699,IND,India,X,Export,0,W00,World,0,W00,World,H4,HS,True,32,"Tanning or dyeing extracts; tannins and their derivatives; dyes, pigments and other colouring matter; paints, varnishes; putty, other mastics; inks",2,False,C00,TOTAL CPC,0,0,TOTAL MOT,-1,N/A,,False,-1,N/A,,False,,False,,False,,2473744240.0,2473744240.0,0,True,False
C,A,20160101,2016,52,2016,699,IND,India,X,Export,0,W00,World,0,W00,World,H4,HS,True,56,"Wadding, felt and nonwovens, special yarns; twine, cordage, ropes and cables and articles thereof",2,False,C00,TOTAL CPC,0,0,TOTAL MOT,-1,N/A,,False,-1,N/A,,False,,False,,False,,431720682.0,431720682.0,0,True,False
C,A,20160101,2016,52,2016,699,IND,India,X,Export,0,W00,World,0,W00,World,H4,HS,True,52,Cotton,2,False,C00,TOTAL CPC,0,0,TOTAL MOT,-1,N/A,,False,-1,N/A,,False,,False,,False,,6262460125.0,6262460125.0,0,True,False
C,A,20160101,2016,52,2016,699,IND,India,X,Export,0,W00,World,0,W00,World,H4,HS,True,57,Carpets and other textile floor coverings,2,False,C00,TOTAL CPC,0,0,TOTAL MOT,-1,N/A,,False,-1,N/A,,False,,False,,False,,1736929110.0,1736929110.0,0,True,False
C,A,20160101,2016,52,2016,699,IND,India,X,Export,0,W00,World,0,W00,World,H4,HS,True,58,"Fabrics; special woven fabrics, tufted textile fabrics, lace, tapestries, trimmings, embroidery",2,False,C00,TOTAL CPC,0,0,TOTAL MOT,-1,N/A,,False,-1,N/A,,False,,False,,False,,361222656.0,361222656.0,0,True,False
C,A,20160101,2016,52,2016,699,IND,India,X,Export,0,W00,World,0,W00,World,H4,HS,True,59,"Textile fabrics; impregnated, coated, covered or laminated; textile articles of a kind suitable for industrial use",2,False,C00,TOTAL CPC,0,0,TOTAL MOT,-1,N/A,,False,-1,N/A,,False,,False,,False,,207870253.0,207870253.0,0,True,False
C,A,20160101,2016,52,2016,699,IND,India,X,Export,0,W00,World,0,W00,World,H4,HS,True,27,"Mineral fuels, mineral oils and products of their distillation; bituminous substances; mineral waxes",2,False,C00,TOTAL CPC,0,0,TOTAL MOT,-1,N/A,,False,-1,N/A,,False,,False,,False,,27715390743.0,27715390743.0,0,True,False
C,A,20160101,2016,52,2016,699,IND,India,X,Export,0,W00,World,0,W00,World,H4,HS,True,17,Sugars and sugar confectionery,2,False,C00,TOTAL CPC,0,0,TOTAL MOT,-1,N/A,,False,-1,N/A,,False,,False,,False,,1695887528.0,1695887528.0,0,True,False
C,A,20160101,2016,52,2016,699,IND,India,X,Export,0,W00,World,0,W00,World,H4,HS,True,10,Cereals,2,False,C00,TOTAL CPC,0,0,TOTAL MOT,-1,N/A,,False,-1,N/A,,False,,False,,False,,5554785432.0,5554785432.0,0,True,False
C,A,20160101,2016,52,2016,699,IND,India,X,Export,0,W00,World,0,W00,World,H4,HS,True,35,Albuminoidal substances; modified starches; glues; enzymes,2,False,C00,TOTAL CPC,0,0,TOTAL MOT,-1,N/A,,False,-1,N/A,,False,,False,,False,,240803894.0,240803894.0,0,True,False
C,A,20160101,2016,52,2016,699,IND,India,X,Export,0,W00,World,0,W00,World,H4,HS,True,55,Man-made staple fibres,2,False,C00,TOTAL CPC,0,0,TOTAL MOT,-1,N/A,,False,-1,N/A,,False,,False,,False,,2047051829.0,2047051829.0,0,True,False
C,A,20160101,2016,52,2016,699,IND,India,X,Export,0,W00,World,0,W00,World,H4,HS,True,19,"Preparations of cereals, flour, starch or milk; pastrycooks' products",2,False,C00,TOTAL CPC,0,0,TOTAL MOT,-1,N/A,,False,-1,N/A,,False,,False,,False,,515784473.0,515784473.0,0,True,False
C,A,20160101,2016,52,2016,699,IND,India,X,Export,0,W00,World,0,W00,World,H4,HS,True,21,Miscellaneous edible preparations,2,False,C00,TOTAL CPC,0,0,TOTAL MOT,-1,N/A,,False,-1,N/A,,False,,False,,False,,614061722.0,614061722.0,0,True,False
C,A,20160101,2016,52,2016,699,IND,India,X,Export,0,W00,World,0,W00,World,H4,HS,True,07,Vegetables and certain roots and tubers; edible,2,False,C00,TOTAL CPC,0,0,TOTAL MOT,-1,N/A,,False,-1,N/A,,False,,False,,False,,1160586573.0,1160586573.0,0,True,False
C,A,20160101,2016,52,2016,699,IND,India,X,Export,0,W00,World,0,W00,World,H4,HS,True,15,Animal or vegetable fats and oils and their cleavage products; prepared animal fats; animal or vegetable waxes,2,False,C00,TOTAL CPC,0,0,TOTAL MOT,-1,N/A,,False,-1,N/A,,False,,False,,False,,843781393.0,843781393.0,0,True,False
C,A,20160101,2016,52,2016,699,IND,India,X,Export,0,W00,World,0,W00,World,H4,HS,True,08,"Fruit and nuts, edible; peel of citrus fruit or melons",2,False,C00,TOTAL CPC,0,0,TOTAL MOT,-1,N/A,,False,-1,N/A,,False,,False,,False,,1596319009.0,1596319009.0,0,True,False
C,A,20160101,2016,52,2016,699,IND,India,X,Export,0,W00,World,0,W00,World,H4,HS,True,53,Vegetable textile fibres; paper yarn and woven fabrics of paper yarn,2,False,C00,TOTAL CPC,0,0,TOTAL MOT,-1,N/A,,False,-1,N/A,,False,,False,,False,,414293000.0,414293000.0,0,True,False
C,A,20160101,2016,52,2016,699,IND,India,X,Export,0,W00,World,0,W00,World,H4,HS,True,13,"Lac; gums, resins and other vegetable saps and extracts",2,False,C00,TOTAL CPC,0,0,TOTAL MOT,-1,N/A,,False,-1,N/A,,False,,False,,False,,832485746.0,832485746.0,0,True,False
C,A,20160101,2016,52,2016,699,IND,India,X,Export,0,W00,World,0,W00,World,H4,HS,True,20,"Preparations of vegetables, fruit, nuts or other parts of plants",2,False,C00,TOTAL CPC,0,0,TOTAL MOT,-1,N/A,,False,-1,N/A,,False,,False,,False,,480557149.0,480557149.0,0,True,False
C,A,20160101,2016,52,2016,699,IND,India,X,Export,0,W00,World,0,W00,World,H4,HS,True,91,Clocks and watches and parts thereof,2,False,C00,TOTAL CPC,0,0,TOTAL MOT,-1,N/A,,False,-1,N/A,,False,,False,,False,,91089548.0,91089548.0,0,True,False
C,A,20160101,2016,52,2016,699,IND,India,X,Export,0,W00,World,0,W00,World,H4,HS,True,11,"Products of the milling industry; malt, starches, inulin, wheat gluten",2,False,C00,TOTAL CPC,0,0,TOTAL MOT,-1,N/A,,False,-1,N/A,,False,,False,,False,,228225931.0,228225931.0,0,True,False
C,A,20160101,2016,52,2016,699,IND,India,X,Export,0,W00,World,0,W00,World,H4,HS,True,24,Tobacco and manufactured tobacco substitutes,2,False,C00,TOTAL CPC,0,0,TOTAL MOT,-1,N/A,,False,-1,N/A,,False,,False,,False,,1012177407.0,1012177407.0,0,True,False
C,A,20160101,2016,52,2016,699,IND,India,X,Export,0,W00,World,0,W00,World,H4,HS,True,66,"Umbrellas, sun umbrellas, walking-sticks, seat sticks, whips, riding crops; and parts thereof",2,False,C00,TOTAL CPC,0,0,TOTAL MOT,-1,N/A,,False,-1,N/A,,False,,False,,False,,7079648.0,7079648.0,0,True,False
C,A,20160101,2016,52,2016,699,IND,India,X,Export,0,W00,World,0,W00,World,H4,HS,True,03,"Fish and crustaceans, molluscs and other aquatic invertebrates",2,False,C00,TOTAL CPC,0,0,TOTAL MOT,-1,N/A,,False,-1,N/A,,False,,False,,False,,5209148200.0,5209148200.0,0,True,False
C,A,20160101,2016,52,2016,699,IND,India,X,Export,0,W00,World,0,W00,World,H4,HS,True,04,"Dairy produce; birds' eggs; natural honey; edible products of animal origin, not elsewhere specified or included",2,False,C00,TOTAL CPC,0,0,TOTAL MOT,-1,N/A,,False,-1,N/A,,False,,False,,False,,279665527.0,279665527.0,0,True,False
C,A,20160101,2016,52,2016,699,IND,India,X,Export,0,W00,World,0,W00,World,H4,HS,True,05,Animal originated products; not elsewhere specified or included,2,False,C00,TOTAL CPC,0,0,TOTAL MOT,-1,N/A,,False,-1,N/A,,False,,False,,False,,91883569.0,91883569.0,0,True,False
C,A,20160101,2016,52,2016,699,IND,India,X,Export,0,W00,World,0,W00,World,H4,HS,True,06,"Trees and other plants, live; bulbs, roots and the like; cut flowers and ornamental foliage",2,False,C00,TOTAL CPC,0,0,TOTAL MOT,-1,N/A,,False,-1,N/A,,False,,False,,False,,78593247.0,78593247.0,0,True,False
C,A,20160101,2016,52,2016,699,IND,India,X,Export,0,W00,World,0,W00,World,H4,HS,True,02,Meat and edible meat offal,2,False,C00,TOTAL CPC,0,0,TOTAL MOT,-1,N/A,,False,-1,N/A,,False,,False,,False,,3972055303.0,3972055303.0,0,True,False
C,A,20160101,2016,52,2016,699,IND,India,X,Export,0,W00,World,0,W00,World,H4,HS,True,14,Vegetable plaiting materials; vegetable products not elsewhere specified or included,2,False,C00,TOTAL CPC,0,0,TOTAL MOT,-1,N/A,,False,-1,N/A,,False,,False,,False,,73550790.0,73550790.0,0,True,False
C,A,20160101,2016,52,2016,699,IND,India,X,Export,0,W00,World,0,W00,World,H4,HS,True,01,Animals; live,2,False,C00,TOTAL CPC,0,0,TOTAL MOT,-1,N/A,,False,-1,N/A,,False,,False,,False,,37142091.0,37142091.0,0,True,False
C,A,20160101,2016,52,2016,699,IND,India,X,Export,0,W00,World,0,W00,World,H4,HS,True,18,Cocoa and cocoa preparations,2,False,C00,TOTAL CPC,0,0,TOTAL MOT,-1,N/A,,False,-1,N/A,,False,,False,,False,,177542245.0,177542245.0,0,True,False
C,A,20160101,2016,52,2016,699,IND,India,X,Export,0,W00,World,0,W00,World,H4,HS,True,22,"Beverages, spirits and vinegar",2,False,C00,TOTAL CPC,0,0,TOTAL MOT,-1,N/A,,False,-1,N/A,,False,,False,,False,,308097912.0,308097912.0,0,True,False
C,A,20160101,2016,52,2016,699,IND,India,X,Export,0,W00,World,0,W00,World,H4,HS,True,23,"Food industries, residues and wastes thereof; prepared animal fodder",2,False,C00,TOTAL CPC,0,0,TOTAL MOT,-1,N/A,,False,-1,N/A,,False,,False,,False,,774700174.0,774700174.0,0,True,False
C,A,20160101,2016,52,2016,699,IND,India,X,Export,0,W00,World,0,W00,World,H4,HS,True,16,"Meat, fish or crustaceans, molluscs or other aquatic invertebrates; preparations thereof",2,False,C00,TOTAL CPC,0,0,TOTAL MOT,-1,N/A,,False,-1,N/A,,False,,False,,False,,292922286.0,292922286.0,0,True,False
C,A,20160101,2016,52,2016,699,IND,India,X,Export,0,W00,World,0,W00,World,H4,HS,True,26,"Ores, slag and ash",2,False,C00,TOTAL CPC,0,0,TOTAL MOT,-1,N/A,,False,-1,N/A,,False,,False,,False,,1316315753.0,1316315753.0,0,True,False
C,A,20160101,2016,52,2016,699,IND,India,X,Export,0,W00,World,0,W00,World,H4,HS,True,36,Explosives; pyrotechnic products; matches; pyrophoric alloys; certain combustible preparations,2,False,C00,TOTAL CPC,0,0,TOTAL MOT,-1,N/A,,False,-1,N/A,,False,,False,,False,,93766238.0,93766238.0,0,True,False
C,A,20160101,2016,52,2016,699,IND,India,X,Export,0,W00,World,0,W00,World,H4,HS,True,37,Photographic or cinematographic goods,2,False,C00,TOTAL CPC,0,0,TOTAL MOT,-1,N/A,,False,-1,N/A,,False,,False,,False,,15624728.0,15624728.0,0,True,False
C,A,20160101,2016,52,2016,699,IND,India,X,Export,0,W00,World,0,W00,World,H4,HS,True,31,Fertilizers,2,False,C00,TOTAL CPC,0,0,TOTAL MOT,-1,N/A,,False,-1,N/A,,False,,False,,False,,87055812.0,87055812.0,0,True,False
C,A,20160101,2016,52,2016,699,IND,India,X,Export,0,W00,World,0,W00,World,H4,HS,True,41,Raw hides and skins (other than furskins) and leather,2,False,C00,TOTAL CPC,0,0,TOTAL MOT,-1,N/A,,False,-1,N/A,,False,,False,,False,,908749321.0,908749321.0,0,True,False
C,A,20160101,2016,52,2016,699,IND,India,X,Export,0,W00,World,0,W00,World,H4,HS,True,43,Furskins and artificial fur; manufactures thereof,2,False,C00,TOTAL CPC,0,0,TOTAL MOT,-1,N/A,,False,-1,N/A,,False,,False,,False,,11936770.0,11936770.0,0,True,False
C,A,20160101,2016,52,2016,699,IND,India,X,Export,0,W00,World,0,W00,World,H4,HS,True,45,Cork and articles of cork,2,False,C00,TOTAL CPC,0,0,TOTAL MOT,-1,N/A,,False,-1,N/A,,False,,False,,False,,2182569.0,2182569.0,0,True,False
C,A,20160101,2016,52,2016,699,IND,India,X,Export,0,W00,World,0,W00,World,H4,HS,True,46,"Manufactures of straw, esparto or other plaiting materials; basketware and wickerwork",2,False,C00,TOTAL CPC,0,0,TOTAL MOT,-1,N/A,,False,-1,N/A,,False,,False,,False,,10231971.0,10231971.0,0,True,False
C,A,20160101,2016,52,2016,699,IND,India,X,Export,0,W00,World,0,W00,World,H4,HS,True,47,Pulp of wood or other fibrous cellulosic material; recovered (waste and scrap) paper or paperboard,2,False,C00,TOTAL CPC,0,0,TOTAL MOT,-1,N/A,,False,-1,N/A,,False,,False,,False,,9368524.0,9368524.0,0,True,False
C,A,20160101,2016,52,2016,699,IND,India,X,Export,0,W00,World,0,W00,World,H4,HS,True,50,Silk,2,False,C00,TOTAL CPC,0,0,TOTAL MOT,-1,N/A,,False,-1,N/A,,False,,False,,False,,90684380.0,90684380.0,0,True,False
C,A,20160101,2016,52,2016,699,IND,India,X,Export,0,W00,World,0,W00,World,H4,HS,True,51,"Wool, fine or coarse animal hair; horsehair yarn and woven fabric",2,False,C00,TOTAL CPC,0,0,TOTAL MOT,-1,N/A,,False,-1,N/A,,False,,False,,False,,159481624.0,159481624.0,0,True,False
C,A,20160101,2016,52,2016,699,IND,India,X,Export,0,W00,World,0,W00,World,H4,HS,True,60,Fabrics; knitted or crocheted,2,False,C00,TOTAL CPC,0,0,TOTAL MOT,-1,N/A,,False,-1,N/A,,False,,False,,False,,265892319.0,265892319.0,0,True,False
C,A,20160101,2016,52,2016,699,IND,India,X,Export,0,W00,World,0,W00,World,H4,HS,True,67,"Feathers and down, prepared; and articles made of feather or of down; artificial flowers; articles of human hair",2,False,C00,TOTAL CPC,0,0,TOTAL MOT,-1,N/A,,False,-1,N/A,,False,,False,,False,,242667923.0,242667923.0,0,True,False
C,A,20160101,2016,52,2016,699,IND,India,X,Export,0,W00,World,0,W00,World,H4,HS,True,78,Lead and articles thereof,2,False,C00,TOTAL CPC,0,0,TOTAL MOT,-1,N/A,,False,-1,N/A,,False,,False,,False,,164746889.0,164746889.0,0,True,False
C,A,20160101,2016,52,2016,699,IND,India,X,Export,0,W00,World,0,W00,World,H4,HS,True,79,Zinc and articles thereof,2,False,C00,TOTAL CPC,0,0,TOTAL MOT,-1,N/A,,False,-1,N/A,,False,,False,,False,,432954956.0,432954956.0,0,True,False
C,A,20160101,2016,52,2016,699,IND,India,X,Export,0,W00,World,0,W00,World,H4,HS,True,80,Tin; articles thereof,2,False,C00,TOTAL CPC,0,0,TOTAL MOT,-1,N/A,,False,-1,N/A,,False,,False,,False,,23212491.0,23212491.0,0,True,False
C,A,20160101,2016,52,2016,699,IND,India,X,Export,0,W00,World,0,W00,World,H4,HS,True,81,"Metals; n.e.c., cermets and articles thereof",2,False,C00,TOTAL CPC,0,0,TOTAL MOT,-1,N/A,,False,-1,N/A,,False,,False,,False,,39922105.0,39922105.0,0,True,False
C,A,20160101,2016,52,2016,699,IND,India,X,Export,0,W00,World,0,W00,World,H4,HS,True,75,Nickel and articles thereof,2,False,C00,TOTAL CPC,0,0,TOTAL MOT,-1,N/A,,False,-1,N/A,,False,,False,,False,,137279994.0,137279994.0,0,True,False
C,A,20160101,2016,52,2016,699,IND,India,X,Export,0,W00,World,0,W00,World,H4,HS,True,86,"Railway, tramway locomotives, rolling-stock and parts thereof; railway or tramway track fixtures and fittings and parts thereof; mechanical (including electro-mechanical) traffic signalling equipment of all kinds",2,False,C00,TOTAL CPC,0,0,TOTAL MOT,-1,N/A,,False,-1,N/A,,False,,False,,False,,178973866.0,178973866.0,0,True,False
C,A,20160101,2016,52,2016,699,IND,India,X,Export,0,W00,World,0,W00,World,H4,HS,True,88,"Aircraft, spacecraft and parts thereof",2,False,C00,TOTAL CPC,0,0,TOTAL MOT,-1,N/A,,False,-1,N/A,,False,,False,,False,,3025841208.0,3025841208.0,0,True,False
C,A,20160101,2016,52,2016,699,IND,India,X,Export,0,W00,World,0,W00,World,H4,HS,True,89,"Ships, boats and floating structures",2,False,C00,TOTAL CPC,0,0,TOTAL MOT,-1,N/A,,False,-1,N/A,,False,,False,,False,,3221852430.0,3221852430.0,0,True,False
C,A,20160101,2016,52,2016,699,IND,India,X,Export,0,W00,World,0,W00,World,H4,HS,True,92,Musical instruments; parts and accessories of such articles,2,False,C00,TOTAL CPC,0,0,TOTAL MOT,-1,N/A,,False,-1,N/A,,False,,False,,False,,17254676.0,17254676.0,0,True,False
C,A,20160101,2016,52,2016,699,IND,India,X,Export,0,W00,World,0,W00,World,H4,HS,True,93,Arms and ammunition; parts and accessories thereof,2,False,C00,TOTAL CPC,0,0,TOTAL MOT,-1,N/A,,False,-1,N/A,,False,,False,,False,,86847430.0,86847430.0,0,True,False
C,A,20160101,2016,52,2016,699,IND,India,X,Export,0,W00,World,0,W00,World,H4,HS,True,97,Works of art; collectors' pieces and antiques,2,False,C00,TOTAL CPC,0,0,TOTAL MOT,-1,N/A,,False,-1,N/A,,False,,False,,False,,319786204.0,319786204.0,0,True,False
C,A,20170101,2017,52,2017,50,BGD,Bangladesh,X,Export,0,W00,World,0,W00,World,H5,HS,True,12,"Oil seeds and oleaginous fruits; miscellaneous grains, seeds and fruit, industrial or medicinal plants; straw and fodder",2,False,C00,TOTAL CPC,0,0,TOTAL MOT,-1,N/A,0.0,False,-1,N/A,0.0,False,0.0,False,0.0,False,,8520306.645,8520306.645,0,False,True
C,A,20170101,2017,52,2017,50,BGD,Bangladesh,X,Export,0,W00,World,0,W00,World,H5,HS,True,18,Cocoa and cocoa preparations,2,False,C00,TOTAL CPC,0,0,TOTAL MOT,-1,N/A,0.0,False,-1,N/A,0.0,False,0.0,False,0.0,False,,2109586.296,2109586.296,0,False,True
C,A,20170101,2017,52,2017,50,BGD,Bangladesh,X,Export,0,W00,World,0,W00,World,H5,HS,True,20,"Preparations of vegetables, fruit, nuts or other parts of plants",2,False,C00,TOTAL CPC,0,0,TOTAL MOT,-1,N/A,0.0,False,-1,N/A,0.0,False,0.0,False,0.0,False,,105237758.329,105237758.329,0,False,True
C,A,20170101,2017,52,2017,50,BGD,Bangladesh,X,Export,0,W00,World,0,W00,World,H5,HS,True,25,"Salt; sulphur; earths, stone; plastering materials, lime and cement",2,False,C00,TOTAL CPC,0,0,TOTAL MOT,-1,N/A,0.0,False,-1,N/A,0.0,False,0.0,False,0.0,False,,14404779.868,14404779.868,0,False,True
C,A,20170101,2017,52,2017,50,BGD,Bangladesh,X,Export,0,W00,World,0,W00,World,H5,HS,True,35,Albuminoidal substances; modified starches; glues; enzymes,2,False,C00,TOTAL CPC,0,0,TOTAL MOT,-1,N/A,0.0,False,-1,N/A,0.0,False,0.0,False,0.0,False,,1858570.853,1858570.853,0,False,True
C,A,20170101,2017,52,2017,50,BGD,Bangladesh,X,Export,0,W00,World,0,W00,World,H5,HS,True,36,Explosives; pyrotechnic products; matches; pyrophoric alloys; certain combustible preparations,2,False,C00,TOTAL CPC,0,0,TOTAL MOT,-1,N/A,0.0,False,-1,N/A,0.0,False,0.0,False,0.0,False,,54242.843,54242.843,0,False,True
C,A,20170101,2017,52,2017,50,BGD,Bangladesh,X,Export,0,W00,World,0,W00,World,H5,HS,True,78,Lead and articles thereof,2,False,C00,TOTAL CPC,0,0,TOTAL MOT,-1,N/A,0.0,False,-1,N/A,0.0,False,0.0,False,0.0,False,,31842567.372,31842567.372,0,False,True
C,A,20170101,2017,52,2017,50,BGD,Bangladesh,X,Export,0,W00,World,0,W00,World,H5,HS,True,43,Furskins and artificial fur; manufactures thereof,2,False,C00,TOTAL CPC,0,0,TOTAL MOT,-1,N/A,0.0,False,-1,N/A,0.0,False,0.0,False,0.0,False,,819.021,819.021,0,False,True
C,A,20170101,2017,52,2017,50,BGD,Bangladesh,X,Export,0,W00,World,0,W00,World,H5,HS,True,50,Silk,2,False,C00,TOTAL CPC,0,0,TOTAL MOT,-1,N/A,0.0,False,-1,N/A,0.0,False,0.0,False,0.0,False,,8620.826,8620.826,0,False,True
C,A,20170101,2017,52,2017,50,BGD,Bangladesh,X,Export,0,W00,World,0,W00,World,H5,HS,True,53,Vegetable textile fibres; paper yarn and woven fabrics of paper yarn,2,False,C00,TOTAL CPC,0,0,TOTAL MOT,-1,N/A,0.0,False,-1,N/A,0.0,False,0.0,False,0.0,False,,990055257.662,990055257.662,0,False,True
C,A,20170101,2017,52,2017,50,BGD,Bangladesh,X,Export,0,W00,World,0,W00,World,H5,HS,True,60,Fabrics; knitted or crocheted,2,False,C00,TOTAL CPC,0,0,TOTAL MOT,-1,N/A,0.0,False,-1,N/A,0.0,False,0.0,False,0.0,False,,39952783.118,39952783.118,0,False,True
C,A,20170101,2017,52,2017,50,BGD,Bangladesh,X,Export,0,W00,World,0,W00,World,H5,HS,True,68,"Stone, plaster, cement, asbestos, mica or similar materials; articles thereof",2,False,C00,TOTAL CPC,0,0,TOTAL MOT,-1,N/A,0.0,False,-1,N/A,0.0,False,0.0,False,0.0,False,,903289.386,903289.386,0,False,True
C,A,20170101,2017,52,2017,50,BGD,Bangladesh,X,Export,0,W00,World,0,W00,World,H5,HS,True,83,Metal; miscellaneous products of base metal,2,False,C00,TOTAL CPC,0,0,TOTAL MOT,-1,N/A,0.0,False,-1,N/A,0.0,False,0.0,False,0.0,False,,1159376.776,1159376.776,0,False,True
C,A,20170101,2017,52,2017,50,BGD,Bangladesh,X,Export,0,W00,World,0,W00,World,H5,HS,True,05,Animal originated products; not elsewhere specified or included,2,False,C00,TOTAL CPC,0,0,TOTAL MOT,-1,N/A,0.0,False,-1,N/A,0.0,False,0.0,False,0.0,False,,16829574.675,16829574.675,0,False,True
C,A,20170101,2017,52,2017,50,BGD,Bangladesh,X,Export,0,W00,World,0,W00,World,H5,HS,True,07,Vegetables and certain roots and tubers; edible,2,False,C00,TOTAL CPC,0,0,TOTAL MOT,-1,N/A,0.0,False,-1,N/A,0.0,False,0.0,False,0.0,False,,82334137.174,82334137.174,0,False,True
C,A,20170101,2017,52,2017,50,BGD,Bangladesh,X,Export,0,W00,World,0,W00,World,H5,HS,True,22,"Beverages, spirits and vinegar",2,False,C00,TOTAL CPC,0,0,TOTAL MOT,-1,N/A,0.0,False,-1,N/A,0.0,False,0.0,False,0.0,False,,39951202.682,39951202.682,0,False,True
C,A,20170101,2017,52,2017,50,BGD,Bangladesh,X,Export,0,W00,World,0,W00,World,H5,HS,True,41,Raw hides and skins (other than furskins) and leather,2,False,C00,TOTAL CPC,0,0,TOTAL MOT,-1,N/A,0.0,False,-1,N/A,0.0,False,0.0,False,0.0,False,,204161035.66,204161035.66,0,False,True
C,A,20170101,2017,52,2017,50,BGD,Bangladesh,X,Export,0,W00,World,0,W00,World,H5,HS,True,11,"Products of the milling industry; malt, starches, inulin, wheat gluten",2,False,C00,TOTAL CPC,0,0,TOTAL MOT,-1,N/A,0.0,False,-1,N/A,0.0,False,0.0,False,0.0,False,,2100530.452,2100530.452,0,False,True
C,A,20170101,2017,52,2017,50,BGD,Bangladesh,X,Export,0,W00,World,0,W00,World,H5,HS,True,15,Animal or vegetable fats and oils and their cleavage products; prepared animal fats; animal or vegetable waxes,2,False,C00,TOTAL CPC,0,0,TOTAL MOT,-1,N/A,0.0,False,-1,N/A,0.0,False,0.0,False,0.0,False,,42891459.492,42891459.492,0,False,True
C,A,20170101,2017,52,2017,50,BGD,Bangladesh,X,Export,0,W00,World,0,W00,World,H5,HS,True,24,Tobacco and manufactured tobacco substitutes,2,False,C00,TOTAL CPC,0,0,TOTAL MOT,-1,N/A,0.0,False,-1,N/A,0.0,False,0.0,False,0.0,False,,58570806.165,58570806.165,0,False,True
C,A,20170101,2017,52,2017,50,BGD,Bangladesh,X,Export,0,W00,World,0,W00,World,H5,HS,True,34,"Soap, organic surface-active agents; washing, lubricating, polishing or scouring preparations; artificial or prepared waxes, candles and similar articles, modelling pastes, dental waxes and dental preparations with a basis of plaster",2,False,C00,TOTAL CPC,0,0,TOTAL MOT,-1,N/A,0.0,False,-1,N/A,0.0,False,0.0,False,0.0,False,,2436297.17,2436297.17,0,False,True
C,A,20170101,2017,52,2017,50,BGD,Bangladesh,X,Export,0,W00,World,0,W00,World,H5,HS,True,49,"Printed books, newspapers, pictures and other products of the printing industry; manuscripts, typescripts and plans",2,False,C00,TOTAL CPC,0,0,TOTAL MOT,-1,N/A,0.0,False,-1,N/A,0.0,False,0.0,False,0.0,False,,915678.099,915678.099,0,False,True
C,A,20170101,2017,52,2017,50,BGD,Bangladesh,X,Export,0,W00,World,0,W00,World,H5,HS,True,52,Cotton,2,False,C00,TOTAL CPC,0,0,TOTAL MOT,-1,N/A,0.0,False,-1,N/A,0.0,False,0.0,False,0.0,False,,132134743.07,132134743.07,0,False,True
C,A,20170101,2017,52,2017,50,BGD,Bangladesh,X,Export,0,W00,World,0,W00,World,H5,HS,True,55,Man-made staple fibres,2,False,C00,TOTAL CPC,0,0,TOTAL MOT,-1,N/A,0.0,False,-1,N/A,0.0,False,0.0,False,0.0,False,,23176177.167,23176177.167,0,False,True
C,A,20170101,2017,52,2017,50,BGD,Bangladesh,X,Export,0,W00,World,0,W00,World,H5,HS,True,56,"Wadding, felt and nonwovens, special yarns; twine, cordage, ropes and cables and articles thereof",2,False,C00,TOTAL CPC,0,0,TOTAL MOT,-1,N/A,0.0,False,-1,N/A,0.0,False,0.0,False,0.0,False,,36974129.234,36974129.234,0,False,True
C,A,20170101,2017,52,2017,50,BGD,Bangladesh,X,Export,0,W00,World,0,W00,World,H5,HS,True,74,Copper and articles thereof,2,False,C00,TOTAL CPC,0,0,TOTAL MOT,-1,N/A,0.0,False,-1,N/A,0.0,False,0.0,False,0.0,False,,47873856.808,47873856.808,0,False,True
C,A,20170101,2017,52,2017,50,BGD,Bangladesh,X,Export,0,W00,World,0,W00,World,H5,HS,True,10,Cereals,2,False,C00,TOTAL CPC,0,0,TOTAL MOT,-1,N/A,0.0,False,-1,N/A,0.0,False,0.0,False,0.0,False,,33406117.868,33406117.868,0,False,True
C,A,20170101,2017,52,2017,50,BGD,Bangladesh,X,Export,0,W00,World,0,W00,World,H5,HS,True,27,"Mineral fuels, mineral oils and products of their distillation; bituminous substances; mineral waxes",2,False,C00,TOTAL CPC,0,0,TOTAL MOT,-1,N/A,0.0,False,-1,N/A,0.0,False,0.0,False,0.0,False,,270871820.69,270871820.69,0,False,True
C,A,20170101,2017,52,2017,50,BGD,Bangladesh,X,Export,0,W00,World,0,W00,World,H5,HS,True,46,"Manufactures of straw, esparto or other plaiting materials; basketware and wickerwork",2,False,C00,TOTAL CPC,0,0,TOTAL MOT,-1,N/A,0.0,False,-1,N/A,0.0,False,0.0,False,0.0,False,,16500264.894,16500264.894,0,False,True
C,A,20170101,2017,52,2017,50,BGD,Bangladesh,X,Export,0,W00,World,0,W00,World,H5,HS,True,51,"Wool, fine or coarse animal hair; horsehair yarn and woven fabric",2,False,C00,TOTAL CPC,0,0,TOTAL MOT,-1,N/A,0.0,False,-1,N/A,0.0,False,0.0,False,0.0,False,,154874.13,154874.13,0,False,True
C,A,20170101,2017,52,2017,50,BGD,Bangladesh,X,Export,0,W00,World,0,W00,World,H5,HS,True,54,Man-made filaments; strip and the like of man-made textile materials,2,False,C00,TOTAL CPC,0,0,TOTAL MOT,-1,N/A,0.0,False,-1,N/A,0.0,False,0.0,False,0.0,False,,46668511.886,46668511.886,0,False,True
C,A,20170101,2017,52,2017,50,BGD,Bangladesh,X,Export,0,W00,World,0,W00,World,H5,HS,True,02,Meat and edible meat offal,2,False,C00,TOTAL CPC,0,0,TOTAL MOT,-1,N/A,0.0,False,-1,N/A,0.0,False,0.0,False,0.0,False,,453347.937,453347.937,0,False,True
C,A,20170101,2017,52,2017,50,BGD,Bangladesh,X,Export,0,W00,World,0,W00,World,H5,HS,True,04,"Dairy produce; birds' eggs; natural honey; edible products of animal origin, not elsewhere specified or included",2,False,C00,TOTAL CPC,0,0,TOTAL MOT,-1,N/A,0.0,False,-1,N/A,0.0,False,0.0,False,0.0,False,,1394381.143,1394381.143,0,False,True
C,A,20170101,2017,52,2017,50,BGD,Bangladesh,X,Export,0,W00,World,0,W00,World,H5,HS,True,08,"Fruit and nuts, edible; peel of citrus fruit or melons",2,False,C00,TOTAL CPC,0,0,TOTAL MOT,-1,N/A,0.0,False,-1,N/A,0.0,False,0.0,False,0.0,False,,5591708.564,5591708.564,0,False,True
C,A,20170101,2017,52,2017,50,BGD,Bangladesh,X,Export,0,W00,World,0,W00,World,H5,HS,True,09,"Coffee, tea, mate and spices",2,False,C00,TOTAL CPC,0,0,TOTAL MOT,-1,N/A,0.0,False,-1,N/A,0.0,False,0.0,False,0.0,False,,51670783.953,51670783.953,0,False,True
C,A,20170101,2017,52,2017,50,BGD,Bangladesh,X,Export,0,W00,World,0,W00,World,H5,HS,True,13,"Lac; gums, resins and other vegetable saps and extracts",2,False,C00,TOTAL CPC,0,0,TOTAL MOT,-1,N/A,0.0,False,-1,N/A,0.0,False,0.0,False,0.0,False,,74168.398,74168.398,0,False,True
C,A,20170101,2017,52,2017,50,BGD,Bangladesh,X,Export,0,W00,World,0,W00,World,H5,HS,True,14,Vegetable plaiting materials; vegetable products not elsewhere specified or included,2,False,C00,TOTAL CPC,0,0,TOTAL MOT,-1,N/A,0.0,False,-1,N/A,0.0,False,0.0,False,0.0,False,,15874390.688,15874390.688,0,False,True
C,A,20170101,2017,52,2017,50,BGD,Bangladesh,X,Export,0,W00,World,0,W00,World,H5,HS,True,16,"Meat, fish or crustaceans, molluscs or other aquatic invertebrates; preparations thereof",2,False,C00,TOTAL CPC,0,0,TOTAL MOT,-1,N/A,0.0,False,-1,N/A,0.0,False,0.0,False,0.0,False,,5307355.834,5307355.834,0,False,True
C,A,20170101,2017,52,2017,50,BGD,Bangladesh,X,Export,0,W00,World,0,W00,World,H5,HS,True,17,Sugars and sugar confectionery,2,False,C00,TOTAL CPC,0,0,TOTAL MOT,-1,N/A,0.0,False,-1,N/A,0.0,False,0.0,False,0.0,False,,26718164.516,26718164.516,0,False,True
C,A,20170101,2017,52,2017,50,BGD,Bangladesh,X,Export,0,W00,World,0,W00,World,H5,HS,True,19,"Preparations of cereals, flour, starch or milk; pastrycooks' products",2,False,C00,TOTAL CPC,0,0,TOTAL MOT,-1,N/A,0.0,False,-1,N/A,0.0,False,0.0,False,0.0,False,,157434916.941,157434916.941,0,False,True
C,A,20170101,2017,52,2017,50,BGD,Bangladesh,X,Export,0,W00,World,0,W00,World,H5,HS,True,21,Miscellaneous edible preparations,2,False,C00,TOTAL CPC,0,0,TOTAL MOT,-1,N/A,0.0,False,-1,N/A,0.0,False,0.0,False,0.0,False,,821695.912,821695.912,0,False,True
C,A,20170101,2017,52,2017,50,BGD,Bangladesh,X,Export,0,W00,World,0,W00,World,H5,HS,True,23,"Food industries, residues and wastes thereof; prepared animal fodder",2,False,C00,TOTAL CPC,0,0,TOTAL MOT,-1,N/A,0.0,False,-1,N/A,0.0,False,0.0,False,0.0,False,,1224692.285,1224692.285,0,False,True
C,A,20170101,2017,52,2017,50,BGD,Bangladesh,X,Export,0,W00,World,0,W00,World,H5,HS,True,26,"Ores, slag and ash",2,False,C00,TOTAL CPC,0,0,TOTAL MOT,-1,N/A,0.0,False,-1,N/A,0.0,False,0.0,False,0.0,False,,4202451.104,4202451.104,0,False,True
C,A,20170101,2017,52,2017,50,BGD,Bangladesh,X,Export,0,W00,World,0,W00,World,H5,HS,True,29,Organic chemicals,2,False,C00,TOTAL CPC,0,0,TOTAL MOT,-1,N/A,0.0,False,-1,N/A,0.0,False,0.0,False,0.0,False,,11833623.11,11833623.11,0,False,True
C,A,20170101,2017,52,2017,50,BGD,Bangladesh,X,Export,0,W00,World,0,W00,World,H5,HS,True,32,"Tanning or dyeing extracts; tannins and their derivatives; dyes, pigments and other colouring matter; paints, varnishes; putty, other mastics; inks",2,False,C00,TOTAL CPC,0,0,TOTAL MOT,-1,N/A,0.0,False,-1,N/A,0.0,False,0.0,False,0.0,False,,1847148.501,1847148.501,0,False,True
C,A,20170101,2017,52,2017,50,BGD,Bangladesh,X,Export,0,W00,World,0,W00,World,H5,HS,True,33,"Essential oils and resinoids; perfumery, cosmetic or toilet preparations",2,False,C00,TOTAL CPC,0,0,TOTAL MOT,-1,N/A,0.0,False,-1,N/A,0.0,False,0.0,False,0.0,False,,523467.149,523467.149,0,False,True
C,A,20170101,2017,52,2017,50,BGD,Bangladesh,X,Export,0,W00,World,0,W00,World,H5,HS,True,38,Chemical products n.e.c.,2,False,C00,TOTAL CPC,0,0,TOTAL MOT,-1,N/A,0.0,False,-1,N/A,0.0,False,0.0,False,0.0,False,,12674698.141,12674698.141,0,False,True
C,A,20170101,2017,52,2017,50,BGD,Bangladesh,X,Export,0,W00,World,0,W00,World,H5,HS,True,45,Cork and articles of cork,2,False,C00,TOTAL CPC,0,0,TOTAL MOT,-1,N/A,0.0,False,-1,N/A,0.0,False,0.0,False,0.0,False,,1100.495,1100.495,0,False,True
C,A,20170101,2017,52,2017,50,BGD,Bangladesh,X,Export,0,W00,World,0,W00,World,H5,HS,True,75,Nickel and articles thereof,2,False,C00,TOTAL CPC,0,0,TOTAL MOT,-1,N/A,0.0,False,-1,N/A,0.0,False,0.0,False,0.0,False,,843701.49,843701.49,0,False,True
C,A,20170101,2017,52,2017,50,BGD,Bangladesh,X,Export,0,W00,World,0,W00,World,H5,HS,True,79,Zinc and articles thereof,2,False,C00,TOTAL CPC,0,0,TOTAL MOT,-1,N/A,0.0,False,-1,N/A,0.0,False,0.0,False,0.0,False,,8016577.452,8016577.452,0,False,True
C,A,20170101,2017,52,2017,50,BGD,Bangladesh,X,Export,0,W00,World,0,W00,World,H5,HS,True,81,"Metals; n.e.c., cermets and articles thereof",2,False,C00,TOTAL CPC,0,0,TOTAL MOT,-1,N/A,0.0,False,-1,N/A,0.0,False,0.0,False,0.0,False,,526109.76,526109.76,0,False,True
C,A,20170101,2017,52,2017,50,BGD,Bangladesh,X,Export,0,W00,World,0,W00,World,H5,HS,True,99,Commodities not specified according to kind,2,False,C00,TOTAL CPC,0,0,TOTAL MOT,-1,N/A,0.0,False,-1,N/A,0.0,False,0.0,False,0.0,False,,498054.448,498054.448,0,False,True
C,A,20170101,2017,52,2017,50,BGD,Bangladesh,X,Export,0,W00,World,0,W00,World,H5,HS,True,59,"Textile fabrics; impregnated, coated, covered or laminated; textile articles of a kind suitable for industrial use",2,False,C00,TOTAL CPC,0,0,TOTAL MOT,-1,N/A,0.0,False,-1,N/A,0.0,False,0.0,True,0.0,False,,16865533.685,16865533.685,4,False,True
C,A,20170101,2017,52,2017,50,BGD,Bangladesh,X,Export,0,W00,World,0,W00,World,H5,HS,True,63,"Textiles, made up articles; sets; worn clothing and worn textile articles; rags",2,False,C00,TOTAL CPC,0,0,TOTAL MOT,-1,N/A,0.0,False,-1,N/A,0.0,False,0.0,True,0.0,False,,1052451439.673,1052451439.673,4,False,True
C,A,20170101,2017,52,2017,50,BGD,Bangladesh,X,Export,0,W00,World,0,W00,World,H5,HS,True,64,Footwear; gaiters and the like; parts of such articles,2,False,C00,TOTAL CPC,0,0,TOTAL MOT,-1,N/A,0.0,False,-1,N/A,0.0,False,0.0,True,0.0,False,,892321164.675,892321164.675,4,False,True
C,A,20170101,2017,52,2017,50,BGD,Bangladesh,X,Export,0,W00,World,0,W00,World,H5,HS,True,65,Headgear and parts thereof,2,False,C00,TOTAL CPC,0,0,TOTAL MOT,-1,N/A,0.0,False,-1,N/A,0.0,False,0.0,True,0.0,False,,207150124.126,207150124.126,4,False,True
C,A,20170101,2017,52,2017,50,BGD,Bangladesh,X,Export,0,W00,World,0,W00,World,H5,HS,True,67,"Feathers and down, prepared; and articles made of feather or of down; artificial flowers; articles of human hair",2,False,C00,TOTAL CPC,0,0,TOTAL MOT,-1,N/A,0.0,False,-1,N/A,0.0,False,0.0,True,0.0,False,,24057212.562,24057212.562,4,False,True
C,A,20170101,2017,52,2017,50,BGD,Bangladesh,X,Export,0,W00,World,0,W00,World,H5,HS,True,69,Ceramic products,2,False,C00,TOTAL CPC,0,0,TOTAL MOT,-1,N/A,0.0,False,-1,N/A,0.0,False,0.0,True,0.0,False,,41800119.008,41800119.008,4,False,True
C,A,20170101,2017,52,2017,50,BGD,Bangladesh,X,Export,0,W00,World,0,W00,World,H5,HS,True,01,Animals; live,2,False,C00,TOTAL CPC,0,0,TOTAL MOT,-1,N/A,0.0,False,-1,N/A,0.0,False,0.0,True,0.0,False,,13485.9,13485.9,4,False,True
C,A,20170101,2017,52,2017,50,BGD,Bangladesh,X,Export,0,W00,World,0,W00,World,H5,HS,True,94,"Furniture; bedding, mattresses, mattress supports, cushions and similar stuffed furnishings; lamps and lighting fittings, n.e.c.; illuminated signs, illuminated name-plates and the like; prefabricated buildings",2,False,C00,TOTAL CPC,0,0,TOTAL MOT,-1,N/A,0.0,False,-1,N/A,0.0,False,0.0,True,0.0,False,,62815785.021,62815785.021,4,False,True
C,A,20170101,2017,52,2017,50,BGD,Bangladesh,X,Export,0,W00,World,0,W00,World,H5,HS,True,44,Wood and articles of wood; wood charcoal,2,False,C00,TOTAL CPC,0,0,TOTAL MOT,-1,N/A,0.0,False,-1,N/A,0.0,False,0.0,True,0.0,False,,5384826.078,5384826.078,4,False,True
C,A,20170101,2017,52,2017,50,BGD,Bangladesh,X,Export,0,W00,World,0,W00,World,H5,HS,True,70,Glass and glassware,2,False,C00,TOTAL CPC,0,0,TOTAL MOT,-1,N/A,0.0,False,-1,N/A,0.0,False,0.0,True,0.0,False,,2302738.684,2302738.684,4,False,True
C,A,20170101,2017,52,2017,50,BGD,Bangladesh,X,Export,0,W00,World,0,W00,World,H5,HS,True,82,"Tools, implements, cutlery, spoons and forks, of base metal; parts thereof, of base metal",2,False,C00,TOTAL CPC,0,0,TOTAL MOT,-1,N/A,0.0,False,-1,N/A,0.0,False,0.0,True,0.0,False,,12247522.342,12247522.342,4,False,True
C,A,20170101,2017,52,2017,50,BGD,Bangladesh,X,Export,0,W00,World,0,W00,World,H5,HS,True,85,"Electrical machinery and equipment and parts thereof; sound recorders and reproducers; television image and sound recorders and reproducers, parts and accessories of such articles",2,False,C00,TOTAL CPC,0,0,TOTAL MOT,-1,N/A,0.0,False,-1,N/A,0.0,False,0.0,True,0.0,False,,104171498.9,104171498.9,4,False,True
C,A,20170101,2017,52,2017,50,BGD,Bangladesh,X,Export,0,W00,World,0,W00,World,H5,HS,True,39,Plastics and articles thereof,2,False,C00,TOTAL CPC,0,0,TOTAL MOT,-1,N/A,0.0,False,-1,N/A,0.0,False,0.0,True,0.0,False,,107014458.001,107014458.001,4,False,True
C,A,20170101,2017,52,2017,50,BGD,Bangladesh,X,Export,0,W00,World,0,W00,World,H5,HS,True,66,"Umbrellas, sun umbrellas, walking-sticks, seat sticks, whips, riding crops; and parts thereof",2,False,C00,TOTAL CPC,0,0,TOTAL MOT,-1,N/A,0.0,False,-1,N/A,0.0,False,0.0,True,0.0,False,,14617.853,14617.853,4,False,True
C,A,20170101,2017,52,2017,50,BGD,Bangladesh,X,Export,0,W00,World,0,W00,World,H5,HS,True,88,"Aircraft, spacecraft and parts thereof",2,False,C00,TOTAL CPC,0,0,TOTAL MOT,-1,N/A,0.0,False,-1,N/A,0.0,False,0.0,True,0.0,False,,14554243.568,14554243.568,4,False,True
C,A,20170101,2017,52,2017,50,BGD,Bangladesh,X,Export,0,W00,World,0,W00,World,H5,HS,True,92,Musical instruments; parts and accessories of such articles,2,False,C00,TOTAL CPC,0,0,TOTAL MOT,-1,N/A,0.0,False,-1,N/A,0.0,False,0.0,True,0.0,False,,7864.011,7864.011,4,False,True
C,A,20170101,2017,52,2017,50,BGD,Bangladesh,X,Export,0,W00,World,0,W00,World,H5,HS,True,95,"Toys, games and sports requisites; parts and accessories thereof",2,False,C00,TOTAL CPC,0,0,TOTAL MOT,-1,N/A,0.0,False,-1,N/A,0.0,False,0.0,True,0.0,False,,45215414.499,45215414.499,4,False,True
C,A,20170101,2017,52,2017,50,BGD,Bangladesh,X,Export,0,W00,World,0,W00,World,H5,HS,True,28,"Inorganic chemicals; organic and inorganic compounds of precious metals; of rare earth metals, of radio-active elements and of isotopes",2,False,C00,TOTAL CPC,0,0,TOTAL MOT,-1,N/A,0.0,False,-1,N/A,0.0,False,0.0,True,0.0,False,,23198439.576,23198439.576,4,False,True
C,A,20170101,2017,52,2017,50,BGD,Bangladesh,X,Export,0,W00,World,0,W00,World,H5,HS,True,48,"Paper and paperboard; articles of paper pulp, of paper or paperboard",2,False,C00,TOTAL CPC,0,0,TOTAL MOT,-1,N/A,0.0,False,-1,N/A,0.0,False,0.0,True,0.0,False,,72983241.343,72983241.343,4,False,True
C,A,20170101,2017,52,2017,50,BGD,Bangladesh,X,Export,0,W00,World,0,W00,World,H5,HS,True,58,"Fabrics; special woven fabrics, tufted textile fabrics, lace, tapestries, trimmings, embroidery",2,False,C00,TOTAL CPC,0,0,TOTAL MOT,-1,N/A,0.0,False,-1,N/A,0.0,False,0.0,True,0.0,False,,58105725.418,58105725.418,4,False,True
C,A,20170101,2017,52,2017,50,BGD,Bangladesh,X,Export,0,W00,World,0,W00,World,H5,HS,True,03,"Fish and crustaceans, molluscs and other aquatic invertebrates",2,False,C00,TOTAL CPC,0,0,TOTAL MOT,-1,N/A,0.0,False,-1,N/A,0.0,False,0.0,True,0.0,False,,602735985.591,602735985.591,4,False,True
C,A,20170101,2017,52,2017,50,BGD,Bangladesh,X,Export,0,W00,World,0,W00,World,H5,HS,True,06,"Trees and other plants, live; bulbs, roots and the like; cut flowers and ornamental foliage",2,False,C00,TOTAL CPC,0,0,TOTAL MOT,-1,N/A,0.0,False,-1,N/A,0.0,False,0.0,True,0.0,False,,77641.208,77641.208,4,False,True
C,A,20170101,2017,52,2017,50,BGD,Bangladesh,X,Export,0,W00,World,0,W00,World,H5,HS,True,40,Rubber and articles thereof,2,False,C00,TOTAL CPC,0,0,TOTAL MOT,-1,N/A,0.0,False,-1,N/A,0.0,False,0.0,True,0.0,False,,32469808.365,32469808.365,4,False,True
C,A,20170101,2017,52,2017,50,BGD,Bangladesh,X,Export,0,W00,World,0,W00,World,H5,HS,True,71,"Natural, cultured pearls; precious, semi-precious stones; precious metals, metals clad with precious metal, and articles thereof; imitation jewellery; coin",2,False,C00,TOTAL CPC,0,0,TOTAL MOT,-1,N/A,0.0,False,-1,N/A,0.0,False,0.0,True,0.0,False,,4959327.96,4959327.96,4,False,True
C,A,20170101,2017,52,2017,50,BGD,Bangladesh,X,Export,0,W00,World,0,W00,World,H5,HS,True,72,Iron and steel,2,False,C00,TOTAL CPC,0,0,TOTAL MOT,-1,N/A,0.0,False,-1,N/A,0.0,False,0.0,True,0.0,False,,30219422.364,30219422.364,4,False,True
C,A,20170101,2017,52,2017,50,BGD,Bangladesh,X,Export,0,W00,World,0,W00,World,H5,HS,True,73,Iron or steel articles,2,False,C00,TOTAL CPC,0,0,TOTAL MOT,-1,N/A,0.0,False,-1,N/A,0.0,False,0.0,True,0.0,False,,78578800.516,78578800.516,4,False,True
C,A,20170101,2017,52,2017,50,BGD,Bangladesh,X,Export,0,W00,World,0,W00,World,H5,HS,True,76,Aluminium and articles thereof,2,False,C00,TOTAL CPC,0,0,TOTAL MOT,-1,N/A,0.0,False,-1,N/A,0.0,False,0.0,True,0.0,False,,2036049.468,2036049.468,4,False,True
C,A,20170101,2017,52,2017,50,BGD,Bangladesh,X,Export,0,W00,World,0,W00,World,H5,HS,True,62,Apparel and clothing accessories; not knitted or crocheted,2,False,C00,TOTAL CPC,0,0,TOTAL MOT,-1,N/A,0.0,False,-1,N/A,0.0,False,0.0,True,0.0,False,,16028022377.21,16028022377.21,4,False,True
C,A,20170101,2017,52,2017,50,BGD,Bangladesh,X,Export,0,W00,World,0,W00,World,H5,HS,True,61,Apparel and clothing accessories; knitted or crocheted,2,False,C00,TOTAL CPC,0,0,TOTAL MOT,-1,N/A,0.0,False,-1,N/A,0.0,False,0.0,True,0.0,False,,15954125327.711,15954125327.711,4,False,True
C,A,20170101,2017,52,2017,50,BGD,Bangladesh,X,Export,0,W00,World,0,W00,World,H5,HS,True,30,Pharmaceutical products,2,False,C00,TOTAL CPC,0,0,TOTAL MOT,-1,N/A,0.0,False,-1,N/A,0.0,False,,False,0.0,False,,101219507.926,101219507.926,0,False,True
C,A,20170101,2017,52,2017,50,BGD,Bangladesh,X,Export,0,W00,World,0,W00,World,H5,HS,True,84,"Nuclear reactors, boilers, machinery and mechanical appliances; parts thereof",2,False,C00,TOTAL CPC,0,0,TOTAL MOT,-1,N/A,0.0,False,-1,N/A,0.0,False,,False,0.0,False,,546516293.249,546516293.249,0,False,True
C,A,20170101,2017,52,2017,50,BGD,Bangladesh,X,Export,0,W00,World,0,W00,World,H5,HS,True,90,"Optical, photographic, cinematographic, measuring, checking, medical or surgical instruments and apparatus; parts and accessories",2,False,C00,TOTAL CPC,0,0,TOTAL MOT,-1,N/A,0.0,False,-1,N/A,0.0,False,,False,0.0,False,,158073879.889,158073879.889,0,False,True
C,A,20170101,2017,52,2017,50,BGD,Bangladesh,X,Export,0,W00,World,0,W00,World,H5,HS,True,86,"Railway, tramway locomotives, rolling-stock and parts thereof; railway or tramway track fixtures and fittings and parts thereof; mechanical (including electro-mechanical) traffic signalling equipment of all kinds",2,False,C00,TOTAL CPC,0,0,TOTAL MOT,-1,N/A,0.0,False,-1,N/A,0.0,False,,False,0.0,False,,1677286.926,1677286.926,0,False,True
C,A,20170101,2017,52,2017,50,BGD,Bangladesh,X,Export,0,W00,World,0,W00,World,H5,HS,True,96,Miscellaneous manufactured articles,2,False,C00,TOTAL CPC,0,0,TOTAL MOT,-1,N/A,0.0,False,-1,N/A,0.0,False,,False,0.0,False,,19066323.084,19066323.084,0,False,True
C,A,20170101,2017,52,2017,50,BGD,Bangladesh,X,Export,0,W00,World,0,W00,World,H5,HS,True,57,Carpets and other textile floor coverings,2,False,C00,TOTAL CPC,0,0,TOTAL MOT,-1,N/A,0.0,False,-1,N/A,0.0,False,,False,0.0,False,,19018537.253,19018537.253,0,False,True
C,A,20170101,2017,52,2017,50,BGD,Bangladesh,X,Export,0,W00,World,0,W00,World,H5,HS,True,42,"Articles of leather; saddlery and harness; travel goods, handbags and similar containers; articles of animal gut (other than silk-worm gut)",2,False,C00,TOTAL CPC,0,0,TOTAL MOT,-1,N/A,0.0,False,-1,N/A,0.0,False,,False,0.0,False,,513371625.616,513371625.616,0,False,True
C,A,20170101,2017,52,2017,50,BGD,Bangladesh,X,Export,0,W00,World,0,W00,World,H5,HS,True,37,Photographic or cinematographic goods,2,False,C00,TOTAL CPC,0,0,TOTAL MOT,-1,N/A,0.0,False,-1,N/A,0.0,False,,False,0.0,False,,28275.077,28275.077,0,False,True
C,A,20170101,2017,52,2017,50,BGD,Bangladesh,X,Export,0,W00,World,0,W00,World,H5,HS,True,87,"Vehicles; other than railway or tramway rolling stock, and parts and accessories thereof",2,False,C00,TOTAL CPC,0,0,TOTAL MOT,-1,N/A,0.0,False,-1,N/A,0.0,False,,False,0.0,False,,182391993.353,182391993.353,0,False,True
C,A,20170101,2017,52,2017,50,BGD,Bangladesh,X,Export,0,W00,World,0,W00,World,H5,HS,True,89,"Ships, boats and floating structures",2,False,C00,TOTAL CPC,0,0,TOTAL MOT,-1,N/A,0.0,False,-1,N/A,0.0,False,,False,0.0,False,,93233718.018,93233718.018,0,False,True
C,A,20170101,2017,52,2017,50,BGD,Bangladesh,X,Export,0,W00,World,0,W00,World,H5,HS,True,91,Clocks and watches and parts thereof,2,False,C00,TOTAL CPC,0,0,TOTAL MOT,-1,N/A,0.0,False,-1,N/A,0.0,False,,False,0.0,False,,787589.462,787589.462,0,False,True
C,A,20170101,2017,52,2017,50,BGD,Bangladesh,X,Export,0,W00,World,0,W00,World,H5,HS,True,93,Arms and ammunition; parts and accessories thereof,2,False,C00,TOTAL CPC,0,0,TOTAL MOT,-1,N/A,0.0,False,-1,N/A,0.0,False,,False,0.0,False,,949511.828,949511.828,0,False,True
C,A,20170101,2017,52,2017,50,BGD,Bangladesh,X,Export,0,W00,World,0,W00,World,H5,HS,True,97,Works of art; collectors' pieces and antiques,2,False,C00,TOTAL CPC,0,0,TOTAL MOT,-1,N/A,0.0,False,-1,N/A,0.0,False,,False,0.0,False,,483026.034,483026.034,0,False,True
C,A,20170101,2017,52,2017,156,CHN,China,X,Export,0,W00,World,0,W00,World,H5,HS,True,99,Commodities not specified according to kind,2,False,C00,TOTAL CPC,0 ,0,TOTAL MOT,-1,N/A,0.0,False,-1,N/A,0.0,False,,False,,False,,5285018619.0,5285018619.0,0,False,True
C,A,20170101,2017,52,2017,156,CHN,China,X,Export,0,W00,World,0,W00,World,H5,HS,True,02,Meat and edible meat offal,2,False,C00,TOTAL CPC,0 ,0,TOTAL MOT,-1,N/A,0.0,False,-1,N/A,0.0,False,,False,,False,,916484021.0,916484021.0,0,False,True
C,A,20170101,2017,52,2017,156,CHN,China,X,Export,0,W00,World,0,W00,World,H5,HS,True,06,"Trees and other plants, live; bulbs, roots and the like; cut flowers and ornamental foliage",2,False,C00,TOTAL CPC,0 ,0,TOTAL MOT,-1,N/A,0.0,False,-1,N/A,0.0,False,,False,,False,,338468446.0,338468446.0,0,False,True
C,A,20170101,2017,52,2017,156,CHN,China,X,Export,0,W00,World,0,W00,World,H5,HS,True,11,"Products of the milling industry; malt, starches, inulin, wheat gluten",2,False,C00,TOTAL CPC,0 ,0,TOTAL MOT,-1,N/A,0.0,False,-1,N/A,0.0,False,,False,,False,,574555365.0,574555365.0,0,False,True
C,A,20170101,2017,52,2017,156,CHN,China,X,Export,0,W00,World,0,W00,World,H5,HS,True,14,Vegetable plaiting materials; vegetable products not elsewhere specified or included,2,False,C00,TOTAL CPC,0 ,0,TOTAL MOT,-1,N/A,0.0,False,-1,N/A,0.0,False,,False,,False,,130872090.0,130872090.0,0,False,True
C,A,20170101,2017,52,2017,156,CHN,China,X,Export,0,W00,World,0,W00,World,H5,HS,True,23,"Food industries, residues and wastes thereof; prepared animal fodder",2,False,C00,TOTAL CPC,0 ,0,TOTAL MOT,-1,N/A,0.0,False,-1,N/A,0.0,False,,False,,False,,2659026816.0,2659026816.0,0,False,True
C,A,20170101,2017,52,2017,156,CHN,China,X,Export,0,W00,World,0,W00,World,H5,HS,True,26,"Ores, slag and ash",2,False,C00,TOTAL CPC,0 ,0,TOTAL MOT,-1,N/A,0.0,False,-1,N/A,0.0,False,,False,,False,,717174679.0,717174679.0,0,False,True
C,A,20170101,2017,52,2017,156,CHN,China,X,Export,0,W00,World,0,W00,World,H5,HS,True,47,Pulp of wood or other fibrous cellulosic material; recovered (waste and scrap) paper or paperboard,2,False,C00,TOTAL CPC,0 ,0,TOTAL MOT,-1,N/A,0.0,False,-1,N/A,0.0,False,,False,,False,,135018598.0,135018598.0,0,False,True
C,A,20170101,2017,52,2017,156,CHN,China,X,Export,0,W00,World,0,W00,World,H5,HS,True,01,Animals; live,2,False,C00,TOTAL CPC,0 ,0,TOTAL MOT,-1,N/A,0.0,False,-1,N/A,0.0,False,,True,,False,,561540982.0,561540982.0,0,False,True
C,A,20170101,2017,52,2017,156,CHN,China,X,Export,0,W00,World,0,W00,World,H5,HS,True,03,"Fish and crustaceans, molluscs and other aquatic invertebrates",2,False,C00,TOTAL CPC,0 ,0,TOTAL MOT,-1,N/A,0.0,False,-1,N/A,0.0,False,,True,,False,,13252542227.0,13252542227.0,0,False,True
C,A,20170101,2017,52,2017,156,CHN,China,X,Export,0,W00,World,0,W00,World,H5,HS,True,04,"Dairy produce; birds' eggs; natural honey; edible products of animal origin, not elsewhere specified or included",2,False,C00,TOTAL CPC,0 ,0,TOTAL MOT,-1,N/A,0.0,False,-1,N/A,0.0,False,,True,,False,,588231125.0,588231125.0,0,False,True
C,A,20170101,2017,52,2017,156,CHN,China,X,Export,0,W00,World,0,W00,World,H5,HS,True,05,Animal originated products; not elsewhere specified or included,2,False,C00,TOTAL CPC,0 ,0,TOTAL MOT,-1,N/A,0.0,False,-1,N/A,0.0,False,,True,,False,,2309387133.0,2309387133.0,0,False,True
C,A,20170101,2017,52,2017,156,CHN,China,X,Export,0,W00,World,0,W00,World,H5,HS,True,07,Vegetables and certain roots and tubers; edible,2,False,C00,TOTAL CPC,0 ,0,TOTAL MOT,-1,N/A,0.0,False,-1,N/A,0.0,False,,True,,False,,11164183067.0,11164183067.0,0,False,True
C,A,20170101,2017,52,2017,156,CHN,China,X,Export,0,W00,World,0,W00,World,H5,HS,True,08,"Fruit and nuts, edible; peel of citrus fruit or melons",2,False,C00,TOTAL CPC,0 ,0,TOTAL MOT,-1,N/A,0.0,False,-1,N/A,0.0,False,,True,,False,,5336538380.0,5336538380.0,0,False,True
C,A,20170101,2017,52,2017,156,CHN,China,X,Export,0,W00,World,0,W00,World,H5,HS,True,09,"Coffee, tea, mate and spices",2,False,C00,TOTAL CPC,0 ,0,TOTAL MOT,-1,N/A,0.0,False,-1,N/A,0.0,False,,True,,False,,2930789065.0,2930789065.0,0,False,True
C,A,20170101,2017,52,2017,156,CHN,China,X,Export,0,W00,World,0,W00,World,H5,HS,True,10,Cereals,2,False,C00,TOTAL CPC,0 ,0,TOTAL MOT,-1,N/A,0.0,False,-1,N/A,0.0,False,,True,,False,,669755860.0,669755860.0,0,False,True
C,A,20170101,2017,52,2017,156,CHN,China,X,Export,0,W00,World,0,W00,World,H5,HS,True,12,"Oil seeds and oleaginous fruits; miscellaneous grains, seeds and fruit, industrial or medicinal plants; straw and fodder",2,False,C00,TOTAL CPC,0 ,0,TOTAL MOT,-1,N/A,0.0,False,-1,N/A,0.0,False,,True,,False,,2646341277.0,2646341277.0,0,False,True
C,A,20170101,2017,52,2017,156,CHN,China,X,Export,0,W00,World,0,W00,World,H5,HS,True,13,"Lac; gums, resins and other vegetable saps and extracts",2,False,C00,TOTAL CPC,0 ,0,TOTAL MOT,-1,N/A,0.0,False,-1,N/A,0.0,False,,True,,False,,1347926573.0,1347926573.0,0,False,True
C,A,20170101,2017,52,2017,156,CHN,China,X,Export,0,W00,World,0,W00,World,H5,HS,True,15,Animal or vegetable fats and oils and their cleavage products; prepared animal fats; animal or vegetable waxes,2,False,C00,TOTAL CPC,0 ,0,TOTAL MOT,-1,N/A,0.0,False,-1,N/A,0.0,False,,True,,False,,839440202.0,839440202.0,0,False,True
C,A,20170101,2017,52,2017,156,CHN,China,X,Export,0,W00,World,0,W00,World,H5,HS,True,16,"Meat, fish or crustaceans, molluscs or other aquatic invertebrates; preparations thereof",2,False,C00,TOTAL CPC,0 ,0,TOTAL MOT,-1,N/A,0.0,False,-1,N/A,0.0,False,,True,,False,,9024178108.0,9024178108.0,0,False,True
C,A,20170101,2017,52,2017,156,CHN,China,X,Export,0,W00,World,0,W00,World,H5,HS,True,17,Sugars and sugar confectionery,2,False,C00,TOTAL CPC,0 ,0,TOTAL MOT,-1,N/A,0.0,False,-1,N/A,0.0,False,,True,,False,,1759253995.0,1759253995.0,0,False,True
C,A,20170101,2017,52,2017,156,CHN,China,X,Export,0,W00,World,0,W00,World,H5,HS,True,18,Cocoa and cocoa preparations,2,False,C00,TOTAL CPC,0 ,0,TOTAL MOT,-1,N/A,0.0,False,-1,N/A,0.0,False,,True,,False,,376026766.0,376026766.0,0,False,True
C,A,20170101,2017,52,2017,156,CHN,China,X,Export,0,W00,World,0,W00,World,H5,HS,True,19,"Preparations of cereals, flour, starch or milk; pastrycooks' products",2,False,C00,TOTAL CPC,0 ,0,TOTAL MOT,-1,N/A,0.0,False,-1,N/A,0.0,False,,True,,False,,1650108479.0,1650108479.0,0,False,True
C,A,20170101,2017,52,2017,156,CHN,China,X,Export,0,W00,World,0,W00,World,H5,HS,True,20,"Preparations of vegetables, fruit, nuts or other parts of plants",2,False,C00,TOTAL CPC,0 ,0,TOTAL MOT,-1,N/A,0.0,False,-1,N/A,0.0,False,,True,,False,,7693661342.0,7693661342.0,0,False,True
C,A,20170101,2017,52,2017,156,CHN,China,X,Export,0,W00,World,0,W00,World,H5,HS,True,21,Miscellaneous edible preparations,2,False,C00,TOTAL CPC,0 ,0,TOTAL MOT,-1,N/A,0.0,False,-1,N/A,0.0,False,,True,,False,,3259700022.0,3259700022.0,0,False,True
C,A,20170101,2017,52,2017,156,CHN,China,X,Export,0,W00,World,0,W00,World,H5,HS,True,22,"Beverages, spirits and vinegar",2,False,C00,TOTAL CPC,0 ,0,TOTAL MOT,-1,N/A,0.0,False,-1,N/A,0.0,False,,True,,False,,2227073681.0,2227073681.0,0,False,True
C,A,20170101,2017,52,2017,156,CHN,China,X,Export,0,W00,World,0,W00,World,H5,HS,True,24,Tobacco and manufactured tobacco substitutes,2,False,C00,TOTAL CPC,0 ,0,TOTAL MOT,-1,N/A,0.0,False,-1,N/A,0.0,False,,True,,False,,1326799340.0,1326799340.0,0,False,True
C,A,20170101,2017,52,2017,156,CHN,China,X,Export,0,W00,World,0,W00,World,H5,HS,True,25,"Salt; sulphur; earths, stone; plastering materials, lime and cement",2,False,C00,TOTAL CPC,0 ,0,TOTAL MOT,-1,N/A,0.0,False,-1,N/A,0.0,False,,True,,False,,3217627041.0,3217627041.0,0,False,True
C,A,20170101,2017,52,2017,156,CHN,China,X,Export,0,W00,World,0,W00,World,H5,HS,True,27,"Mineral fuels, mineral oils and products of their distillation; bituminous substances; mineral waxes",2,False,C00,TOTAL CPC,0 ,0,TOTAL MOT,-1,N/A,0.0,False,-1,N/A,0.0,False,,True,,False,,35390766468.0,35390766468.0,0,False,True
C,A,20170101,2017,52,2017,156,CHN,China,X,Export,0,W00,World,0,W00,World,H5,HS,True,28,"Inorganic chemicals; organic and inorganic compounds of precious metals; of rare earth metals, of radio-active elements and of isotopes",2,False,C00,TOTAL CPC,0 ,0,TOTAL MOT,-1,N/A,0.0,False,-1,N/A,0.0,False,,True,,False,,15004411892.0,15004411892.0,0,False,True
C,A,20170101,2017,52,2017,156,CHN,China,X,Export,0,W00,World,0,W00,World,H5,HS,True,29,Organic chemicals,2,False,C00,TOTAL CPC,0 ,0,TOTAL MOT,-1,N/A,0.0,False,-1,N/A,0.0,False,,True,,False,,49736115534.0,49736115534.0,0,False,True
C,A,20170101,2017,52,2017,156,CHN,China,X,Export,0,W00,World,0,W00,World,H5,HS,True,30,Pharmaceutical products,2,False,C00,TOTAL CPC,0 ,0,TOTAL MOT,-1,N/A,0.0,False,-1,N/A,0.0,False,,True,,False,,7364201099.0,7364201099.0,0,False,True
C,A,20170101,2017,52,2017,156,CHN,China,X,Export,0,W00,World,0,W00,World,H5,HS,True,31,Fertilizers,2,False,C00,TOTAL CPC,0 ,0,TOTAL MOT,-1,N/A,0.0,False,-1,N/A,0.0,False,,True,,False,,6042557215.0,6042557215.0,0,False,True
C,A,20170101,2017,52,2017,156,CHN,China,X,Export,0,W00,World,0,W00,World,H5,HS,True,32,"Tanning or dyeing extracts; tannins and their derivatives; dyes, pigments and other colouring matter; paints, varnishes; putty, other mastics; inks",2,False,C00,TOTAL CPC,0 ,0,TOTAL MOT,-1,N/A,0.0,False,-1,N/A,0.0,False,,True,,False,,6990875236.0,6990875236.0,0,False,True
C,A,20170101,2017,52,2017,156,CHN,China,X,Export,0,W00,World,0,W00,World,H5,HS,True,33,"Essential oils and resinoids; perfumery, cosmetic or toilet preparations",2,False,C00,TOTAL CPC,0 ,0,TOTAL MOT,-1,N/A,0.0,False,-1,N/A,0.0,False,,True,,False,,4832346428.0,4832346428.0,0,False,True
C,A,20170101,2017,52,2017,156,CHN,China,X,Export,0,W00,World,0,W00,World,H5,HS,True,34,"Soap, organic surface-active agents; washing, lubricating, polishing or scouring preparations; artificial or prepared waxes, candles and similar articles, modelling pastes, dental waxes and dental preparations with a basis of plaster",2,False,C00,TOTAL CPC,0 ,0,TOTAL MOT,-1,N/A,0.0,False,-1,N/A,0.0,False,,True,,False,,3538269728.0,3538269728.0,0,False,True
C,A,20170101,2017,52,2017,156,CHN,China,X,Export,0,W00,World,0,W00,World,H5,HS,True,35,Albuminoidal substances; modified starches; glues; enzymes,2,False,C00,TOTAL CPC,0 ,0,TOTAL MOT,-1,N/A,0.0,False,-1,N/A,0.0,False,,True,,False,,2841357791.0,2841357791.0,0,False,True
C,A,20170101,2017,52,2017,156,CHN,China,X,Export,0,W00,World,0,W00,World,H5,HS,True,43,Furskins and artificial fur; manufactures thereof,2,False,C00,TOTAL CPC,0 ,0,TOTAL MOT,-1,N/A,0.0,False,-1,N/A,0.0,False,,True,,False,,3651910930.0,3651910930.0,0,False,True
C,A,20170101,2017,52,2017,156,CHN,China,X,Export,0,W00,World,0,W00,World,H5,HS,True,41,Raw hides and skins (other than furskins) and leather,2,False,C00,TOTAL CPC,0 ,0,TOTAL MOT,-1,N/A,0.0,False,-1,N/A,0.0,False,,True,,False,,614714840.0,614714840.0,0,False,True
C,A,20170101,2017,52,2017,156,CHN,China,X,Export,0,W00,World,0,W00,World,H5,HS,True,38,Chemical products n.e.c.,2,False,C00,TOTAL CPC,0 ,0,TOTAL MOT,-1,N/A,0.0,False,-1,N/A,0.0,False,,True,,False,,16194119979.0,16194119979.0,0,False,True
C,A,20170101,2017,52,2017,156,CHN,China,X,Export,0,W00,World,0,W00,World,H5,HS,True,37,Photographic or cinematographic goods,2,False,C00,TOTAL CPC,0 ,0,TOTAL MOT,-1,N/A,0.0,False,-1,N/A,0.0,False,,True,,False,,1082822693.0,1082822693.0,0,False,True
C,A,20170101,2017,52,2017,156,CHN,China,X,Export,0,W00,World,0,W00,World,H5,HS,True,36,Explosives; pyrotechnic products; matches; pyrophoric alloys; certain combustible preparations,2,False,C00,TOTAL CPC,0 ,0,TOTAL MOT,-1,N/A,0.0,False,-1,N/A,0.0,False,,True,,False,,824591395.0,824591395.0,0,False,True
C,A,20170101,2017,52,2017,156,CHN,China,X,Export,0,W00,World,0,W00,World,H5,HS,True,44,Wood and articles of wood; wood charcoal,2,False,C00,TOTAL CPC,0 ,0,TOTAL MOT,-1,N/A,0.0,False,-1,N/A,0.0,False,,True,,False,,13640033463.0,13640033463.0,0,False,True
C,A,20170101,2017,52,2017,156,CHN,China,X,Export,0,W00,World,0,W00,World,H5,HS,True,45,Cork and articles of cork,2,False,C00,TOTAL CPC,0 ,0,TOTAL MOT,-1,N/A,0.0,False,-1,N/A,0.0,False,,True,,False,,21157119.0,21157119.0,0,False,True
C,A,20170101,2017,52,2017,156,CHN,China,X,Export,0,W00,World,0,W00,World,H5,HS,True,46,"Manufactures of straw, esparto or other plaiting materials; basketware and wickerwork",2,False,C00,TOTAL CPC,0 ,0,TOTAL MOT,-1,N/A,0.0,False,-1,N/A,0.0,False,,True,,False,,1495585915.0,1495585915.0,0,False,True
C,A,20170101,2017,52,2017,156,CHN,China,X,Export,0,W00,World,0,W00,World,H5,HS,True,50,Silk,2,False,C00,TOTAL CPC,0 ,0,TOTAL MOT,-1,N/A,0.0,False,-1,N/A,0.0,False,,True,,False,,1111843488.0,1111843488.0,0,False,True
C,A,20170101,2017,52,2017,156,CHN,China,X,Export,0,W00,World,0,W00,World,H5,HS,True,51,"Wool, fine or coarse animal hair; horsehair yarn and woven fabric",2,False,C00,TOTAL CPC,0 ,0,TOTAL MOT,-1,N/A,0.0,False,-1,N/A,0.0,False,,True,,False,,1999003482.0,1999003482.0,0,False,True
C,A,20170101,2017,52,2017,156,CHN,China,X,Export,0,W00,World,0,W00,World,H5,HS,True,52,Cotton,2,False,C00,TOTAL CPC,0 ,0,TOTAL MOT,-1,N/A,0.0,False,-1,N/A,0.0,False,,True,,False,,15127253982.0,15127253982.0,0,False,True
C,A,20170101,2017,52,2017,156,CHN,China,X,Export,0,W00,World,0,W00,World,H5,HS,True,53,Vegetable textile fibres; paper yarn and woven fabrics of paper yarn,2,False,C00,TOTAL CPC,0 ,0,TOTAL MOT,-1,N/A,0.0,False,-1,N/A,0.0,False,,True,,False,,1055240754.0,1055240754.0,0,False,True
C,A,20170101,2017,52,2017,156,CHN,China,X,Export,0,W00,World,0,W00,World,H5,HS,True,54,Man-made filaments; strip and the like of man-made textile materials,2,False,C00,TOTAL CPC,0 ,0,TOTAL MOT,-1,N/A,0.0,False,-1,N/A,0.0,False,,True,,False,,17953545529.0,17953545529.0,0,False,True
C,A,20170101,2017,52,2017,156,CHN,China,X,Export,0,W00,World,0,W00,World,H5,HS,True,55,Man-made staple fibres,2,False,C00,TOTAL CPC,0 ,0,TOTAL MOT,-1,N/A,0.0,False,-1,N/A,0.0,False,,True,,False,,12061410308.0,12061410308.0,0,False,True
C,A,20170101,2017,52,2017,156,CHN,China,X,Export,0,W00,World,0,W00,World,H5,HS,True,56,"Wadding, felt and nonwovens, special yarns; twine, cordage, ropes and cables and articles thereof",2,False,C00,TOTAL CPC,0 ,0,TOTAL MOT,-1,N/A,0.0,False,-1,N/A,0.0,False,,True,,False,,5084134643.0,5084134643.0,0,False,True
C,A,20170101,2017,52,2017,156,CHN,China,X,Export,0,W00,World,0,W00,World,H5,HS,True,57,Carpets and other textile floor coverings,2,False,C00,TOTAL CPC,0 ,0,TOTAL MOT,-1,N/A,0.0,False,-1,N/A,0.0,False,,True,,False,,2702165792.0,2702165792.0,0,False,True
C,A,20170101,2017,52,2017,156,CHN,China,X,Export,0,W00,World,0,W00,World,H5,HS,True,58,"Fabrics; special woven fabrics, tufted textile fabrics, lace, tapestries, trimmings, embroidery",2,False,C00,TOTAL CPC,0 ,0,TOTAL MOT,-1,N/A,0.0,False,-1,N/A,0.0,False,,True,,False,,4740136823.0,4740136823.0,0,False,True
C,A,20170101,2017,52,2017,156,CHN,China,X,Export,0,W00,World,0,W00,World,H5,HS,True,59,"Textile fabrics; impregnated, coated, covered or laminated; textile articles of a kind suitable for industrial use",2,False,C00,TOTAL CPC,0 ,0,TOTAL MOT,-1,N/A,0.0,False,-1,N/A,0.0,False,,True,,False,,7390116872.0,7390116872.0,0,False,True
C,A,20170101,2017,52,2017,156,CHN,China,X,Export,0,W00,World,0,W00,World,H5,HS,True,60,Fabrics; knitted or crocheted,2,False,C00,TOTAL CPC,0 ,0,TOTAL MOT,-1,N/A,0.0,False,-1,N/A,0.0,False,,True,,False,,16506064230.0,16506064230.0,0,False,True
C,A,20170101,2017,52,2017,156,CHN,China,X,Export,0,W00,World,0,W00,World,H5,HS,True,65,Headgear and parts thereof,2,False,C00,TOTAL CPC,0 ,0,TOTAL MOT,-1,N/A,0.0,False,-1,N/A,0.0,False,,True,,False,,4390362541.0,4390362541.0,0,False,True
C,A,20170101,2017,52,2017,156,CHN,China,X,Export,0,W00,World,0,W00,World,H5,HS,True,66,"Umbrellas, sun umbrellas, walking-sticks, seat sticks, whips, riding crops; and parts thereof",2,False,C00,TOTAL CPC,0 ,0,TOTAL MOT,-1,N/A,0.0,False,-1,N/A,0.0,False,,True,,False,,2621193308.0,2621193308.0,0,False,True
C,A,20170101,2017,52,2017,156,CHN,China,X,Export,0,W00,World,0,W00,World,H5,HS,True,67,"Feathers and down, prepared; and articles made of feather or of down; artificial flowers; articles of human hair",2,False,C00,TOTAL CPC,0 ,0,TOTAL MOT,-1,N/A,0.0,False,-1,N/A,0.0,False,,True,,False,,5908290215.0,5908290215.0,0,False,True
C,A,20170101,2017,52,2017,156,CHN,China,X,Export,0,W00,World,0,W00,World,H5,HS,True,68,"Stone, plaster, cement, asbestos, mica or similar materials; articles thereof",2,False,C00,TOTAL CPC,0 ,0,TOTAL MOT,-1,N/A,0.0,False,-1,N/A,0.0,False,,True,,False,,10870694117.0,10870694117.0,0,False,True
C,A,20170101,2017,52,2017,156,CHN,China,X,Export,0,W00,World,0,W00,World,H5,HS,True,69,Ceramic products,2,False,C00,TOTAL CPC,0 ,0,TOTAL MOT,-1,N/A,0.0,False,-1,N/A,0.0,False,,True,,False,,19313843029.0,19313843029.0,0,False,True
C,A,20170101,2017,52,2017,156,CHN,China,X,Export,0,W00,World,0,W00,World,H5,HS,True,70,Glass and glassware,2,False,C00,TOTAL CPC,0 ,0,TOTAL MOT,-1,N/A,0.0,False,-1,N/A,0.0,False,,True,,False,,15718203477.0,15718203477.0,0,False,True
C,A,20170101,2017,52,2017,156,CHN,China,X,Export,0,W00,World,0,W00,World,H5,HS,True,72,Iron and steel,2,False,C00,TOTAL CPC,0 ,0,TOTAL MOT,-1,N/A,0.0,False,-1,N/A,0.0,False,,True,,False,,42984233192.0,42984233192.0,0,False,True
C,A,20170101,2017,52,2017,156,CHN,China,X,Export,0,W00,World,0,W00,World,H5,HS,True,78,Lead and articles thereof,2,False,C00,TOTAL CPC,0 ,0,TOTAL MOT,-1,N/A,0.0,False,-1,N/A,0.0,False,,True,,False,,84879683.0,84879683.0,0,False,True
C,A,20170101,2017,52,2017,156,CHN,China,X,Export,0,W00,World,0,W00,World,H5,HS,True,81,"Metals; n.e.c., cermets and articles thereof",2,False,C00,TOTAL CPC,0 ,0,TOTAL MOT,-1,N/A,0.0,False,-1,N/A,0.0,False,,True,,False,,3228823951.0,3228823951.0,0,False,True
C,A,20170101,2017,52,2017,156,CHN,China,X,Export,0,W00,World,0,W00,World,H5,HS,True,80,Tin; articles thereof,2,False,C00,TOTAL CPC,0 ,0,TOTAL MOT,-1,N/A,0.0,False,-1,N/A,0.0,False,,True,,False,,59611528.0,59611528.0,0,False,True
C,A,20170101,2017,52,2017,156,CHN,China,X,Export,0,W00,World,0,W00,World,H5,HS,True,79,Zinc and articles thereof,2,False,C00,TOTAL CPC,0 ,0,TOTAL MOT,-1,N/A,0.0,False,-1,N/A,0.0,False,,True,,False,,243361152.0,243361152.0,0,False,True
C,A,20170101,2017,52,2017,156,CHN,China,X,Export,0,W00,World,0,W00,World,H5,HS,True,76,Aluminium and articles thereof,2,False,C00,TOTAL CPC,0 ,0,TOTAL MOT,-1,N/A,0.0,False,-1,N/A,0.0,False,,True,,False,,22585177769.0,22585177769.0,0,False,True
C,A,20170101,2017,52,2017,156,CHN,China,X,Export,0,W00,World,0,W00,World,H5,HS,True,75,Nickel and articles thereof,2,False,C00,TOTAL CPC,0 ,0,TOTAL MOT,-1,N/A,0.0,False,-1,N/A,0.0,False,,True,,False,,417944179.0,417944179.0,0,False,True
C,A,20170101,2017,52,2017,156,CHN,China,X,Export,0,W00,World,0,W00,World,H5,HS,True,74,Copper and articles thereof,2,False,C00,TOTAL CPC,0 ,0,TOTAL MOT,-1,N/A,0.0,False,-1,N/A,0.0,False,,True,,False,,6457489331.0,6457489331.0,0,False,True
C,A,20170101,2017,52,2017,156,CHN,China,X,Export,0,W00,World,0,W00,World,H5,HS,True,93,Arms and ammunition; parts and accessories thereof,2,False,C00,TOTAL CPC,0 ,0,TOTAL MOT,-1,N/A,0.0,False,-1,N/A,0.0,False,,True,,False,,132688751.0,132688751.0,0,False,True
C,A,20170101,2017,52,2017,156,CHN,China,X,Export,0,W00,World,0,W00,World,H5,HS,True,97,Works of art; collectors' pieces and antiques,2,False,C00,TOTAL CPC,0 ,0,TOTAL MOT,-1,N/A,0.0,False,-1,N/A,0.0,False,,True,,False,,128227925.0,128227925.0,0,False,True
C,A,20170101,2017,52,2017,156,CHN,China,X,Export,0,W00,World,0,W00,World,H5,HS,True,88,"Aircraft, spacecraft and parts thereof",2,False,C00,TOTAL CPC,0 ,0,TOTAL MOT,-1,N/A,0.0,False,-1,N/A,0.0,False,,True,,False,,3667043101.0,3667043101.0,0,False,True
C,A,20170101,2017,52,2017,156,CHN,China,X,Export,0,W00,World,0,W00,World,H5,HS,True,63,"Textiles, made up articles; sets; worn clothing and worn textile articles; rags",2,False,C00,TOTAL CPC,0 ,0,TOTAL MOT,-1,N/A,0.0,False,-1,N/A,0.0,False,,True,,False,,26358053802.0,26358053802.0,0,False,True
C,A,20170101,2017,52,2017,156,CHN,China,X,Export,0,W00,World,0,W00,World,H5,HS,True,86,"Railway, tramway locomotives, rolling-stock and parts thereof; railway or tramway track fixtures and fittings and parts thereof; mechanical (including electro-mechanical) traffic signalling equipment of all kinds",2,False,C00,TOTAL CPC,0 ,0,TOTAL MOT,-1,N/A,0.0,False,-1,N/A,0.0,False,,True,,False,,10945586298.0,10945586298.0,0,False,True
C,A,20170101,2017,52,2017,156,CHN,China,X,Export,0,W00,World,0,W00,World,H5,HS,True,64,Footwear; gaiters and the like; parts of such articles,2,False,C00,TOTAL CPC,0 ,0,TOTAL MOT,-1,N/A,0.0,False,-1,N/A,0.0,False,,True,,False,,48185817500.0,48185817500.0,0,False,True
C,A,20170101,2017,52,2017,156,CHN,China,X,Export,0,W00,World,0,W00,World,H5,HS,True,49,"Printed books, newspapers, pictures and other products of the printing industry; manuscripts, typescripts and plans",2,False,C00,TOTAL CPC,0 ,0,TOTAL MOT,-1,N/A,0.0,False,-1,N/A,0.0,False,,True,,False,,3628674026.0,3628674026.0,0,False,True
C,A,20170101,2017,52,2017,156,CHN,China,X,Export,0,W00,World,0,W00,World,H5,HS,True,48,"Paper and paperboard; articles of paper pulp, of paper or paperboard",2,False,C00,TOTAL CPC,0 ,0,TOTAL MOT,-1,N/A,0.0,False,-1,N/A,0.0,False,,True,,False,,17988606039.0,17988606039.0,0,False,True
C,A,20170101,2017,52,2017,156,CHN,China,X,Export,0,W00,World,0,W00,World,H5,HS,True,40,Rubber and articles thereof,2,False,C00,TOTAL CPC,0 ,0,TOTAL MOT,-1,N/A,0.0,False,-1,N/A,0.0,False,,True,,False,,20654471495.0,20654471495.0,0,False,True
C,A,20170101,2017,52,2017,156,CHN,China,X,Export,0,W00,World,0,W00,World,H5,HS,True,94,"Furniture; bedding, mattresses, mattress supports, cushions and similar stuffed furnishings; lamps and lighting fittings, n.e.c.; illuminated signs, illuminated name-plates and the like; prefabricated buildings",2,False,C00,TOTAL CPC,0 ,0,TOTAL MOT,-1,N/A,0.0,False,-1,N/A,0.0,False,,True,,False,,88973112865.0,88973112865.0,0,False,True
C,A,20170101,2017,52,2017,156,CHN,China,X,Export,0,W00,World,0,W00,World,H5,HS,True,42,"Articles of leather; saddlery and harness; travel goods, handbags and similar containers; articles of animal gut (other than silk-worm gut)",2,False,C00,TOTAL CPC,0 ,0,TOTAL MOT,-1,N/A,0.0,False,-1,N/A,0.0,False,,True,,False,,28872138624.0,28872138624.0,0,False,True
C,A,20170101,2017,52,2017,156,CHN,China,X,Export,0,W00,World,0,W00,World,H5,HS,True,83,Metal; miscellaneous products of base metal,2,False,C00,TOTAL CPC,0 ,0,TOTAL MOT,-1,N/A,0.0,False,-1,N/A,0.0,False,,True,,False,,17294832225.0,17294832225.0,0,False,True
C,A,20170101,2017,52,2017,156,CHN,China,X,Export,0,W00,World,0,W00,World,H5,HS,True,71,"Natural, cultured pearls; precious, semi-precious stones; precious metals, metals clad with precious metal, and articles thereof; imitation jewellery; coin",2,False,C00,TOTAL CPC,0 ,0,TOTAL MOT,-1,N/A,0.0,False,-1,N/A,0.0,False,,True,,False,,17979803238.0,17979803238.0,0,False,True
C,A,20170101,2017,52,2017,156,CHN,China,X,Export,0,W00,World,0,W00,World,H5,HS,True,82,"Tools, implements, cutlery, spoons and forks, of base metal; parts thereof, of base metal",2,False,C00,TOTAL CPC,0 ,0,TOTAL MOT,-1,N/A,0.0,False,-1,N/A,0.0,False,,True,,False,,15012897215.0,15012897215.0,0,False,True
C,A,20170101,2017,52,2017,156,CHN,China,X,Export,0,W00,World,0,W00,World,H5,HS,True,89,"Ships, boats and floating structures",2,False,C00,TOTAL CPC,0 ,0,TOTAL MOT,-1,N/A,0.0,False,-1,N/A,0.0,False,,True,,False,,22933147508.0,22933147508.0,0,False,True
C,A,20170101,2017,52,2017,156,CHN,China,X,Export,0,W00,World,0,W00,World,H5,HS,True,61,Apparel and clothing accessories; knitted or crocheted,2,False,C00,TOTAL CPC,0 ,0,TOTAL MOT,-1,N/A,0.0,False,-1,N/A,0.0,False,,True,,False,,71823612990.0,71823612990.0,0,False,True
C,A,20170101,2017,52,2017,156,CHN,China,X,Export,0,W00,World,0,W00,World,H5,HS,True,73,Iron or steel articles,2,False,C00,TOTAL CPC,0 ,0,TOTAL MOT,-1,N/A,0.0,False,-1,N/A,0.0,False,,True,,False,,56727624142.0,56727624142.0,0,False,True
C,A,20170101,2017,52,2017,156,CHN,China,X,Export,0,W00,World,0,W00,World,H5,HS,True,92,Musical instruments; parts and accessories of such articles,2,False,C00,TOTAL CPC,0 ,0,TOTAL MOT,-1,N/A,0.0,False,-1,N/A,0.0,False,,True,,False,,1548400498.0,1548400498.0,0,False,True
C,A,20170101,2017,52,2017,156,CHN,China,X,Export,0,W00,World,0,W00,World,H5,HS,True,62,Apparel and clothing accessories; not knitted or crocheted,2,False,C00,TOTAL CPC,0 ,0,TOTAL MOT,-1,N/A,0.0,False,-1,N/A,0.0,False,,True,,False,,73408647525.0,73408647525.0,0,False,True
C,A,20170101,2017,52,2017,156,CHN,China,X,Export,0,W00,World,0,W00,World,H5,HS,True,91,Clocks and watches and parts thereof,2,False,C00,TOTAL CPC,0 ,0,TOTAL MOT,-1,N/A,0.0,False,-1,N/A,0.0,False,,True,,False,,4655416370.0,4655416370.0,0,False,True
C,A,20170101,2017,52,2017,156,CHN,China,X,Export,0,W00,World,0,W00,World,H5,HS,True,39,Plastics and articles thereof,2,False,C00,TOTAL CPC,0 ,0,TOTAL MOT,-1,N/A,0.0,False,-1,N/A,0.0,False,,True,,False,,70000376197.0,70000376197.0,0,False,True
C,A,20170101,2017,52,2017,156,CHN,China,X,Export,0,W00,World,0,W00,World,H5,HS,True,90,"Optical, photographic, cinematographic, measuring, checking, medical or surgical instruments and apparatus; parts and accessories",2,False,C00,TOTAL CPC,0 ,0,TOTAL MOT,-1,N/A,0.0,False,-1,N/A,0.0,False,,True,,False,,70615802739.0,70615802739.0,0,False,True
C,A,20170101,2017,52,2017,156,CHN,China,X,Export,0,W00,World,0,W00,World,H5,HS,True,95,"Toys, games and sports requisites; parts and accessories thereof",2,False,C00,TOTAL CPC,0 ,0,TOTAL MOT,-1,N/A,0.0,False,-1,N/A,0.0,False,,True,,False,,54593035075.0,54593035075.0,0,False,True
C,A,20170101,2017,52,2017,156,CHN,China,X,Export,0,W00,World,0,W00,World,H5,HS,True,87,"Vehicles; other than railway or tramway rolling stock, and parts and accessories thereof",2,False,C00,TOTAL CPC,0 ,0,TOTAL MOT,-1,N/A,0.0,False,-1,N/A,0.0,False,,True,,False,,67263139542.0,67263139542.0,0,False,True
C,A,20170101,2017,52,2017,156,CHN,China,X,Export,0,W00,World,0,W00,World,H5,HS,True,96,Miscellaneous manufactured articles,2,False,C00,TOTAL CPC,0 ,0,TOTAL MOT,-1,N/A,0.0,False,-1,N/A,0.0,False,,True,,False,,15592034542.0,15592034542.0,0,False,True
C,A,20170101,2017,52,2017,156,CHN,China,X,Export,0,W00,World,0,W00,World,H5,HS,True,84,"Nuclear reactors, boilers, machinery and mechanical appliances; parts thereof",2,False,C00,TOTAL CPC,0 ,0,TOTAL MOT,-1,N/A,0.0,False,-1,N/A,0.0,False,,True,,False,,383243543186.0,383243543186.0,0,False,True
C,A,20170101,2017,52,2017,156,CHN,China,X,Export,0,W00,World,0,W00,World,H5,HS,True,85,"Electrical machinery and equipment and parts thereof; sound recorders and reproducers; television image and sound recorders and reproducers, parts and accessories of such articles",2,False,C00,TOTAL CPC,0 ,0,TOTAL MOT,-1,N/A,0.0,False,-1,N/A,0.0,False,,True,,False,,598325186484.0,598325186484.0,0,False,True
C,A,20170101,2017,52,2017,704,VNM,Viet Nam,X,Export,0,W00,World,0,W00,World,H4,HS,True,99,Commodities not specified according to kind,2,False,C00,TOTAL CPC,0 ,0,TOTAL MOT,-1,N/A,0.0,False,-1,N/A,0.0,False,,False,,False,,287071303.0,287071303.0,0,False,True
C,A,20170101,2017,52,2017,704,VNM,Viet Nam,X,Export,0,W00,World,0,W00,World,H4,HS,True,02,Meat and edible meat offal,2,False,C00,TOTAL CPC,0 ,0,TOTAL MOT,-1,N/A,0.0,False,-1,N/A,0.0,False,,True,,False,,99223888.2,99223888.2,0,False,True
C,A,20170101,2017,52,2017,704,VNM,Viet Nam,X,Export,0,W00,World,0,W00,World,H4,HS,True,03,"Fish and crustaceans, molluscs and other aquatic invertebrates",2,False,C00,TOTAL CPC,0 ,0,TOTAL MOT,-1,N/A,0.0,False,-1,N/A,0.0,False,,True,,False,,6141701246.8,6141701246.8,0,False,True
C,A,20170101,2017,52,2017,704,VNM,Viet Nam,X,Export,0,W00,World,0,W00,World,H4,HS,True,04,"Dairy produce; birds' eggs; natural honey; edible products of animal origin, not elsewhere specified or included",2,False,C00,TOTAL CPC,0 ,0,TOTAL MOT,-1,N/A,0.0,False,-1,N/A,0.0,False,,True,,False,,138663140.2,138663140.2,0,False,True
C,A,20170101,2017,52,2017,704,VNM,Viet Nam,X,Export,0,W00,World,0,W00,World,H4,HS,True,17,Sugars and sugar confectionery,2,False,C00,TOTAL CPC,0 ,0,TOTAL MOT,-1,N/A,0.0,False,-1,N/A,0.0,False,,True,,False,,141631194.1,141631194.1,0,False,True
C,A,20170101,2017,52,2017,704,VNM,Viet Nam,X,Export,0,W00,World,0,W00,World,H4,HS,True,05,Animal originated products; not elsewhere specified or included,2,False,C00,TOTAL CPC,0 ,0,TOTAL MOT,-1,N/A,0.0,False,-1,N/A,0.0,False,,True,,False,,48008306.2,48008306.2,0,False,True
C,A,20170101,2017,52,2017,704,VNM,Viet Nam,X,Export,0,W00,World,0,W00,World,H4,HS,True,06,"Trees and other plants, live; bulbs, roots and the like; cut flowers and ornamental foliage",2,False,C00,TOTAL CPC,0 ,0,TOTAL MOT,-1,N/A,0.0,False,-1,N/A,0.0,False,,True,,False,,65649813.6,65649813.6,0,False,True
C,A,20170101,2017,52,2017,704,VNM,Viet Nam,X,Export,0,W00,World,0,W00,World,H4,HS,True,07,Vegetables and certain roots and tubers; edible,2,False,C00,TOTAL CPC,0 ,0,TOTAL MOT,-1,N/A,0.0,False,-1,N/A,0.0,False,,True,,False,,615687481.4,615687481.4,0,False,True
C,A,20170101,2017,52,2017,704,VNM,Viet Nam,X,Export,0,W00,World,0,W00,World,H4,HS,True,08,"Fruit and nuts, edible; peel of citrus fruit or melons",2,False,C00,TOTAL CPC,0 ,0,TOTAL MOT,-1,N/A,0.0,False,-1,N/A,0.0,False,,True,,False,,6167439304.2,6167439304.2,0,False,True
C,A,20170101,2017,52,2017,704,VNM,Viet Nam,X,Export,0,W00,World,0,W00,World,H4,HS,True,10,Cereals,2,False,C00,TOTAL CPC,0 ,0,TOTAL MOT,-1,N/A,0.0,False,-1,N/A,0.0,False,,True,,False,,2663088748.7,2663088748.7,0,False,True
C,A,20170101,2017,52,2017,704,VNM,Viet Nam,X,Export,0,W00,World,0,W00,World,H4,HS,True,11,"Products of the milling industry; malt, starches, inulin, wheat gluten",2,False,C00,TOTAL CPC,0 ,0,TOTAL MOT,-1,N/A,0.0,False,-1,N/A,0.0,False,,True,,False,,836926098.4,836926098.4,0,False,True
C,A,20170101,2017,52,2017,704,VNM,Viet Nam,X,Export,0,W00,World,0,W00,World,H4,HS,True,12,"Oil seeds and oleaginous fruits; miscellaneous grains, seeds and fruit, industrial or medicinal plants; straw and fodder",2,False,C00,TOTAL CPC,0 ,0,TOTAL MOT,-1,N/A,0.0,False,-1,N/A,0.0,False,,True,,False,,97355648.7,97355648.7,0,False,True
C,A,20170101,2017,52,2017,704,VNM,Viet Nam,X,Export,0,W00,World,0,W00,World,H4,HS,True,13,"Lac; gums, resins and other vegetable saps and extracts",2,False,C00,TOTAL CPC,0 ,0,TOTAL MOT,-1,N/A,0.0,False,-1,N/A,0.0,False,,True,,False,,43231954.1,43231954.1,0,False,True
C,A,20170101,2017,52,2017,704,VNM,Viet Nam,X,Export,0,W00,World,0,W00,World,H4,HS,True,14,Vegetable plaiting materials; vegetable products not elsewhere specified or included,2,False,C00,TOTAL CPC,0 ,0,TOTAL MOT,-1,N/A,0.0,False,-1,N/A,0.0,False,,True,,False,,17908190.0,17908190.0,0,False,True
C,A,20170101,2017,52,2017,704,VNM,Viet Nam,X,Export,0,W00,World,0,W00,World,H4,HS,True,15,Animal or vegetable fats and oils and their cleavage products; prepared animal fats; animal or vegetable waxes,2,False,C00,TOTAL CPC,0 ,0,TOTAL MOT,-1,N/A,0.0,False,-1,N/A,0.0,False,,True,,False,,187719742.3,187719742.3,0,False,True
C,A,20170101,2017,52,2017,704,VNM,Viet Nam,X,Export,0,W00,World,0,W00,World,H4,HS,True,16,"Meat, fish or crustaceans, molluscs or other aquatic invertebrates; preparations thereof",2,False,C00,TOTAL CPC,0 ,0,TOTAL MOT,-1,N/A,0.0,False,-1,N/A,0.0,False,,True,,False,,2150221045.9,2150221045.9,0,False,True
C,A,20170101,2017,52,2017,704,VNM,Viet Nam,X,Export,0,W00,World,0,W00,World,H4,HS,True,18,Cocoa and cocoa preparations,2,False,C00,TOTAL CPC,0 ,0,TOTAL MOT,-1,N/A,0.0,False,-1,N/A,0.0,False,,True,,False,,19417948.5,19417948.5,0,False,True
C,A,20170101,2017,52,2017,704,VNM,Viet Nam,X,Export,0,W00,World,0,W00,World,H4,HS,True,19,"Preparations of cereals, flour, starch or milk; pastrycooks' products",2,False,C00,TOTAL CPC,0 ,0,TOTAL MOT,-1,N/A,0.0,False,-1,N/A,0.0,False,,True,,False,,627177671.6,627177671.6,0,False,True
C,A,20170101,2017,52,2017,704,VNM,Viet Nam,X,Export,0,W00,World,0,W00,World,H4,HS,True,20,"Preparations of vegetables, fruit, nuts or other parts of plants",2,False,C00,TOTAL CPC,0 ,0,TOTAL MOT,-1,N/A,0.0,False,-1,N/A,0.0,False,,True,,False,,494826824.7,494826824.7,0,False,True
C,A,20170101,2017,52,2017,704,VNM,Viet Nam,X,Export,0,W00,World,0,W00,World,H4,HS,True,09,"Coffee, tea, mate and spices",2,False,C00,TOTAL CPC,0 ,0,TOTAL MOT,-1,N/A,0.0,False,-1,N/A,0.0,False,,True,,False,,4623612809.7,4623612809.7,0,False,True
C,A,20170101,2017,52,2017,704,VNM,Viet Nam,X,Export,0,W00,World,0,W00,World,H4,HS,True,01,Animals; live,2,False,C00,TOTAL CPC,0 ,0,TOTAL MOT,-1,N/A,0.0,False,-1,N/A,0.0,False,,True,,False,,20996714.2,20996714.2,0,False,True
C,A,20170101,2017,52,2017,704,VNM,Viet Nam,X,Export,0,W00,World,0,W00,World,H4,HS,True,21,Miscellaneous edible preparations,2,False,C00,TOTAL CPC,0 ,0,TOTAL MOT,-1,N/A,0.0,False,-1,N/A,0.0,False,,True,,False,,654005395.8,654005395.8,0,False,True
C,A,20170101,2017,52,2017,704,VNM,Viet Nam,X,Export,0,W00,World,0,W00,World,H4,HS,True,22,"Beverages, spirits and vinegar",2,False,C00,TOTAL CPC,0 ,0,TOTAL MOT,-1,N/A,0.0,False,-1,N/A,0.0,False,,True,,False,,283126893.6,283126893.6,0,False,True
C,A,20170101,2017,52,2017,704,VNM,Viet Nam,X,Export,0,W00,World,0,W00,World,H4,HS,True,23,"Food industries, residues and wastes thereof; prepared animal fodder",2,False,C00,TOTAL CPC,0 ,0,TOTAL MOT,-1,N/A,0.0,False,-1,N/A,0.0,False,,True,,False,,610143767.3,610143767.3,0,False,True
C,A,20170101,2017,52,2017,704,VNM,Viet Nam,X,Export,0,W00,World,0,W00,World,H4,HS,True,24,Tobacco and manufactured tobacco substitutes,2,False,C00,TOTAL CPC,0 ,0,TOTAL MOT,-1,N/A,0.0,False,-1,N/A,0.0,False,,True,,False,,284282499.5,284282499.5,0,False,True
C,A,20170101,2017,52,2017,704,VNM,Viet Nam,X,Export,0,W00,World,0,W00,World,H4,HS,True,25,"Salt; sulphur; earths, stone; plastering materials, lime and cement",2,False,C00,TOTAL CPC,0 ,0,TOTAL MOT,-1,N/A,0.0,False,-1,N/A,0.0,False,,True,,False,,1026772073.8,1026772073.8,0,False,True
C,A,20170101,2017,52,2017,704,VNM,Viet Nam,X,Export,0,W00,World,0,W00,World,H4,HS,True,26,"Ores, slag and ash",2,False,C00,TOTAL CPC,0 ,0,TOTAL MOT,-1,N/A,0.0,False,-1,N/A,0.0,False,,True,,False,,110735408.3,110735408.3,0,False,True
C,A,20170101,2017,52,2017,704,VNM,Viet Nam,X,Export,0,W00,World,0,W00,World,H4,HS,True,27,"Mineral fuels, mineral oils and products of their distillation; bituminous substances; mineral waxes",2,False,C00,TOTAL CPC,0 ,0,TOTAL MOT,-1,N/A,0.0,False,-1,N/A,0.0,False,,True,,False,,4847077377.2,4847077377.2,0,False,True
C,A,20170101,2017,52,2017,704,VNM,Viet Nam,X,Export,0,W00,World,0,W00,World,H4,HS,True,28,"Inorganic chemicals; organic and inorganic compounds of precious metals; of rare earth metals, of radio-active elements and of isotopes",2,False,C00,TOTAL CPC,0 ,0,TOTAL MOT,-1,N/A,0.0,False,-1,N/A,0.0,False,,True,,False,,1086204063.4,1086204063.4,0,False,True
C,A,20170101,2017,52,2017,704,VNM,Viet Nam,X,Export,0,W00,World,0,W00,World,H4,HS,True,34,"Soap, organic surface-active agents; washing, lubricating, polishing or scouring preparations; artificial or prepared waxes, candles and similar articles, modelling pastes, dental waxes and dental preparations with a basis of plaster",2,False,C00,TOTAL CPC,0 ,0,TOTAL MOT,-1,N/A,0.0,False,-1,N/A,0.0,False,,True,,False,,421107395.6,421107395.6,0,False,True
C,A,20170101,2017,52,2017,704,VNM,Viet Nam,X,Export,0,W00,World,0,W00,World,H4,HS,True,33,"Essential oils and resinoids; perfumery, cosmetic or toilet preparations",2,False,C00,TOTAL CPC,0 ,0,TOTAL MOT,-1,N/A,0.0,False,-1,N/A,0.0,False,,True,,False,,307758495.8,307758495.8,0,False,True
C,A,20170101,2017,52,2017,704,VNM,Viet Nam,X,Export,0,W00,World,0,W00,World,H4,HS,True,32,"Tanning or dyeing extracts; tannins and their derivatives; dyes, pigments and other colouring matter; paints, varnishes; putty, other mastics; inks",2,False,C00,TOTAL CPC,0 ,0,TOTAL MOT,-1,N/A,0.0,False,-1,N/A,0.0,False,,True,,False,,88904744.9,88904744.9,0,False,True
C,A,20170101,2017,52,2017,704,VNM,Viet Nam,X,Export,0,W00,World,0,W00,World,H4,HS,True,31,Fertilizers,2,False,C00,TOTAL CPC,0 ,0,TOTAL MOT,-1,N/A,0.0,False,-1,N/A,0.0,False,,True,,False,,263680876.5,263680876.5,0,False,True
C,A,20170101,2017,52,2017,704,VNM,Viet Nam,X,Export,0,W00,World,0,W00,World,H4,HS,True,30,Pharmaceutical products,2,False,C00,TOTAL CPC,0 ,0,TOTAL MOT,-1,N/A,0.0,False,-1,N/A,0.0,False,,True,,False,,148378731.6,148378731.6,0,False,True
C,A,20170101,2017,52,2017,704,VNM,Viet Nam,X,Export,0,W00,World,0,W00,World,H4,HS,True,29,Organic chemicals,2,False,C00,TOTAL CPC,0 ,0,TOTAL MOT,-1,N/A,0.0,False,-1,N/A,0.0,False,,True,,False,,192348579.2,192348579.2,0,False,True
C,A,20170101,2017,52,2017,704,VNM,Viet Nam,X,Export,0,W00,World,0,W00,World,H4,HS,True,35,Albuminoidal substances; modified starches; glues; enzymes,2,False,C00,TOTAL CPC,0 ,0,TOTAL MOT,-1,N/A,0.0,False,-1,N/A,0.0,False,,True,,False,,106347034.6,106347034.6,0,False,True
C,A,20170101,2017,52,2017,704,VNM,Viet Nam,X,Export,0,W00,World,0,W00,World,H4,HS,True,36,Explosives; pyrotechnic products; matches; pyrophoric alloys; certain combustible preparations,2,False,C00,TOTAL CPC,0 ,0,TOTAL MOT,-1,N/A,0.0,False,-1,N/A,0.0,False,,True,,False,,1631026.1,1631026.1,0,False,True
C,A,20170101,2017,52,2017,704,VNM,Viet Nam,X,Export,0,W00,World,0,W00,World,H4,HS,True,37,Photographic or cinematographic goods,2,False,C00,TOTAL CPC,0 ,0,TOTAL MOT,-1,N/A,0.0,False,-1,N/A,0.0,False,,True,,False,,5387989.4,5387989.4,0,False,True
C,A,20170101,2017,52,2017,704,VNM,Viet Nam,X,Export,0,W00,World,0,W00,World,H4,HS,True,38,Chemical products n.e.c.,2,False,C00,TOTAL CPC,0 ,0,TOTAL MOT,-1,N/A,0.0,False,-1,N/A,0.0,False,,True,,False,,610098368.6,610098368.6,0,False,True
C,A,20170101,2017,52,2017,704,VNM,Viet Nam,X,Export,0,W00,World,0,W00,World,H4,HS,True,41,Raw hides and skins (other than furskins) and leather,2,False,C00,TOTAL CPC,0 ,0,TOTAL MOT,-1,N/A,0.0,False,-1,N/A,0.0,False,,True,,False,,455549895.1,455549895.1,0,False,True
C,A,20170101,2017,52,2017,704,VNM,Viet Nam,X,Export,0,W00,World,0,W00,World,H4,HS,True,42,"Articles of leather; saddlery and harness; travel goods, handbags and similar containers; articles of animal gut (other than silk-worm gut)",2,False,C00,TOTAL CPC,0 ,0,TOTAL MOT,-1,N/A,0.0,False,-1,N/A,0.0,False,,True,,False,,3077412416.7,3077412416.7,0,False,True
C,A,20170101,2017,52,2017,704,VNM,Viet Nam,X,Export,0,W00,World,0,W00,World,H4,HS,True,43,Furskins and artificial fur; manufactures thereof,2,False,C00,TOTAL CPC,0 ,0,TOTAL MOT,-1,N/A,0.0,False,-1,N/A,0.0,False,,True,,False,,138615427.0,138615427.0,0,False,True
C,A,20170101,2017,52,2017,704,VNM,Viet Nam,X,Export,0,W00,World,0,W00,World,H4,HS,True,44,Wood and articles of wood; wood charcoal,2,False,C00,TOTAL CPC,0 ,0,TOTAL MOT,-1,N/A,0.0,False,-1,N/A,0.0,False,,True,,False,,2463503210.1,2463503210.1,0,False,True
C,A,20170101,2017,52,2017,704,VNM,Viet Nam,X,Export,0,W00,World,0,W00,World,H4,HS,True,45,Cork and articles of cork,2,False,C00,TOTAL CPC,0 ,0,TOTAL MOT,-1,N/A,0.0,False,-1,N/A,0.0,False,,True,,False,,197118.6,197118.6,0,False,True
C,A,20170101,2017,52,2017,704,VNM,Viet Nam,X,Export,0,W00,World,0,W00,World,H4,HS,True,46,"Manufactures of straw, esparto or other plaiting materials; basketware and wickerwork",2,False,C00,TOTAL CPC,0 ,0,TOTAL MOT,-1,N/A,0.0,False,-1,N/A,0.0,False,,True,,False,,207583846.1,207583846.1,0,False,True
C,A,20170101,2017,52,2017,704,VNM,Viet Nam,X,Export,0,W00,World,0,W00,World,H4,HS,True,47,Pulp of wood or other fibrous cellulosic material; recovered (waste and scrap) paper or paperboard,2,False,C00,TOTAL CPC,0 ,0,TOTAL MOT,-1,N/A,0.0,False,-1,N/A,0.0,False,,True,,False,,3125346.7,3125346.7,0,False,True
C,A,20170101,2017,52,2017,704,VNM,Viet Nam,X,Export,0,W00,World,0,W00,World,H4,HS,True,48,"Paper and paperboard; articles of paper pulp, of paper or paperboard",2,False,C00,TOTAL CPC,0 ,0,TOTAL MOT,-1,N/A,0.0,False,-1,N/A,0.0,False,,True,,False,,756668335.4,756668335.4,0,False,True
C,A,20170101,2017,52,2017,704,VNM,Viet Nam,X,Export,0,W00,World,0,W00,World,H4,HS,True,54,Man-made filaments; strip and the like of man-made textile materials,2,False,C00,TOTAL CPC,0 ,0,TOTAL MOT,-1,N/A,0.0,False,-1,N/A,0.0,False,,True,,False,,923172075.7,923172075.7,0,False,True
C,A,20170101,2017,52,2017,704,VNM,Viet Nam,X,Export,0,W00,World,0,W00,World,H4,HS,True,57,Carpets and other textile floor coverings,2,False,C00,TOTAL CPC,0 ,0,TOTAL MOT,-1,N/A,0.0,False,-1,N/A,0.0,False,,True,,False,,44007699.8,44007699.8,0,False,True
C,A,20170101,2017,52,2017,704,VNM,Viet Nam,X,Export,0,W00,World,0,W00,World,H4,HS,True,53,Vegetable textile fibres; paper yarn and woven fabrics of paper yarn,2,False,C00,TOTAL CPC,0 ,0,TOTAL MOT,-1,N/A,0.0,False,-1,N/A,0.0,False,,True,,False,,31741847.5,31741847.5,0,False,True
C,A,20170101,2017,52,2017,704,VNM,Viet Nam,X,Export,0,W00,World,0,W00,World,H4,HS,True,60,Fabrics; knitted or crocheted,2,False,C00,TOTAL CPC,0 ,0,TOTAL MOT,-1,N/A,0.0,False,-1,N/A,0.0,False,,True,,False,,757891090.9,757891090.9,0,False,True
C,A,20170101,2017,52,2017,704,VNM,Viet Nam,X,Export,0,W00,World,0,W00,World,H4,HS,True,52,Cotton,2,False,C00,TOTAL CPC,0 ,0,TOTAL MOT,-1,N/A,0.0,False,-1,N/A,0.0,False,,True,,False,,2641383655.5,2641383655.5,0,False,True
C,A,20170101,2017,52,2017,704,VNM,Viet Nam,X,Export,0,W00,World,0,W00,World,H4,HS,True,51,"Wool, fine or coarse animal hair; horsehair yarn and woven fabric",2,False,C00,TOTAL CPC,0 ,0,TOTAL MOT,-1,N/A,0.0,False,-1,N/A,0.0,False,,True,,False,,5910468.6,5910468.6,0,False,True
C,A,20170101,2017,52,2017,704,VNM,Viet Nam,X,Export,0,W00,World,0,W00,World,H4,HS,True,50,Silk,2,False,C00,TOTAL CPC,0 ,0,TOTAL MOT,-1,N/A,0.0,False,-1,N/A,0.0,False,,True,,False,,92783717.6,92783717.6,0,False,True
C,A,20170101,2017,52,2017,704,VNM,Viet Nam,X,Export,0,W00,World,0,W00,World,H4,HS,True,49,"Printed books, newspapers, pictures and other products of the printing industry; manuscripts, typescripts and plans",2,False,C00,TOTAL CPC,0 ,0,TOTAL MOT,-1,N/A,0.0,False,-1,N/A,0.0,False,,True,,False,,41786600.7,41786600.7,0,False,True
C,A,20170101,2017,52,2017,704,VNM,Viet Nam,X,Export,0,W00,World,0,W00,World,H4,HS,True,55,Man-made staple fibres,2,False,C00,TOTAL CPC,0 ,0,TOTAL MOT,-1,N/A,0.0,False,-1,N/A,0.0,False,,True,,False,,500107705.2,500107705.2,0,False,True
C,A,20170101,2017,52,2017,704,VNM,Viet Nam,X,Export,0,W00,World,0,W00,World,H4,HS,True,56,"Wadding, felt and nonwovens, special yarns; twine, cordage, ropes and cables and articles thereof",2,False,C00,TOTAL CPC,0 ,0,TOTAL MOT,-1,N/A,0.0,False,-1,N/A,0.0,False,,True,,False,,334047375.4,334047375.4,0,False,True
C,A,20170101,2017,52,2017,704,VNM,Viet Nam,X,Export,0,W00,World,0,W00,World,H4,HS,True,58,"Fabrics; special woven fabrics, tufted textile fabrics, lace, tapestries, trimmings, embroidery",2,False,C00,TOTAL CPC,0 ,0,TOTAL MOT,-1,N/A,0.0,False,-1,N/A,0.0,False,,True,,False,,89998588.2,89998588.2,0,False,True
C,A,20170101,2017,52,2017,704,VNM,Viet Nam,X,Export,0,W00,World,0,W00,World,H4,HS,True,59,"Textile fabrics; impregnated, coated, covered or laminated; textile articles of a kind suitable for industrial use",2,False,C00,TOTAL CPC,0 ,0,TOTAL MOT,-1,N/A,0.0,False,-1,N/A,0.0,False,,True,,False,,543309083.2,543309083.2,0,False,True
C,A,20170101,2017,52,2017,704,VNM,Viet Nam,X,Export,0,W00,World,0,W00,World,H4,HS,True,64,Footwear; gaiters and the like; parts of such articles,2,False,C00,TOTAL CPC,0 ,0,TOTAL MOT,-1,N/A,0.0,False,-1,N/A,0.0,False,,True,,False,,15217908195.7,15217908195.7,0,False,True
C,A,20170101,2017,52,2017,704,VNM,Viet Nam,X,Export,0,W00,World,0,W00,World,H4,HS,True,65,Headgear and parts thereof,2,False,C00,TOTAL CPC,0 ,0,TOTAL MOT,-1,N/A,0.0,False,-1,N/A,0.0,False,,True,,False,,337713557.9,337713557.9,0,False,True
C,A,20170101,2017,52,2017,704,VNM,Viet Nam,X,Export,0,W00,World,0,W00,World,H4,HS,True,66,"Umbrellas, sun umbrellas, walking-sticks, seat sticks, whips, riding crops; and parts thereof",2,False,C00,TOTAL CPC,0 ,0,TOTAL MOT,-1,N/A,0.0,False,-1,N/A,0.0,False,,True,,False,,19906714.6,19906714.6,0,False,True
C,A,20170101,2017,52,2017,704,VNM,Viet Nam,X,Export,0,W00,World,0,W00,World,H4,HS,True,67,"Feathers and down, prepared; and articles made of feather or of down; artificial flowers; articles of human hair",2,False,C00,TOTAL CPC,0 ,0,TOTAL MOT,-1,N/A,0.0,False,-1,N/A,0.0,False,,True,,False,,43212141.1,43212141.1,0,False,True
C,A,20170101,2017,52,2017,704,VNM,Viet Nam,X,Export,0,W00,World,0,W00,World,H4,HS,True,68,"Stone, plaster, cement, asbestos, mica or similar materials; articles thereof",2,False,C00,TOTAL CPC,0 ,0,TOTAL MOT,-1,N/A,0.0,False,-1,N/A,0.0,False,,True,,False,,392865323.9,392865323.9,0,False,True
C,A,20170101,2017,52,2017,704,VNM,Viet Nam,X,Export,0,W00,World,0,W00,World,H4,HS,True,69,Ceramic products,2,False,C00,TOTAL CPC,0 ,0,TOTAL MOT,-1,N/A,0.0,False,-1,N/A,0.0,False,,True,,False,,461056734.3,461056734.3,0,False,True
C,A,20170101,2017,52,2017,704,VNM,Viet Nam,X,Export,0,W00,World,0,W00,World,H4,HS,True,70,Glass and glassware,2,False,C00,TOTAL CPC,0 ,0,TOTAL MOT,-1,N/A,0.0,False,-1,N/A,0.0,False,,True,,False,,1033365084.0,1033365084.0,0,False,True
C,A,20170101,2017,52,2017,704,VNM,Viet Nam,X,Export,0,W00,World,0,W00,World,H4,HS,True,72,Iron and steel,2,False,C00,TOTAL CPC,0 ,0,TOTAL MOT,-1,N/A,0.0,False,-1,N/A,0.0,False,,True,,False,,3332978963.6,3332978963.6,0,False,True
C,A,20170101,2017,52,2017,704,VNM,Viet Nam,X,Export,0,W00,World,0,W00,World,H4,HS,True,71,"Natural, cultured pearls; precious, semi-precious stones; precious metals, metals clad with precious metal, and articles thereof; imitation jewellery; coin",2,False,C00,TOTAL CPC,0 ,0,TOTAL MOT,-1,N/A,0.0,False,-1,N/A,0.0,False,,True,,False,,689081507.6,689081507.6,0,False,True
C,A,20170101,2017,52,2017,704,VNM,Viet Nam,X,Export,0,W00,World,0,W00,World,H4,HS,True,73,Iron or steel articles,2,False,C00,TOTAL CPC,0 ,0,TOTAL MOT,-1,N/A,0.0,False,-1,N/A,0.0,False,,True,,False,,2299060482.0,2299060482.0,0,False,True
C,A,20170101,2017,52,2017,704,VNM,Viet Nam,X,Export,0,W00,World,0,W00,World,H4,HS,True,74,Copper and articles thereof,2,False,C00,TOTAL CPC,0 ,0,TOTAL MOT,-1,N/A,0.0,False,-1,N/A,0.0,False,,True,,False,,852876369.7,852876369.7,0,False,True
C,A,20170101,2017,52,2017,704,VNM,Viet Nam,X,Export,0,W00,World,0,W00,World,H4,HS,True,75,Nickel and articles thereof,2,False,C00,TOTAL CPC,0 ,0,TOTAL MOT,-1,N/A,0.0,False,-1,N/A,0.0,False,,True,,False,,1438119.9,1438119.9,0,False,True
C,A,20170101,2017,52,2017,704,VNM,Viet Nam,X,Export,0,W00,World,0,W00,World,H4,HS,True,76,Aluminium and articles thereof,2,False,C00,TOTAL CPC,0 ,0,TOTAL MOT,-1,N/A,0.0,False,-1,N/A,0.0,False,,True,,False,,900366441.6,900366441.6,0,False,True
C,A,20170101,2017,52,2017,704,VNM,Viet Nam,X,Export,0,W00,World,0,W00,World,H4,HS,True,78,Lead and articles thereof,2,False,C00,TOTAL CPC,0 ,0,TOTAL MOT,-1,N/A,0.0,False,-1,N/A,0.0,False,,True,,False,,92210740.5,92210740.5,0,False,True
C,A,20170101,2017,52,2017,704,VNM,Viet Nam,X,Export,0,W00,World,0,W00,World,H4,HS,True,79,Zinc and articles thereof,2,False,C00,TOTAL CPC,0 ,0,TOTAL MOT,-1,N/A,0.0,False,-1,N/A,0.0,False,,True,,False,,13205963.9,13205963.9,0,False,True
C,A,20170101,2017,52,2017,704,VNM,Viet Nam,X,Export,0,W00,World,0,W00,World,H4,HS,True,80,Tin; articles thereof,2,False,C00,TOTAL CPC,0 ,0,TOTAL MOT,-1,N/A,0.0,False,-1,N/A,0.0,False,,True,,False,,20547055.8,20547055.8,0,False,True
C,A,20170101,2017,52,2017,704,VNM,Viet Nam,X,Export,0,W00,World,0,W00,World,H4,HS,True,81,"Metals; n.e.c., cermets and articles thereof",2,False,C00,TOTAL CPC,0 ,0,TOTAL MOT,-1,N/A,0.0,False,-1,N/A,0.0,False,,True,,False,,42174527.1,42174527.1,0,False,True
C,A,20170101,2017,52,2017,704,VNM,Viet Nam,X,Export,0,W00,World,0,W00,World,H4,HS,True,82,"Tools, implements, cutlery, spoons and forks, of base metal; parts thereof, of base metal",2,False,C00,TOTAL CPC,0 ,0,TOTAL MOT,-1,N/A,0.0,False,-1,N/A,0.0,False,,True,,False,,492479787.3,492479787.3,0,False,True
C,A,20170101,2017,52,2017,704,VNM,Viet Nam,X,Export,0,W00,World,0,W00,World,H4,HS,True,83,Metal; miscellaneous products of base metal,2,False,C00,TOTAL CPC,0 ,0,TOTAL MOT,-1,N/A,0.0,False,-1,N/A,0.0,False,,True,,False,,281361577.0,281361577.0,0,False,True
C,A,20170101,2017,52,2017,704,VNM,Viet Nam,X,Export,0,W00,World,0,W00,World,H4,HS,True,87,"Vehicles; other than railway or tramway rolling stock, and parts and accessories thereof",2,False,C00,TOTAL CPC,0 ,0,TOTAL MOT,-1,N/A,0.0,False,-1,N/A,0.0,False,,True,,False,,2329866141.3,2329866141.3,0,False,True
C,A,20170101,2017,52,2017,704,VNM,Viet Nam,X,Export,0,W00,World,0,W00,World,H4,HS,True,86,"Railway, tramway locomotives, rolling-stock and parts thereof; railway or tramway track fixtures and fittings and parts thereof; mechanical (including electro-mechanical) traffic signalling equipment of all kinds",2,False,C00,TOTAL CPC,0 ,0,TOTAL MOT,-1,N/A,0.0,False,-1,N/A,0.0,False,,True,,False,,2333308.4,2333308.4,0,False,True
C,A,20170101,2017,52,2017,704,VNM,Viet Nam,X,Export,0,W00,World,0,W00,World,H4,HS,True,88,"Aircraft, spacecraft and parts thereof",2,False,C00,TOTAL CPC,0 ,0,TOTAL MOT,-1,N/A,0.0,False,-1,N/A,0.0,False,,True,,False,,420004332.4,420004332.4,0,False,True
C,A,20170101,2017,52,2017,704,VNM,Viet Nam,X,Export,0,W00,World,0,W00,World,H4,HS,True,89,"Ships, boats and floating structures",2,False,C00,TOTAL CPC,0 ,0,TOTAL MOT,-1,N/A,0.0,False,-1,N/A,0.0,False,,True,,False,,748585200.0,748585200.0,0,False,True
C,A,20170101,2017,52,2017,704,VNM,Viet Nam,X,Export,0,W00,World,0,W00,World,H4,HS,True,90,"Optical, photographic, cinematographic, measuring, checking, medical or surgical instruments and apparatus; parts and accessories",2,False,C00,TOTAL CPC,0 ,0,TOTAL MOT,-1,N/A,0.0,False,-1,N/A,0.0,False,,True,,False,,7473657104.5,7473657104.5,0,False,True
C,A,20170101,2017,52,2017,704,VNM,Viet Nam,X,Export,0,W00,World,0,W00,World,H4,HS,True,91,Clocks and watches and parts thereof,2,False,C00,TOTAL CPC,0 ,0,TOTAL MOT,-1,N/A,0.0,False,-1,N/A,0.0,False,,True,,False,,49460966.4,49460966.4,0,False,True
C,A,20170101,2017,52,2017,704,VNM,Viet Nam,X,Export,0,W00,World,0,W00,World,H4,HS,True,92,Musical instruments; parts and accessories of such articles,2,False,C00,TOTAL CPC,0 ,0,TOTAL MOT,-1,N/A,0.0,False,-1,N/A,0.0,False,,True,,False,,26794068.8,26794068.8,0,False,True
C,A,20170101,2017,52,2017,704,VNM,Viet Nam,X,Export,0,W00,World,0,W00,World,H4,HS,True,95,"Toys, games and sports requisites; parts and accessories thereof",2,False,C00,TOTAL CPC,0 ,0,TOTAL MOT,-1,N/A,0.0,False,-1,N/A,0.0,False,,True,,False,,1239774109.2,1239774109.2,0,False,True
C,A,20170101,2017,52,2017,704,VNM,Viet Nam,X,Export,0,W00,World,0,W00,World,H4,HS,True,97,Works of art; collectors' pieces and antiques,2,False,C00,TOTAL CPC,0 ,0,TOTAL MOT,-1,N/A,0.0,False,-1,N/A,0.0,False,,True,,False,,2512275.4,2512275.4,0,False,True
C,A,20170101,2017,52,2017,704,VNM,Viet Nam,X,Export,0,W00,World,0,W00,World,H4,HS,True,96,Miscellaneous manufactured articles,2,False,C00,TOTAL CPC,0 ,0,TOTAL MOT,-1,N/A,0.0,False,-1,N/A,0.0,False,,True,,False,,501696288.5,501696288.5,0,False,True
C,A,20170101,2017,52,2017,704,VNM,Viet Nam,X,Export,0,W00,World,0,W00,World,H4,HS,True,40,Rubber and articles thereof,2,False,C00,TOTAL CPC,0 ,0,TOTAL MOT,-1,N/A,0.0,False,-1,N/A,0.0,False,,True,,False,,3817118252.5,3817118252.5,0,False,True
C,A,20170101,2017,52,2017,704,VNM,Viet Nam,X,Export,0,W00,World,0,W00,World,H4,HS,True,94,"Furniture; bedding, mattresses, mattress supports, cushions and similar stuffed furnishings; lamps and lighting fittings, n.e.c.; illuminated signs, illuminated name-plates and the like; prefabricated buildings",2,False,C00,TOTAL CPC,0 ,0,TOTAL MOT,-1,N/A,0.0,False,-1,N/A,0.0,False,,True,,False,,6633039694.3,6633039694.3,0,False,True
C,A,20170101,2017,52,2017,704,VNM,Viet Nam,X,Export,0,W00,World,0,W00,World,H4,HS,True,61,Apparel and clothing accessories; knitted or crocheted,2,False,C00,TOTAL CPC,0 ,0,TOTAL MOT,-1,N/A,0.0,False,-1,N/A,0.0,False,,True,,False,,12058645101.9,12058645101.9,0,False,True
C,A,20170101,2017,52,2017,704,VNM,Viet Nam,X,Export,0,W00,World,0,W00,World,H4,HS,True,62,Apparel and clothing accessories; not knitted or crocheted,2,False,C00,TOTAL CPC,0 ,0,TOTAL MOT,-1,N/A,0.0,False,-1,N/A,0.0,False,,True,,False,,12337234686.3,12337234686.3,0,False,True
C,A,20170101,2017,52,2017,704,VNM,Viet Nam,X,Export,0,W00,World,0,W00,World,H4,HS,True,85,"Electrical machinery and equipment and parts thereof; sound recorders and reproducers; television image and sound recorders and reproducers, parts and accessories of such articles",2,False,C00,TOTAL CPC,0 ,0,TOTAL MOT,-1,N/A,0.0,False,-1,N/A,0.0,False,,True,,False,,75322542532.4,75322542532.4,0,False,True
C,A,20170101,2017,52,2017,704,VNM,Viet Nam,X,Export,0,W00,World,0,W00,World,H4,HS,True,63,"Textiles, made up articles; sets; worn clothing and worn textile articles; rags",2,False,C00,TOTAL CPC,0 ,0,TOTAL MOT,-1,N/A,0.0,False,-1,N/A,0.0,False,,True,,False,,1449435062.7,1449435062.7,0,False,True
C,A,20170101,2017,52,2017,704,VNM,Viet Nam,X,Export,0,W00,World,0,W00,World,H4,HS,True,39,Plastics and articles thereof,2,False,C00,TOTAL CPC,0 ,0,TOTAL MOT,-1,N/A,0.0,False,-1,N/A,0.0,False,,True,,False,,3315735447.7,3315735447.7,0,False,True
C,A,20170101,2017,52,2017,704,VNM,Viet Nam,X,Export,0,W00,World,0,W00,World,H4,HS,True,84,"Nuclear reactors, boilers, machinery and mechanical appliances; parts thereof",2,False,C00,TOTAL CPC,0 ,0,TOTAL MOT,-1,N/A,0.0,False,-1,N/A,0.0,False,,True,,False,,11222017839.1,11222017839.1,0,False,True
C,A,20170101,2017,52,2017,699,IND,India,X,Export,0,W00,World,0,W00,World,H5,HS,True,85,"Electrical machinery and equipment and parts thereof; sound recorders and reproducers; television image and sound recorders and reproducers, parts and accessories of such articles",2,False,C00,TOTAL CPC,0 ,0,TOTAL MOT,-1,N/A,0.0,False,-1,N/A,0.0,False,,True,,False,,8793821367.016,8793821367.016,0,False,True
C,A,20170101,2017,52,2017,699,IND,India,X,Export,0,W00,World,0,W00,World,H5,HS,True,84,"Nuclear reactors, boilers, machinery and mechanical appliances; parts thereof",2,False,C00,TOTAL CPC,0 ,0,TOTAL MOT,-1,N/A,0.0,False,-1,N/A,0.0,False,,True,,False,,16633522805.3,16633522805.3,0,False,True
C,A,20170101,2017,52,2017,699,IND,India,X,Export,0,W00,World,0,W00,World,H5,HS,True,90,"Optical, photographic, cinematographic, measuring, checking, medical or surgical instruments and apparatus; parts and accessories",2,False,C00,TOTAL CPC,0 ,0,TOTAL MOT,-1,N/A,0.0,False,-1,N/A,0.0,False,,True,,False,,2882824057.778,2882824057.778,0,False,True
C,A,20170101,2017,52,2017,699,IND,India,X,Export,0,W00,World,0,W00,World,H5,HS,True,62,Apparel and clothing accessories; not knitted or crocheted,2,False,C00,TOTAL CPC,0 ,0,TOTAL MOT,-1,N/A,0.0,False,-1,N/A,0.0,False,,True,,False,,8997092018.889,8997092018.889,0,False,True
C,A,20170101,2017,52,2017,699,IND,India,X,Export,0,W00,World,0,W00,World,H5,HS,True,87,"Vehicles; other than railway or tramway rolling stock, and parts and accessories thereof",2,False,C00,TOTAL CPC,0 ,0,TOTAL MOT,-1,N/A,0.0,False,-1,N/A,0.0,False,,True,,False,,16206133321.676,16206133321.676,0,False,True
C,A,20170101,2017,52,2017,699,IND,India,X,Export,0,W00,World,0,W00,World,H5,HS,True,40,Rubber and articles thereof,2,False,C00,TOTAL CPC,0 ,0,TOTAL MOT,-1,N/A,0.0,False,-1,N/A,0.0,False,,True,,False,,2845315176.349,2845315176.349,0,False,True
C,A,20170101,2017,52,2017,699,IND,India,X,Export,0,W00,World,0,W00,World,H5,HS,True,61,Apparel and clothing accessories; knitted or crocheted,2,False,C00,TOTAL CPC,0 ,0,TOTAL MOT,-1,N/A,0.0,False,-1,N/A,0.0,False,,True,,False,,8347736721.819,8347736721.819,0,False,True
C,A,20170101,2017,52,2017,699,IND,India,X,Export,0,W00,World,0,W00,World,H5,HS,True,95,"Toys, games and sports requisites; parts and accessories thereof",2,False,C00,TOTAL CPC,0 ,0,TOTAL MOT,-1,N/A,0.0,False,-1,N/A,0.0,False,,True,,False,,301947996.129,301947996.129,0,False,True
C,A,20170101,2017,52,2017,699,IND,India,X,Export,0,W00,World,0,W00,World,H5,HS,True,94,"Furniture; bedding, mattresses, mattress supports, cushions and similar stuffed furnishings; lamps and lighting fittings, n.e.c.; illuminated signs, illuminated name-plates and the like; prefabricated buildings",2,False,C00,TOTAL CPC,0 ,0,TOTAL MOT,-1,N/A,0.0,False,-1,N/A,0.0,False,,True,,False,,1439821859.361,1439821859.361,0,False,True
C,A,20170101,2017,52,2017,699,IND,India,X,Export,0,W00,World,0,W00,World,H5,HS,True,42,"Articles of leather; saddlery and harness; travel goods, handbags and similar containers; articles of animal gut (other than silk-worm gut)",2,False,C00,TOTAL CPC,0 ,0,TOTAL MOT,-1,N/A,0.0,False,-1,N/A,0.0,False,,True,,False,,2408781125.492,2408781125.492,0,False,True
C,A,20170101,2017,52,2017,699,IND,India,X,Export,0,W00,World,0,W00,World,H5,HS,True,49,"Printed books, newspapers, pictures and other products of the printing industry; manuscripts, typescripts and plans",2,False,C00,TOTAL CPC,0 ,0,TOTAL MOT,-1,N/A,0.0,False,-1,N/A,0.0,False,,True,,False,,261045620.481,261045620.481,0,False,True
C,A,20170101,2017,52,2017,699,IND,India,X,Export,0,W00,World,0,W00,World,H5,HS,True,63,"Textiles, made up articles; sets; worn clothing and worn textile articles; rags",2,False,C00,TOTAL CPC,0 ,0,TOTAL MOT,-1,N/A,0.0,False,-1,N/A,0.0,False,,True,,False,,4960896743.598,4960896743.598,0,False,True
C,A,20170101,2017,52,2017,699,IND,India,X,Export,0,W00,World,0,W00,World,H5,HS,True,73,Iron or steel articles,2,False,C00,TOTAL CPC,0 ,0,TOTAL MOT,-1,N/A,0.0,False,-1,N/A,0.0,False,,True,,False,,6652827965.255,6652827965.255,0,False,True
C,A,20170101,2017,52,2017,699,IND,India,X,Export,0,W00,World,0,W00,World,H5,HS,True,96,Miscellaneous manufactured articles,2,False,C00,TOTAL CPC,0 ,0,TOTAL MOT,-1,N/A,0.0,False,-1,N/A,0.0,False,,True,,False,,543029217.034,543029217.034,0,False,True
C,A,20170101,2017,52,2017,699,IND,India,X,Export,0,W00,World,0,W00,World,H5,HS,True,52,Cotton,2,False,C00,TOTAL CPC,0 ,0,TOTAL MOT,-1,N/A,0.0,False,-1,N/A,0.0,False,,True,,False,,6917321150.063,6917321150.063,0,False,True
C,A,20170101,2017,52,2017,699,IND,India,X,Export,0,W00,World,0,W00,World,H5,HS,True,30,Pharmaceutical products,2,False,C00,TOTAL CPC,0 ,0,TOTAL MOT,-1,N/A,0.0,False,-1,N/A,0.0,False,,True,,False,,12884848379.592,12884848379.592,0,False,True
C,A,20170101,2017,52,2017,699,IND,India,X,Export,0,W00,World,0,W00,World,H5,HS,True,57,Carpets and other textile floor coverings,2,False,C00,TOTAL CPC,0 ,0,TOTAL MOT,-1,N/A,0.0,False,-1,N/A,0.0,False,,True,,False,,1752492142.355,1752492142.355,0,False,True
C,A,20170101,2017,52,2017,699,IND,India,X,Export,0,W00,World,0,W00,World,H5,HS,True,64,Footwear; gaiters and the like; parts of such articles,2,False,C00,TOTAL CPC,0 ,0,TOTAL MOT,-1,N/A,0.0,False,-1,N/A,0.0,False,,True,,False,,2784994733.811,2784994733.811,0,False,True
C,A,20170101,2017,52,2017,699,IND,India,X,Export,0,W00,World,0,W00,World,H5,HS,True,71,"Natural, cultured pearls; precious, semi-precious stones; precious metals, metals clad with precious metal, and articles thereof; imitation jewellery; coin",2,False,C00,TOTAL CPC,0 ,0,TOTAL MOT,-1,N/A,0.0,False,-1,N/A,0.0,False,,True,,False,,41165028821.352,41165028821.352,0,False,True
C,A,20170101,2017,52,2017,699,IND,India,X,Export,0,W00,World,0,W00,World,H5,HS,True,54,Man-made filaments; strip and the like of man-made textile materials,2,False,C00,TOTAL CPC,0 ,0,TOTAL MOT,-1,N/A,0.0,False,-1,N/A,0.0,False,,True,,False,,2125509006.418,2125509006.418,0,False,True
C,A,20170101,2017,52,2017,699,IND,India,X,Export,0,W00,World,0,W00,World,H5,HS,True,69,Ceramic products,2,False,C00,TOTAL CPC,0 ,0,TOTAL MOT,-1,N/A,0.0,False,-1,N/A,0.0,False,,True,,False,,1241669499.905,1241669499.905,0,False,True
C,A,20170101,2017,52,2017,699,IND,India,X,Export,0,W00,World,0,W00,World,H5,HS,True,82,"Tools, implements, cutlery, spoons and forks, of base metal; parts thereof, of base metal",2,False,C00,TOTAL CPC,0 ,0,TOTAL MOT,-1,N/A,0.0,False,-1,N/A,0.0,False,,True,,False,,802428623.211,802428623.211,0,False,True
C,A,20170101,2017,52,2017,699,IND,India,X,Export,0,W00,World,0,W00,World,H5,HS,True,83,Metal; miscellaneous products of base metal,2,False,C00,TOTAL CPC,0 ,0,TOTAL MOT,-1,N/A,0.0,False,-1,N/A,0.0,False,,True,,False,,567442614.711,567442614.711,0,False,True
C,A,20170101,2017,52,2017,699,IND,India,X,Export,0,W00,World,0,W00,World,H5,HS,True,29,Organic chemicals,2,False,C00,TOTAL CPC,0 ,0,TOTAL MOT,-1,N/A,0.0,False,-1,N/A,0.0,False,,True,,False,,13556922317.049,13556922317.049,0,False,True
C,A,20170101,2017,52,2017,699,IND,India,X,Export,0,W00,World,0,W00,World,H5,HS,True,55,Man-made staple fibres,2,False,C00,TOTAL CPC,0 ,0,TOTAL MOT,-1,N/A,0.0,False,-1,N/A,0.0,False,,True,,False,,2144616811.271,2144616811.271,0,False,True
C,A,20170101,2017,52,2017,699,IND,India,X,Export,0,W00,World,0,W00,World,H5,HS,True,44,Wood and articles of wood; wood charcoal,2,False,C00,TOTAL CPC,0 ,0,TOTAL MOT,-1,N/A,0.0,False,-1,N/A,0.0,False,,True,,False,,414957002.178,414957002.178,0,False,True
C,A,20170101,2017,52,2017,699,IND,India,X,Export,0,W00,World,0,W00,World,H5,HS,True,48,"Paper and paperboard; articles of paper pulp, of paper or paperboard",2,False,C00,TOTAL CPC,0 ,0,TOTAL MOT,-1,N/A,0.0,False,-1,N/A,0.0,False,,True,,False,,1283701672.932,1283701672.932,0,False,True
C,A,20170101,2017,52,2017,699,IND,India,X,Export,0,W00,World,0,W00,World,H5,HS,True,39,Plastics and articles thereof,2,False,C00,TOTAL CPC,0 ,0,TOTAL MOT,-1,N/A,0.0,False,-1,N/A,0.0,False,,True,,False,,5921436991.746,5921436991.746,0,False,True
C,A,20170101,2017,52,2017,699,IND,India,X,Export,0,W00,World,0,W00,World,H5,HS,True,91,Clocks and watches and parts thereof,2,False,C00,TOTAL CPC,0 ,0,TOTAL MOT,-1,N/A,0.0,False,-1,N/A,0.0,False,,True,,False,,80646875.955,80646875.955,0,False,True
C,A,20170101,2017,52,2017,699,IND,India,X,Export,0,W00,World,0,W00,World,H5,HS,True,70,Glass and glassware,2,False,C00,TOTAL CPC,0 ,0,TOTAL MOT,-1,N/A,0.0,False,-1,N/A,0.0,False,,True,,False,,679881246.88,679881246.88,0,False,True
C,A,20170101,2017,52,2017,699,IND,India,X,Export,0,W00,World,0,W00,World,H5,HS,True,65,Headgear and parts thereof,2,False,C00,TOTAL CPC,0 ,0,TOTAL MOT,-1,N/A,0.0,False,-1,N/A,0.0,False,,True,,False,,41475360.046,41475360.046,0,False,True
C,A,20170101,2017,52,2017,699,IND,India,X,Export,0,W00,World,0,W00,World,H5,HS,True,59,"Textile fabrics; impregnated, coated, covered or laminated; textile articles of a kind suitable for industrial use",2,False,C00,TOTAL CPC,0 ,0,TOTAL MOT,-1,N/A,0.0,False,-1,N/A,0.0,False,,True,,False,,225728065.35,225728065.35,0,False,True
C,A,20170101,2017,52,2017,699,IND,India,X,Export,0,W00,World,0,W00,World,H5,HS,True,08,"Fruit and nuts, edible; peel of citrus fruit or melons",2,False,C00,TOTAL CPC,0 ,0,TOTAL MOT,-1,N/A,0.0,False,-1,N/A,0.0,False,,True,,False,,1840233267.762,1840233267.762,0,False,True
C,A,20170101,2017,52,2017,699,IND,India,X,Export,0,W00,World,0,W00,World,H5,HS,True,07,Vegetables and certain roots and tubers; edible,2,False,C00,TOTAL CPC,0 ,0,TOTAL MOT,-1,N/A,0.0,False,-1,N/A,0.0,False,,True,,False,,1148895178.47,1148895178.47,0,False,True
C,A,20170101,2017,52,2017,699,IND,India,X,Export,0,W00,World,0,W00,World,H5,HS,True,06,"Trees and other plants, live; bulbs, roots and the like; cut flowers and ornamental foliage",2,False,C00,TOTAL CPC,0 ,0,TOTAL MOT,-1,N/A,0.0,False,-1,N/A,0.0,False,,True,,False,,78558074.952,78558074.952,0,False,True
C,A,20170101,2017,52,2017,699,IND,India,X,Export,0,W00,World,0,W00,World,H5,HS,True,05,Animal originated products; not elsewhere specified or included,2,False,C00,TOTAL CPC,0 ,0,TOTAL MOT,-1,N/A,0.0,False,-1,N/A,0.0,False,,True,,False,,106790297.486,106790297.486,0,False,True
C,A,20170101,2017,52,2017,699,IND,India,X,Export,0,W00,World,0,W00,World,H5,HS,True,11,"Products of the milling industry; malt, starches, inulin, wheat gluten",2,False,C00,TOTAL CPC,0 ,0,TOTAL MOT,-1,N/A,0.0,False,-1,N/A,0.0,False,,True,,False,,228525601.205,228525601.205,0,False,True
C,A,20170101,2017,52,2017,699,IND,India,X,Export,0,W00,World,0,W00,World,H5,HS,True,04,"Dairy produce; birds' eggs; natural honey; edible products of animal origin, not elsewhere specified or included",2,False,C00,TOTAL CPC,0 ,0,TOTAL MOT,-1,N/A,0.0,False,-1,N/A,0.0,False,,True,,False,,339263045.505,339263045.505,0,False,True
C,A,20170101,2017,52,2017,699,IND,India,X,Export,0,W00,World,0,W00,World,H5,HS,True,13,"Lac; gums, resins and other vegetable saps and extracts",2,False,C00,TOTAL CPC,0 ,0,TOTAL MOT,-1,N/A,0.0,False,-1,N/A,0.0,False,,True,,False,,986214769.224,986214769.224,0,False,True
C,A,20170101,2017,52,2017,699,IND,India,X,Export,0,W00,World,0,W00,World,H5,HS,True,14,Vegetable plaiting materials; vegetable products not elsewhere specified or included,2,False,C00,TOTAL CPC,0 ,0,TOTAL MOT,-1,N/A,0.0,False,-1,N/A,0.0,False,,True,,False,,60902601.195,60902601.195,0,False,True
C,A,20170101,2017,52,2017,699,IND,India,X,Export,0,W00,World,0,W00,World,H5,HS,True,17,Sugars and sugar confectionery,2,False,C00,TOTAL CPC,0 ,0,TOTAL MOT,-1,N/A,0.0,False,-1,N/A,0.0,False,,True,,False,,1168884008.057,1168884008.057,0,False,True
C,A,20170101,2017,52,2017,699,IND,India,X,Export,0,W00,World,0,W00,World,H5,HS,True,19,"Preparations of cereals, flour, starch or milk; pastrycooks' products",2,False,C00,TOTAL CPC,0 ,0,TOTAL MOT,-1,N/A,0.0,False,-1,N/A,0.0,False,,True,,False,,522308588.696,522308588.696,0,False,True
C,A,20170101,2017,52,2017,699,IND,India,X,Export,0,W00,World,0,W00,World,H5,HS,True,09,"Coffee, tea, mate and spices",2,False,C00,TOTAL CPC,0 ,0,TOTAL MOT,-1,N/A,0.0,False,-1,N/A,0.0,False,,True,,False,,3321743233.429,3321743233.429,0,False,True
C,A,20170101,2017,52,2017,699,IND,India,X,Export,0,W00,World,0,W00,World,H5,HS,True,10,Cereals,2,False,C00,TOTAL CPC,0 ,0,TOTAL MOT,-1,N/A,0.0,False,-1,N/A,0.0,False,,True,,False,,7334875666.084,7334875666.084,0,False,True
C,A,20170101,2017,52,2017,699,IND,India,X,Export,0,W00,World,0,W00,World,H5,HS,True,12,"Oil seeds and oleaginous fruits; miscellaneous grains, seeds and fruit, industrial or medicinal plants; straw and fodder",2,False,C00,TOTAL CPC,0 ,0,TOTAL MOT,-1,N/A,0.0,False,-1,N/A,0.0,False,,True,,False,,1767653700.55,1767653700.55,0,False,True
C,A,20170101,2017,52,2017,699,IND,India,X,Export,0,W00,World,0,W00,World,H5,HS,True,15,Animal or vegetable fats and oils and their cleavage products; prepared animal fats; animal or vegetable waxes,2,False,C00,TOTAL CPC,0 ,0,TOTAL MOT,-1,N/A,0.0,False,-1,N/A,0.0,False,,True,,False,,1203017605.585,1203017605.585,0,False,True
C,A,20170101,2017,52,2017,699,IND,India,X,Export,0,W00,World,0,W00,World,H5,HS,True,16,"Meat, fish or crustaceans, molluscs or other aquatic invertebrates; preparations thereof",2,False,C00,TOTAL CPC,0 ,0,TOTAL MOT,-1,N/A,0.0,False,-1,N/A,0.0,False,,True,,False,,395996820.171,395996820.171,0,False,True
C,A,20170101,2017,52,2017,699,IND,India,X,Export,0,W00,World,0,W00,World,H5,HS,True,03,"Fish and crustaceans, molluscs and other aquatic invertebrates",2,False,C00,TOTAL CPC,0 ,0,TOTAL MOT,-1,N/A,0.0,False,-1,N/A,0.0,False,,True,,False,,6646893684.366,6646893684.366,0,False,True
C,A,20170101,2017,52,2017,699,IND,India,X,Export,0,W00,World,0,W00,World,H5,HS,True,02,Meat and edible meat offal,2,False,C00,TOTAL CPC,0 ,0,TOTAL MOT,-1,N/A,0.0,False,-1,N/A,0.0,False,,True,,False,,4308317091.708,4308317091.708,0,False,True
C,A,20170101,2017,52,2017,699,IND,India,X,Export,0,W00,World,0,W00,World,H5,HS,True,01,Animals; live,2,False,C00,TOTAL CPC,0 ,0,TOTAL MOT,-1,N/A,0.0,False,-1,N/A,0.0,False,,True,,False,,27105654.528,27105654.528,0,False,True
C,A,20170101,2017,52,2017,699,IND,India,X,Export,0,W00,World,0,W00,World,H5,HS,True,18,Cocoa and cocoa preparations,2,False,C00,TOTAL CPC,0 ,0,TOTAL MOT,-1,N/A,0.0,False,-1,N/A,0.0,False,,True,,False,,160872817.463,160872817.463,0,False,True
C,A,20170101,2017,52,2017,699,IND,India,X,Export,0,W00,World,0,W00,World,H5,HS,True,20,"Preparations of vegetables, fruit, nuts or other parts of plants",2,False,C00,TOTAL CPC,0 ,0,TOTAL MOT,-1,N/A,0.0,False,-1,N/A,0.0,False,,True,,False,,552807937.565,552807937.565,0,False,True
C,A,20170101,2017,52,2017,699,IND,India,X,Export,0,W00,World,0,W00,World,H5,HS,True,21,Miscellaneous edible preparations,2,False,C00,TOTAL CPC,0 ,0,TOTAL MOT,-1,N/A,0.0,False,-1,N/A,0.0,False,,True,,False,,693621459.177,693621459.177,0,False,True
C,A,20170101,2017,52,2017,699,IND,India,X,Export,0,W00,World,0,W00,World,H5,HS,True,22,"Beverages, spirits and vinegar",2,False,C00,TOTAL CPC,0 ,0,TOTAL MOT,-1,N/A,0.0,False,-1,N/A,0.0,False,,True,,False,,334579527.062,334579527.062,0,False,True
C,A,20170101,2017,52,2017,699,IND,India,X,Export,0,W00,World,0,W00,World,H5,HS,True,23,"Food industries, residues and wastes thereof; prepared animal fodder",2,False,C00,TOTAL CPC,0 ,0,TOTAL MOT,-1,N/A,0.0,False,-1,N/A,0.0,False,,True,,False,,1454702575.192,1454702575.192,0,False,True
C,A,20170101,2017,52,2017,699,IND,India,X,Export,0,W00,World,0,W00,World,H5,HS,True,24,Tobacco and manufactured tobacco substitutes,2,False,C00,TOTAL CPC,0 ,0,TOTAL MOT,-1,N/A,0.0,False,-1,N/A,0.0,False,,True,,False,,929563651.31,929563651.31,0,False,True
C,A,20170101,2017,52,2017,699,IND,India,X,Export,0,W00,World,0,W00,World,H5,HS,True,25,"Salt; sulphur; earths, stone; plastering materials, lime and cement",2,False,C00,TOTAL CPC,0 ,0,TOTAL MOT,-1,N/A,0.0,False,-1,N/A,0.0,False,,True,,False,,1995596495.018,1995596495.018,0,False,True
C,A,20170101,2017,52,2017,699,IND,India,X,Export,0,W00,World,0,W00,World,H5,HS,True,26,"Ores, slag and ash",2,False,C00,TOTAL CPC,0 ,0,TOTAL MOT,-1,N/A,0.0,False,-1,N/A,0.0,False,,True,,False,,1989786338.155,1989786338.155,0,False,True
C,A,20170101,2017,52,2017,699,IND,India,X,Export,0,W00,World,0,W00,World,H5,HS,True,27,"Mineral fuels, mineral oils and products of their distillation; bituminous substances; mineral waxes",2,False,C00,TOTAL CPC,0 ,0,TOTAL MOT,-1,N/A,0.0,False,-1,N/A,0.0,False,,True,,False,,35873711764.848,35873711764.848,0,False,True
C,A,20170101,2017,52,2017,699,IND,India,X,Export,0,W00,World,0,W00,World,H5,HS,True,28,"Inorganic chemicals; organic and inorganic compounds of precious metals; of rare earth metals, of radio-active elements and of isotopes",2,False,C00,TOTAL CPC,0 ,0,TOTAL MOT,-1,N/A,0.0,False,-1,N/A,0.0,False,,True,,False,,1617590938.947,1617590938.947,0,False,True
C,A,20170101,2017,52,2017,699,IND,India,X,Export,0,W00,World,0,W00,World,H5,HS,True,38,Chemical products n.e.c.,2,False,C00,TOTAL CPC,0 ,0,TOTAL MOT,-1,N/A,0.0,False,-1,N/A,0.0,False,,True,,False,,3710044807.163,3710044807.163,0,False,True
C,A,20170101,2017,52,2017,699,IND,India,X,Export,0,W00,World,0,W00,World,H5,HS,True,37,Photographic or cinematographic goods,2,False,C00,TOTAL CPC,0 ,0,TOTAL MOT,-1,N/A,0.0,False,-1,N/A,0.0,False,,True,,False,,13565004.107,13565004.107,0,False,True
C,A,20170101,2017,52,2017,699,IND,India,X,Export,0,W00,World,0,W00,World,H5,HS,True,36,Explosives; pyrotechnic products; matches; pyrophoric alloys; certain combustible preparations,2,False,C00,TOTAL CPC,0 ,0,TOTAL MOT,-1,N/A,0.0,False,-1,N/A,0.0,False,,True,,False,,109409134.735,109409134.735,0,False,True
C,A,20170101,2017,52,2017,699,IND,India,X,Export,0,W00,World,0,W00,World,H5,HS,True,35,Albuminoidal substances; modified starches; glues; enzymes,2,False,C00,TOTAL CPC,0 ,0,TOTAL MOT,-1,N/A,0.0,False,-1,N/A,0.0,False,,True,,False,,233343405.043,233343405.043,0,False,True
C,A,20170101,2017,52,2017,699,IND,India,X,Export,0,W00,World,0,W00,World,H5,HS,True,34,"Soap, organic surface-active agents; washing, lubricating, polishing or scouring preparations; artificial or prepared waxes, candles and similar articles, modelling pastes, dental waxes and dental preparations with a basis of plaster",2,False,C00,TOTAL CPC,0 ,0,TOTAL MOT,-1,N/A,0.0,False,-1,N/A,0.0,False,,True,,False,,564017353.972,564017353.972,0,False,True
C,A,20170101,2017,52,2017,699,IND,India,X,Export,0,W00,World,0,W00,World,H5,HS,True,33,"Essential oils and resinoids; perfumery, cosmetic or toilet preparations",2,False,C00,TOTAL CPC,0 ,0,TOTAL MOT,-1,N/A,0.0,False,-1,N/A,0.0,False,,True,,False,,1819295137.195,1819295137.195,0,False,True
C,A,20170101,2017,52,2017,699,IND,India,X,Export,0,W00,World,0,W00,World,H5,HS,True,32,"Tanning or dyeing extracts; tannins and their derivatives; dyes, pigments and other colouring matter; paints, varnishes; putty, other mastics; inks",2,False,C00,TOTAL CPC,0 ,0,TOTAL MOT,-1,N/A,0.0,False,-1,N/A,0.0,False,,True,,False,,2783207472.521,2783207472.521,0,False,True
C,A,20170101,2017,52,2017,699,IND,India,X,Export,0,W00,World,0,W00,World,H5,HS,True,31,Fertilizers,2,False,C00,TOTAL CPC,0 ,0,TOTAL MOT,-1,N/A,0.0,False,-1,N/A,0.0,False,,True,,False,,88700676.812,88700676.812,0,False,True
C,A,20170101,2017,52,2017,699,IND,India,X,Export,0,W00,World,0,W00,World,H5,HS,True,43,Furskins and artificial fur; manufactures thereof,2,False,C00,TOTAL CPC,0 ,0,TOTAL MOT,-1,N/A,0.0,False,-1,N/A,0.0,False,,True,,False,,10998447.774,10998447.774,0,False,True
C,A,20170101,2017,52,2017,699,IND,India,X,Export,0,W00,World,0,W00,World,H5,HS,True,41,Raw hides and skins (other than furskins) and leather,2,False,C00,TOTAL CPC,0 ,0,TOTAL MOT,-1,N/A,0.0,False,-1,N/A,0.0,False,,True,,False,,881928710.134,881928710.134,0,False,True
C,A,20170101,2017,52,2017,699,IND,India,X,Export,0,W00,World,0,W00,World,H5,HS,True,47,Pulp of wood or other fibrous cellulosic material; recovered (waste and scrap) paper or paperboard,2,False,C00,TOTAL CPC,0 ,0,TOTAL MOT,-1,N/A,0.0,False,-1,N/A,0.0,False,,True,,False,,1763564.654,1763564.654,0,False,True
C,A,20170101,2017,52,2017,699,IND,India,X,Export,0,W00,World,0,W00,World,H5,HS,True,50,Silk,2,False,C00,TOTAL CPC,0 ,0,TOTAL MOT,-1,N/A,0.0,False,-1,N/A,0.0,False,,True,,False,,76561627.693,76561627.693,0,False,True
C,A,20170101,2017,52,2017,699,IND,India,X,Export,0,W00,World,0,W00,World,H5,HS,True,51,"Wool, fine or coarse animal hair; horsehair yarn and woven fabric",2,False,C00,TOTAL CPC,0 ,0,TOTAL MOT,-1,N/A,0.0,False,-1,N/A,0.0,False,,True,,False,,161222946.356,161222946.356,0,False,True
C,A,20170101,2017,52,2017,699,IND,India,X,Export,0,W00,World,0,W00,World,H5,HS,True,45,Cork and articles of cork,2,False,C00,TOTAL CPC,0 ,0,TOTAL MOT,-1,N/A,0.0,False,-1,N/A,0.0,False,,True,,False,,2575940.374,2575940.374,0,False,True
C,A,20170101,2017,52,2017,699,IND,India,X,Export,0,W00,World,0,W00,World,H5,HS,True,46,"Manufactures of straw, esparto or other plaiting materials; basketware and wickerwork",2,False,C00,TOTAL CPC,0 ,0,TOTAL MOT,-1,N/A,0.0,False,-1,N/A,0.0,False,,True,,False,,18876720.747,18876720.747,0,False,True
C,A,20170101,2017,52,2017,699,IND,India,X,Export,0,W00,World,0,W00,World,H5,HS,True,53,Vegetable textile fibres; paper yarn and woven fabrics of paper yarn,2,False,C00,TOTAL CPC,0 ,0,TOTAL MOT,-1,N/A,0.0,False,-1,N/A,0.0,False,,True,,False,,428025480.57,428025480.57,0,False,True
C,A,20170101,2017,52,2017,699,IND,India,X,Export,0,W00,World,0,W00,World,H5,HS,True,60,Fabrics; knitted or crocheted,2,False,C00,TOTAL CPC,0 ,0,TOTAL MOT,-1,N/A,0.0,False,-1,N/A,0.0,False,,True,,False,,319376798.603,319376798.603,0,False,True
C,A,20170101,2017,52,2017,699,IND,India,X,Export,0,W00,World,0,W00,World,H5,HS,True,58,"Fabrics; special woven fabrics, tufted textile fabrics, lace, tapestries, trimmings, embroidery",2,False,C00,TOTAL CPC,0 ,0,TOTAL MOT,-1,N/A,0.0,False,-1,N/A,0.0,False,,True,,False,,376733761.84,376733761.84,0,False,True
C,A,20170101,2017,52,2017,699,IND,India,X,Export,0,W00,World,0,W00,World,H5,HS,True,56,"Wadding, felt and nonwovens, special yarns; twine, cordage, ropes and cables and articles thereof",2,False,C00,TOTAL CPC,0 ,0,TOTAL MOT,-1,N/A,0.0,False,-1,N/A,0.0,False,,True,,False,,387449964.941,387449964.941,0,False,True
C,A,20170101,2017,52,2017,699,IND,India,X,Export,0,W00,World,0,W00,World,H5,HS,True,66,"Umbrellas, sun umbrellas, walking-sticks, seat sticks, whips, riding crops; and parts thereof",2,False,C00,TOTAL CPC,0 ,0,TOTAL MOT,-1,N/A,0.0,False,-1,N/A,0.0,False,,True,,False,,1801330.795,1801330.795,0,False,True
C,A,20170101,2017,52,2017,699,IND,India,X,Export,0,W00,World,0,W00,World,H5,HS,True,67,"Feathers and down, prepared; and articles made of feather or of down; artificial flowers; articles of human hair",2,False,C00,TOTAL CPC,0 ,0,TOTAL MOT,-1,N/A,0.0,False,-1,N/A,0.0,False,,True,,False,,239948996.253,239948996.253,0,False,True
C,A,20170101,2017,52,2017,699,IND,India,X,Export,0,W00,World,0,W00,World,H5,HS,True,68,"Stone, plaster, cement, asbestos, mica or similar materials; articles thereof",2,False,C00,TOTAL CPC,0 ,0,TOTAL MOT,-1,N/A,0.0,False,-1,N/A,0.0,False,,True,,False,,1362617960.22,1362617960.22,0,False,True
C,A,20170101,2017,52,2017,699,IND,India,X,Export,0,W00,World,0,W00,World,H5,HS,True,72,Iron and steel,2,False,C00,TOTAL CPC,0 ,0,TOTAL MOT,-1,N/A,0.0,False,-1,N/A,0.0,False,,True,,False,,11708857176.107,11708857176.107,0,False,True
C,A,20170101,2017,52,2017,699,IND,India,X,Export,0,W00,World,0,W00,World,H5,HS,True,74,Copper and articles thereof,2,False,C00,TOTAL CPC,0 ,0,TOTAL MOT,-1,N/A,0.0,False,-1,N/A,0.0,False,,True,,False,,3371544904.74,3371544904.74,0,False,True
C,A,20170101,2017,52,2017,699,IND,India,X,Export,0,W00,World,0,W00,World,H5,HS,True,75,Nickel and articles thereof,2,False,C00,TOTAL CPC,0 ,0,TOTAL MOT,-1,N/A,0.0,False,-1,N/A,0.0,False,,True,,False,,41230837.131,41230837.131,0,False,True
C,A,20170101,2017,52,2017,699,IND,India,X,Export,0,W00,World,0,W00,World,H5,HS,True,76,Aluminium and articles thereof,2,False,C00,TOTAL CPC,0 ,0,TOTAL MOT,-1,N/A,0.0,False,-1,N/A,0.0,False,,True,,False,,3651277305.174,3651277305.174,0,False,True
C,A,20170101,2017,52,2017,699,IND,India,X,Export,0,W00,World,0,W00,World,H5,HS,True,78,Lead and articles thereof,2,False,C00,TOTAL CPC,0 ,0,TOTAL MOT,-1,N/A,0.0,False,-1,N/A,0.0,False,,True,,False,,370894563.341,370894563.341,0,False,True
C,A,20170101,2017,52,2017,699,IND,India,X,Export,0,W00,World,0,W00,World,H5,HS,True,79,Zinc and articles thereof,2,False,C00,TOTAL CPC,0 ,0,TOTAL MOT,-1,N/A,0.0,False,-1,N/A,0.0,False,,True,,False,,908214216.746,908214216.746,0,False,True
C,A,20170101,2017,52,2017,699,IND,India,X,Export,0,W00,World,0,W00,World,H5,HS,True,80,Tin; articles thereof,2,False,C00,TOTAL CPC,0 ,0,TOTAL MOT,-1,N/A,0.0,False,-1,N/A,0.0,False,,True,,False,,12129873.845,12129873.845,0,False,True
C,A,20170101,2017,52,2017,699,IND,India,X,Export,0,W00,World,0,W00,World,H5,HS,True,81,"Metals; n.e.c., cermets and articles thereof",2,False,C00,TOTAL CPC,0 ,0,TOTAL MOT,-1,N/A,0.0,False,-1,N/A,0.0,False,,True,,False,,49794078.842,49794078.842,0,False,True
C,A,20170101,2017,52,2017,699,IND,India,X,Export,0,W00,World,0,W00,World,H5,HS,True,86,"Railway, tramway locomotives, rolling-stock and parts thereof; railway or tramway track fixtures and fittings and parts thereof; mechanical (including electro-mechanical) traffic signalling equipment of all kinds",2,False,C00,TOTAL CPC,0 ,0,TOTAL MOT,-1,N/A,0.0,False,-1,N/A,0.0,False,,True,,False,,303293082.974,303293082.974,0,False,True
C,A,20170101,2017,52,2017,699,IND,India,X,Export,0,W00,World,0,W00,World,H5,HS,True,88,"Aircraft, spacecraft and parts thereof",2,False,C00,TOTAL CPC,0 ,0,TOTAL MOT,-1,N/A,0.0,False,-1,N/A,0.0,False,,True,,False,,2313704148.869,2313704148.869,0,False,True
C,A,20170101,2017,52,2017,699,IND,India,X,Export,0,W00,World,0,W00,World,H5,HS,True,89,"Ships, boats and floating structures",2,False,C00,TOTAL CPC,0 ,0,TOTAL MOT,-1,N/A,0.0,False,-1,N/A,0.0,False,,True,,False,,4606286254.271,4606286254.271,0,False,True
C,A,20170101,2017,52,2017,699,IND,India,X,Export,0,W00,World,0,W00,World,H5,HS,True,92,Musical instruments; parts and accessories of such articles,2,False,C00,TOTAL CPC,0 ,0,TOTAL MOT,-1,N/A,0.0,False,-1,N/A,0.0,False,,True,,False,,16575345.609,16575345.609,0,False,True
C,A,20170101,2017,52,2017,699,IND,India,X,Export,0,W00,World,0,W00,World,H5,HS,True,93,Arms and ammunition; parts and accessories thereof,2,False,C00,TOTAL CPC,0 ,0,TOTAL MOT,-1,N/A,0.0,False,-1,N/A,0.0,False,,True,,False,,92333288.716,92333288.716,0,False,True
C,A,20170101,2017,52,2017,699,IND,India,X,Export,0,W00,World,0,W00,World,H5,HS,True,97,Works of art; collectors' pieces and antiques,2,False,C00,TOTAL CPC,0 ,0,TOTAL MOT,-1,N/A,0.0,False,-1,N/A,0.0,False,,True,,False,,94588094.548,94588094.548,0,False,True
C,A,20170101,2017,52,2017,699,IND,India,X,Export,0,W00,World,0,W00,World,H5,HS,True,99,Commodities not specified according to kind,2,False,C00,TOTAL CPC,0 ,0,TOTAL MOT,-1,N/A,0.0,False,-1,N/A,0.0,False,,False,,False,,277392044.466,277392044.466,0,False,True
C,A,20180101,2018,52,2018,50,BGD,Bangladesh,X,Export,0,W00,World,0,W00,World,H5,HS,True,99,Commodities not specified according to kind,2,False,C00,TOTAL CPC,0,0,TOTAL MOT,-1,N/A,0.0,False,-1,N/A,0.0,False,0.0,False,0.0,False,,537377.582,537377.582,0,False,True
C,A,20180101,2018,52,2018,50,BGD,Bangladesh,X,Export,0,W00,World,0,W00,World,H5,HS,True,34,"Soap, organic surface-active agents; washing, lubricating, polishing or scouring preparations; artificial or prepared waxes, candles and similar articles, modelling pastes, dental waxes and dental preparations with a basis of plaster",2,False,C00,TOTAL CPC,0,0,TOTAL MOT,-1,N/A,0.0,False,-1,N/A,0.0,False,0.0,False,0.0,False,,1598193.617,1598193.617,0,False,True
C,A,20180101,2018,52,2018,50,BGD,Bangladesh,X,Export,0,W00,World,0,W00,World,H5,HS,True,23,"Food industries, residues and wastes thereof; prepared animal fodder",2,False,C00,TOTAL CPC,0,0,TOTAL MOT,-1,N/A,0.0,False,-1,N/A,0.0,False,0.0,False,0.0,False,,10162840.658,10162840.658,0,False,True
C,A,20180101,2018,52,2018,50,BGD,Bangladesh,X,Export,0,W00,World,0,W00,World,H5,HS,True,20,"Preparations of vegetables, fruit, nuts or other parts of plants",2,False,C00,TOTAL CPC,0,0,TOTAL MOT,-1,N/A,0.0,False,-1,N/A,0.0,False,0.0,False,0.0,False,,103591141.828,103591141.828,0,False,True
C,A,20180101,2018,52,2018,50,BGD,Bangladesh,X,Export,0,W00,World,0,W00,World,H5,HS,True,24,Tobacco and manufactured tobacco substitutes,2,False,C00,TOTAL CPC,0,0,TOTAL MOT,-1,N/A,0.0,False,-1,N/A,0.0,False,0.0,False,0.0,False,,64437745.182,64437745.182,0,False,True
C,A,20180101,2018,52,2018,50,BGD,Bangladesh,X,Export,0,W00,World,0,W00,World,H5,HS,True,51,"Wool, fine or coarse animal hair; horsehair yarn and woven fabric",2,False,C00,TOTAL CPC,0,0,TOTAL MOT,-1,N/A,0.0,False,-1,N/A,0.0,False,0.0,False,0.0,False,,113909.617,113909.617,0,False,True
C,A,20180101,2018,52,2018,50,BGD,Bangladesh,X,Export,0,W00,World,0,W00,World,H5,HS,True,27,"Mineral fuels, mineral oils and products of their distillation; bituminous substances; mineral waxes",2,False,C00,TOTAL CPC,0,0,TOTAL MOT,-1,N/A,0.0,False,-1,N/A,0.0,False,0.0,False,0.0,False,,439472188.156,439472188.156,0,False,True
C,A,20180101,2018,52,2018,50,BGD,Bangladesh,X,Export,0,W00,World,0,W00,World,H5,HS,True,47,Pulp of wood or other fibrous cellulosic material; recovered (waste and scrap) paper or paperboard,2,False,C00,TOTAL CPC,0,0,TOTAL MOT,-1,N/A,0.0,False,-1,N/A,0.0,False,0.0,False,0.0,False,,20102.62,20102.62,0,False,True
C,A,20180101,2018,52,2018,50,BGD,Bangladesh,X,Export,0,W00,World,0,W00,World,H5,HS,True,67,"Feathers and down, prepared; and articles made of feather or of down; artificial flowers; articles of human hair",2,False,C00,TOTAL CPC,0,0,TOTAL MOT,-1,N/A,0.0,False,-1,N/A,0.0,False,0.0,False,0.0,False,,27261782.65,27261782.65,0,False,True
C,A,20180101,2018,52,2018,50,BGD,Bangladesh,X,Export,0,W00,World,0,W00,World,H5,HS,True,72,Iron and steel,2,False,C00,TOTAL CPC,0,0,TOTAL MOT,-1,N/A,0.0,False,-1,N/A,0.0,False,0.0,False,0.0,False,,43853786.25,43853786.25,0,False,True
C,A,20180101,2018,52,2018,50,BGD,Bangladesh,X,Export,0,W00,World,0,W00,World,H5,HS,True,56,"Wadding, felt and nonwovens, special yarns; twine, cordage, ropes and cables and articles thereof",2,False,C00,TOTAL CPC,0,0,TOTAL MOT,-1,N/A,0.0,False,-1,N/A,0.0,False,0.0,False,0.0,False,,36925700.137,36925700.137,0,False,True
C,A,20180101,2018,52,2018,50,BGD,Bangladesh,X,Export,0,W00,World,0,W00,World,H5,HS,True,13,"Lac; gums, resins and other vegetable saps and extracts",2,False,C00,TOTAL CPC,0,0,TOTAL MOT,-1,N/A,0.0,False,-1,N/A,0.0,False,0.0,False,0.0,False,,231658.501,231658.501,0,False,True
C,A,20180101,2018,52,2018,50,BGD,Bangladesh,X,Export,0,W00,World,0,W00,World,H5,HS,True,14,Vegetable plaiting materials; vegetable products not elsewhere specified or included,2,False,C00,TOTAL CPC,0,0,TOTAL MOT,-1,N/A,0.0,False,-1,N/A,0.0,False,0.0,False,0.0,False,,28349230.728,28349230.728,0,False,True
C,A,20180101,2018,52,2018,50,BGD,Bangladesh,X,Export,0,W00,World,0,W00,World,H5,HS,True,19,"Preparations of cereals, flour, starch or milk; pastrycooks' products",2,False,C00,TOTAL CPC,0,0,TOTAL MOT,-1,N/A,0.0,False,-1,N/A,0.0,False,0.0,False,0.0,False,,227724282.206,227724282.206,0,False,True
C,A,20180101,2018,52,2018,50,BGD,Bangladesh,X,Export,0,W00,World,0,W00,World,H5,HS,True,29,Organic chemicals,2,False,C00,TOTAL CPC,0,0,TOTAL MOT,-1,N/A,0.0,False,-1,N/A,0.0,False,0.0,False,0.0,False,,4374479.675,4374479.675,0,False,True
C,A,20180101,2018,52,2018,50,BGD,Bangladesh,X,Export,0,W00,World,0,W00,World,H5,HS,True,32,"Tanning or dyeing extracts; tannins and their derivatives; dyes, pigments and other colouring matter; paints, varnishes; putty, other mastics; inks",2,False,C00,TOTAL CPC,0,0,TOTAL MOT,-1,N/A,0.0,False,-1,N/A,0.0,False,0.0,False,0.0,False,,865687.789,865687.789,0,False,True
C,A,20180101,2018,52,2018,50,BGD,Bangladesh,X,Export,0,W00,World,0,W00,World,H5,HS,True,68,"Stone, plaster, cement, asbestos, mica or similar materials; articles thereof",2,False,C00,TOTAL CPC,0,0,TOTAL MOT,-1,N/A,0.0,False,-1,N/A,0.0,False,0.0,False,0.0,False,,2048607.01,2048607.01,0,False,True
C,A,20180101,2018,52,2018,50,BGD,Bangladesh,X,Export,0,W00,World,0,W00,World,H5,HS,True,53,Vegetable textile fibres; paper yarn and woven fabrics of paper yarn,2,False,C00,TOTAL CPC,0,0,TOTAL MOT,-1,N/A,0.0,False,-1,N/A,0.0,False,0.0,False,0.0,False,,783485905.886,783485905.886,0,False,True
C,A,20180101,2018,52,2018,50,BGD,Bangladesh,X,Export,0,W00,World,0,W00,World,H5,HS,True,25,"Salt; sulphur; earths, stone; plastering materials, lime and cement",2,False,C00,TOTAL CPC,0,0,TOTAL MOT,-1,N/A,0.0,False,-1,N/A,0.0,False,0.0,False,0.0,False,,12166240.473,12166240.473,0,False,True
C,A,20180101,2018,52,2018,50,BGD,Bangladesh,X,Export,0,W00,World,0,W00,World,H5,HS,True,18,Cocoa and cocoa preparations,2,False,C00,TOTAL CPC,0,0,TOTAL MOT,-1,N/A,0.0,False,-1,N/A,0.0,False,0.0,False,0.0,False,,3439675.859,3439675.859,0,False,True
C,A,20180101,2018,52,2018,50,BGD,Bangladesh,X,Export,0,W00,World,0,W00,World,H5,HS,True,79,Zinc and articles thereof,2,False,C00,TOTAL CPC,0,0,TOTAL MOT,-1,N/A,0.0,False,-1,N/A,0.0,False,0.0,False,0.0,False,,8974190.996,8974190.996,0,False,True
C,A,20180101,2018,52,2018,50,BGD,Bangladesh,X,Export,0,W00,World,0,W00,World,H5,HS,True,11,"Products of the milling industry; malt, starches, inulin, wheat gluten",2,False,C00,TOTAL CPC,0,0,TOTAL MOT,-1,N/A,0.0,False,-1,N/A,0.0,False,0.0,False,0.0,False,,1897648.293,1897648.293,0,False,True
C,A,20180101,2018,52,2018,50,BGD,Bangladesh,X,Export,0,W00,World,0,W00,World,H5,HS,True,54,Man-made filaments; strip and the like of man-made textile materials,2,False,C00,TOTAL CPC,0,0,TOTAL MOT,-1,N/A,0.0,False,-1,N/A,0.0,False,0.0,False,0.0,False,,46434326.302,46434326.302,0,False,True
C,A,20180101,2018,52,2018,50,BGD,Bangladesh,X,Export,0,W00,World,0,W00,World,H5,HS,True,41,Raw hides and skins (other than furskins) and leather,2,False,C00,TOTAL CPC,0,0,TOTAL MOT,-1,N/A,0.0,False,-1,N/A,0.0,False,0.0,False,0.0,False,,177307095.656,177307095.656,0,False,True
C,A,20180101,2018,52,2018,50,BGD,Bangladesh,X,Export,0,W00,World,0,W00,World,H5,HS,True,07,Vegetables and certain roots and tubers; edible,2,False,C00,TOTAL CPC,0,0,TOTAL MOT,-1,N/A,0.0,False,-1,N/A,0.0,False,0.0,False,0.0,False,,99069939.943,99069939.943,0,False,True
C,A,20180101,2018,52,2018,50,BGD,Bangladesh,X,Export,0,W00,World,0,W00,World,H5,HS,True,52,Cotton,2,False,C00,TOTAL CPC,0,0,TOTAL MOT,-1,N/A,0.0,False,-1,N/A,0.0,False,0.0,False,0.0,False,,133329150.057,133329150.057,0,False,True
C,A,20180101,2018,52,2018,50,BGD,Bangladesh,X,Export,0,W00,World,0,W00,World,H5,HS,True,16,"Meat, fish or crustaceans, molluscs or other aquatic invertebrates; preparations thereof",2,False,C00,TOTAL CPC,0,0,TOTAL MOT,-1,N/A,0.0,False,-1,N/A,0.0,False,0.0,False,0.0,False,,4305201.235,4305201.235,0,False,True
C,A,20180101,2018,52,2018,50,BGD,Bangladesh,X,Export,0,W00,World,0,W00,World,H5,HS,True,17,Sugars and sugar confectionery,2,False,C00,TOTAL CPC,0,0,TOTAL MOT,-1,N/A,0.0,False,-1,N/A,0.0,False,0.0,False,0.0,False,,38072656.95,38072656.95,0,False,True
C,A,20180101,2018,52,2018,50,BGD,Bangladesh,X,Export,0,W00,World,0,W00,World,H5,HS,True,60,Fabrics; knitted or crocheted,2,False,C00,TOTAL CPC,0,0,TOTAL MOT,-1,N/A,0.0,False,-1,N/A,0.0,False,0.0,False,0.0,False,,57784456.873,57784456.873,0,False,True
C,A,20180101,2018,52,2018,50,BGD,Bangladesh,X,Export,0,W00,World,0,W00,World,H5,HS,True,50,Silk,2,False,C00,TOTAL CPC,0,0,TOTAL MOT,-1,N/A,0.0,False,-1,N/A,0.0,False,0.0,False,0.0,False,,5226.093,5226.093,0,False,True
C,A,20180101,2018,52,2018,50,BGD,Bangladesh,X,Export,0,W00,World,0,W00,World,H5,HS,True,43,Furskins and artificial fur; manufactures thereof,2,False,C00,TOTAL CPC,0,0,TOTAL MOT,-1,N/A,0.0,False,-1,N/A,0.0,False,0.0,False,0.0,False,,8179.097,8179.097,0,False,True
C,A,20180101,2018,52,2018,50,BGD,Bangladesh,X,Export,0,W00,World,0,W00,World,H5,HS,True,75,Nickel and articles thereof,2,False,C00,TOTAL CPC,0,0,TOTAL MOT,-1,N/A,0.0,False,-1,N/A,0.0,False,0.0,False,0.0,False,,586781.83,586781.83,0,False,True
C,A,20180101,2018,52,2018,50,BGD,Bangladesh,X,Export,0,W00,World,0,W00,World,H5,HS,True,81,"Metals; n.e.c., cermets and articles thereof",2,False,C00,TOTAL CPC,0,0,TOTAL MOT,-1,N/A,0.0,False,-1,N/A,0.0,False,0.0,False,0.0,False,,383258.628,383258.628,0,False,True
C,A,20180101,2018,52,2018,50,BGD,Bangladesh,X,Export,0,W00,World,0,W00,World,H5,HS,True,15,Animal or vegetable fats and oils and their cleavage products; prepared animal fats; animal or vegetable waxes,2,False,C00,TOTAL CPC,0,0,TOTAL MOT,-1,N/A,0.0,False,-1,N/A,0.0,False,0.0,False,0.0,False,,160003310.142,160003310.142,0,False,True
C,A,20180101,2018,52,2018,50,BGD,Bangladesh,X,Export,0,W00,World,0,W00,World,H5,HS,True,46,"Manufactures of straw, esparto or other plaiting materials; basketware and wickerwork",2,False,C00,TOTAL CPC,0,0,TOTAL MOT,-1,N/A,0.0,False,-1,N/A,0.0,False,0.0,False,0.0,False,,19691835.239,19691835.239,0,False,True
C,A,20180101,2018,52,2018,50,BGD,Bangladesh,X,Export,0,W00,World,0,W00,World,H5,HS,True,31,Fertilizers,2,False,C00,TOTAL CPC,0,0,TOTAL MOT,-1,N/A,0.0,False,-1,N/A,0.0,False,0.0,False,0.0,False,,8788.278,8788.278,0,False,True
C,A,20180101,2018,52,2018,50,BGD,Bangladesh,X,Export,0,W00,World,0,W00,World,H5,HS,True,22,"Beverages, spirits and vinegar",2,False,C00,TOTAL CPC,0,0,TOTAL MOT,-1,N/A,0.0,False,-1,N/A,0.0,False,0.0,False,0.0,False,,39632036.357,39632036.357,0,False,True
C,A,20180101,2018,52,2018,50,BGD,Bangladesh,X,Export,0,W00,World,0,W00,World,H5,HS,True,05,Animal originated products; not elsewhere specified or included,2,False,C00,TOTAL CPC,0,0,TOTAL MOT,-1,N/A,0.0,False,-1,N/A,0.0,False,0.0,False,0.0,False,,17162971.109,17162971.109,0,False,True
C,A,20180101,2018,52,2018,50,BGD,Bangladesh,X,Export,0,W00,World,0,W00,World,H5,HS,True,21,Miscellaneous edible preparations,2,False,C00,TOTAL CPC,0,0,TOTAL MOT,-1,N/A,0.0,False,-1,N/A,0.0,False,0.0,False,0.0,False,,727310.287,727310.287,0,False,True
C,A,20180101,2018,52,2018,50,BGD,Bangladesh,X,Export,0,W00,World,0,W00,World,H5,HS,True,58,"Fabrics; special woven fabrics, tufted textile fabrics, lace, tapestries, trimmings, embroidery",2,False,C00,TOTAL CPC,0,0,TOTAL MOT,-1,N/A,0.0,False,-1,N/A,0.0,False,0.0,False,0.0,False,,58359414.837,58359414.837,0,False,True
C,A,20180101,2018,52,2018,50,BGD,Bangladesh,X,Export,0,W00,World,0,W00,World,H5,HS,True,26,"Ores, slag and ash",2,False,C00,TOTAL CPC,0,0,TOTAL MOT,-1,N/A,0.0,False,-1,N/A,0.0,False,0.0,False,0.0,False,,7504875.549,7504875.549,0,False,True
C,A,20180101,2018,52,2018,50,BGD,Bangladesh,X,Export,0,W00,World,0,W00,World,H5,HS,True,33,"Essential oils and resinoids; perfumery, cosmetic or toilet preparations",2,False,C00,TOTAL CPC,0,0,TOTAL MOT,-1,N/A,0.0,False,-1,N/A,0.0,False,0.0,False,0.0,False,,283284.295,283284.295,0,False,True
C,A,20180101,2018,52,2018,50,BGD,Bangladesh,X,Export,0,W00,World,0,W00,World,H5,HS,True,35,Albuminoidal substances; modified starches; glues; enzymes,2,False,C00,TOTAL CPC,0,0,TOTAL MOT,-1,N/A,0.0,False,-1,N/A,0.0,False,0.0,False,0.0,False,,1830737.842,1830737.842,0,False,True
C,A,20180101,2018,52,2018,50,BGD,Bangladesh,X,Export,0,W00,World,0,W00,World,H5,HS,True,78,Lead and articles thereof,2,False,C00,TOTAL CPC,0,0,TOTAL MOT,-1,N/A,0.0,False,-1,N/A,0.0,False,0.0,False,0.0,False,,16665792.98,16665792.98,0,False,True
C,A,20180101,2018,52,2018,50,BGD,Bangladesh,X,Export,0,W00,World,0,W00,World,H5,HS,True,03,"Fish and crustaceans, molluscs and other aquatic invertebrates",2,False,C00,TOTAL CPC,0,0,TOTAL MOT,-1,N/A,0.0,False,-1,N/A,0.0,False,0.0,False,0.0,False,,512871602.52,512871602.52,0,False,True
C,A,20180101,2018,52,2018,50,BGD,Bangladesh,X,Export,0,W00,World,0,W00,World,H5,HS,True,04,"Dairy produce; birds' eggs; natural honey; edible products of animal origin, not elsewhere specified or included",2,False,C00,TOTAL CPC,0,0,TOTAL MOT,-1,N/A,0.0,False,-1,N/A,0.0,False,0.0,False,0.0,False,,1772975.491,1772975.491,0,False,True
C,A,20180101,2018,52,2018,50,BGD,Bangladesh,X,Export,0,W00,World,0,W00,World,H5,HS,True,08,"Fruit and nuts, edible; peel of citrus fruit or melons",2,False,C00,TOTAL CPC,0,0,TOTAL MOT,-1,N/A,0.0,False,-1,N/A,0.0,False,0.0,False,0.0,False,,361646.677,361646.677,0,False,True
C,A,20180101,2018,52,2018,50,BGD,Bangladesh,X,Export,0,W00,World,0,W00,World,H5,HS,True,80,Tin; articles thereof,2,False,C00,TOTAL CPC,0,0,TOTAL MOT,-1,N/A,0.0,False,-1,N/A,0.0,False,0.0,False,0.0,False,,47392.307,47392.307,0,False,True
C,A,20180101,2018,52,2018,50,BGD,Bangladesh,X,Export,0,W00,World,0,W00,World,H5,HS,True,09,"Coffee, tea, mate and spices",2,False,C00,TOTAL CPC,0,0,TOTAL MOT,-1,N/A,0.0,False,-1,N/A,0.0,False,0.0,False,0.0,False,,49216232.624,49216232.624,0,False,True
C,A,20180101,2018,52,2018,50,BGD,Bangladesh,X,Export,0,W00,World,0,W00,World,H5,HS,True,55,Man-made staple fibres,2,False,C00,TOTAL CPC,0,0,TOTAL MOT,-1,N/A,0.0,False,-1,N/A,0.0,False,0.0,True,0.0,False,,31425601.645,31425601.645,4,False,True
C,A,20180101,2018,52,2018,50,BGD,Bangladesh,X,Export,0,W00,World,0,W00,World,H5,HS,True,63,"Textiles, made up articles; sets; worn clothing and worn textile articles; rags",2,False,C00,TOTAL CPC,0,0,TOTAL MOT,-1,N/A,0.0,False,-1,N/A,0.0,False,0.0,True,0.0,False,,967860005.878,967860005.878,4,False,True
C,A,20180101,2018,52,2018,50,BGD,Bangladesh,X,Export,0,W00,World,0,W00,World,H5,HS,True,64,Footwear; gaiters and the like; parts of such articles,2,False,C00,TOTAL CPC,0,0,TOTAL MOT,-1,N/A,0.0,False,-1,N/A,0.0,False,0.0,True,0.0,False,,824540812.605,824540812.605,4,False,True
C,A,20180101,2018,52,2018,50,BGD,Bangladesh,X,Export,0,W00,World,0,W00,World,H5,HS,True,69,Ceramic products,2,False,C00,TOTAL CPC,0,0,TOTAL MOT,-1,N/A,0.0,False,-1,N/A,0.0,False,0.0,True,0.0,False,,82936321.42,82936321.42,4,False,True
C,A,20180101,2018,52,2018,50,BGD,Bangladesh,X,Export,0,W00,World,0,W00,World,H5,HS,True,57,Carpets and other textile floor coverings,2,False,C00,TOTAL CPC,0,0,TOTAL MOT,-1,N/A,0.0,False,-1,N/A,0.0,False,0.0,True,0.0,False,,19205669.822,19205669.822,4,False,True
C,A,20180101,2018,52,2018,50,BGD,Bangladesh,X,Export,0,W00,World,0,W00,World,H5,HS,True,59,"Textile fabrics; impregnated, coated, covered or laminated; textile articles of a kind suitable for industrial use",2,False,C00,TOTAL CPC,0,0,TOTAL MOT,-1,N/A,0.0,False,-1,N/A,0.0,False,0.0,True,0.0,False,,17786893.981,17786893.981,4,False,True
C,A,20180101,2018,52,2018,50,BGD,Bangladesh,X,Export,0,W00,World,0,W00,World,H5,HS,True,28,"Inorganic chemicals; organic and inorganic compounds of precious metals; of rare earth metals, of radio-active elements and of isotopes",2,False,C00,TOTAL CPC,0,0,TOTAL MOT,-1,N/A,0.0,False,-1,N/A,0.0,False,0.0,True,0.0,False,,45294839.988,45294839.988,4,False,True
C,A,20180101,2018,52,2018,50,BGD,Bangladesh,X,Export,0,W00,World,0,W00,World,H5,HS,True,86,"Railway, tramway locomotives, rolling-stock and parts thereof; railway or tramway track fixtures and fittings and parts thereof; mechanical (including electro-mechanical) traffic signalling equipment of all kinds",2,False,C00,TOTAL CPC,0,0,TOTAL MOT,-1,N/A,0.0,False,-1,N/A,0.0,False,0.0,True,0.0,False,,2119067.354,2119067.354,4,False,True
C,A,20180101,2018,52,2018,50,BGD,Bangladesh,X,Export,0,W00,World,0,W00,World,H5,HS,True,85,"Electrical machinery and equipment and parts thereof; sound recorders and reproducers; television image and sound recorders and reproducers, parts and accessories of such articles",2,False,C00,TOTAL CPC,0,0,TOTAL MOT,-1,N/A,0.0,False,-1,N/A,0.0,False,0.0,True,0.0,False,,134240009.565,134240009.565,4,False,True
C,A,20180101,2018,52,2018,50,BGD,Bangladesh,X,Export,0,W00,World,0,W00,World,H5,HS,True,74,Copper and articles thereof,2,False,C00,TOTAL CPC,0,0,TOTAL MOT,-1,N/A,0.0,False,-1,N/A,0.0,False,0.0,True,0.0,False,,50145299.541,50145299.541,4,False,True
C,A,20180101,2018,52,2018,50,BGD,Bangladesh,X,Export,0,W00,World,0,W00,World,H5,HS,True,40,Rubber and articles thereof,2,False,C00,TOTAL CPC,0,0,TOTAL MOT,-1,N/A,0.0,False,-1,N/A,0.0,False,0.0,True,0.0,False,,28061035.39,28061035.39,4,False,True
C,A,20180101,2018,52,2018,50,BGD,Bangladesh,X,Export,0,W00,World,0,W00,World,H5,HS,True,70,Glass and glassware,2,False,C00,TOTAL CPC,0,0,TOTAL MOT,-1,N/A,0.0,False,-1,N/A,0.0,False,0.0,True,0.0,False,,931535.031,931535.031,4,False,True
C,A,20180101,2018,52,2018,50,BGD,Bangladesh,X,Export,0,W00,World,0,W00,World,H5,HS,True,95,"Toys, games and sports requisites; parts and accessories thereof",2,False,C00,TOTAL CPC,0,0,TOTAL MOT,-1,N/A,0.0,False,-1,N/A,0.0,False,0.0,True,0.0,False,,49091959.181,49091959.181,4,False,True
C,A,20180101,2018,52,2018,50,BGD,Bangladesh,X,Export,0,W00,World,0,W00,World,H5,HS,True,73,Iron or steel articles,2,False,C00,TOTAL CPC,0,0,TOTAL MOT,-1,N/A,0.0,False,-1,N/A,0.0,False,0.0,True,0.0,False,,25184420.222,25184420.222,4,False,True
C,A,20180101,2018,52,2018,50,BGD,Bangladesh,X,Export,0,W00,World,0,W00,World,H5,HS,True,10,Cereals,2,False,C00,TOTAL CPC,0,0,TOTAL MOT,-1,N/A,0.0,False,-1,N/A,0.0,False,0.0,True,0.0,False,,19638162.425,19638162.425,4,False,True
C,A,20180101,2018,52,2018,50,BGD,Bangladesh,X,Export,0,W00,World,0,W00,World,H5,HS,True,65,Headgear and parts thereof,2,False,C00,TOTAL CPC,0,0,TOTAL MOT,-1,N/A,0.0,False,-1,N/A,0.0,False,0.0,True,0.0,False,,193580349.16,193580349.16,4,False,True
C,A,20180101,2018,52,2018,50,BGD,Bangladesh,X,Export,0,W00,World,0,W00,World,H5,HS,True,49,"Printed books, newspapers, pictures and other products of the printing industry; manuscripts, typescripts and plans",2,False,C00,TOTAL CPC,0,0,TOTAL MOT,-1,N/A,0.0,False,-1,N/A,0.0,False,0.0,True,0.0,False,,889369.14,889369.14,4,False,True
C,A,20180101,2018,52,2018,50,BGD,Bangladesh,X,Export,0,W00,World,0,W00,World,H5,HS,True,83,Metal; miscellaneous products of base metal,2,False,C00,TOTAL CPC,0,0,TOTAL MOT,-1,N/A,0.0,False,-1,N/A,0.0,False,0.0,True,0.0,False,,2259197.782,2259197.782,4,False,True
C,A,20180101,2018,52,2018,50,BGD,Bangladesh,X,Export,0,W00,World,0,W00,World,H5,HS,True,44,Wood and articles of wood; wood charcoal,2,False,C00,TOTAL CPC,0,0,TOTAL MOT,-1,N/A,0.0,False,-1,N/A,0.0,False,0.0,True,0.0,False,,4905346.081,4905346.081,4,False,True
C,A,20180101,2018,52,2018,50,BGD,Bangladesh,X,Export,0,W00,World,0,W00,World,H5,HS,True,12,"Oil seeds and oleaginous fruits; miscellaneous grains, seeds and fruit, industrial or medicinal plants; straw and fodder",2,False,C00,TOTAL CPC,0,0,TOTAL MOT,-1,N/A,0.0,False,-1,N/A,0.0,False,0.0,True,0.0,False,,11690185.834,11690185.834,4,False,True
C,A,20180101,2018,52,2018,50,BGD,Bangladesh,X,Export,0,W00,World,0,W00,World,H5,HS,True,88,"Aircraft, spacecraft and parts thereof",2,False,C00,TOTAL CPC,0,0,TOTAL MOT,-1,N/A,0.0,False,-1,N/A,0.0,False,0.0,True,0.0,False,,18254909.712,18254909.712,4,False,True
C,A,20180101,2018,52,2018,50,BGD,Bangladesh,X,Export,0,W00,World,0,W00,World,H5,HS,True,66,"Umbrellas, sun umbrellas, walking-sticks, seat sticks, whips, riding crops; and parts thereof",2,False,C00,TOTAL CPC,0,0,TOTAL MOT,-1,N/A,0.0,False,-1,N/A,0.0,False,0.0,True,0.0,False,,12985.163,12985.163,4,False,True
C,A,20180101,2018,52,2018,50,BGD,Bangladesh,X,Export,0,W00,World,0,W00,World,H5,HS,True,76,Aluminium and articles thereof,2,False,C00,TOTAL CPC,0,0,TOTAL MOT,-1,N/A,0.0,False,-1,N/A,0.0,False,0.0,True,0.0,False,,12149329.229,12149329.229,4,False,True
C,A,20180101,2018,52,2018,50,BGD,Bangladesh,X,Export,0,W00,World,0,W00,World,H5,HS,True,48,"Paper and paperboard; articles of paper pulp, of paper or paperboard",2,False,C00,TOTAL CPC,0,0,TOTAL MOT,-1,N/A,0.0,False,-1,N/A,0.0,False,0.0,True,0.0,False,,79041174.251,79041174.251,4,False,True
C,A,20180101,2018,52,2018,50,BGD,Bangladesh,X,Export,0,W00,World,0,W00,World,H5,HS,True,93,Arms and ammunition; parts and accessories thereof,2,False,C00,TOTAL CPC,0,0,TOTAL MOT,-1,N/A,0.0,False,-1,N/A,0.0,False,0.0,True,0.0,False,,3303183.503,3303183.503,4,False,True
C,A,20180101,2018,52,2018,50,BGD,Bangladesh,X,Export,0,W00,World,0,W00,World,H5,HS,True,82,"Tools, implements, cutlery, spoons and forks, of base metal; parts thereof, of base metal",2,False,C00,TOTAL CPC,0,0,TOTAL MOT,-1,N/A,0.0,False,-1,N/A,0.0,False,0.0,True,0.0,False,,11059041.954,11059041.954,4,False,True
C,A,20180101,2018,52,2018,50,BGD,Bangladesh,X,Export,0,W00,World,0,W00,World,H5,HS,True,39,Plastics and articles thereof,2,False,C00,TOTAL CPC,0,0,TOTAL MOT,-1,N/A,0.0,False,-1,N/A,0.0,False,0.0,True,0.0,False,,111450473.453,111450473.453,4,False,True
C,A,20180101,2018,52,2018,50,BGD,Bangladesh,X,Export,0,W00,World,0,W00,World,H5,HS,True,94,"Furniture; bedding, mattresses, mattress supports, cushions and similar stuffed furnishings; lamps and lighting fittings, n.e.c.; illuminated signs, illuminated name-plates and the like; prefabricated buildings",2,False,C00,TOTAL CPC,0,0,TOTAL MOT,-1,N/A,0.0,False,-1,N/A,0.0,False,0.0,True,0.0,False,,76285292.505,76285292.505,4,False,True
C,A,20180101,2018,52,2018,50,BGD,Bangladesh,X,Export,0,W00,World,0,W00,World,H5,HS,True,06,"Trees and other plants, live; bulbs, roots and the like; cut flowers and ornamental foliage",2,False,C00,TOTAL CPC,0,0,TOTAL MOT,-1,N/A,0.0,False,-1,N/A,0.0,False,0.0,True,0.0,False,,4034145.149,4034145.149,4,False,True
C,A,20180101,2018,52,2018,50,BGD,Bangladesh,X,Export,0,W00,World,0,W00,World,H5,HS,True,62,Apparel and clothing accessories; not knitted or crocheted,2,False,C00,TOTAL CPC,0,0,TOTAL MOT,-1,N/A,0.0,False,-1,N/A,0.0,False,0.0,True,0.0,False,,16649907827.233,16649907827.233,4,False,True
C,A,20180101,2018,52,2018,50,BGD,Bangladesh,X,Export,0,W00,World,0,W00,World,H5,HS,True,61,Apparel and clothing accessories; knitted or crocheted,2,False,C00,TOTAL CPC,0,0,TOTAL MOT,-1,N/A,0.0,False,-1,N/A,0.0,False,0.0,True,0.0,False,,16249418632.868,16249418632.868,4,False,True
C,A,20180101,2018,52,2018,50,BGD,Bangladesh,X,Export,0,W00,World,0,W00,World,H5,HS,True,71,"Natural, cultured pearls; precious, semi-precious stones; precious metals, metals clad with precious metal, and articles thereof; imitation jewellery; coin",2,False,C00,TOTAL CPC,0,0,TOTAL MOT,-1,N/A,0.0,False,-1,N/A,0.0,False,,False,0.0,False,,1021399.724,1021399.724,0,False,True
C,A,20180101,2018,52,2018,50,BGD,Bangladesh,X,Export,0,W00,World,0,W00,World,H5,HS,True,01,Animals; live,2,False,C00,TOTAL CPC,0,0,TOTAL MOT,-1,N/A,0.0,False,-1,N/A,0.0,False,,False,0.0,False,,16078.428,16078.428,0,False,True
C,A,20180101,2018,52,2018,50,BGD,Bangladesh,X,Export,0,W00,World,0,W00,World,H5,HS,True,92,Musical instruments; parts and accessories of such articles,2,False,C00,TOTAL CPC,0,0,TOTAL MOT,-1,N/A,0.0,False,-1,N/A,0.0,False,,False,0.0,False,,68126.596,68126.596,0,False,True
C,A,20180101,2018,52,2018,50,BGD,Bangladesh,X,Export,0,W00,World,0,W00,World,H5,HS,True,91,Clocks and watches and parts thereof,2,False,C00,TOTAL CPC,0,0,TOTAL MOT,-1,N/A,0.0,False,-1,N/A,0.0,False,,False,0.0,False,,424595.153,424595.153,0,False,True
C,A,20180101,2018,52,2018,50,BGD,Bangladesh,X,Export,0,W00,World,0,W00,World,H5,HS,True,37,Photographic or cinematographic goods,2,False,C00,TOTAL CPC,0,0,TOTAL MOT,-1,N/A,0.0,False,-1,N/A,0.0,False,,False,0.0,False,,5901.204,5901.204,0,False,True
C,A,20180101,2018,52,2018,50,BGD,Bangladesh,X,Export,0,W00,World,0,W00,World,H5,HS,True,96,Miscellaneous manufactured articles,2,False,C00,TOTAL CPC,0,0,TOTAL MOT,-1,N/A,0.0,False,-1,N/A,0.0,False,,False,0.0,False,,20253946.587,20253946.587,0,False,True
C,A,20180101,2018,52,2018,50,BGD,Bangladesh,X,Export,0,W00,World,0,W00,World,H5,HS,True,38,Chemical products n.e.c.,2,False,C00,TOTAL CPC,0,0,TOTAL MOT,-1,N/A,0.0,False,-1,N/A,0.0,False,,False,0.0,False,,11786083.677,11786083.677,0,False,True
C,A,20180101,2018,52,2018,50,BGD,Bangladesh,X,Export,0,W00,World,0,W00,World,H5,HS,True,87,"Vehicles; other than railway or tramway rolling stock, and parts and accessories thereof",2,False,C00,TOTAL CPC,0,0,TOTAL MOT,-1,N/A,0.0,False,-1,N/A,0.0,False,,False,0.0,False,,206109349.924,206109349.924,0,False,True
C,A,20180101,2018,52,2018,50,BGD,Bangladesh,X,Export,0,W00,World,0,W00,World,H5,HS,True,89,"Ships, boats and floating structures",2,False,C00,TOTAL CPC,0,0,TOTAL MOT,-1,N/A,0.0,False,-1,N/A,0.0,False,,False,0.0,False,,123094549.2,123094549.2,0,False,True
C,A,20180101,2018,52,2018,50,BGD,Bangladesh,X,Export,0,W00,World,0,W00,World,H5,HS,True,30,Pharmaceutical products,2,False,C00,TOTAL CPC,0,0,TOTAL MOT,-1,N/A,0.0,False,-1,N/A,0.0,False,,False,0.0,False,,122828238.881,122828238.881,0,False,True
C,A,20180101,2018,52,2018,50,BGD,Bangladesh,X,Export,0,W00,World,0,W00,World,H5,HS,True,42,"Articles of leather; saddlery and harness; travel goods, handbags and similar containers; articles of animal gut (other than silk-worm gut)",2,False,C00,TOTAL CPC,0,0,TOTAL MOT,-1,N/A,0.0,False,-1,N/A,0.0,False,,False,0.0,False,,238426403.133,238426403.133,0,False,True
C,A,20180101,2018,52,2018,50,BGD,Bangladesh,X,Export,0,W00,World,0,W00,World,H5,HS,True,97,Works of art; collectors' pieces and antiques,2,False,C00,TOTAL CPC,0,0,TOTAL MOT,-1,N/A,0.0,False,-1,N/A,0.0,False,,False,0.0,False,,3010053.389,3010053.389,0,False,True
C,A,20180101,2018,52,2018,50,BGD,Bangladesh,X,Export,0,W00,World,0,W00,World,H5,HS,True,02,Meat and edible meat offal,2,False,C00,TOTAL CPC,0,0,TOTAL MOT,-1,N/A,0.0,False,-1,N/A,0.0,False,,False,0.0,False,,861164.891,861164.891,0,False,True
C,A,20180101,2018,52,2018,50,BGD,Bangladesh,X,Export,0,W00,World,0,W00,World,H5,HS,True,90,"Optical, photographic, cinematographic, measuring, checking, medical or surgical instruments and apparatus; parts and accessories",2,False,C00,TOTAL CPC,0,0,TOTAL MOT,-1,N/A,0.0,False,-1,N/A,0.0,False,,False,0.0,False,,131044186.26,131044186.26,0,False,True
C,A,20180101,2018,52,2018,50,BGD,Bangladesh,X,Export,0,W00,World,0,W00,World,H5,HS,True,84,"Nuclear reactors, boilers, machinery and mechanical appliances; parts thereof",2,False,C00,TOTAL CPC,0,0,TOTAL MOT,-1,N/A,0.0,False,-1,N/A,0.0,False,,False,0.0,False,,235109375.088,235109375.088,0,False,True
C,A,20180101,2018,52,2018,156,CHN,China,X,Export,0,W00,World,0,W00,World,H5,HS,True,88,"Aircraft, spacecraft and parts thereof",2,False,C00,TOTAL CPC,0,0,TOTAL MOT,-1,N/A,0.0,False,-1,N/A,0.0,False,0.0,False,0.0,False,0.0,4526293192.0,4526293192.0,0,False,True
C,A,20180101,2018,52,2018,156,CHN,China,X,Export,0,W00,World,0,W00,World,H5,HS,True,89,"Ships, boats and floating structures",2,False,C00,TOTAL CPC,0,0,TOTAL MOT,-1,N/A,0.0,False,-1,N/A,0.0,False,0.0,False,0.0,False,0.0,25135986351.0,25135986351.0,0,False,True
C,A,20180101,2018,52,2018,156,CHN,China,X,Export,0,W00,World,0,W00,World,H5,HS,True,90,"Optical, photographic, cinematographic, measuring, checking, medical or surgical instruments and apparatus; parts and accessories",2,False,C00,TOTAL CPC,0,0,TOTAL MOT,-1,N/A,0.0,False,-1,N/A,0.0,False,0.0,False,0.0,False,0.0,71471564700.0,71471564700.0,0,False,True
C,A,20180101,2018,52,2018,156,CHN,China,X,Export,0,W00,World,0,W00,World,H5,HS,True,91,Clocks and watches and parts thereof,2,False,C00,TOTAL CPC,0,0,TOTAL MOT,-1,N/A,0.0,False,-1,N/A,0.0,False,0.0,False,0.0,False,0.0,4650219468.0,4650219468.0,0,False,True
C,A,20180101,2018,52,2018,156,CHN,China,X,Export,0,W00,World,0,W00,World,H5,HS,True,92,Musical instruments; parts and accessories of such articles,2,False,C00,TOTAL CPC,0,0,TOTAL MOT,-1,N/A,0.0,False,-1,N/A,0.0,False,0.0,False,0.0,False,0.0,1629930234.0,1629930234.0,0,False,True
C,A,20180101,2018,52,2018,156,CHN,China,X,Export,0,W00,World,0,W00,World,H5,HS,True,96,Miscellaneous manufactured articles,2,False,C00,TOTAL CPC,0,0,TOTAL MOT,-1,N/A,0.0,False,-1,N/A,0.0,False,0.0,False,0.0,False,0.0,16442581628.0,16442581628.0,0,False,True
C,A,20180101,2018,52,2018,156,CHN,China,X,Export,0,W00,World,0,W00,World,H5,HS,True,37,Photographic or cinematographic goods,2,False,C00,TOTAL CPC,0,0,TOTAL MOT,-1,N/A,0.0,False,-1,N/A,0.0,False,0.0,False,0.0,False,0.0,1129575021.0,1129575021.0,0,False,True
C,A,20180101,2018,52,2018,156,CHN,China,X,Export,0,W00,World,0,W00,World,H5,HS,True,05,Animal originated products; not elsewhere specified or included,2,False,C00,TOTAL CPC,0,0,TOTAL MOT,-1,N/A,0.0,False,-1,N/A,0.0,False,0.0,False,0.0,False,0.0,2533477781.0,2533477781.0,0,False,True
C,A,20180101,2018,52,2018,156,CHN,China,X,Export,0,W00,World,0,W00,World,H5,HS,True,27,"Mineral fuels, mineral oils and products of their distillation; bituminous substances; mineral waxes",2,False,C00,TOTAL CPC,0,0,TOTAL MOT,-1,N/A,0.0,False,-1,N/A,0.0,False,0.0,False,0.0,False,0.0,46439971539.0,46439971539.0,0,False,True
C,A,20180101,2018,52,2018,156,CHN,China,X,Export,0,W00,World,0,W00,World,H5,HS,True,43,Furskins and artificial fur; manufactures thereof,2,False,C00,TOTAL CPC,0,0,TOTAL MOT,-1,N/A,0.0,False,-1,N/A,0.0,False,0.0,False,0.0,False,0.0,4309729586.0,4309729586.0,0,False,True
C,A,20180101,2018,52,2018,156,CHN,China,X,Export,0,W00,World,0,W00,World,H5,HS,True,50,Silk,2,False,C00,TOTAL CPC,0,0,TOTAL MOT,-1,N/A,0.0,False,-1,N/A,0.0,False,0.0,False,0.0,False,0.0,1140495488.0,1140495488.0,0,False,True
C,A,20180101,2018,52,2018,156,CHN,China,X,Export,0,W00,World,0,W00,World,H5,HS,True,97,Works of art; collectors' pieces and antiques,2,False,C00,TOTAL CPC,0,0,TOTAL MOT,-1,N/A,0.0,False,-1,N/A,0.0,False,0.0,False,0.0,False,0.0,188030711.0,188030711.0,0,False,True
C,A,20180101,2018,52,2018,156,CHN,China,X,Export,0,W00,World,0,W00,World,H5,HS,True,66,"Umbrellas, sun umbrellas, walking-sticks, seat sticks, whips, riding crops; and parts thereof",2,False,C00,TOTAL CPC,0,0,TOTAL MOT,-1,N/A,0.0,False,-1,N/A,0.0,False,0.0,True,0.0,False,0.0,2708245626.0,2708245626.0,4,False,True
C,A,20180101,2018,52,2018,156,CHN,China,X,Export,0,W00,World,0,W00,World,H5,HS,True,01,Animals; live,2,False,C00,TOTAL CPC,0,0,TOTAL MOT,-1,N/A,0.0,False,-1,N/A,0.0,False,0.0,True,0.0,False,0.0,544085686.0,544085686.0,4,False,True
C,A,20180101,2018,52,2018,156,CHN,China,X,Export,0,W00,World,0,W00,World,H5,HS,True,42,"Articles of leather; saddlery and harness; travel goods, handbags and similar containers; articles of animal gut (other than silk-worm gut)",2,False,C00,TOTAL CPC,0,0,TOTAL MOT,-1,N/A,0.0,False,-1,N/A,0.0,False,0.0,True,0.0,False,0.0,29400456246.0,29400456246.0,4,False,True
C,A,20180101,2018,52,2018,156,CHN,China,X,Export,0,W00,World,0,W00,World,H5,HS,True,56,"Wadding, felt and nonwovens, special yarns; twine, cordage, ropes and cables and articles thereof",2,False,C00,TOTAL CPC,0,0,TOTAL MOT,-1,N/A,0.0,False,-1,N/A,0.0,False,0.0,True,0.0,False,0.0,5732557485.0,5732557485.0,4,False,True
C,A,20180101,2018,52,2018,156,CHN,China,X,Export,0,W00,World,0,W00,World,H5,HS,True,57,Carpets and other textile floor coverings,2,False,C00,TOTAL CPC,0,0,TOTAL MOT,-1,N/A,0.0,False,-1,N/A,0.0,False,0.0,True,0.0,False,0.0,2974826865.0,2974826865.0,4,False,True
C,A,20180101,2018,52,2018,156,CHN,China,X,Export,0,W00,World,0,W00,World,H5,HS,True,58,"Fabrics; special woven fabrics, tufted textile fabrics, lace, tapestries, trimmings, embroidery",2,False,C00,TOTAL CPC,0,0,TOTAL MOT,-1,N/A,0.0,False,-1,N/A,0.0,False,0.0,True,0.0,False,0.0,5063786901.0,5063786901.0,4,False,True
C,A,20180101,2018,52,2018,156,CHN,China,X,Export,0,W00,World,0,W00,World,H5,HS,True,59,"Textile fabrics; impregnated, coated, covered or laminated; textile articles of a kind suitable for industrial use",2,False,C00,TOTAL CPC,0,0,TOTAL MOT,-1,N/A,0.0,False,-1,N/A,0.0,False,0.0,True,0.0,False,0.0,8027663112.0,8027663112.0,4,False,True
C,A,20180101,2018,52,2018,156,CHN,China,X,Export,0,W00,World,0,W00,World,H5,HS,True,60,Fabrics; knitted or crocheted,2,False,C00,TOTAL CPC,0,0,TOTAL MOT,-1,N/A,0.0,False,-1,N/A,0.0,False,0.0,True,0.0,False,0.0,18154790617.0,18154790617.0,4,False,True
C,A,20180101,2018,52,2018,156,CHN,China,X,Export,0,W00,World,0,W00,World,H5,HS,True,61,Apparel and clothing accessories; knitted or crocheted,2,False,C00,TOTAL CPC,0,0,TOTAL MOT,-1,N/A,0.0,False,-1,N/A,0.0,False,0.0,True,0.0,False,0.0,73411651830.0,73411651830.0,4,False,True
C,A,20180101,2018,52,2018,156,CHN,China,X,Export,0,W00,World,0,W00,World,H5,HS,True,62,Apparel and clothing accessories; not knitted or crocheted,2,False,C00,TOTAL CPC,0,0,TOTAL MOT,-1,N/A,0.0,False,-1,N/A,0.0,False,0.0,True,0.0,False,0.0,71322796649.0,71322796649.0,4,False,True
C,A,20180101,2018,52,2018,156,CHN,China,X,Export,0,W00,World,0,W00,World,H5,HS,True,63,"Textiles, made up articles; sets; worn clothing and worn textile articles; rags",2,False,C00,TOTAL CPC,0,0,TOTAL MOT,-1,N/A,0.0,False,-1,N/A,0.0,False,0.0,True,0.0,False,0.0,27803637548.0,27803637548.0,4,False,True
C,A,20180101,2018,52,2018,156,CHN,China,X,Export,0,W00,World,0,W00,World,H5,HS,True,64,Footwear; gaiters and the like; parts of such articles,2,False,C00,TOTAL CPC,0,0,TOTAL MOT,-1,N/A,0.0,False,-1,N/A,0.0,False,0.0,True,0.0,False,0.0,46912141972.0,46912141972.0,4,False,True
C,A,20180101,2018,52,2018,156,CHN,China,X,Export,0,W00,World,0,W00,World,H5,HS,True,65,Headgear and parts thereof,2,False,C00,TOTAL CPC,0,0,TOTAL MOT,-1,N/A,0.0,False,-1,N/A,0.0,False,0.0,True,0.0,False,0.0,4673777410.0,4673777410.0,4,False,True
C,A,20180101,2018,52,2018,156,CHN,China,X,Export,0,W00,World,0,W00,World,H5,HS,True,85,"Electrical machinery and equipment and parts thereof; sound recorders and reproducers; television image and sound recorders and reproducers, parts and accessories of such articles",2,False,C00,TOTAL CPC,0,0,TOTAL MOT,-1,N/A,0.0,False,-1,N/A,0.0,False,0.0,True,0.0,False,0.0,664051842988.0,664051842988.0,4,False,True
C,A,20180101,2018,52,2018,156,CHN,China,X,Export,0,W00,World,0,W00,World,H5,HS,True,86,"Railway, tramway locomotives, rolling-stock and parts thereof; railway or tramway track fixtures and fittings and parts thereof; mechanical (including electro-mechanical) traffic signalling equipment of all kinds",2,False,C00,TOTAL CPC,0,0,TOTAL MOT,-1,N/A,0.0,False,-1,N/A,0.0,False,0.0,True,0.0,False,0.0,13272505055.0,13272505055.0,4,False,True
C,A,20180101,2018,52,2018,156,CHN,China,X,Export,0,W00,World,0,W00,World,H5,HS,True,87,"Vehicles; other than railway or tramway rolling stock, and parts and accessories thereof",2,False,C00,TOTAL CPC,0,0,TOTAL MOT,-1,N/A,0.0,False,-1,N/A,0.0,False,0.0,True,0.0,False,0.0,75073448127.0,75073448127.0,4,False,True
C,A,20180101,2018,52,2018,156,CHN,China,X,Export,0,W00,World,0,W00,World,H5,HS,True,93,Arms and ammunition; parts and accessories thereof,2,False,C00,TOTAL CPC,0,0,TOTAL MOT,-1,N/A,0.0,False,-1,N/A,0.0,False,0.0,True,0.0,False,0.0,166159622.0,166159622.0,4,False,True
C,A,20180101,2018,52,2018,156,CHN,China,X,Export,0,W00,World,0,W00,World,H5,HS,True,94,"Furniture; bedding, mattresses, mattress supports, cushions and similar stuffed furnishings; lamps and lighting fittings, n.e.c.; illuminated signs, illuminated name-plates and the like; prefabricated buildings",2,False,C00,TOTAL CPC,0,0,TOTAL MOT,-1,N/A,0.0,False,-1,N/A,0.0,False,0.0,True,0.0,False,0.0,95446591613.0,95446591613.0,4,False,True
C,A,20180101,2018,52,2018,156,CHN,China,X,Export,0,W00,World,0,W00,World,H5,HS,True,95,"Toys, games and sports requisites; parts and accessories thereof",2,False,C00,TOTAL CPC,0,0,TOTAL MOT,-1,N/A,0.0,False,-1,N/A,0.0,False,0.0,True,0.0,False,0.0,56072482356.0,56072482356.0,4,False,True
C,A,20180101,2018,52,2018,156,CHN,China,X,Export,0,W00,World,0,W00,World,H5,HS,True,30,Pharmaceutical products,2,False,C00,TOTAL CPC,0,0,TOTAL MOT,-1,N/A,0.0,False,-1,N/A,0.0,False,0.0,True,0.0,False,0.0,8870327569.0,8870327569.0,4,False,True
C,A,20180101,2018,52,2018,156,CHN,China,X,Export,0,W00,World,0,W00,World,H5,HS,True,31,Fertilizers,2,False,C00,TOTAL CPC,0,0,TOTAL MOT,-1,N/A,0.0,False,-1,N/A,0.0,False,0.0,True,0.0,False,0.0,7021817219.0,7021817219.0,4,False,True
C,A,20180101,2018,52,2018,156,CHN,China,X,Export,0,W00,World,0,W00,World,H5,HS,True,32,"Tanning or dyeing extracts; tannins and their derivatives; dyes, pigments and other colouring matter; paints, varnishes; putty, other mastics; inks",2,False,C00,TOTAL CPC,0,0,TOTAL MOT,-1,N/A,0.0,False,-1,N/A,0.0,False,0.0,True,0.0,False,0.0,7766224412.0,7766224412.0,4,False,True
C,A,20180101,2018,52,2018,156,CHN,China,X,Export,0,W00,World,0,W00,World,H5,HS,True,33,"Essential oils and resinoids; perfumery, cosmetic or toilet preparations",2,False,C00,TOTAL CPC,0,0,TOTAL MOT,-1,N/A,0.0,False,-1,N/A,0.0,False,0.0,True,0.0,False,0.0,5618702450.0,5618702450.0,4,False,True
C,A,20180101,2018,52,2018,156,CHN,China,X,Export,0,W00,World,0,W00,World,H5,HS,True,34,"Soap, organic surface-active agents; washing, lubricating, polishing or scouring preparations; artificial or prepared waxes, candles and similar articles, modelling pastes, dental waxes and dental preparations with a basis of plaster",2,False,C00,TOTAL CPC,0,0,TOTAL MOT,-1,N/A,0.0,False,-1,N/A,0.0,False,0.0,True,0.0,False,0.0,4115987027.0,4115987027.0,4,False,True
C,A,20180101,2018,52,2018,156,CHN,China,X,Export,0,W00,World,0,W00,World,H5,HS,True,35,Albuminoidal substances; modified starches; glues; enzymes,2,False,C00,TOTAL CPC,0,0,TOTAL MOT,-1,N/A,0.0,False,-1,N/A,0.0,False,0.0,True,0.0,False,0.0,3052296543.0,3052296543.0,4,False,True
C,A,20180101,2018,52,2018,156,CHN,China,X,Export,0,W00,World,0,W00,World,H5,HS,True,36,Explosives; pyrotechnic products; matches; pyrophoric alloys; certain combustible preparations,2,False,C00,TOTAL CPC,0,0,TOTAL MOT,-1,N/A,0.0,False,-1,N/A,0.0,False,0.0,True,0.0,False,0.0,996935855.0,996935855.0,4,False,True
C,A,20180101,2018,52,2018,156,CHN,China,X,Export,0,W00,World,0,W00,World,H5,HS,True,38,Chemical products n.e.c.,2,False,C00,TOTAL CPC,0,0,TOTAL MOT,-1,N/A,0.0,False,-1,N/A,0.0,False,0.0,True,0.0,False,0.0,18117471200.0,18117471200.0,4,False,True
C,A,20180101,2018,52,2018,156,CHN,China,X,Export,0,W00,World,0,W00,World,H5,HS,True,39,Plastics and articles thereof,2,False,C00,TOTAL CPC,0,0,TOTAL MOT,-1,N/A,0.0,False,-1,N/A,0.0,False,0.0,True,0.0,False,0.0,79651743877.0,79651743877.0,4,False,True
C,A,20180101,2018,52,2018,156,CHN,China,X,Export,0,W00,World,0,W00,World,H5,HS,True,40,Rubber and articles thereof,2,False,C00,TOTAL CPC,0,0,TOTAL MOT,-1,N/A,0.0,False,-1,N/A,0.0,False,0.0,True,0.0,False,0.0,22248442126.0,22248442126.0,4,False,True
C,A,20180101,2018,52,2018,156,CHN,China,X,Export,0,W00,World,0,W00,World,H5,HS,True,75,Nickel and articles thereof,2,False,C00,TOTAL CPC,0,0,TOTAL MOT,-1,N/A,0.0,False,-1,N/A,0.0,False,0.0,True,0.0,False,0.0,450605143.0,450605143.0,4,False,True
C,A,20180101,2018,52,2018,156,CHN,China,X,Export,0,W00,World,0,W00,World,H5,HS,True,76,Aluminium and articles thereof,2,False,C00,TOTAL CPC,0,0,TOTAL MOT,-1,N/A,0.0,False,-1,N/A,0.0,False,0.0,True,0.0,False,0.0,27023839591.0,27023839591.0,4,False,True
C,A,20180101,2018,52,2018,156,CHN,China,X,Export,0,W00,World,0,W00,World,H5,HS,True,78,Lead and articles thereof,2,False,C00,TOTAL CPC,0,0,TOTAL MOT,-1,N/A,0.0,False,-1,N/A,0.0,False,0.0,True,0.0,False,0.0,132007601.0,132007601.0,4,False,True
C,A,20180101,2018,52,2018,156,CHN,China,X,Export,0,W00,World,0,W00,World,H5,HS,True,79,Zinc and articles thereof,2,False,C00,TOTAL CPC,0,0,TOTAL MOT,-1,N/A,0.0,False,-1,N/A,0.0,False,0.0,True,0.0,False,0.0,248865673.0,248865673.0,4,False,True
C,A,20180101,2018,52,2018,156,CHN,China,X,Export,0,W00,World,0,W00,World,H5,HS,True,80,Tin; articles thereof,2,False,C00,TOTAL CPC,0,0,TOTAL MOT,-1,N/A,0.0,False,-1,N/A,0.0,False,0.0,True,0.0,False,0.0,74580978.0,74580978.0,4,False,True
C,A,20180101,2018,52,2018,156,CHN,China,X,Export,0,W00,World,0,W00,World,H5,HS,True,81,"Metals; n.e.c., cermets and articles thereof",2,False,C00,TOTAL CPC,0,0,TOTAL MOT,-1,N/A,0.0,False,-1,N/A,0.0,False,0.0,True,0.0,False,0.0,3865003970.0,3865003970.0,4,False,True
C,A,20180101,2018,52,2018,156,CHN,China,X,Export,0,W00,World,0,W00,World,H5,HS,True,82,"Tools, implements, cutlery, spoons and forks, of base metal; parts thereof, of base metal",2,False,C00,TOTAL CPC,0,0,TOTAL MOT,-1,N/A,0.0,False,-1,N/A,0.0,False,0.0,True,0.0,False,0.0,16299690798.0,16299690798.0,4,False,True
C,A,20180101,2018,52,2018,156,CHN,China,X,Export,0,W00,World,0,W00,World,H5,HS,True,83,Metal; miscellaneous products of base metal,2,False,C00,TOTAL CPC,0,0,TOTAL MOT,-1,N/A,0.0,False,-1,N/A,0.0,False,0.0,True,0.0,False,0.0,18418697804.0,18418697804.0,4,False,True
C,A,20180101,2018,52,2018,156,CHN,China,X,Export,0,W00,World,0,W00,World,H5,HS,True,84,"Nuclear reactors, boilers, machinery and mechanical appliances; parts thereof",2,False,C00,TOTAL CPC,0,0,TOTAL MOT,-1,N/A,0.0,False,-1,N/A,0.0,False,0.0,True,0.0,False,0.0,429308923605.0,429308923605.0,4,False,True
C,A,20180101,2018,52,2018,156,CHN,China,X,Export,0,W00,World,0,W00,World,H5,HS,True,67,"Feathers and down, prepared; and articles made of feather or of down; artificial flowers; articles of human hair",2,False,C00,TOTAL CPC,0,0,TOTAL MOT,-1,N/A,0.0,False,-1,N/A,0.0,False,0.0,True,0.0,False,0.0,6850133088.0,6850133088.0,4,False,True
C,A,20180101,2018,52,2018,156,CHN,China,X,Export,0,W00,World,0,W00,World,H5,HS,True,68,"Stone, plaster, cement, asbestos, mica or similar materials; articles thereof",2,False,C00,TOTAL CPC,0,0,TOTAL MOT,-1,N/A,0.0,False,-1,N/A,0.0,False,0.0,True,0.0,False,0.0,11907915539.0,11907915539.0,4,False,True
C,A,20180101,2018,52,2018,156,CHN,China,X,Export,0,W00,World,0,W00,World,H5,HS,True,69,Ceramic products,2,False,C00,TOTAL CPC,0,0,TOTAL MOT,-1,N/A,0.0,False,-1,N/A,0.0,False,0.0,True,0.0,False,0.0,21566561950.0,21566561950.0,4,False,True
C,A,20180101,2018,52,2018,156,CHN,China,X,Export,0,W00,World,0,W00,World,H5,HS,True,70,Glass and glassware,2,False,C00,TOTAL CPC,0,0,TOTAL MOT,-1,N/A,0.0,False,-1,N/A,0.0,False,0.0,True,0.0,False,0.0,16732410358.0,16732410358.0,4,False,True
C,A,20180101,2018,52,2018,156,CHN,China,X,Export,0,W00,World,0,W00,World,H5,HS,True,71,"Natural, cultured pearls; precious, semi-precious stones; precious metals, metals clad with precious metal, and articles thereof; imitation jewellery; coin",2,False,C00,TOTAL CPC,0,0,TOTAL MOT,-1,N/A,0.0,False,-1,N/A,0.0,False,0.0,True,0.0,False,0.0,19775391953.0,19775391953.0,4,False,True
C,A,20180101,2018,52,2018,156,CHN,China,X,Export,0,W00,World,0,W00,World,H5,HS,True,72,Iron and steel,2,False,C00,TOTAL CPC,0,0,TOTAL MOT,-1,N/A,0.0,False,-1,N/A,0.0,False,0.0,True,0.0,False,0.0,46861046001.0,46861046001.0,4,False,True
C,A,20180101,2018,52,2018,156,CHN,China,X,Export,0,W00,World,0,W00,World,H5,HS,True,73,Iron or steel articles,2,False,C00,TOTAL CPC,0,0,TOTAL MOT,-1,N/A,0.0,False,-1,N/A,0.0,False,0.0,True,0.0,False,0.0,65134510546.0,65134510546.0,4,False,True
C,A,20180101,2018,52,2018,156,CHN,China,X,Export,0,W00,World,0,W00,World,H5,HS,True,74,Copper and articles thereof,2,False,C00,TOTAL CPC,0,0,TOTAL MOT,-1,N/A,0.0,False,-1,N/A,0.0,False,0.0,True,0.0,False,0.0,6941899596.0,6941899596.0,4,False,True
C,A,20180101,2018,52,2018,156,CHN,China,X,Export,0,W00,World,0,W00,World,H5,HS,True,03,"Fish and crustaceans, molluscs and other aquatic invertebrates",2,False,C00,TOTAL CPC,0,0,TOTAL MOT,-1,N/A,0.0,False,-1,N/A,0.0,False,0.0,True,0.0,False,0.0,13256011100.0,13256011100.0,4,False,True
C,A,20180101,2018,52,2018,156,CHN,China,X,Export,0,W00,World,0,W00,World,H5,HS,True,04,"Dairy produce; birds' eggs; natural honey; edible products of animal origin, not elsewhere specified or included",2,False,C00,TOTAL CPC,0,0,TOTAL MOT,-1,N/A,0.0,False,-1,N/A,0.0,False,0.0,True,0.0,False,0.0,589650130.0,589650130.0,4,False,True
C,A,20180101,2018,52,2018,156,CHN,China,X,Export,0,W00,World,0,W00,World,H5,HS,True,06,"Trees and other plants, live; bulbs, roots and the like; cut flowers and ornamental foliage",2,False,C00,TOTAL CPC,0,0,TOTAL MOT,-1,N/A,0.0,False,-1,N/A,0.0,False,0.0,True,0.0,False,0.0,379420327.0,379420327.0,4,False,True
C,A,20180101,2018,52,2018,156,CHN,China,X,Export,0,W00,World,0,W00,World,H5,HS,True,07,Vegetables and certain roots and tubers; edible,2,False,C00,TOTAL CPC,0,0,TOTAL MOT,-1,N/A,0.0,False,-1,N/A,0.0,False,0.0,True,0.0,False,0.0,10516928365.0,10516928365.0,4,False,True
C,A,20180101,2018,52,2018,156,CHN,China,X,Export,0,W00,World,0,W00,World,H5,HS,True,08,"Fruit and nuts, edible; peel of citrus fruit or melons",2,False,C00,TOTAL CPC,0,0,TOTAL MOT,-1,N/A,0.0,False,-1,N/A,0.0,False,0.0,True,0.0,False,0.0,5284605882.0,5284605882.0,4,False,True
C,A,20180101,2018,52,2018,156,CHN,China,X,Export,0,W00,World,0,W00,World,H5,HS,True,09,"Coffee, tea, mate and spices",2,False,C00,TOTAL CPC,0,0,TOTAL MOT,-1,N/A,0.0,False,-1,N/A,0.0,False,0.0,True,0.0,False,0.0,3278051204.0,3278051204.0,4,False,True
C,A,20180101,2018,52,2018,156,CHN,China,X,Export,0,W00,World,0,W00,World,H5,HS,True,11,"Products of the milling industry; malt, starches, inulin, wheat gluten",2,False,C00,TOTAL CPC,0,0,TOTAL MOT,-1,N/A,0.0,False,-1,N/A,0.0,False,0.0,True,0.0,False,0.0,791894276.0,791894276.0,4,False,True
C,A,20180101,2018,52,2018,156,CHN,China,X,Export,0,W00,World,0,W00,World,H5,HS,True,12,"Oil seeds and oleaginous fruits; miscellaneous grains, seeds and fruit, industrial or medicinal plants; straw and fodder",2,False,C00,TOTAL CPC,0,0,TOTAL MOT,-1,N/A,0.0,False,-1,N/A,0.0,False,0.0,True,0.0,False,0.0,2714832604.0,2714832604.0,4,False,True
C,A,20180101,2018,52,2018,156,CHN,China,X,Export,0,W00,World,0,W00,World,H5,HS,True,13,"Lac; gums, resins and other vegetable saps and extracts",2,False,C00,TOTAL CPC,0,0,TOTAL MOT,-1,N/A,0.0,False,-1,N/A,0.0,False,0.0,True,0.0,False,0.0,1528754273.0,1528754273.0,4,False,True
C,A,20180101,2018,52,2018,156,CHN,China,X,Export,0,W00,World,0,W00,World,H5,HS,True,15,Animal or vegetable fats and oils and their cleavage products; prepared animal fats; animal or vegetable waxes,2,False,C00,TOTAL CPC,0,0,TOTAL MOT,-1,N/A,0.0,False,-1,N/A,0.0,False,0.0,True,0.0,False,0.0,1092689797.0,1092689797.0,4,False,True
C,A,20180101,2018,52,2018,156,CHN,China,X,Export,0,W00,World,0,W00,World,H5,HS,True,16,"Meat, fish or crustaceans, molluscs or other aquatic invertebrates; preparations thereof",2,False,C00,TOTAL CPC,0,0,TOTAL MOT,-1,N/A,0.0,False,-1,N/A,0.0,False,0.0,True,0.0,False,0.0,10252064938.0,10252064938.0,4,False,True
C,A,20180101,2018,52,2018,156,CHN,China,X,Export,0,W00,World,0,W00,World,H5,HS,True,17,Sugars and sugar confectionery,2,False,C00,TOTAL CPC,0,0,TOTAL MOT,-1,N/A,0.0,False,-1,N/A,0.0,False,0.0,True,0.0,False,0.0,1828874644.0,1828874644.0,4,False,True
C,A,20180101,2018,52,2018,156,CHN,China,X,Export,0,W00,World,0,W00,World,H5,HS,True,18,Cocoa and cocoa preparations,2,False,C00,TOTAL CPC,0,0,TOTAL MOT,-1,N/A,0.0,False,-1,N/A,0.0,False,0.0,True,0.0,False,0.0,407222404.0,407222404.0,4,False,True
C,A,20180101,2018,52,2018,156,CHN,China,X,Export,0,W00,World,0,W00,World,H5,HS,True,19,"Preparations of cereals, flour, starch or milk; pastrycooks' products",2,False,C00,TOTAL CPC,0,0,TOTAL MOT,-1,N/A,0.0,False,-1,N/A,0.0,False,0.0,True,0.0,False,0.0,1993226678.0,1993226678.0,4,False,True
C,A,20180101,2018,52,2018,156,CHN,China,X,Export,0,W00,World,0,W00,World,H5,HS,True,20,"Preparations of vegetables, fruit, nuts or other parts of plants",2,False,C00,TOTAL CPC,0,0,TOTAL MOT,-1,N/A,0.0,False,-1,N/A,0.0,False,0.0,True,0.0,False,0.0,8050432270.0,8050432270.0,4,False,True
C,A,20180101,2018,52,2018,156,CHN,China,X,Export,0,W00,World,0,W00,World,H5,HS,True,21,Miscellaneous edible preparations,2,False,C00,TOTAL CPC,0,0,TOTAL MOT,-1,N/A,0.0,False,-1,N/A,0.0,False,0.0,True,0.0,False,0.0,3679387881.0,3679387881.0,4,False,True
C,A,20180101,2018,52,2018,156,CHN,China,X,Export,0,W00,World,0,W00,World,H5,HS,True,22,"Beverages, spirits and vinegar",2,False,C00,TOTAL CPC,0,0,TOTAL MOT,-1,N/A,0.0,False,-1,N/A,0.0,False,0.0,True,0.0,False,0.0,2368699316.0,2368699316.0,4,False,True
C,A,20180101,2018,52,2018,156,CHN,China,X,Export,0,W00,World,0,W00,World,H5,HS,True,24,Tobacco and manufactured tobacco substitutes,2,False,C00,TOTAL CPC,0,0,TOTAL MOT,-1,N/A,0.0,False,-1,N/A,0.0,False,0.0,True,0.0,False,0.0,1408608624.0,1408608624.0,4,False,True
C,A,20180101,2018,52,2018,156,CHN,China,X,Export,0,W00,World,0,W00,World,H5,HS,True,25,"Salt; sulphur; earths, stone; plastering materials, lime and cement",2,False,C00,TOTAL CPC,0,0,TOTAL MOT,-1,N/A,0.0,False,-1,N/A,0.0,False,0.0,True,0.0,False,0.0,3718249979.0,3718249979.0,4,False,True
C,A,20180101,2018,52,2018,156,CHN,China,X,Export,0,W00,World,0,W00,World,H5,HS,True,28,"Inorganic chemicals; organic and inorganic compounds of precious metals; of rare earth metals, of radio-active elements and of isotopes",2,False,C00,TOTAL CPC,0,0,TOTAL MOT,-1,N/A,0.0,False,-1,N/A,0.0,False,0.0,True,0.0,False,0.0,20089087368.0,20089087368.0,4,False,True
C,A,20180101,2018,52,2018,156,CHN,China,X,Export,0,W00,World,0,W00,World,H5,HS,True,29,Organic chemicals,2,False,C00,TOTAL CPC,0,0,TOTAL MOT,-1,N/A,0.0,False,-1,N/A,0.0,False,0.0,True,0.0,False,0.0,59761678849.0,59761678849.0,4,False,True
C,A,20180101,2018,52,2018,156,CHN,China,X,Export,0,W00,World,0,W00,World,H5,HS,True,41,Raw hides and skins (other than furskins) and leather,2,False,C00,TOTAL CPC,0,0,TOTAL MOT,-1,N/A,0.0,False,-1,N/A,0.0,False,0.0,True,0.0,False,0.0,635409473.0,635409473.0,4,False,True
C,A,20180101,2018,52,2018,156,CHN,China,X,Export,0,W00,World,0,W00,World,H5,HS,True,44,Wood and articles of wood; wood charcoal,2,False,C00,TOTAL CPC,0,0,TOTAL MOT,-1,N/A,0.0,False,-1,N/A,0.0,False,0.0,True,0.0,False,0.0,14844461247.0,14844461247.0,4,False,True
C,A,20180101,2018,52,2018,156,CHN,China,X,Export,0,W00,World,0,W00,World,H5,HS,True,45,Cork and articles of cork,2,False,C00,TOTAL CPC,0,0,TOTAL MOT,-1,N/A,0.0,False,-1,N/A,0.0,False,0.0,True,0.0,False,0.0,25537362.0,25537362.0,4,False,True
C,A,20180101,2018,52,2018,156,CHN,China,X,Export,0,W00,World,0,W00,World,H5,HS,True,46,"Manufactures of straw, esparto or other plaiting materials; basketware and wickerwork",2,False,C00,TOTAL CPC,0,0,TOTAL MOT,-1,N/A,0.0,False,-1,N/A,0.0,False,0.0,True,0.0,False,0.0,1602352578.0,1602352578.0,4,False,True
C,A,20180101,2018,52,2018,156,CHN,China,X,Export,0,W00,World,0,W00,World,H5,HS,True,47,Pulp of wood or other fibrous cellulosic material; recovered (waste and scrap) paper or paperboard,2,False,C00,TOTAL CPC,0,0,TOTAL MOT,-1,N/A,0.0,False,-1,N/A,0.0,False,0.0,True,0.0,False,0.0,131247382.0,131247382.0,4,False,True
C,A,20180101,2018,52,2018,156,CHN,China,X,Export,0,W00,World,0,W00,World,H5,HS,True,48,"Paper and paperboard; articles of paper pulp, of paper or paperboard",2,False,C00,TOTAL CPC,0,0,TOTAL MOT,-1,N/A,0.0,False,-1,N/A,0.0,False,0.0,True,0.0,False,0.0,19132955032.0,19132955032.0,4,False,True
C,A,20180101,2018,52,2018,156,CHN,China,X,Export,0,W00,World,0,W00,World,H5,HS,True,49,"Printed books, newspapers, pictures and other products of the printing industry; manuscripts, typescripts and plans",2,False,C00,TOTAL CPC,0,0,TOTAL MOT,-1,N/A,0.0,False,-1,N/A,0.0,False,0.0,True,0.0,False,0.0,3813873337.0,3813873337.0,4,False,True
C,A,20180101,2018,52,2018,156,CHN,China,X,Export,0,W00,World,0,W00,World,H5,HS,True,51,"Wool, fine or coarse animal hair; horsehair yarn and woven fabric",2,False,C00,TOTAL CPC,0,0,TOTAL MOT,-1,N/A,0.0,False,-1,N/A,0.0,False,0.0,True,0.0,False,0.0,2476030733.0,2476030733.0,4,False,True
C,A,20180101,2018,52,2018,156,CHN,China,X,Export,0,W00,World,0,W00,World,H5,HS,True,52,Cotton,2,False,C00,TOTAL CPC,0,0,TOTAL MOT,-1,N/A,0.0,False,-1,N/A,0.0,False,0.0,True,0.0,False,0.0,15446684067.0,15446684067.0,4,False,True
C,A,20180101,2018,52,2018,156,CHN,China,X,Export,0,W00,World,0,W00,World,H5,HS,True,53,Vegetable textile fibres; paper yarn and woven fabrics of paper yarn,2,False,C00,TOTAL CPC,0,0,TOTAL MOT,-1,N/A,0.0,False,-1,N/A,0.0,False,0.0,True,0.0,False,0.0,1398528025.0,1398528025.0,4,False,True
C,A,20180101,2018,52,2018,156,CHN,China,X,Export,0,W00,World,0,W00,World,H5,HS,True,54,Man-made filaments; strip and the like of man-made textile materials,2,False,C00,TOTAL CPC,0,0,TOTAL MOT,-1,N/A,0.0,False,-1,N/A,0.0,False,0.0,True,0.0,False,0.0,20491650474.0,20491650474.0,4,False,True
C,A,20180101,2018,52,2018,156,CHN,China,X,Export,0,W00,World,0,W00,World,H5,HS,True,55,Man-made staple fibres,2,False,C00,TOTAL CPC,0,0,TOTAL MOT,-1,N/A,0.0,False,-1,N/A,0.0,False,0.0,True,0.0,False,0.0,12685642263.0,12685642263.0,4,False,True
C,A,20180101,2018,52,2018,156,CHN,China,X,Export,0,W00,World,0,W00,World,H5,HS,True,02,Meat and edible meat offal,2,False,C00,TOTAL CPC,0,0,TOTAL MOT,-1,N/A,0.0,False,-1,N/A,0.0,False,0.0,False,0.0,False,0.0,866026267.0,866026267.0,0,False,True
C,A,20180101,2018,52,2018,156,CHN,China,X,Export,0,W00,World,0,W00,World,H5,HS,True,10,Cereals,2,False,C00,TOTAL CPC,0,0,TOTAL MOT,-1,N/A,0.0,False,-1,N/A,0.0,False,0.0,False,0.0,False,0.0,950073905.0,950073905.0,0,False,True
C,A,20180101,2018,52,2018,156,CHN,China,X,Export,0,W00,World,0,W00,World,H5,HS,True,14,Vegetable plaiting materials; vegetable products not elsewhere specified or included,2,False,C00,TOTAL CPC,0,0,TOTAL MOT,-1,N/A,0.0,False,-1,N/A,0.0,False,0.0,False,0.0,False,0.0,127772254.0,127772254.0,0,False,True
C,A,20180101,2018,52,2018,156,CHN,China,X,Export,0,W00,World,0,W00,World,H5,HS,True,23,"Food industries, residues and wastes thereof; prepared animal fodder",2,False,C00,TOTAL CPC,0,0,TOTAL MOT,-1,N/A,0.0,False,-1,N/A,0.0,False,0.0,False,0.0,False,0.0,3116594623.0,3116594623.0,0,False,True
C,A,20180101,2018,52,2018,156,CHN,China,X,Export,0,W00,World,0,W00,World,H5,HS,True,26,"Ores, slag and ash",2,False,C00,TOTAL CPC,0,0,TOTAL MOT,-1,N/A,0.0,False,-1,N/A,0.0,False,0.0,False,0.0,False,0.0,1164442867.0,1164442867.0,0,False,True
C,A,20180101,2018,52,2018,156,CHN,China,X,Export,0,W00,World,0,W00,World,H5,HS,True,99,Commodities not specified according to kind,2,False,C00,TOTAL CPC,0,0,TOTAL MOT,-1,N/A,0.0,False,-1,N/A,0.0,False,0.0,False,0.0,False,0.0,5076731126.0,5076731126.0,0,False,True
C,A,20180101,2018,52,2018,704,VNM,Viet Nam,X,Export,0,W00,World,0,W00,World,H5,HS,True,01,Animals; live,2,False,C00,TOTAL CPC,0,0,TOTAL MOT,-1,N/A,0.0,False,-1,N/A,0.0,False,,True,0.0,False,,10181952.04,10181952.04,4,False,True
C,A,20180101,2018,52,2018,704,VNM,Viet Nam,X,Export,0,W00,World,0,W00,World,H5,HS,True,04,"Dairy produce; birds' eggs; natural honey; edible products of animal origin, not elsewhere specified or included",2,False,C00,TOTAL CPC,0,0,TOTAL MOT,-1,N/A,0.0,False,-1,N/A,0.0,False,,True,0.0,False,,171221697.39,171221697.39,4,False,True
C,A,20180101,2018,52,2018,704,VNM,Viet Nam,X,Export,0,W00,World,0,W00,World,H5,HS,True,05,Animal originated products; not elsewhere specified or included,2,False,C00,TOTAL CPC,0,0,TOTAL MOT,-1,N/A,0.0,False,-1,N/A,0.0,False,,True,0.0,False,,50782670.79,50782670.79,4,False,True
C,A,20180101,2018,52,2018,704,VNM,Viet Nam,X,Export,0,W00,World,0,W00,World,H5,HS,True,06,"Trees and other plants, live; bulbs, roots and the like; cut flowers and ornamental foliage",2,False,C00,TOTAL CPC,0,0,TOTAL MOT,-1,N/A,0.0,False,-1,N/A,0.0,False,,True,0.0,False,,70017390.77,70017390.77,4,False,True
C,A,20180101,2018,52,2018,704,VNM,Viet Nam,X,Export,0,W00,World,0,W00,World,H5,HS,True,07,Vegetables and certain roots and tubers; edible,2,False,C00,TOTAL CPC,0,0,TOTAL MOT,-1,N/A,0.0,False,-1,N/A,0.0,False,,True,0.0,False,,582110600.32,582110600.32,4,False,True
C,A,20180101,2018,52,2018,704,VNM,Viet Nam,X,Export,0,W00,World,0,W00,World,H5,HS,True,08,"Fruit and nuts, edible; peel of citrus fruit or melons",2,False,C00,TOTAL CPC,0,0,TOTAL MOT,-1,N/A,0.0,False,-1,N/A,0.0,False,,True,0.0,False,,5992566620.59,5992566620.59,4,False,True
C,A,20180101,2018,52,2018,704,VNM,Viet Nam,X,Export,0,W00,World,0,W00,World,H5,HS,True,12,"Oil seeds and oleaginous fruits; miscellaneous grains, seeds and fruit, industrial or medicinal plants; straw and fodder",2,False,C00,TOTAL CPC,0,0,TOTAL MOT,-1,N/A,0.0,False,-1,N/A,0.0,False,,True,0.0,False,,103894593.97,103894593.97,4,False,True
C,A,20180101,2018,52,2018,704,VNM,Viet Nam,X,Export,0,W00,World,0,W00,World,H5,HS,True,13,"Lac; gums, resins and other vegetable saps and extracts",2,False,C00,TOTAL CPC,0,0,TOTAL MOT,-1,N/A,0.0,False,-1,N/A,0.0,False,,True,0.0,False,,45317786.02,45317786.02,4,False,True
C,A,20180101,2018,52,2018,704,VNM,Viet Nam,X,Export,0,W00,World,0,W00,World,H5,HS,True,14,Vegetable plaiting materials; vegetable products not elsewhere specified or included,2,False,C00,TOTAL CPC,0,0,TOTAL MOT,-1,N/A,0.0,False,-1,N/A,0.0,False,,True,0.0,False,,17738444.32,17738444.32,4,False,True
C,A,20180101,2018,52,2018,704,VNM,Viet Nam,X,Export,0,W00,World,0,W00,World,H5,HS,True,15,Animal or vegetable fats and oils and their cleavage products; prepared animal fats; animal or vegetable waxes,2,False,C00,TOTAL CPC,0,0,TOTAL MOT,-1,N/A,0.0,False,-1,N/A,0.0,False,,True,0.0,False,,191351750.01,191351750.01,4,False,True
C,A,20180101,2018,52,2018,704,VNM,Viet Nam,X,Export,0,W00,World,0,W00,World,H5,HS,True,23,"Food industries, residues and wastes thereof; prepared animal fodder",2,False,C00,TOTAL CPC,0,0,TOTAL MOT,-1,N/A,0.0,False,-1,N/A,0.0,False,,True,0.0,False,,687056265.87,687056265.87,4,False,True
C,A,20180101,2018,52,2018,704,VNM,Viet Nam,X,Export,0,W00,World,0,W00,World,H5,HS,True,25,"Salt; sulphur; earths, stone; plastering materials, lime and cement",2,False,C00,TOTAL CPC,0,0,TOTAL MOT,-1,N/A,0.0,False,-1,N/A,0.0,False,,True,0.0,False,,1528624660.79,1528624660.79,4,False,True
C,A,20180101,2018,52,2018,704,VNM,Viet Nam,X,Export,0,W00,World,0,W00,World,H5,HS,True,26,"Ores, slag and ash",2,False,C00,TOTAL CPC,0,0,TOTAL MOT,-1,N/A,0.0,False,-1,N/A,0.0,False,,True,0.0,False,,111887265.67,111887265.67,4,False,True
C,A,20180101,2018,52,2018,704,VNM,Viet Nam,X,Export,0,W00,World,0,W00,World,H5,HS,True,28,"Inorganic chemicals; organic and inorganic compounds of precious metals; of rare earth metals, of radio-active elements and of isotopes",2,False,C00,TOTAL CPC,0,0,TOTAL MOT,-1,N/A,0.0,False,-1,N/A,0.0,False,,True,0.0,False,,1242138147.99,1242138147.99,4,False,True
C,A,20180101,2018,52,2018,704,VNM,Viet Nam,X,Export,0,W00,World,0,W00,World,H5,HS,True,29,Organic chemicals,2,False,C00,TOTAL CPC,0,0,TOTAL MOT,-1,N/A,0.0,False,-1,N/A,0.0,False,,True,0.0,False,,512150306.37,512150306.37,4,False,True
C,A,20180101,2018,52,2018,704,VNM,Viet Nam,X,Export,0,W00,World,0,W00,World,H5,HS,True,30,Pharmaceutical products,2,False,C00,TOTAL CPC,0,0,TOTAL MOT,-1,N/A,0.0,False,-1,N/A,0.0,False,,True,0.0,False,,159332037.57,159332037.57,4,False,True
C,A,20180101,2018,52,2018,704,VNM,Viet Nam,X,Export,0,W00,World,0,W00,World,H5,HS,True,31,Fertilizers,2,False,C00,TOTAL CPC,0,0,TOTAL MOT,-1,N/A,0.0,False,-1,N/A,0.0,False,,True,0.0,False,,271797160.77,271797160.77,4,False,True
C,A,20180101,2018,52,2018,704,VNM,Viet Nam,X,Export,0,W00,World,0,W00,World,H5,HS,True,33,"Essential oils and resinoids; perfumery, cosmetic or toilet preparations",2,False,C00,TOTAL CPC,0,0,TOTAL MOT,-1,N/A,0.0,False,-1,N/A,0.0,False,,True,0.0,False,,351793221.23,351793221.23,4,False,True
C,A,20180101,2018,52,2018,704,VNM,Viet Nam,X,Export,0,W00,World,0,W00,World,H5,HS,True,36,Explosives; pyrotechnic products; matches; pyrophoric alloys; certain combustible preparations,2,False,C00,TOTAL CPC,0,0,TOTAL MOT,-1,N/A,0.0,False,-1,N/A,0.0,False,,True,0.0,False,,2418601.12,2418601.12,4,False,True
C,A,20180101,2018,52,2018,704,VNM,Viet Nam,X,Export,0,W00,World,0,W00,World,H5,HS,True,37,Photographic or cinematographic goods,2,False,C00,TOTAL CPC,0,0,TOTAL MOT,-1,N/A,0.0,False,-1,N/A,0.0,False,,True,0.0,False,,6329958.86,6329958.86,4,False,True
C,A,20180101,2018,52,2018,704,VNM,Viet Nam,X,Export,0,W00,World,0,W00,World,H5,HS,True,40,Rubber and articles thereof,2,False,C00,TOTAL CPC,0,0,TOTAL MOT,-1,N/A,0.0,False,-1,N/A,0.0,False,,True,0.0,False,,3842288732.64,3842288732.64,4,False,True
C,A,20180101,2018,52,2018,704,VNM,Viet Nam,X,Export,0,W00,World,0,W00,World,H5,HS,True,47,Pulp of wood or other fibrous cellulosic material; recovered (waste and scrap) paper or paperboard,2,False,C00,TOTAL CPC,0,0,TOTAL MOT,-1,N/A,0.0,False,-1,N/A,0.0,False,,True,0.0,False,,28008234.25,28008234.25,4,False,True
C,A,20180101,2018,52,2018,704,VNM,Viet Nam,X,Export,0,W00,World,0,W00,World,H5,HS,True,46,"Manufactures of straw, esparto or other plaiting materials; basketware and wickerwork",2,False,C00,TOTAL CPC,0,0,TOTAL MOT,-1,N/A,0.0,False,-1,N/A,0.0,False,,True,0.0,False,,231341855.85,231341855.85,4,False,True
C,A,20180101,2018,52,2018,704,VNM,Viet Nam,X,Export,0,W00,World,0,W00,World,H5,HS,True,43,Furskins and artificial fur; manufactures thereof,2,False,C00,TOTAL CPC,0,0,TOTAL MOT,-1,N/A,0.0,False,-1,N/A,0.0,False,,True,0.0,False,,130653980.51,130653980.51,4,False,True
C,A,20180101,2018,52,2018,704,VNM,Viet Nam,X,Export,0,W00,World,0,W00,World,H5,HS,True,42,"Articles of leather; saddlery and harness; travel goods, handbags and similar containers; articles of animal gut (other than silk-worm gut)",2,False,C00,TOTAL CPC,0,0,TOTAL MOT,-1,N/A,0.0,False,-1,N/A,0.0,False,,True,0.0,False,,3137714887.16,3137714887.16,4,False,True
C,A,20180101,2018,52,2018,704,VNM,Viet Nam,X,Export,0,W00,World,0,W00,World,H5,HS,True,41,Raw hides and skins (other than furskins) and leather,2,False,C00,TOTAL CPC,0,0,TOTAL MOT,-1,N/A,0.0,False,-1,N/A,0.0,False,,True,0.0,False,,433466539.58,433466539.58,4,False,True
C,A,20180101,2018,52,2018,704,VNM,Viet Nam,X,Export,0,W00,World,0,W00,World,H5,HS,True,49,"Printed books, newspapers, pictures and other products of the printing industry; manuscripts, typescripts and plans",2,False,C00,TOTAL CPC,0,0,TOTAL MOT,-1,N/A,0.0,False,-1,N/A,0.0,False,,True,0.0,False,,49963933.94,49963933.94,4,False,True
C,A,20180101,2018,52,2018,704,VNM,Viet Nam,X,Export,0,W00,World,0,W00,World,H5,HS,True,53,Vegetable textile fibres; paper yarn and woven fabrics of paper yarn,2,False,C00,TOTAL CPC,0,0,TOTAL MOT,-1,N/A,0.0,False,-1,N/A,0.0,False,,True,0.0,False,,42754986.01,42754986.01,4,False,True
C,A,20180101,2018,52,2018,704,VNM,Viet Nam,X,Export,0,W00,World,0,W00,World,H5,HS,True,57,Carpets and other textile floor coverings,2,False,C00,TOTAL CPC,0,0,TOTAL MOT,-1,N/A,0.0,False,-1,N/A,0.0,False,,True,0.0,False,,78834082.2,78834082.2,4,False,True
C,A,20180101,2018,52,2018,704,VNM,Viet Nam,X,Export,0,W00,World,0,W00,World,H5,HS,True,58,"Fabrics; special woven fabrics, tufted textile fabrics, lace, tapestries, trimmings, embroidery",2,False,C00,TOTAL CPC,0,0,TOTAL MOT,-1,N/A,0.0,False,-1,N/A,0.0,False,,True,0.0,False,,110070322.01,110070322.01,4,False,True
C,A,20180101,2018,52,2018,704,VNM,Viet Nam,X,Export,0,W00,World,0,W00,World,H5,HS,True,59,"Textile fabrics; impregnated, coated, covered or laminated; textile articles of a kind suitable for industrial use",2,False,C00,TOTAL CPC,0,0,TOTAL MOT,-1,N/A,0.0,False,-1,N/A,0.0,False,,True,0.0,False,,628842199.93,628842199.93,4,False,True
C,A,20180101,2018,52,2018,704,VNM,Viet Nam,X,Export,0,W00,World,0,W00,World,H5,HS,True,61,Apparel and clothing accessories; knitted or crocheted,2,False,C00,TOTAL CPC,0,0,TOTAL MOT,-1,N/A,0.0,False,-1,N/A,0.0,False,,True,0.0,False,,13850362031.34,13850362031.34,4,False,True
C,A,20180101,2018,52,2018,704,VNM,Viet Nam,X,Export,0,W00,World,0,W00,World,H5,HS,True,70,Glass and glassware,2,False,C00,TOTAL CPC,0,0,TOTAL MOT,-1,N/A,0.0,False,-1,N/A,0.0,False,,True,0.0,False,,1001392099.31,1001392099.31,4,False,True
C,A,20180101,2018,52,2018,704,VNM,Viet Nam,X,Export,0,W00,World,0,W00,World,H5,HS,True,55,Man-made staple fibres,2,False,C00,TOTAL CPC,0,0,TOTAL MOT,-1,N/A,0.0,False,-1,N/A,0.0,False,,True,0.0,False,,605228101.61,605228101.61,4,False,True
C,A,20180101,2018,52,2018,704,VNM,Viet Nam,X,Export,0,W00,World,0,W00,World,H5,HS,True,63,"Textiles, made up articles; sets; worn clothing and worn textile articles; rags",2,False,C00,TOTAL CPC,0,0,TOTAL MOT,-1,N/A,0.0,False,-1,N/A,0.0,False,,True,0.0,False,,1579454782.81,1579454782.81,4,False,True
C,A,20180101,2018,52,2018,704,VNM,Viet Nam,X,Export,0,W00,World,0,W00,World,H5,HS,True,65,Headgear and parts thereof,2,False,C00,TOTAL CPC,0,0,TOTAL MOT,-1,N/A,0.0,False,-1,N/A,0.0,False,,True,0.0,False,,383560269.95,383560269.95,4,False,True
C,A,20180101,2018,52,2018,704,VNM,Viet Nam,X,Export,0,W00,World,0,W00,World,H5,HS,True,66,"Umbrellas, sun umbrellas, walking-sticks, seat sticks, whips, riding crops; and parts thereof",2,False,C00,TOTAL CPC,0,0,TOTAL MOT,-1,N/A,0.0,False,-1,N/A,0.0,False,,True,0.0,False,,24195964.65,24195964.65,4,False,True
C,A,20180101,2018,52,2018,704,VNM,Viet Nam,X,Export,0,W00,World,0,W00,World,H5,HS,True,67,"Feathers and down, prepared; and articles made of feather or of down; artificial flowers; articles of human hair",2,False,C00,TOTAL CPC,0,0,TOTAL MOT,-1,N/A,0.0,False,-1,N/A,0.0,False,,True,0.0,False,,54426845.05,54426845.05,4,False,True
C,A,20180101,2018,52,2018,704,VNM,Viet Nam,X,Export,0,W00,World,0,W00,World,H5,HS,True,68,"Stone, plaster, cement, asbestos, mica or similar materials; articles thereof",2,False,C00,TOTAL CPC,0,0,TOTAL MOT,-1,N/A,0.0,False,-1,N/A,0.0,False,,True,0.0,False,,424229546.49,424229546.49,4,False,True
C,A,20180101,2018,52,2018,704,VNM,Viet Nam,X,Export,0,W00,World,0,W00,World,H5,HS,True,69,Ceramic products,2,False,C00,TOTAL CPC,0,0,TOTAL MOT,-1,N/A,0.0,False,-1,N/A,0.0,False,,True,0.0,False,,486614169.13,486614169.13,4,False,True
C,A,20180101,2018,52,2018,704,VNM,Viet Nam,X,Export,0,W00,World,0,W00,World,H5,HS,True,62,Apparel and clothing accessories; not knitted or crocheted,2,False,C00,TOTAL CPC,0,0,TOTAL MOT,-1,N/A,0.0,False,-1,N/A,0.0,False,,True,0.0,False,,14301297560.08,14301297560.08,4,False,True
C,A,20180101,2018,52,2018,704,VNM,Viet Nam,X,Export,0,W00,World,0,W00,World,H5,HS,True,71,"Natural, cultured pearls; precious, semi-precious stones; precious metals, metals clad with precious metal, and articles thereof; imitation jewellery; coin",2,False,C00,TOTAL CPC,0,0,TOTAL MOT,-1,N/A,0.0,False,-1,N/A,0.0,False,,True,0.0,False,,762818873.76,762818873.76,4,False,True
C,A,20180101,2018,52,2018,704,VNM,Viet Nam,X,Export,0,W00,World,0,W00,World,H5,HS,True,75,Nickel and articles thereof,2,False,C00,TOTAL CPC,0,0,TOTAL MOT,-1,N/A,0.0,False,-1,N/A,0.0,False,,True,0.0,False,,1950315.16,1950315.16,4,False,True
C,A,20180101,2018,52,2018,704,VNM,Viet Nam,X,Export,0,W00,World,0,W00,World,H5,HS,True,81,"Metals; n.e.c., cermets and articles thereof",2,False,C00,TOTAL CPC,0,0,TOTAL MOT,-1,N/A,0.0,False,-1,N/A,0.0,False,,True,0.0,False,,40708017.2,40708017.2,4,False,True
C,A,20180101,2018,52,2018,704,VNM,Viet Nam,X,Export,0,W00,World,0,W00,World,H5,HS,True,82,"Tools, implements, cutlery, spoons and forks, of base metal; parts thereof, of base metal",2,False,C00,TOTAL CPC,0,0,TOTAL MOT,-1,N/A,0.0,False,-1,N/A,0.0,False,,True,0.0,False,,596898929.6,596898929.6,4,False,True
C,A,20180101,2018,52,2018,704,VNM,Viet Nam,X,Export,0,W00,World,0,W00,World,H5,HS,True,83,Metal; miscellaneous products of base metal,2,False,C00,TOTAL CPC,0,0,TOTAL MOT,-1,N/A,0.0,False,-1,N/A,0.0,False,,True,0.0,False,,390924689.74,390924689.74,4,False,True
C,A,20180101,2018,52,2018,704,VNM,Viet Nam,X,Export,0,W00,World,0,W00,World,H5,HS,True,86,"Railway, tramway locomotives, rolling-stock and parts thereof; railway or tramway track fixtures and fittings and parts thereof; mechanical (including electro-mechanical) traffic signalling equipment of all kinds",2,False,C00,TOTAL CPC,0,0,TOTAL MOT,-1,N/A,0.0,False,-1,N/A,0.0,False,,True,0.0,False,,3176411.53,3176411.53,4,False,True
C,A,20180101,2018,52,2018,704,VNM,Viet Nam,X,Export,0,W00,World,0,W00,World,H5,HS,True,89,"Ships, boats and floating structures",2,False,C00,TOTAL CPC,0,0,TOTAL MOT,-1,N/A,0.0,False,-1,N/A,0.0,False,,True,0.0,False,,946132803.88,946132803.88,4,False,True
C,A,20180101,2018,52,2018,704,VNM,Viet Nam,X,Export,0,W00,World,0,W00,World,H5,HS,True,90,"Optical, photographic, cinematographic, measuring, checking, medical or surgical instruments and apparatus; parts and accessories",2,False,C00,TOTAL CPC,0,0,TOTAL MOT,-1,N/A,0.0,False,-1,N/A,0.0,False,,True,0.0,False,,7726130489.6,7726130489.6,4,False,True
C,A,20180101,2018,52,2018,704,VNM,Viet Nam,X,Export,0,W00,World,0,W00,World,H5,HS,True,97,Works of art; collectors' pieces and antiques,2,False,C00,TOTAL CPC,0,0,TOTAL MOT,-1,N/A,0.0,False,-1,N/A,0.0,False,,True,0.0,False,,2659813.68,2659813.68,4,False,True
C,A,20180101,2018,52,2018,704,VNM,Viet Nam,X,Export,0,W00,World,0,W00,World,H5,HS,True,96,Miscellaneous manufactured articles,2,False,C00,TOTAL CPC,0,0,TOTAL MOT,-1,N/A,0.0,False,-1,N/A,0.0,False,,True,0.0,False,,531230136.45,531230136.45,4,False,True
C,A,20180101,2018,52,2018,704,VNM,Viet Nam,X,Export,0,W00,World,0,W00,World,H5,HS,True,95,"Toys, games and sports requisites; parts and accessories thereof",2,False,C00,TOTAL CPC,0,0,TOTAL MOT,-1,N/A,0.0,False,-1,N/A,0.0,False,,True,0.0,False,,1392383694.52,1392383694.52,4,False,True
C,A,20180101,2018,52,2018,704,VNM,Viet Nam,X,Export,0,W00,World,0,W00,World,H5,HS,True,91,Clocks and watches and parts thereof,2,False,C00,TOTAL CPC,0,0,TOTAL MOT,-1,N/A,0.0,False,-1,N/A,0.0,False,,True,0.0,False,,53868093.83,53868093.83,4,False,True
C,A,20180101,2018,52,2018,704,VNM,Viet Nam,X,Export,0,W00,World,0,W00,World,H5,HS,True,99,Commodities not specified according to kind,2,False,C00,TOTAL CPC,0,0,TOTAL MOT,-1,N/A,0.0,False,-1,N/A,0.0,False,0.0,False,0.0,False,,3884981971.36,3884981971.36,0,False,True
C,A,20180101,2018,52,2018,704,VNM,Viet Nam,X,Export,0,W00,World,0,W00,World,H5,HS,True,03,"Fish and crustaceans, molluscs and other aquatic invertebrates",2,False,C00,TOTAL CPC,0,0,TOTAL MOT,-1,N/A,0.0,False,-1,N/A,0.0,False,0.0,True,0.0,False,,6407587808.77,6407587808.77,4,False,True
C,A,20180101,2018,52,2018,704,VNM,Viet Nam,X,Export,0,W00,World,0,W00,World,H5,HS,True,02,Meat and edible meat offal,2,False,C00,TOTAL CPC,0,0,TOTAL MOT,-1,N/A,0.0,False,-1,N/A,0.0,False,0.0,True,0.0,False,,96868091.5,96868091.5,4,False,True
C,A,20180101,2018,52,2018,704,VNM,Viet Nam,X,Export,0,W00,World,0,W00,World,H5,HS,True,09,"Coffee, tea, mate and spices",2,False,C00,TOTAL CPC,0,0,TOTAL MOT,-1,N/A,0.0,False,-1,N/A,0.0,False,0.0,True,0.0,False,,4069453521.62,4069453521.62,4,False,True
C,A,20180101,2018,52,2018,704,VNM,Viet Nam,X,Export,0,W00,World,0,W00,World,H5,HS,True,10,Cereals,2,False,C00,TOTAL CPC,0,0,TOTAL MOT,-1,N/A,0.0,False,-1,N/A,0.0,False,0.0,True,0.0,False,,2678687048.6,2678687048.6,4,False,True
C,A,20180101,2018,52,2018,704,VNM,Viet Nam,X,Export,0,W00,World,0,W00,World,H5,HS,True,11,"Products of the milling industry; malt, starches, inulin, wheat gluten",2,False,C00,TOTAL CPC,0,0,TOTAL MOT,-1,N/A,0.0,False,-1,N/A,0.0,False,0.0,True,0.0,False,,903973721.82,903973721.82,4,False,True
C,A,20180101,2018,52,2018,704,VNM,Viet Nam,X,Export,0,W00,World,0,W00,World,H5,HS,True,16,"Meat, fish or crustaceans, molluscs or other aquatic invertebrates; preparations thereof",2,False,C00,TOTAL CPC,0,0,TOTAL MOT,-1,N/A,0.0,False,-1,N/A,0.0,False,0.0,True,0.0,False,,2236821237.08,2236821237.08,4,False,True
C,A,20180101,2018,52,2018,704,VNM,Viet Nam,X,Export,0,W00,World,0,W00,World,H5,HS,True,17,Sugars and sugar confectionery,2,False,C00,TOTAL CPC,0,0,TOTAL MOT,-1,N/A,0.0,False,-1,N/A,0.0,False,0.0,True,0.0,False,,131885347.34,131885347.34,4,False,True
C,A,20180101,2018,52,2018,704,VNM,Viet Nam,X,Export,0,W00,World,0,W00,World,H5,HS,True,18,Cocoa and cocoa preparations,2,False,C00,TOTAL CPC,0,0,TOTAL MOT,-1,N/A,0.0,False,-1,N/A,0.0,False,0.0,True,0.0,False,,21181724.25,21181724.25,4,False,True
C,A,20180101,2018,52,2018,704,VNM,Viet Nam,X,Export,0,W00,World,0,W00,World,H5,HS,True,19,"Preparations of cereals, flour, starch or milk; pastrycooks' products",2,False,C00,TOTAL CPC,0,0,TOTAL MOT,-1,N/A,0.0,False,-1,N/A,0.0,False,0.0,True,0.0,False,,616172837.62,616172837.62,4,False,True
C,A,20180101,2018,52,2018,704,VNM,Viet Nam,X,Export,0,W00,World,0,W00,World,H5,HS,True,20,"Preparations of vegetables, fruit, nuts or other parts of plants",2,False,C00,TOTAL CPC,0,0,TOTAL MOT,-1,N/A,0.0,False,-1,N/A,0.0,False,0.0,True,0.0,False,,569144907.84,569144907.84,4,False,True
C,A,20180101,2018,52,2018,704,VNM,Viet Nam,X,Export,0,W00,World,0,W00,World,H5,HS,True,21,Miscellaneous edible preparations,2,False,C00,TOTAL CPC,0,0,TOTAL MOT,-1,N/A,0.0,False,-1,N/A,0.0,False,0.0,True,0.0,False,,704130918.49,704130918.49,4,False,True
C,A,20180101,2018,52,2018,704,VNM,Viet Nam,X,Export,0,W00,World,0,W00,World,H5,HS,True,22,"Beverages, spirits and vinegar",2,False,C00,TOTAL CPC,0,0,TOTAL MOT,-1,N/A,0.0,False,-1,N/A,0.0,False,0.0,True,0.0,False,,286437700.69,286437700.69,4,False,True
C,A,20180101,2018,52,2018,704,VNM,Viet Nam,X,Export,0,W00,World,0,W00,World,H5,HS,True,24,Tobacco and manufactured tobacco substitutes,2,False,C00,TOTAL CPC,0,0,TOTAL MOT,-1,N/A,0.0,False,-1,N/A,0.0,False,0.0,True,0.0,False,,273837581.1,273837581.1,4,False,True
C,A,20180101,2018,52,2018,704,VNM,Viet Nam,X,Export,0,W00,World,0,W00,World,H5,HS,True,27,"Mineral fuels, mineral oils and products of their distillation; bituminous substances; mineral waxes",2,False,C00,TOTAL CPC,0,0,TOTAL MOT,-1,N/A,0.0,False,-1,N/A,0.0,False,0.0,True,0.0,False,,3938320616.31,3938320616.31,4,False,True
C,A,20180101,2018,52,2018,704,VNM,Viet Nam,X,Export,0,W00,World,0,W00,World,H5,HS,True,32,"Tanning or dyeing extracts; tannins and their derivatives; dyes, pigments and other colouring matter; paints, varnishes; putty, other mastics; inks",2,False,C00,TOTAL CPC,0,0,TOTAL MOT,-1,N/A,0.0,False,-1,N/A,0.0,False,0.0,True,0.0,False,,105611358.33,105611358.33,4,False,True
C,A,20180101,2018,52,2018,704,VNM,Viet Nam,X,Export,0,W00,World,0,W00,World,H5,HS,True,34,"Soap, organic surface-active agents; washing, lubricating, polishing or scouring preparations; artificial or prepared waxes, candles and similar articles, modelling pastes, dental waxes and dental preparations with a basis of plaster",2,False,C00,TOTAL CPC,0,0,TOTAL MOT,-1,N/A,0.0,False,-1,N/A,0.0,False,0.0,True,0.0,False,,481224257.46,481224257.46,4,False,True
C,A,20180101,2018,52,2018,704,VNM,Viet Nam,X,Export,0,W00,World,0,W00,World,H5,HS,True,35,Albuminoidal substances; modified starches; glues; enzymes,2,False,C00,TOTAL CPC,0,0,TOTAL MOT,-1,N/A,0.0,False,-1,N/A,0.0,False,0.0,True,0.0,False,,138617483.27,138617483.27,4,False,True
C,A,20180101,2018,52,2018,704,VNM,Viet Nam,X,Export,0,W00,World,0,W00,World,H5,HS,True,38,Chemical products n.e.c.,2,False,C00,TOTAL CPC,0,0,TOTAL MOT,-1,N/A,0.0,False,-1,N/A,0.0,False,0.0,True,0.0,False,,720092547.66,720092547.66,4,False,True
C,A,20180101,2018,52,2018,704,VNM,Viet Nam,X,Export,0,W00,World,0,W00,World,H5,HS,True,39,Plastics and articles thereof,2,False,C00,TOTAL CPC,0,0,TOTAL MOT,-1,N/A,0.0,False,-1,N/A,0.0,False,0.0,True,0.0,False,,4186122356.74,4186122356.74,4,False,True
C,A,20180101,2018,52,2018,704,VNM,Viet Nam,X,Export,0,W00,World,0,W00,World,H5,HS,True,48,"Paper and paperboard; articles of paper pulp, of paper or paperboard",2,False,C00,TOTAL CPC,0,0,TOTAL MOT,-1,N/A,0.0,False,-1,N/A,0.0,False,0.0,True,0.0,False,,965254313.05,965254313.05,4,False,True
C,A,20180101,2018,52,2018,704,VNM,Viet Nam,X,Export,0,W00,World,0,W00,World,H5,HS,True,45,Cork and articles of cork,2,False,C00,TOTAL CPC,0,0,TOTAL MOT,-1,N/A,0.0,False,-1,N/A,0.0,False,0.0,True,0.0,False,,360527.19,360527.19,4,False,True
C,A,20180101,2018,52,2018,704,VNM,Viet Nam,X,Export,0,W00,World,0,W00,World,H5,HS,True,44,Wood and articles of wood; wood charcoal,2,False,C00,TOTAL CPC,0,0,TOTAL MOT,-1,N/A,0.0,False,-1,N/A,0.0,False,0.0,True,0.0,False,,3146463660.21,3146463660.21,4,False,True
C,A,20180101,2018,52,2018,704,VNM,Viet Nam,X,Export,0,W00,World,0,W00,World,H5,HS,True,54,Man-made filaments; strip and the like of man-made textile materials,2,False,C00,TOTAL CPC,0,0,TOTAL MOT,-1,N/A,0.0,False,-1,N/A,0.0,False,0.0,True,0.0,False,,1143568269.11,1143568269.11,4,False,True
C,A,20180101,2018,52,2018,704,VNM,Viet Nam,X,Export,0,W00,World,0,W00,World,H5,HS,True,50,Silk,2,False,C00,TOTAL CPC,0,0,TOTAL MOT,-1,N/A,0.0,False,-1,N/A,0.0,False,0.0,True,0.0,False,,101573794.36,101573794.36,4,False,True
C,A,20180101,2018,52,2018,704,VNM,Viet Nam,X,Export,0,W00,World,0,W00,World,H5,HS,True,51,"Wool, fine or coarse animal hair; horsehair yarn and woven fabric",2,False,C00,TOTAL CPC,0,0,TOTAL MOT,-1,N/A,0.0,False,-1,N/A,0.0,False,0.0,True,0.0,False,,6402369.38,6402369.38,4,False,True
C,A,20180101,2018,52,2018,704,VNM,Viet Nam,X,Export,0,W00,World,0,W00,World,H5,HS,True,52,Cotton,2,False,C00,TOTAL CPC,0,0,TOTAL MOT,-1,N/A,0.0,False,-1,N/A,0.0,False,0.0,True,0.0,False,,2842706532.59,2842706532.59,4,False,True
C,A,20180101,2018,52,2018,704,VNM,Viet Nam,X,Export,0,W00,World,0,W00,World,H5,HS,True,56,"Wadding, felt and nonwovens, special yarns; twine, cordage, ropes and cables and articles thereof",2,False,C00,TOTAL CPC,0,0,TOTAL MOT,-1,N/A,0.0,False,-1,N/A,0.0,False,0.0,True,0.0,False,,387096661.13,387096661.13,4,False,True
C,A,20180101,2018,52,2018,704,VNM,Viet Nam,X,Export,0,W00,World,0,W00,World,H5,HS,True,60,Fabrics; knitted or crocheted,2,False,C00,TOTAL CPC,0,0,TOTAL MOT,-1,N/A,0.0,False,-1,N/A,0.0,False,0.0,True,0.0,False,,982547464.42,982547464.42,4,False,True
C,A,20180101,2018,52,2018,704,VNM,Viet Nam,X,Export,0,W00,World,0,W00,World,H5,HS,True,64,Footwear; gaiters and the like; parts of such articles,2,False,C00,TOTAL CPC,0,0,TOTAL MOT,-1,N/A,0.0,False,-1,N/A,0.0,False,0.0,True,0.0,False,,16813013723.43,16813013723.43,4,False,True
C,A,20180101,2018,52,2018,704,VNM,Viet Nam,X,Export,0,W00,World,0,W00,World,H5,HS,True,76,Aluminium and articles thereof,2,False,C00,TOTAL CPC,0,0,TOTAL MOT,-1,N/A,0.0,False,-1,N/A,0.0,False,0.0,True,0.0,False,,1163766100.19,1163766100.19,4,False,True
C,A,20180101,2018,52,2018,704,VNM,Viet Nam,X,Export,0,W00,World,0,W00,World,H5,HS,True,72,Iron and steel,2,False,C00,TOTAL CPC,0,0,TOTAL MOT,-1,N/A,0.0,False,-1,N/A,0.0,False,0.0,True,0.0,False,,4629961540.81,4629961540.81,4,False,True
C,A,20180101,2018,52,2018,704,VNM,Viet Nam,X,Export,0,W00,World,0,W00,World,H5,HS,True,73,Iron or steel articles,2,False,C00,TOTAL CPC,0,0,TOTAL MOT,-1,N/A,0.0,False,-1,N/A,0.0,False,0.0,True,0.0,False,,3014768473.04,3014768473.04,4,False,True
C,A,20180101,2018,52,2018,704,VNM,Viet Nam,X,Export,0,W00,World,0,W00,World,H5,HS,True,84,"Nuclear reactors, boilers, machinery and mechanical appliances; parts thereof",2,False,C00,TOTAL CPC,0,0,TOTAL MOT,-1,N/A,0.0,False,-1,N/A,0.0,False,0.0,True,0.0,False,,11710860100.93,11710860100.93,4,False,True
C,A,20180101,2018,52,2018,704,VNM,Viet Nam,X,Export,0,W00,World,0,W00,World,H5,HS,True,78,Lead and articles thereof,2,False,C00,TOTAL CPC,0,0,TOTAL MOT,-1,N/A,0.0,False,-1,N/A,0.0,False,0.0,True,0.0,False,,88938813.13,88938813.13,4,False,True
C,A,20180101,2018,52,2018,704,VNM,Viet Nam,X,Export,0,W00,World,0,W00,World,H5,HS,True,79,Zinc and articles thereof,2,False,C00,TOTAL CPC,0,0,TOTAL MOT,-1,N/A,0.0,False,-1,N/A,0.0,False,0.0,True,0.0,False,,13628251.48,13628251.48,4,False,True
C,A,20180101,2018,52,2018,704,VNM,Viet Nam,X,Export,0,W00,World,0,W00,World,H5,HS,True,80,Tin; articles thereof,2,False,C00,TOTAL CPC,0,0,TOTAL MOT,-1,N/A,0.0,False,-1,N/A,0.0,False,0.0,True,0.0,False,,15397709.87,15397709.87,4,False,True
C,A,20180101,2018,52,2018,704,VNM,Viet Nam,X,Export,0,W00,World,0,W00,World,H5,HS,True,74,Copper and articles thereof,2,False,C00,TOTAL CPC,0,0,TOTAL MOT,-1,N/A,0.0,False,-1,N/A,0.0,False,0.0,True,0.0,False,,1096597521.32,1096597521.32,4,False,True
C,A,20180101,2018,52,2018,704,VNM,Viet Nam,X,Export,0,W00,World,0,W00,World,H5,HS,True,85,"Electrical machinery and equipment and parts thereof; sound recorders and reproducers; television image and sound recorders and reproducers, parts and accessories of such articles",2,False,C00,TOTAL CPC,0,0,TOTAL MOT,-1,N/A,0.0,False,-1,N/A,0.0,False,0.0,True,0.0,False,,86599818880.61,86599818880.61,4,False,True
C,A,20180101,2018,52,2018,704,VNM,Viet Nam,X,Export,0,W00,World,0,W00,World,H5,HS,True,87,"Vehicles; other than railway or tramway rolling stock, and parts and accessories thereof",2,False,C00,TOTAL CPC,0,0,TOTAL MOT,-1,N/A,0.0,False,-1,N/A,0.0,False,0.0,True,0.0,False,,2645965469.21,2645965469.21,4,False,True
C,A,20180101,2018,52,2018,704,VNM,Viet Nam,X,Export,0,W00,World,0,W00,World,H5,HS,True,88,"Aircraft, spacecraft and parts thereof",2,False,C00,TOTAL CPC,0,0,TOTAL MOT,-1,N/A,0.0,False,-1,N/A,0.0,False,0.0,True,0.0,False,,452632215.09,452632215.09,4,False,True
C,A,20180101,2018,52,2018,704,VNM,Viet Nam,X,Export,0,W00,World,0,W00,World,H5,HS,True,92,Musical instruments; parts and accessories of such articles,2,False,C00,TOTAL CPC,0,0,TOTAL MOT,-1,N/A,0.0,False,-1,N/A,0.0,False,0.0,True,0.0,False,,25508254.13,25508254.13,4,False,True
C,A,20180101,2018,52,2018,704,VNM,Viet Nam,X,Export,0,W00,World,0,W00,World,H5,HS,True,94,"Furniture; bedding, mattresses, mattress supports, cushions and similar stuffed furnishings; lamps and lighting fittings, n.e.c.; illuminated signs, illuminated name-plates and the like; prefabricated buildings",2,False,C00,TOTAL CPC,0,0,TOTAL MOT,-1,N/A,0.0,False,-1,N/A,0.0,False,0.0,True,0.0,False,,7418417336.33,7418417336.33,4,False,True
C,A,20180101,2018,52,2018,704,VNM,Viet Nam,X,Export,0,W00,World,0,W00,World,H5,HS,True,93,Arms and ammunition; parts and accessories thereof,2,False,C00,TOTAL CPC,0,0,TOTAL MOT,-1,N/A,0.0,False,-1,N/A,0.0,False,0.0,True,0.0,False,,2779.56,2779.56,4,False,True
C,A,20180101,2018,52,2018,699,IND,India,X,Export,0,W00,World,0,W00,World,H5,HS,True,85,"Electrical machinery and equipment and parts thereof; sound recorders and reproducers; television image and sound recorders and reproducers, parts and accessories of such articles",2,False,C00,TOTAL CPC,0 ,0,TOTAL MOT,-1,N/A,0.0,False,-1,N/A,0.0,False,,True,,False,,11844522976.254,11844522976.254,0,False,True
C,A,20180101,2018,52,2018,699,IND,India,X,Export,0,W00,World,0,W00,World,H5,HS,True,84,"Nuclear reactors, boilers, machinery and mechanical appliances; parts thereof",2,False,C00,TOTAL CPC,0 ,0,TOTAL MOT,-1,N/A,0.0,False,-1,N/A,0.0,False,,True,,False,,20426067619.243,20426067619.243,0,False,True
C,A,20180101,2018,52,2018,699,IND,India,X,Export,0,W00,World,0,W00,World,H5,HS,True,90,"Optical, photographic, cinematographic, measuring, checking, medical or surgical instruments and apparatus; parts and accessories",2,False,C00,TOTAL CPC,0 ,0,TOTAL MOT,-1,N/A,0.0,False,-1,N/A,0.0,False,,True,,False,,3207272202.76,3207272202.76,0,False,True
C,A,20180101,2018,52,2018,699,IND,India,X,Export,0,W00,World,0,W00,World,H5,HS,True,62,Apparel and clothing accessories; not knitted or crocheted,2,False,C00,TOTAL CPC,0 ,0,TOTAL MOT,-1,N/A,0.0,False,-1,N/A,0.0,False,,True,,False,,8066004666.067,8066004666.067,0,False,True
C,A,20180101,2018,52,2018,699,IND,India,X,Export,0,W00,World,0,W00,World,H5,HS,True,61,Apparel and clothing accessories; knitted or crocheted,2,False,C00,TOTAL CPC,0 ,0,TOTAL MOT,-1,N/A,0.0,False,-1,N/A,0.0,False,,True,,False,,7564780995.127,7564780995.127,0,False,True
C,A,20180101,2018,52,2018,699,IND,India,X,Export,0,W00,World,0,W00,World,H5,HS,True,63,"Textiles, made up articles; sets; worn clothing and worn textile articles; rags",2,False,C00,TOTAL CPC,0 ,0,TOTAL MOT,-1,N/A,0.0,False,-1,N/A,0.0,False,,True,,False,,5229813426.457,5229813426.457,0,False,True
C,A,20180101,2018,52,2018,699,IND,India,X,Export,0,W00,World,0,W00,World,H5,HS,True,42,"Articles of leather; saddlery and harness; travel goods, handbags and similar containers; articles of animal gut (other than silk-worm gut)",2,False,C00,TOTAL CPC,0 ,0,TOTAL MOT,-1,N/A,0.0,False,-1,N/A,0.0,False,,True,,False,,2494949489.038,2494949489.038,0,False,True
C,A,20180101,2018,52,2018,699,IND,India,X,Export,0,W00,World,0,W00,World,H5,HS,True,87,"Vehicles; other than railway or tramway rolling stock, and parts and accessories thereof",2,False,C00,TOTAL CPC,0 ,0,TOTAL MOT,-1,N/A,0.0,False,-1,N/A,0.0,False,,True,,False,,18239438927.853,18239438927.853,0,False,True
C,A,20180101,2018,52,2018,699,IND,India,X,Export,0,W00,World,0,W00,World,H5,HS,True,49,"Printed books, newspapers, pictures and other products of the printing industry; manuscripts, typescripts and plans",2,False,C00,TOTAL CPC,0 ,0,TOTAL MOT,-1,N/A,0.0,False,-1,N/A,0.0,False,,True,,False,,380173550.471,380173550.471,0,False,True
C,A,20180101,2018,52,2018,699,IND,India,X,Export,0,W00,World,0,W00,World,H5,HS,True,40,Rubber and articles thereof,2,False,C00,TOTAL CPC,0 ,0,TOTAL MOT,-1,N/A,0.0,False,-1,N/A,0.0,False,,True,,False,,3160158092.992,3160158092.992,0,False,True
C,A,20180101,2018,52,2018,699,IND,India,X,Export,0,W00,World,0,W00,World,H5,HS,True,73,Iron or steel articles,2,False,C00,TOTAL CPC,0 ,0,TOTAL MOT,-1,N/A,0.0,False,-1,N/A,0.0,False,,True,,False,,7088079482.226,7088079482.226,0,False,True
C,A,20180101,2018,52,2018,699,IND,India,X,Export,0,W00,World,0,W00,World,H5,HS,True,96,Miscellaneous manufactured articles,2,False,C00,TOTAL CPC,0 ,0,TOTAL MOT,-1,N/A,0.0,False,-1,N/A,0.0,False,,True,,False,,603451894.134,603451894.134,0,False,True
C,A,20180101,2018,52,2018,699,IND,India,X,Export,0,W00,World,0,W00,World,H5,HS,True,94,"Furniture; bedding, mattresses, mattress supports, cushions and similar stuffed furnishings; lamps and lighting fittings, n.e.c.; illuminated signs, illuminated name-plates and the like; prefabricated buildings",2,False,C00,TOTAL CPC,0 ,0,TOTAL MOT,-1,N/A,0.0,False,-1,N/A,0.0,False,,True,,False,,1657558115.845,1657558115.845,0,False,True
C,A,20180101,2018,52,2018,699,IND,India,X,Export,0,W00,World,0,W00,World,H5,HS,True,30,Pharmaceutical products,2,False,C00,TOTAL CPC,0 ,0,TOTAL MOT,-1,N/A,0.0,False,-1,N/A,0.0,False,,True,,False,,14300419263.231,14300419263.231,0,False,True
C,A,20180101,2018,52,2018,699,IND,India,X,Export,0,W00,World,0,W00,World,H5,HS,True,52,Cotton,2,False,C00,TOTAL CPC,0 ,0,TOTAL MOT,-1,N/A,0.0,False,-1,N/A,0.0,False,,True,,False,,8094168843.129,8094168843.129,0,False,True
C,A,20180101,2018,52,2018,699,IND,India,X,Export,0,W00,World,0,W00,World,H5,HS,True,95,"Toys, games and sports requisites; parts and accessories thereof",2,False,C00,TOTAL CPC,0 ,0,TOTAL MOT,-1,N/A,0.0,False,-1,N/A,0.0,False,,True,,False,,392912296.662,392912296.662,0,False,True
C,A,20180101,2018,52,2018,699,IND,India,X,Export,0,W00,World,0,W00,World,H5,HS,True,64,Footwear; gaiters and the like; parts of such articles,2,False,C00,TOTAL CPC,0 ,0,TOTAL MOT,-1,N/A,0.0,False,-1,N/A,0.0,False,,True,,False,,2843459332.716,2843459332.716,0,False,True
C,A,20180101,2018,52,2018,699,IND,India,X,Export,0,W00,World,0,W00,World,H5,HS,True,54,Man-made filaments; strip and the like of man-made textile materials,2,False,C00,TOTAL CPC,0 ,0,TOTAL MOT,-1,N/A,0.0,False,-1,N/A,0.0,False,,True,,False,,2269470445.055,2269470445.055,0,False,True
C,A,20180101,2018,52,2018,699,IND,India,X,Export,0,W00,World,0,W00,World,H5,HS,True,57,Carpets and other textile floor coverings,2,False,C00,TOTAL CPC,0 ,0,TOTAL MOT,-1,N/A,0.0,False,-1,N/A,0.0,False,,True,,False,,1752787113.498,1752787113.498,0,False,True
C,A,20180101,2018,52,2018,699,IND,India,X,Export,0,W00,World,0,W00,World,H5,HS,True,39,Plastics and articles thereof,2,False,C00,TOTAL CPC,0 ,0,TOTAL MOT,-1,N/A,0.0,False,-1,N/A,0.0,False,,True,,False,,7865331283.957,7865331283.957,0,False,True
C,A,20180101,2018,52,2018,699,IND,India,X,Export,0,W00,World,0,W00,World,H5,HS,True,69,Ceramic products,2,False,C00,TOTAL CPC,0 ,0,TOTAL MOT,-1,N/A,0.0,False,-1,N/A,0.0,False,,True,,False,,1517334633.51,1517334633.51,0,False,True
C,A,20180101,2018,52,2018,699,IND,India,X,Export,0,W00,World,0,W00,World,H5,HS,True,82,"Tools, implements, cutlery, spoons and forks, of base metal; parts thereof, of base metal",2,False,C00,TOTAL CPC,0 ,0,TOTAL MOT,-1,N/A,0.0,False,-1,N/A,0.0,False,,True,,False,,879374530.41,879374530.41,0,False,True
C,A,20180101,2018,52,2018,699,IND,India,X,Export,0,W00,World,0,W00,World,H5,HS,True,83,Metal; miscellaneous products of base metal,2,False,C00,TOTAL CPC,0 ,0,TOTAL MOT,-1,N/A,0.0,False,-1,N/A,0.0,False,,True,,False,,615793471.508,615793471.508,0,False,True
C,A,20180101,2018,52,2018,699,IND,India,X,Export,0,W00,World,0,W00,World,H5,HS,True,48,"Paper and paperboard; articles of paper pulp, of paper or paperboard",2,False,C00,TOTAL CPC,0 ,0,TOTAL MOT,-1,N/A,0.0,False,-1,N/A,0.0,False,,True,,False,,1823549682.198,1823549682.198,0,False,True
C,A,20180101,2018,52,2018,699,IND,India,X,Export,0,W00,World,0,W00,World,H5,HS,True,71,"Natural, cultured pearls; precious, semi-precious stones; precious metals, metals clad with precious metal, and articles thereof; imitation jewellery; coin",2,False,C00,TOTAL CPC,0 ,0,TOTAL MOT,-1,N/A,0.0,False,-1,N/A,0.0,False,,True,,False,,39233564417.702,39233564417.702,0,False,True
C,A,20180101,2018,52,2018,699,IND,India,X,Export,0,W00,World,0,W00,World,H5,HS,True,44,Wood and articles of wood; wood charcoal,2,False,C00,TOTAL CPC,0 ,0,TOTAL MOT,-1,N/A,0.0,False,-1,N/A,0.0,False,,True,,False,,434620394.654,434620394.654,0,False,True
C,A,20180101,2018,52,2018,699,IND,India,X,Export,0,W00,World,0,W00,World,H5,HS,True,70,Glass and glassware,2,False,C00,TOTAL CPC,0 ,0,TOTAL MOT,-1,N/A,0.0,False,-1,N/A,0.0,False,,True,,False,,893613831.774,893613831.774,0,False,True
C,A,20180101,2018,52,2018,699,IND,India,X,Export,0,W00,World,0,W00,World,H5,HS,True,55,Man-made staple fibres,2,False,C00,TOTAL CPC,0 ,0,TOTAL MOT,-1,N/A,0.0,False,-1,N/A,0.0,False,,True,,False,,1910151323.264,1910151323.264,0,False,True
C,A,20180101,2018,52,2018,699,IND,India,X,Export,0,W00,World,0,W00,World,H5,HS,True,65,Headgear and parts thereof,2,False,C00,TOTAL CPC,0 ,0,TOTAL MOT,-1,N/A,0.0,False,-1,N/A,0.0,False,,True,,False,,43791962.256,43791962.256,0,False,True
C,A,20180101,2018,52,2018,699,IND,India,X,Export,0,W00,World,0,W00,World,H5,HS,True,29,Organic chemicals,2,False,C00,TOTAL CPC,0 ,0,TOTAL MOT,-1,N/A,0.0,False,-1,N/A,0.0,False,,True,,False,,17778489932.736,17778489932.736,0,False,True
C,A,20180101,2018,52,2018,699,IND,India,X,Export,0,W00,World,0,W00,World,H5,HS,True,91,Clocks and watches and parts thereof,2,False,C00,TOTAL CPC,0 ,0,TOTAL MOT,-1,N/A,0.0,False,-1,N/A,0.0,False,,True,,False,,94400586.322,94400586.322,0,False,True
C,A,20180101,2018,52,2018,699,IND,India,X,Export,0,W00,World,0,W00,World,H5,HS,True,59,"Textile fabrics; impregnated, coated, covered or laminated; textile articles of a kind suitable for industrial use",2,False,C00,TOTAL CPC,0 ,0,TOTAL MOT,-1,N/A,0.0,False,-1,N/A,0.0,False,,True,,False,,248580785.262,248580785.262,0,False,True
C,A,20180101,2018,52,2018,699,IND,India,X,Export,0,W00,World,0,W00,World,H5,HS,True,97,Works of art; collectors' pieces and antiques,2,False,C00,TOTAL CPC,0 ,0,TOTAL MOT,-1,N/A,0.0,False,-1,N/A,0.0,False,,True,,False,,140432947.424,140432947.424,0,False,True
C,A,20180101,2018,52,2018,699,IND,India,X,Export,0,W00,World,0,W00,World,H5,HS,True,38,Chemical products n.e.c.,2,False,C00,TOTAL CPC,0 ,0,TOTAL MOT,-1,N/A,0.0,False,-1,N/A,0.0,False,,True,,False,,4422383055.877,4422383055.877,0,False,True
C,A,20180101,2018,52,2018,699,IND,India,X,Export,0,W00,World,0,W00,World,H5,HS,True,01,Animals; live,2,False,C00,TOTAL CPC,0 ,0,TOTAL MOT,-1,N/A,0.0,False,-1,N/A,0.0,False,,True,,False,,31249175.02,31249175.02,0,False,True
C,A,20180101,2018,52,2018,699,IND,India,X,Export,0,W00,World,0,W00,World,H5,HS,True,02,Meat and edible meat offal,2,False,C00,TOTAL CPC,0 ,0,TOTAL MOT,-1,N/A,0.0,False,-1,N/A,0.0,False,,True,,False,,3736850188.794,3736850188.794,0,False,True
C,A,20180101,2018,52,2018,699,IND,India,X,Export,0,W00,World,0,W00,World,H5,HS,True,03,"Fish and crustaceans, molluscs and other aquatic invertebrates",2,False,C00,TOTAL CPC,0 ,0,TOTAL MOT,-1,N/A,0.0,False,-1,N/A,0.0,False,,True,,False,,6384041679.304,6384041679.304,0,False,True
C,A,20180101,2018,52,2018,699,IND,India,X,Export,0,W00,World,0,W00,World,H5,HS,True,04,"Dairy produce; birds' eggs; natural honey; edible products of animal origin, not elsewhere specified or included",2,False,C00,TOTAL CPC,0 ,0,TOTAL MOT,-1,N/A,0.0,False,-1,N/A,0.0,False,,True,,False,,481587646.109,481587646.109,0,False,True
C,A,20180101,2018,52,2018,699,IND,India,X,Export,0,W00,World,0,W00,World,H5,HS,True,05,Animal originated products; not elsewhere specified or included,2,False,C00,TOTAL CPC,0 ,0,TOTAL MOT,-1,N/A,0.0,False,-1,N/A,0.0,False,,True,,False,,134063201.12,134063201.12,0,False,True
C,A,20180101,2018,52,2018,699,IND,India,X,Export,0,W00,World,0,W00,World,H5,HS,True,06,"Trees and other plants, live; bulbs, roots and the like; cut flowers and ornamental foliage",2,False,C00,TOTAL CPC,0 ,0,TOTAL MOT,-1,N/A,0.0,False,-1,N/A,0.0,False,,True,,False,,80715031.599,80715031.599,0,False,True
C,A,20180101,2018,52,2018,699,IND,India,X,Export,0,W00,World,0,W00,World,H5,HS,True,07,Vegetables and certain roots and tubers; edible,2,False,C00,TOTAL CPC,0 ,0,TOTAL MOT,-1,N/A,0.0,False,-1,N/A,0.0,False,,True,,False,,1227501503.225,1227501503.225,0,False,True
C,A,20180101,2018,52,2018,699,IND,India,X,Export,0,W00,World,0,W00,World,H5,HS,True,08,"Fruit and nuts, edible; peel of citrus fruit or melons",2,False,C00,TOTAL CPC,0 ,0,TOTAL MOT,-1,N/A,0.0,False,-1,N/A,0.0,False,,True,,False,,1533640494.32,1533640494.32,0,False,True
C,A,20180101,2018,52,2018,699,IND,India,X,Export,0,W00,World,0,W00,World,H5,HS,True,09,"Coffee, tea, mate and spices",2,False,C00,TOTAL CPC,0 ,0,TOTAL MOT,-1,N/A,0.0,False,-1,N/A,0.0,False,,True,,False,,3122216257.187,3122216257.187,0,False,True
C,A,20180101,2018,52,2018,699,IND,India,X,Export,0,W00,World,0,W00,World,H5,HS,True,10,Cereals,2,False,C00,TOTAL CPC,0 ,0,TOTAL MOT,-1,N/A,0.0,False,-1,N/A,0.0,False,,True,,False,,7720142279.911,7720142279.911,0,False,True
C,A,20180101,2018,52,2018,699,IND,India,X,Export,0,W00,World,0,W00,World,H5,HS,True,11,"Products of the milling industry; malt, starches, inulin, wheat gluten",2,False,C00,TOTAL CPC,0 ,0,TOTAL MOT,-1,N/A,0.0,False,-1,N/A,0.0,False,,True,,False,,312843194.175,312843194.175,0,False,True
C,A,20180101,2018,52,2018,699,IND,India,X,Export,0,W00,World,0,W00,World,H5,HS,True,12,"Oil seeds and oleaginous fruits; miscellaneous grains, seeds and fruit, industrial or medicinal plants; straw and fodder",2,False,C00,TOTAL CPC,0 ,0,TOTAL MOT,-1,N/A,0.0,False,-1,N/A,0.0,False,,True,,False,,1620049283.226,1620049283.226,0,False,True
C,A,20180101,2018,52,2018,699,IND,India,X,Export,0,W00,World,0,W00,World,H5,HS,True,13,"Lac; gums, resins and other vegetable saps and extracts",2,False,C00,TOTAL CPC,0 ,0,TOTAL MOT,-1,N/A,0.0,False,-1,N/A,0.0,False,,True,,False,,1062261382.939,1062261382.939,0,False,True
C,A,20180101,2018,52,2018,699,IND,India,X,Export,0,W00,World,0,W00,World,H5,HS,True,14,Vegetable plaiting materials; vegetable products not elsewhere specified or included,2,False,C00,TOTAL CPC,0 ,0,TOTAL MOT,-1,N/A,0.0,False,-1,N/A,0.0,False,,True,,False,,47581525.401,47581525.401,0,False,True
C,A,20180101,2018,52,2018,699,IND,India,X,Export,0,W00,World,0,W00,World,H5,HS,True,15,Animal or vegetable fats and oils and their cleavage products; prepared animal fats; animal or vegetable waxes,2,False,C00,TOTAL CPC,0 ,0,TOTAL MOT,-1,N/A,0.0,False,-1,N/A,0.0,False,,True,,False,,1118668283.266,1118668283.266,0,False,True
C,A,20180101,2018,52,2018,699,IND,India,X,Export,0,W00,World,0,W00,World,H5,HS,True,16,"Meat, fish or crustaceans, molluscs or other aquatic invertebrates; preparations thereof",2,False,C00,TOTAL CPC,0 ,0,TOTAL MOT,-1,N/A,0.0,False,-1,N/A,0.0,False,,True,,False,,428974588.031,428974588.031,0,False,True
C,A,20180101,2018,52,2018,699,IND,India,X,Export,0,W00,World,0,W00,World,H5,HS,True,17,Sugars and sugar confectionery,2,False,C00,TOTAL CPC,0 ,0,TOTAL MOT,-1,N/A,0.0,False,-1,N/A,0.0,False,,True,,False,,1174562172.407,1174562172.407,0,False,True
C,A,20180101,2018,52,2018,699,IND,India,X,Export,0,W00,World,0,W00,World,H5,HS,True,18,Cocoa and cocoa preparations,2,False,C00,TOTAL CPC,0 ,0,TOTAL MOT,-1,N/A,0.0,False,-1,N/A,0.0,False,,True,,False,,194050343.977,194050343.977,0,False,True
C,A,20180101,2018,52,2018,699,IND,India,X,Export,0,W00,World,0,W00,World,H5,HS,True,19,"Preparations of cereals, flour, starch or milk; pastrycooks' products",2,False,C00,TOTAL CPC,0 ,0,TOTAL MOT,-1,N/A,0.0,False,-1,N/A,0.0,False,,True,,False,,521066924.446,521066924.446,0,False,True
C,A,20180101,2018,52,2018,699,IND,India,X,Export,0,W00,World,0,W00,World,H5,HS,True,20,"Preparations of vegetables, fruit, nuts or other parts of plants",2,False,C00,TOTAL CPC,0 ,0,TOTAL MOT,-1,N/A,0.0,False,-1,N/A,0.0,False,,True,,False,,594193326.467,594193326.467,0,False,True
C,A,20180101,2018,52,2018,699,IND,India,X,Export,0,W00,World,0,W00,World,H5,HS,True,21,Miscellaneous edible preparations,2,False,C00,TOTAL CPC,0 ,0,TOTAL MOT,-1,N/A,0.0,False,-1,N/A,0.0,False,,True,,False,,759960287.988,759960287.988,0,False,True
C,A,20180101,2018,52,2018,699,IND,India,X,Export,0,W00,World,0,W00,World,H5,HS,True,22,"Beverages, spirits and vinegar",2,False,C00,TOTAL CPC,0 ,0,TOTAL MOT,-1,N/A,0.0,False,-1,N/A,0.0,False,,True,,False,,330314268.383,330314268.383,0,False,True
C,A,20180101,2018,52,2018,699,IND,India,X,Export,0,W00,World,0,W00,World,H5,HS,True,23,"Food industries, residues and wastes thereof; prepared animal fodder",2,False,C00,TOTAL CPC,0 ,0,TOTAL MOT,-1,N/A,0.0,False,-1,N/A,0.0,False,,True,,False,,1676325344.206,1676325344.206,0,False,True
C,A,20180101,2018,52,2018,699,IND,India,X,Export,0,W00,World,0,W00,World,H5,HS,True,24,Tobacco and manufactured tobacco substitutes,2,False,C00,TOTAL CPC,0 ,0,TOTAL MOT,-1,N/A,0.0,False,-1,N/A,0.0,False,,True,,False,,983963797.525,983963797.525,0,False,True
C,A,20180101,2018,52,2018,699,IND,India,X,Export,0,W00,World,0,W00,World,H5,HS,True,25,"Salt; sulphur; earths, stone; plastering materials, lime and cement",2,False,C00,TOTAL CPC,0 ,0,TOTAL MOT,-1,N/A,0.0,False,-1,N/A,0.0,False,,True,,False,,2247013085.001,2247013085.001,0,False,True
C,A,20180101,2018,52,2018,699,IND,India,X,Export,0,W00,World,0,W00,World,H5,HS,True,26,"Ores, slag and ash",2,False,C00,TOTAL CPC,0 ,0,TOTAL MOT,-1,N/A,0.0,False,-1,N/A,0.0,False,,True,,False,,1655617853.861,1655617853.861,0,False,True
C,A,20180101,2018,52,2018,699,IND,India,X,Export,0,W00,World,0,W00,World,H5,HS,True,27,"Mineral fuels, mineral oils and products of their distillation; bituminous substances; mineral waxes",2,False,C00,TOTAL CPC,0 ,0,TOTAL MOT,-1,N/A,0.0,False,-1,N/A,0.0,False,,True,,False,,48593626052.334,48593626052.334,0,False,True
C,A,20180101,2018,52,2018,699,IND,India,X,Export,0,W00,World,0,W00,World,H5,HS,True,28,"Inorganic chemicals; organic and inorganic compounds of precious metals; of rare earth metals, of radio-active elements and of isotopes",2,False,C00,TOTAL CPC,0 ,0,TOTAL MOT,-1,N/A,0.0,False,-1,N/A,0.0,False,,True,,False,,2030663191.375,2030663191.375,0,False,True
C,A,20180101,2018,52,2018,699,IND,India,X,Export,0,W00,World,0,W00,World,H5,HS,True,37,Photographic or cinematographic goods,2,False,C00,TOTAL CPC,0 ,0,TOTAL MOT,-1,N/A,0.0,False,-1,N/A,0.0,False,,True,,False,,11631735.317,11631735.317,0,False,True
C,A,20180101,2018,52,2018,699,IND,India,X,Export,0,W00,World,0,W00,World,H5,HS,True,36,Explosives; pyrotechnic products; matches; pyrophoric alloys; certain combustible preparations,2,False,C00,TOTAL CPC,0 ,0,TOTAL MOT,-1,N/A,0.0,False,-1,N/A,0.0,False,,True,,False,,120275575.4,120275575.4,0,False,True
C,A,20180101,2018,52,2018,699,IND,India,X,Export,0,W00,World,0,W00,World,H5,HS,True,35,Albuminoidal substances; modified starches; glues; enzymes,2,False,C00,TOTAL CPC,0 ,0,TOTAL MOT,-1,N/A,0.0,False,-1,N/A,0.0,False,,True,,False,,250156907.345,250156907.345,0,False,True
C,A,20180101,2018,52,2018,699,IND,India,X,Export,0,W00,World,0,W00,World,H5,HS,True,34,"Soap, organic surface-active agents; washing, lubricating, polishing or scouring preparations; artificial or prepared waxes, candles and similar articles, modelling pastes, dental waxes and dental preparations with a basis of plaster",2,False,C00,TOTAL CPC,0 ,0,TOTAL MOT,-1,N/A,0.0,False,-1,N/A,0.0,False,,True,,False,,598269146.781,598269146.781,0,False,True
C,A,20180101,2018,52,2018,699,IND,India,X,Export,0,W00,World,0,W00,World,H5,HS,True,33,"Essential oils and resinoids; perfumery, cosmetic or toilet preparations",2,False,C00,TOTAL CPC,0 ,0,TOTAL MOT,-1,N/A,0.0,False,-1,N/A,0.0,False,,True,,False,,1935953459.034,1935953459.034,0,False,True
C,A,20180101,2018,52,2018,699,IND,India,X,Export,0,W00,World,0,W00,World,H5,HS,True,32,"Tanning or dyeing extracts; tannins and their derivatives; dyes, pigments and other colouring matter; paints, varnishes; putty, other mastics; inks",2,False,C00,TOTAL CPC,0 ,0,TOTAL MOT,-1,N/A,0.0,False,-1,N/A,0.0,False,,True,,False,,3233802029.824,3233802029.824,0,False,True
C,A,20180101,2018,52,2018,699,IND,India,X,Export,0,W00,World,0,W00,World,H5,HS,True,31,Fertilizers,2,False,C00,TOTAL CPC,0 ,0,TOTAL MOT,-1,N/A,0.0,False,-1,N/A,0.0,False,,True,,False,,136096202.873,136096202.873,0,False,True
C,A,20180101,2018,52,2018,699,IND,India,X,Export,0,W00,World,0,W00,World,H5,HS,True,46,"Manufactures of straw, esparto or other plaiting materials; basketware and wickerwork",2,False,C00,TOTAL CPC,0 ,0,TOTAL MOT,-1,N/A,0.0,False,-1,N/A,0.0,False,,True,,False,,33047675.431,33047675.431,0,False,True
C,A,20180101,2018,52,2018,699,IND,India,X,Export,0,W00,World,0,W00,World,H5,HS,True,41,Raw hides and skins (other than furskins) and leather,2,False,C00,TOTAL CPC,0 ,0,TOTAL MOT,-1,N/A,0.0,False,-1,N/A,0.0,False,,True,,False,,781485454.875,781485454.875,0,False,True
C,A,20180101,2018,52,2018,699,IND,India,X,Export,0,W00,World,0,W00,World,H5,HS,True,43,Furskins and artificial fur; manufactures thereof,2,False,C00,TOTAL CPC,0 ,0,TOTAL MOT,-1,N/A,0.0,False,-1,N/A,0.0,False,,True,,False,,12916132.386,12916132.386,0,False,True
C,A,20180101,2018,52,2018,699,IND,India,X,Export,0,W00,World,0,W00,World,H5,HS,True,45,Cork and articles of cork,2,False,C00,TOTAL CPC,0 ,0,TOTAL MOT,-1,N/A,0.0,False,-1,N/A,0.0,False,,True,,False,,3894829.788,3894829.788,0,False,True
C,A,20180101,2018,52,2018,699,IND,India,X,Export,0,W00,World,0,W00,World,H5,HS,True,47,Pulp of wood or other fibrous cellulosic material; recovered (waste and scrap) paper or paperboard,2,False,C00,TOTAL CPC,0 ,0,TOTAL MOT,-1,N/A,0.0,False,-1,N/A,0.0,False,,True,,False,,3441440.939,3441440.939,0,False,True
C,A,20180101,2018,52,2018,699,IND,India,X,Export,0,W00,World,0,W00,World,H5,HS,True,50,Silk,2,False,C00,TOTAL CPC,0 ,0,TOTAL MOT,-1,N/A,0.0,False,-1,N/A,0.0,False,,True,,False,,82783915.345,82783915.345,0,False,True
C,A,20180101,2018,52,2018,699,IND,India,X,Export,0,W00,World,0,W00,World,H5,HS,True,51,"Wool, fine or coarse animal hair; horsehair yarn and woven fabric",2,False,C00,TOTAL CPC,0 ,0,TOTAL MOT,-1,N/A,0.0,False,-1,N/A,0.0,False,,True,,False,,188060096.125,188060096.125,0,False,True
C,A,20180101,2018,52,2018,699,IND,India,X,Export,0,W00,World,0,W00,World,H5,HS,True,53,Vegetable textile fibres; paper yarn and woven fabrics of paper yarn,2,False,C00,TOTAL CPC,0 ,0,TOTAL MOT,-1,N/A,0.0,False,-1,N/A,0.0,False,,True,,False,,418409000.91,418409000.91,0,False,True
C,A,20180101,2018,52,2018,699,IND,India,X,Export,0,W00,World,0,W00,World,H5,HS,True,56,"Wadding, felt and nonwovens, special yarns; twine, cordage, ropes and cables and articles thereof",2,False,C00,TOTAL CPC,0 ,0,TOTAL MOT,-1,N/A,0.0,False,-1,N/A,0.0,False,,True,,False,,418994079.371,418994079.371,0,False,True
C,A,20180101,2018,52,2018,699,IND,India,X,Export,0,W00,World,0,W00,World,H5,HS,True,58,"Fabrics; special woven fabrics, tufted textile fabrics, lace, tapestries, trimmings, embroidery",2,False,C00,TOTAL CPC,0 ,0,TOTAL MOT,-1,N/A,0.0,False,-1,N/A,0.0,False,,True,,False,,369557499.789,369557499.789,0,False,True
C,A,20180101,2018,52,2018,699,IND,India,X,Export,0,W00,World,0,W00,World,H5,HS,True,60,Fabrics; knitted or crocheted,2,False,C00,TOTAL CPC,0 ,0,TOTAL MOT,-1,N/A,0.0,False,-1,N/A,0.0,False,,True,,False,,420364729.212,420364729.212,0,False,True
C,A,20180101,2018,52,2018,699,IND,India,X,Export,0,W00,World,0,W00,World,H5,HS,True,68,"Stone, plaster, cement, asbestos, mica or similar materials; articles thereof",2,False,C00,TOTAL CPC,0 ,0,TOTAL MOT,-1,N/A,0.0,False,-1,N/A,0.0,False,,True,,False,,1505280372.337,1505280372.337,0,False,True
C,A,20180101,2018,52,2018,699,IND,India,X,Export,0,W00,World,0,W00,World,H5,HS,True,67,"Feathers and down, prepared; and articles made of feather or of down; artificial flowers; articles of human hair",2,False,C00,TOTAL CPC,0 ,0,TOTAL MOT,-1,N/A,0.0,False,-1,N/A,0.0,False,,True,,False,,216109746.696,216109746.696,0,False,True
C,A,20180101,2018,52,2018,699,IND,India,X,Export,0,W00,World,0,W00,World,H5,HS,True,66,"Umbrellas, sun umbrellas, walking-sticks, seat sticks, whips, riding crops; and parts thereof",2,False,C00,TOTAL CPC,0 ,0,TOTAL MOT,-1,N/A,0.0,False,-1,N/A,0.0,False,,True,,False,,2636015.597,2636015.597,0,False,True
C,A,20180101,2018,52,2018,699,IND,India,X,Export,0,W00,World,0,W00,World,H5,HS,True,74,Copper and articles thereof,2,False,C00,TOTAL CPC,0 ,0,TOTAL MOT,-1,N/A,0.0,False,-1,N/A,0.0,False,,True,,False,,1604287511.471,1604287511.471,0,False,True
C,A,20180101,2018,52,2018,699,IND,India,X,Export,0,W00,World,0,W00,World,H5,HS,True,75,Nickel and articles thereof,2,False,C00,TOTAL CPC,0 ,0,TOTAL MOT,-1,N/A,0.0,False,-1,N/A,0.0,False,,True,,False,,59878726.12,59878726.12,0,False,True
C,A,20180101,2018,52,2018,699,IND,India,X,Export,0,W00,World,0,W00,World,H5,HS,True,72,Iron and steel,2,False,C00,TOTAL CPC,0 ,0,TOTAL MOT,-1,N/A,0.0,False,-1,N/A,0.0,False,,True,,False,,9949158479.352,9949158479.352,0,False,True
C,A,20180101,2018,52,2018,699,IND,India,X,Export,0,W00,World,0,W00,World,H5,HS,True,80,Tin; articles thereof,2,False,C00,TOTAL CPC,0 ,0,TOTAL MOT,-1,N/A,0.0,False,-1,N/A,0.0,False,,True,,False,,10576334.789,10576334.789,0,False,True
C,A,20180101,2018,52,2018,699,IND,India,X,Export,0,W00,World,0,W00,World,H5,HS,True,76,Aluminium and articles thereof,2,False,C00,TOTAL CPC,0 ,0,TOTAL MOT,-1,N/A,0.0,False,-1,N/A,0.0,False,,True,,False,,5159628715.275,5159628715.275,0,False,True
C,A,20180101,2018,52,2018,699,IND,India,X,Export,0,W00,World,0,W00,World,H5,HS,True,78,Lead and articles thereof,2,False,C00,TOTAL CPC,0 ,0,TOTAL MOT,-1,N/A,0.0,False,-1,N/A,0.0,False,,True,,False,,435075544.584,435075544.584,0,False,True
C,A,20180101,2018,52,2018,699,IND,India,X,Export,0,W00,World,0,W00,World,H5,HS,True,79,Zinc and articles thereof,2,False,C00,TOTAL CPC,0 ,0,TOTAL MOT,-1,N/A,0.0,False,-1,N/A,0.0,False,,True,,False,,736644485.048,736644485.048,0,False,True
C,A,20180101,2018,52,2018,699,IND,India,X,Export,0,W00,World,0,W00,World,H5,HS,True,81,"Metals; n.e.c., cermets and articles thereof",2,False,C00,TOTAL CPC,0 ,0,TOTAL MOT,-1,N/A,0.0,False,-1,N/A,0.0,False,,True,,False,,63583972.821,63583972.821,0,False,True
C,A,20180101,2018,52,2018,699,IND,India,X,Export,0,W00,World,0,W00,World,H5,HS,True,86,"Railway, tramway locomotives, rolling-stock and parts thereof; railway or tramway track fixtures and fittings and parts thereof; mechanical (including electro-mechanical) traffic signalling equipment of all kinds",2,False,C00,TOTAL CPC,0 ,0,TOTAL MOT,-1,N/A,0.0,False,-1,N/A,0.0,False,,True,,False,,509057896.451,509057896.451,0,False,True
C,A,20180101,2018,52,2018,699,IND,India,X,Export,0,W00,World,0,W00,World,H5,HS,True,89,"Ships, boats and floating structures",2,False,C00,TOTAL CPC,0 ,0,TOTAL MOT,-1,N/A,0.0,False,-1,N/A,0.0,False,,True,,False,,3547619291.337,3547619291.337,0,False,True
C,A,20180101,2018,52,2018,699,IND,India,X,Export,0,W00,World,0,W00,World,H5,HS,True,88,"Aircraft, spacecraft and parts thereof",2,False,C00,TOTAL CPC,0 ,0,TOTAL MOT,-1,N/A,0.0,False,-1,N/A,0.0,False,,True,,False,,2037608904.348,2037608904.348,0,False,True
C,A,20180101,2018,52,2018,699,IND,India,X,Export,0,W00,World,0,W00,World,H5,HS,True,92,Musical instruments; parts and accessories of such articles,2,False,C00,TOTAL CPC,0 ,0,TOTAL MOT,-1,N/A,0.0,False,-1,N/A,0.0,False,,True,,False,,19093557.894,19093557.894,0,False,True
C,A,20180101,2018,52,2018,699,IND,India,X,Export,0,W00,World,0,W00,World,H5,HS,True,93,Arms and ammunition; parts and accessories thereof,2,False,C00,TOTAL CPC,0 ,0,TOTAL MOT,-1,N/A,0.0,False,-1,N/A,0.0,False,,True,,False,,117790615.561,117790615.561,0,False,True
C,A,20180101,2018,52,2018,699,IND,India,X,Export,0,W00,World,0,W00,World,H5,HS,True,99,Commodities not specified according to kind,2,False,C00,TOTAL CPC,0 ,0,TOTAL MOT,-1,N/A,0.0,False,-1,N/A,0.0,False,,False,,False,,178285883.383,178285883.383,0,False,True
C,A,20190101,2019,52,2019,156,CHN,China,X,Export,0,W00,World,0,W00,World,H5,HS,True,93,Arms and ammunition; parts and accessories thereof,2,False,C00,TOTAL CPC,0,0,TOTAL MOT,-1,N/A,0.0,False,-1,N/A,0.0,False,0.0,False,0.0,False,0.0,142342413.0,142342413.0,0,False,True
C,A,20190101,2019,52,2019,156,CHN,China,X,Export,0,W00,World,0,W00,World,H5,HS,True,97,Works of art; collectors' pieces and antiques,2,False,C00,TOTAL CPC,0,0,TOTAL MOT,-1,N/A,0.0,False,-1,N/A,0.0,False,0.0,False,0.0,False,0.0,743086090.0,743086090.0,0,False,True
C,A,20190101,2019,52,2019,156,CHN,China,X,Export,0,W00,World,0,W00,World,H5,HS,True,28,"Inorganic chemicals; organic and inorganic compounds of precious metals; of rare earth metals, of radio-active elements and of isotopes",2,False,C00,TOTAL CPC,0,0,TOTAL MOT,-1,N/A,0.0,False,-1,N/A,0.0,False,0.0,False,0.0,False,0.0,16839453040.0,16839453040.0,0,False,True
C,A,20190101,2019,52,2019,156,CHN,China,X,Export,0,W00,World,0,W00,World,H5,HS,True,90,"Optical, photographic, cinematographic, measuring, checking, medical or surgical instruments and apparatus; parts and accessories",2,False,C00,TOTAL CPC,0,0,TOTAL MOT,-1,N/A,0.0,False,-1,N/A,0.0,False,0.0,False,0.0,False,0.0,72938834846.0,72938834846.0,0,False,True
C,A,20190101,2019,52,2019,156,CHN,China,X,Export,0,W00,World,0,W00,World,H5,HS,True,91,Clocks and watches and parts thereof,2,False,C00,TOTAL CPC,0,0,TOTAL MOT,-1,N/A,0.0,False,-1,N/A,0.0,False,0.0,False,0.0,False,0.0,4928681780.0,4928681780.0,0,False,True
C,A,20190101,2019,52,2019,156,CHN,China,X,Export,0,W00,World,0,W00,World,H5,HS,True,01,Animals; live,2,False,C00,TOTAL CPC,0,0,TOTAL MOT,-1,N/A,0.0,False,-1,N/A,0.0,False,0.0,True,0.0,False,0.0,510018095.0,510018095.0,4,False,True
C,A,20190101,2019,52,2019,156,CHN,China,X,Export,0,W00,World,0,W00,World,H5,HS,True,66,"Umbrellas, sun umbrellas, walking-sticks, seat sticks, whips, riding crops; and parts thereof",2,False,C00,TOTAL CPC,0,0,TOTAL MOT,-1,N/A,0.0,False,-1,N/A,0.0,False,0.0,True,0.0,False,0.0,2858393431.0,2858393431.0,4,False,True
C,A,20190101,2019,52,2019,156,CHN,China,X,Export,0,W00,World,0,W00,World,H5,HS,True,42,"Articles of leather; saddlery and harness; travel goods, handbags and similar containers; articles of animal gut (other than silk-worm gut)",2,False,C00,TOTAL CPC,0,0,TOTAL MOT,-1,N/A,0.0,False,-1,N/A,0.0,False,0.0,True,0.0,False,0.0,29441775253.0,29441775253.0,4,False,True
C,A,20190101,2019,52,2019,156,CHN,China,X,Export,0,W00,World,0,W00,World,H5,HS,True,37,Photographic or cinematographic goods,2,False,C00,TOTAL CPC,0,0,TOTAL MOT,-1,N/A,0.0,False,-1,N/A,0.0,False,0.0,True,0.0,False,0.0,1105535500.0,1105535500.0,4,False,True
C,A,20190101,2019,52,2019,156,CHN,China,X,Export,0,W00,World,0,W00,World,H5,HS,True,57,Carpets and other textile floor coverings,2,False,C00,TOTAL CPC,0,0,TOTAL MOT,-1,N/A,0.0,False,-1,N/A,0.0,False,0.0,True,0.0,False,0.0,2919314458.0,2919314458.0,4,False,True
C,A,20190101,2019,52,2019,156,CHN,China,X,Export,0,W00,World,0,W00,World,H5,HS,True,92,Musical instruments; parts and accessories of such articles,2,False,C00,TOTAL CPC,0,0,TOTAL MOT,-1,N/A,0.0,False,-1,N/A,0.0,False,0.0,True,0.0,False,0.0,1739135856.0,1739135856.0,4,False,True
C,A,20190101,2019,52,2019,156,CHN,China,X,Export,0,W00,World,0,W00,World,H5,HS,True,94,"Furniture; bedding, mattresses, mattress supports, cushions and similar stuffed furnishings; lamps and lighting fittings, n.e.c.; illuminated signs, illuminated name-plates and the like; prefabricated buildings",2,False,C00,TOTAL CPC,0,0,TOTAL MOT,-1,N/A,0.0,False,-1,N/A,0.0,False,0.0,True,0.0,False,0.0,99063088070.0,99063088070.0,4,False,True
C,A,20190101,2019,52,2019,156,CHN,China,X,Export,0,W00,World,0,W00,World,H5,HS,True,95,"Toys, games and sports requisites; parts and accessories thereof",2,False,C00,TOTAL CPC,0,0,TOTAL MOT,-1,N/A,0.0,False,-1,N/A,0.0,False,0.0,True,0.0,False,0.0,62444706673.0,62444706673.0,4,False,True
C,A,20190101,2019,52,2019,156,CHN,China,X,Export,0,W00,World,0,W00,World,H5,HS,True,96,Miscellaneous manufactured articles,2,False,C00,TOTAL CPC,0,0,TOTAL MOT,-1,N/A,0.0,False,-1,N/A,0.0,False,0.0,True,0.0,False,0.0,17956103808.0,17956103808.0,4,False,True
C,A,20190101,2019,52,2019,156,CHN,China,X,Export,0,W00,World,0,W00,World,H5,HS,True,85,"Electrical machinery and equipment and parts thereof; sound recorders and reproducers; television image and sound recorders and reproducers, parts and accessories of such articles",2,False,C00,TOTAL CPC,0,0,TOTAL MOT,-1,N/A,0.0,False,-1,N/A,0.0,False,0.0,True,0.0,False,0.0,670448477970.0,670448477970.0,4,False,True
C,A,20190101,2019,52,2019,156,CHN,China,X,Export,0,W00,World,0,W00,World,H5,HS,True,03,"Fish and crustaceans, molluscs and other aquatic invertebrates",2,False,C00,TOTAL CPC,0,0,TOTAL MOT,-1,N/A,0.0,False,-1,N/A,0.0,False,0.0,True,0.0,False,0.0,12467027921.0,12467027921.0,4,False,True
C,A,20190101,2019,52,2019,156,CHN,China,X,Export,0,W00,World,0,W00,World,H5,HS,True,04,"Dairy produce; birds' eggs; natural honey; edible products of animal origin, not elsewhere specified or included",2,False,C00,TOTAL CPC,0,0,TOTAL MOT,-1,N/A,0.0,False,-1,N/A,0.0,False,0.0,True,0.0,False,0.0,560622352.0,560622352.0,4,False,True
C,A,20190101,2019,52,2019,156,CHN,China,X,Export,0,W00,World,0,W00,World,H5,HS,True,05,Animal originated products; not elsewhere specified or included,2,False,C00,TOTAL CPC,0,0,TOTAL MOT,-1,N/A,0.0,False,-1,N/A,0.0,False,0.0,True,0.0,False,0.0,2393614683.0,2393614683.0,4,False,True
C,A,20190101,2019,52,2019,156,CHN,China,X,Export,0,W00,World,0,W00,World,H5,HS,True,06,"Trees and other plants, live; bulbs, roots and the like; cut flowers and ornamental foliage",2,False,C00,TOTAL CPC,0,0,TOTAL MOT,-1,N/A,0.0,False,-1,N/A,0.0,False,0.0,True,0.0,False,0.0,432163252.0,432163252.0,4,False,True
C,A,20190101,2019,52,2019,156,CHN,China,X,Export,0,W00,World,0,W00,World,H5,HS,True,07,Vegetables and certain roots and tubers; edible,2,False,C00,TOTAL CPC,0,0,TOTAL MOT,-1,N/A,0.0,False,-1,N/A,0.0,False,0.0,True,0.0,False,0.0,10326798367.0,10326798367.0,4,False,True
C,A,20190101,2019,52,2019,156,CHN,China,X,Export,0,W00,World,0,W00,World,H5,HS,True,08,"Fruit and nuts, edible; peel of citrus fruit or melons",2,False,C00,TOTAL CPC,0,0,TOTAL MOT,-1,N/A,0.0,False,-1,N/A,0.0,False,0.0,True,0.0,False,0.0,6227061001.0,6227061001.0,4,False,True
C,A,20190101,2019,52,2019,156,CHN,China,X,Export,0,W00,World,0,W00,World,H5,HS,True,09,"Coffee, tea, mate and spices",2,False,C00,TOTAL CPC,0,0,TOTAL MOT,-1,N/A,0.0,False,-1,N/A,0.0,False,0.0,True,0.0,False,0.0,3633403114.0,3633403114.0,4,False,True
C,A,20190101,2019,52,2019,156,CHN,China,X,Export,0,W00,World,0,W00,World,H5,HS,True,10,Cereals,2,False,C00,TOTAL CPC,0,0,TOTAL MOT,-1,N/A,0.0,False,-1,N/A,0.0,False,0.0,True,0.0,False,0.0,1120943611.0,1120943611.0,4,False,True
C,A,20190101,2019,52,2019,156,CHN,China,X,Export,0,W00,World,0,W00,World,H5,HS,True,11,"Products of the milling industry; malt, starches, inulin, wheat gluten",2,False,C00,TOTAL CPC,0,0,TOTAL MOT,-1,N/A,0.0,False,-1,N/A,0.0,False,0.0,True,0.0,False,0.0,838598008.0,838598008.0,4,False,True
C,A,20190101,2019,52,2019,156,CHN,China,X,Export,0,W00,World,0,W00,World,H5,HS,True,12,"Oil seeds and oleaginous fruits; miscellaneous grains, seeds and fruit, industrial or medicinal plants; straw and fodder",2,False,C00,TOTAL CPC,0,0,TOTAL MOT,-1,N/A,0.0,False,-1,N/A,0.0,False,0.0,True,0.0,False,0.0,2874926091.0,2874926091.0,4,False,True
C,A,20190101,2019,52,2019,156,CHN,China,X,Export,0,W00,World,0,W00,World,H5,HS,True,13,"Lac; gums, resins and other vegetable saps and extracts",2,False,C00,TOTAL CPC,0,0,TOTAL MOT,-1,N/A,0.0,False,-1,N/A,0.0,False,0.0,True,0.0,False,0.0,1555981790.0,1555981790.0,4,False,True
C,A,20190101,2019,52,2019,156,CHN,China,X,Export,0,W00,World,0,W00,World,H5,HS,True,14,Vegetable plaiting materials; vegetable products not elsewhere specified or included,2,False,C00,TOTAL CPC,0,0,TOTAL MOT,-1,N/A,0.0,False,-1,N/A,0.0,False,0.0,True,0.0,False,0.0,129762988.0,129762988.0,4,False,True
C,A,20190101,2019,52,2019,156,CHN,China,X,Export,0,W00,World,0,W00,World,H5,HS,True,15,Animal or vegetable fats and oils and their cleavage products; prepared animal fats; animal or vegetable waxes,2,False,C00,TOTAL CPC,0,0,TOTAL MOT,-1,N/A,0.0,False,-1,N/A,0.0,False,0.0,True,0.0,False,0.0,1188457107.0,1188457107.0,4,False,True
C,A,20190101,2019,52,2019,156,CHN,China,X,Export,0,W00,World,0,W00,World,H5,HS,True,16,"Meat, fish or crustaceans, molluscs or other aquatic invertebrates; preparations thereof",2,False,C00,TOTAL CPC,0,0,TOTAL MOT,-1,N/A,0.0,False,-1,N/A,0.0,False,0.0,True,0.0,False,0.0,9241433705.0,9241433705.0,4,False,True
C,A,20190101,2019,52,2019,156,CHN,China,X,Export,0,W00,World,0,W00,World,H5,HS,True,17,Sugars and sugar confectionery,2,False,C00,TOTAL CPC,0,0,TOTAL MOT,-1,N/A,0.0,False,-1,N/A,0.0,False,0.0,True,0.0,False,0.0,1861349228.0,1861349228.0,4,False,True
C,A,20190101,2019,52,2019,156,CHN,China,X,Export,0,W00,World,0,W00,World,H5,HS,True,19,"Preparations of cereals, flour, starch or milk; pastrycooks' products",2,False,C00,TOTAL CPC,0,0,TOTAL MOT,-1,N/A,0.0,False,-1,N/A,0.0,False,0.0,True,0.0,False,0.0,2216131137.0,2216131137.0,4,False,True
C,A,20190101,2019,52,2019,156,CHN,China,X,Export,0,W00,World,0,W00,World,H5,HS,True,20,"Preparations of vegetables, fruit, nuts or other parts of plants",2,False,C00,TOTAL CPC,0,0,TOTAL MOT,-1,N/A,0.0,False,-1,N/A,0.0,False,0.0,True,0.0,False,0.0,7837280018.0,7837280018.0,4,False,True
C,A,20190101,2019,52,2019,156,CHN,China,X,Export,0,W00,World,0,W00,World,H5,HS,True,21,Miscellaneous edible preparations,2,False,C00,TOTAL CPC,0,0,TOTAL MOT,-1,N/A,0.0,False,-1,N/A,0.0,False,0.0,True,0.0,False,0.0,3985224921.0,3985224921.0,4,False,True
C,A,20190101,2019,52,2019,156,CHN,China,X,Export,0,W00,World,0,W00,World,H5,HS,True,22,"Beverages, spirits and vinegar",2,False,C00,TOTAL CPC,0,0,TOTAL MOT,-1,N/A,0.0,False,-1,N/A,0.0,False,0.0,True,0.0,False,0.0,2081339428.0,2081339428.0,4,False,True
C,A,20190101,2019,52,2019,156,CHN,China,X,Export,0,W00,World,0,W00,World,H5,HS,True,23,"Food industries, residues and wastes thereof; prepared animal fodder",2,False,C00,TOTAL CPC,0,0,TOTAL MOT,-1,N/A,0.0,False,-1,N/A,0.0,False,0.0,True,0.0,False,0.0,2809043441.0,2809043441.0,4,False,True
C,A,20190101,2019,52,2019,156,CHN,China,X,Export,0,W00,World,0,W00,World,H5,HS,True,24,Tobacco and manufactured tobacco substitutes,2,False,C00,TOTAL CPC,0,0,TOTAL MOT,-1,N/A,0.0,False,-1,N/A,0.0,False,0.0,True,0.0,False,0.0,1419728364.0,1419728364.0,4,False,True
C,A,20190101,2019,52,2019,156,CHN,China,X,Export,0,W00,World,0,W00,World,H5,HS,True,25,"Salt; sulphur; earths, stone; plastering materials, lime and cement",2,False,C00,TOTAL CPC,0,0,TOTAL MOT,-1,N/A,0.0,False,-1,N/A,0.0,False,0.0,True,0.0,False,0.0,3302282413.0,3302282413.0,4,False,True
C,A,20190101,2019,52,2019,156,CHN,China,X,Export,0,W00,World,0,W00,World,H5,HS,True,26,"Ores, slag and ash",2,False,C00,TOTAL CPC,0,0,TOTAL MOT,-1,N/A,0.0,False,-1,N/A,0.0,False,0.0,True,0.0,False,0.0,1746659018.0,1746659018.0,4,False,True
C,A,20190101,2019,52,2019,156,CHN,China,X,Export,0,W00,World,0,W00,World,H5,HS,True,27,"Mineral fuels, mineral oils and products of their distillation; bituminous substances; mineral waxes",2,False,C00,TOTAL CPC,0,0,TOTAL MOT,-1,N/A,0.0,False,-1,N/A,0.0,False,0.0,True,0.0,False,0.0,46853053307.0,46853053307.0,4,False,True
C,A,20190101,2019,52,2019,156,CHN,China,X,Export,0,W00,World,0,W00,World,H5,HS,True,29,Organic chemicals,2,False,C00,TOTAL CPC,0,0,TOTAL MOT,-1,N/A,0.0,False,-1,N/A,0.0,False,0.0,True,0.0,False,0.0,56779678399.0,56779678399.0,4,False,True
C,A,20190101,2019,52,2019,156,CHN,China,X,Export,0,W00,World,0,W00,World,H5,HS,True,62,Apparel and clothing accessories; not knitted or crocheted,2,False,C00,TOTAL CPC,0,0,TOTAL MOT,-1,N/A,0.0,False,-1,N/A,0.0,False,0.0,True,0.0,False,0.0,66663157206.0,66663157206.0,4,False,True
C,A,20190101,2019,52,2019,156,CHN,China,X,Export,0,W00,World,0,W00,World,H5,HS,True,63,"Textiles, made up articles; sets; worn clothing and worn textile articles; rags",2,False,C00,TOTAL CPC,0,0,TOTAL MOT,-1,N/A,0.0,False,-1,N/A,0.0,False,0.0,True,0.0,False,0.0,27890090824.0,27890090824.0,4,False,True
C,A,20190101,2019,52,2019,156,CHN,China,X,Export,0,W00,World,0,W00,World,H5,HS,True,64,Footwear; gaiters and the like; parts of such articles,2,False,C00,TOTAL CPC,0,0,TOTAL MOT,-1,N/A,0.0,False,-1,N/A,0.0,False,0.0,True,0.0,False,0.0,47699563881.0,47699563881.0,4,False,True
C,A,20190101,2019,52,2019,156,CHN,China,X,Export,0,W00,World,0,W00,World,H5,HS,True,65,Headgear and parts thereof,2,False,C00,TOTAL CPC,0,0,TOTAL MOT,-1,N/A,0.0,False,-1,N/A,0.0,False,0.0,True,0.0,False,0.0,4640378285.0,4640378285.0,4,False,True
C,A,20190101,2019,52,2019,156,CHN,China,X,Export,0,W00,World,0,W00,World,H5,HS,True,67,"Feathers and down, prepared; and articles made of feather or of down; artificial flowers; articles of human hair",2,False,C00,TOTAL CPC,0,0,TOTAL MOT,-1,N/A,0.0,False,-1,N/A,0.0,False,0.0,True,0.0,False,0.0,8429335873.0,8429335873.0,4,False,True
C,A,20190101,2019,52,2019,156,CHN,China,X,Export,0,W00,World,0,W00,World,H5,HS,True,68,"Stone, plaster, cement, asbestos, mica or similar materials; articles thereof",2,False,C00,TOTAL CPC,0,0,TOTAL MOT,-1,N/A,0.0,False,-1,N/A,0.0,False,0.0,True,0.0,False,0.0,11480129229.0,11480129229.0,4,False,True
C,A,20190101,2019,52,2019,156,CHN,China,X,Export,0,W00,World,0,W00,World,H5,HS,True,69,Ceramic products,2,False,C00,TOTAL CPC,0,0,TOTAL MOT,-1,N/A,0.0,False,-1,N/A,0.0,False,0.0,True,0.0,False,0.0,25119908753.0,25119908753.0,4,False,True
C,A,20190101,2019,52,2019,156,CHN,China,X,Export,0,W00,World,0,W00,World,H5,HS,True,70,Glass and glassware,2,False,C00,TOTAL CPC,0,0,TOTAL MOT,-1,N/A,0.0,False,-1,N/A,0.0,False,0.0,True,0.0,False,0.0,17852939223.0,17852939223.0,4,False,True
C,A,20190101,2019,52,2019,156,CHN,China,X,Export,0,W00,World,0,W00,World,H5,HS,True,71,"Natural, cultured pearls; precious, semi-precious stones; precious metals, metals clad with precious metal, and articles thereof; imitation jewellery; coin",2,False,C00,TOTAL CPC,0,0,TOTAL MOT,-1,N/A,0.0,False,-1,N/A,0.0,False,0.0,True,0.0,False,0.0,20584820780.0,20584820780.0,4,False,True
C,A,20190101,2019,52,2019,156,CHN,China,X,Export,0,W00,World,0,W00,World,H5,HS,True,72,Iron and steel,2,False,C00,TOTAL CPC,0,0,TOTAL MOT,-1,N/A,0.0,False,-1,N/A,0.0,False,0.0,True,0.0,False,0.0,39414699799.0,39414699799.0,4,False,True
C,A,20190101,2019,52,2019,156,CHN,China,X,Export,0,W00,World,0,W00,World,H5,HS,True,73,Iron or steel articles,2,False,C00,TOTAL CPC,0,0,TOTAL MOT,-1,N/A,0.0,False,-1,N/A,0.0,False,0.0,True,0.0,False,0.0,69263325448.0,69263325448.0,4,False,True
C,A,20190101,2019,52,2019,156,CHN,China,X,Export,0,W00,World,0,W00,World,H5,HS,True,74,Copper and articles thereof,2,False,C00,TOTAL CPC,0,0,TOTAL MOT,-1,N/A,0.0,False,-1,N/A,0.0,False,0.0,True,0.0,False,0.0,6780859330.0,6780859330.0,4,False,True
C,A,20190101,2019,52,2019,156,CHN,China,X,Export,0,W00,World,0,W00,World,H5,HS,True,75,Nickel and articles thereof,2,False,C00,TOTAL CPC,0,0,TOTAL MOT,-1,N/A,0.0,False,-1,N/A,0.0,False,0.0,True,0.0,False,0.0,914847691.0,914847691.0,4,False,True
C,A,20190101,2019,52,2019,156,CHN,China,X,Export,0,W00,World,0,W00,World,H5,HS,True,76,Aluminium and articles thereof,2,False,C00,TOTAL CPC,0,0,TOTAL MOT,-1,N/A,0.0,False,-1,N/A,0.0,False,0.0,True,0.0,False,0.0,26077777095.0,26077777095.0,4,False,True
C,A,20190101,2019,52,2019,156,CHN,China,X,Export,0,W00,World,0,W00,World,H5,HS,True,40,Rubber and articles thereof,2,False,C00,TOTAL CPC,0,0,TOTAL MOT,-1,N/A,0.0,False,-1,N/A,0.0,False,0.0,True,0.0,False,0.0,22139941237.0,22139941237.0,4,False,True
C,A,20190101,2019,52,2019,156,CHN,China,X,Export,0,W00,World,0,W00,World,H5,HS,True,41,Raw hides and skins (other than furskins) and leather,2,False,C00,TOTAL CPC,0,0,TOTAL MOT,-1,N/A,0.0,False,-1,N/A,0.0,False,0.0,True,0.0,False,0.0,704106678.0,704106678.0,4,False,True
C,A,20190101,2019,52,2019,156,CHN,China,X,Export,0,W00,World,0,W00,World,H5,HS,True,43,Furskins and artificial fur; manufactures thereof,2,False,C00,TOTAL CPC,0,0,TOTAL MOT,-1,N/A,0.0,False,-1,N/A,0.0,False,0.0,True,0.0,False,0.0,5087107092.0,5087107092.0,4,False,True
C,A,20190101,2019,52,2019,156,CHN,China,X,Export,0,W00,World,0,W00,World,H5,HS,True,44,Wood and articles of wood; wood charcoal,2,False,C00,TOTAL CPC,0,0,TOTAL MOT,-1,N/A,0.0,False,-1,N/A,0.0,False,0.0,True,0.0,False,0.0,13386569132.0,13386569132.0,4,False,True
C,A,20190101,2019,52,2019,156,CHN,China,X,Export,0,W00,World,0,W00,World,H5,HS,True,45,Cork and articles of cork,2,False,C00,TOTAL CPC,0,0,TOTAL MOT,-1,N/A,0.0,False,-1,N/A,0.0,False,0.0,True,0.0,False,0.0,25627316.0,25627316.0,4,False,True
C,A,20190101,2019,52,2019,156,CHN,China,X,Export,0,W00,World,0,W00,World,H5,HS,True,46,"Manufactures of straw, esparto or other plaiting materials; basketware and wickerwork",2,False,C00,TOTAL CPC,0,0,TOTAL MOT,-1,N/A,0.0,False,-1,N/A,0.0,False,0.0,True,0.0,False,0.0,1658343365.0,1658343365.0,4,False,True
C,A,20190101,2019,52,2019,156,CHN,China,X,Export,0,W00,World,0,W00,World,H5,HS,True,47,Pulp of wood or other fibrous cellulosic material; recovered (waste and scrap) paper or paperboard,2,False,C00,TOTAL CPC,0,0,TOTAL MOT,-1,N/A,0.0,False,-1,N/A,0.0,False,0.0,True,0.0,False,0.0,133814533.0,133814533.0,4,False,True
C,A,20190101,2019,52,2019,156,CHN,China,X,Export,0,W00,World,0,W00,World,H5,HS,True,48,"Paper and paperboard; articles of paper pulp, of paper or paperboard",2,False,C00,TOTAL CPC,0,0,TOTAL MOT,-1,N/A,0.0,False,-1,N/A,0.0,False,0.0,True,0.0,False,0.0,21868030180.0,21868030180.0,4,False,True
C,A,20190101,2019,52,2019,156,CHN,China,X,Export,0,W00,World,0,W00,World,H5,HS,True,49,"Printed books, newspapers, pictures and other products of the printing industry; manuscripts, typescripts and plans",2,False,C00,TOTAL CPC,0,0,TOTAL MOT,-1,N/A,0.0,False,-1,N/A,0.0,False,0.0,True,0.0,False,0.0,3975127411.0,3975127411.0,4,False,True
C,A,20190101,2019,52,2019,156,CHN,China,X,Export,0,W00,World,0,W00,World,H5,HS,True,78,Lead and articles thereof,2,False,C00,TOTAL CPC,0,0,TOTAL MOT,-1,N/A,0.0,False,-1,N/A,0.0,False,0.0,True,0.0,False,0.0,63921420.0,63921420.0,4,False,True
C,A,20190101,2019,52,2019,156,CHN,China,X,Export,0,W00,World,0,W00,World,H5,HS,True,79,Zinc and articles thereof,2,False,C00,TOTAL CPC,0,0,TOTAL MOT,-1,N/A,0.0,False,-1,N/A,0.0,False,0.0,True,0.0,False,0.0,331267855.0,331267855.0,4,False,True
C,A,20190101,2019,52,2019,156,CHN,China,X,Export,0,W00,World,0,W00,World,H5,HS,True,80,Tin; articles thereof,2,False,C00,TOTAL CPC,0,0,TOTAL MOT,-1,N/A,0.0,False,-1,N/A,0.0,False,0.0,True,0.0,False,0.0,111792275.0,111792275.0,4,False,True
C,A,20190101,2019,52,2019,156,CHN,China,X,Export,0,W00,World,0,W00,World,H5,HS,True,81,"Metals; n.e.c., cermets and articles thereof",2,False,C00,TOTAL CPC,0,0,TOTAL MOT,-1,N/A,0.0,False,-1,N/A,0.0,False,0.0,True,0.0,False,0.0,3526180048.0,3526180048.0,4,False,True
C,A,20190101,2019,52,2019,156,CHN,China,X,Export,0,W00,World,0,W00,World,H5,HS,True,82,"Tools, implements, cutlery, spoons and forks, of base metal; parts thereof, of base metal",2,False,C00,TOTAL CPC,0,0,TOTAL MOT,-1,N/A,0.0,False,-1,N/A,0.0,False,0.0,True,0.0,False,0.0,16621727226.0,16621727226.0,4,False,True
C,A,20190101,2019,52,2019,156,CHN,China,X,Export,0,W00,World,0,W00,World,H5,HS,True,83,Metal; miscellaneous products of base metal,2,False,C00,TOTAL CPC,0,0,TOTAL MOT,-1,N/A,0.0,False,-1,N/A,0.0,False,0.0,True,0.0,False,0.0,19521247807.0,19521247807.0,4,False,True
C,A,20190101,2019,52,2019,156,CHN,China,X,Export,0,W00,World,0,W00,World,H5,HS,True,84,"Nuclear reactors, boilers, machinery and mechanical appliances; parts thereof",2,False,C00,TOTAL CPC,0,0,TOTAL MOT,-1,N/A,0.0,False,-1,N/A,0.0,False,0.0,True,0.0,False,0.0,416636764528.0,416636764528.0,4,False,True
C,A,20190101,2019,52,2019,156,CHN,China,X,Export,0,W00,World,0,W00,World,H5,HS,True,86,"Railway, tramway locomotives, rolling-stock and parts thereof; railway or tramway track fixtures and fittings and parts thereof; mechanical (including electro-mechanical) traffic signalling equipment of all kinds",2,False,C00,TOTAL CPC,0,0,TOTAL MOT,-1,N/A,0.0,False,-1,N/A,0.0,False,0.0,True,0.0,False,0.0,9131684176.0,9131684176.0,4,False,True
C,A,20190101,2019,52,2019,156,CHN,China,X,Export,0,W00,World,0,W00,World,H5,HS,True,87,"Vehicles; other than railway or tramway rolling stock, and parts and accessories thereof",2,False,C00,TOTAL CPC,0,0,TOTAL MOT,-1,N/A,0.0,False,-1,N/A,0.0,False,0.0,True,0.0,False,0.0,74305755660.0,74305755660.0,4,False,True
C,A,20190101,2019,52,2019,156,CHN,China,X,Export,0,W00,World,0,W00,World,H5,HS,True,88,"Aircraft, spacecraft and parts thereof",2,False,C00,TOTAL CPC,0,0,TOTAL MOT,-1,N/A,0.0,False,-1,N/A,0.0,False,0.0,True,0.0,False,0.0,3901147200.0,3901147200.0,4,False,True
C,A,20190101,2019,52,2019,156,CHN,China,X,Export,0,W00,World,0,W00,World,H5,HS,True,89,"Ships, boats and floating structures",2,False,C00,TOTAL CPC,0,0,TOTAL MOT,-1,N/A,0.0,False,-1,N/A,0.0,False,0.0,True,0.0,False,0.0,24500078533.0,24500078533.0,4,False,True
C,A,20190101,2019,52,2019,156,CHN,China,X,Export,0,W00,World,0,W00,World,H5,HS,True,30,Pharmaceutical products,2,False,C00,TOTAL CPC,0,0,TOTAL MOT,-1,N/A,0.0,False,-1,N/A,0.0,False,0.0,True,0.0,False,0.0,9168364351.0,9168364351.0,4,False,True
C,A,20190101,2019,52,2019,156,CHN,China,X,Export,0,W00,World,0,W00,World,H5,HS,True,31,Fertilizers,2,False,C00,TOTAL CPC,0,0,TOTAL MOT,-1,N/A,0.0,False,-1,N/A,0.0,False,0.0,True,0.0,False,0.0,7163728115.0,7163728115.0,4,False,True
C,A,20190101,2019,52,2019,156,CHN,China,X,Export,0,W00,World,0,W00,World,H5,HS,True,32,"Tanning or dyeing extracts; tannins and their derivatives; dyes, pigments and other colouring matter; paints, varnishes; putty, other mastics; inks",2,False,C00,TOTAL CPC,0,0,TOTAL MOT,-1,N/A,0.0,False,-1,N/A,0.0,False,0.0,True,0.0,False,0.0,7719883117.0,7719883117.0,4,False,True
C,A,20190101,2019,52,2019,156,CHN,China,X,Export,0,W00,World,0,W00,World,H5,HS,True,33,"Essential oils and resinoids; perfumery, cosmetic or toilet preparations",2,False,C00,TOTAL CPC,0,0,TOTAL MOT,-1,N/A,0.0,False,-1,N/A,0.0,False,0.0,True,0.0,False,0.0,5894164659.0,5894164659.0,4,False,True
C,A,20190101,2019,52,2019,156,CHN,China,X,Export,0,W00,World,0,W00,World,H5,HS,True,34,"Soap, organic surface-active agents; washing, lubricating, polishing or scouring preparations; artificial or prepared waxes, candles and similar articles, modelling pastes, dental waxes and dental preparations with a basis of plaster",2,False,C00,TOTAL CPC,0,0,TOTAL MOT,-1,N/A,0.0,False,-1,N/A,0.0,False,0.0,True,0.0,False,0.0,4424264286.0,4424264286.0,4,False,True
C,A,20190101,2019,52,2019,156,CHN,China,X,Export,0,W00,World,0,W00,World,H5,HS,True,35,Albuminoidal substances; modified starches; glues; enzymes,2,False,C00,TOTAL CPC,0,0,TOTAL MOT,-1,N/A,0.0,False,-1,N/A,0.0,False,0.0,True,0.0,False,0.0,3227741049.0,3227741049.0,4,False,True
C,A,20190101,2019,52,2019,156,CHN,China,X,Export,0,W00,World,0,W00,World,H5,HS,True,36,Explosives; pyrotechnic products; matches; pyrophoric alloys; certain combustible preparations,2,False,C00,TOTAL CPC,0,0,TOTAL MOT,-1,N/A,0.0,False,-1,N/A,0.0,False,0.0,True,0.0,False,0.0,896115187.0,896115187.0,4,False,True
C,A,20190101,2019,52,2019,156,CHN,China,X,Export,0,W00,World,0,W00,World,H5,HS,True,38,Chemical products n.e.c.,2,False,C00,TOTAL CPC,0,0,TOTAL MOT,-1,N/A,0.0,False,-1,N/A,0.0,False,0.0,True,0.0,False,0.0,17077187537.0,17077187537.0,4,False,True
C,A,20190101,2019,52,2019,156,CHN,China,X,Export,0,W00,World,0,W00,World,H5,HS,True,39,Plastics and articles thereof,2,False,C00,TOTAL CPC,0,0,TOTAL MOT,-1,N/A,0.0,False,-1,N/A,0.0,False,0.0,True,0.0,False,0.0,84157225142.0,84157225142.0,4,False,True
C,A,20190101,2019,52,2019,156,CHN,China,X,Export,0,W00,World,0,W00,World,H5,HS,True,50,Silk,2,False,C00,TOTAL CPC,0,0,TOTAL MOT,-1,N/A,0.0,False,-1,N/A,0.0,False,0.0,True,0.0,False,0.0,995609510.0,995609510.0,4,False,True
C,A,20190101,2019,52,2019,156,CHN,China,X,Export,0,W00,World,0,W00,World,H5,HS,True,51,"Wool, fine or coarse animal hair; horsehair yarn and woven fabric",2,False,C00,TOTAL CPC,0,0,TOTAL MOT,-1,N/A,0.0,False,-1,N/A,0.0,False,0.0,True,0.0,False,0.0,2359749833.0,2359749833.0,4,False,True
C,A,20190101,2019,52,2019,156,CHN,China,X,Export,0,W00,World,0,W00,World,H5,HS,True,52,Cotton,2,False,C00,TOTAL CPC,0,0,TOTAL MOT,-1,N/A,0.0,False,-1,N/A,0.0,False,0.0,True,0.0,False,0.0,14136336814.0,14136336814.0,4,False,True
C,A,20190101,2019,52,2019,156,CHN,China,X,Export,0,W00,World,0,W00,World,H5,HS,True,53,Vegetable textile fibres; paper yarn and woven fabrics of paper yarn,2,False,C00,TOTAL CPC,0,0,TOTAL MOT,-1,N/A,0.0,False,-1,N/A,0.0,False,0.0,True,0.0,False,0.0,1368443302.0,1368443302.0,4,False,True
C,A,20190101,2019,52,2019,156,CHN,China,X,Export,0,W00,World,0,W00,World,H5,HS,True,54,Man-made filaments; strip and the like of man-made textile materials,2,False,C00,TOTAL CPC,0,0,TOTAL MOT,-1,N/A,0.0,False,-1,N/A,0.0,False,0.0,True,0.0,False,0.0,22192465329.0,22192465329.0,4,False,True
C,A,20190101,2019,52,2019,156,CHN,China,X,Export,0,W00,World,0,W00,World,H5,HS,True,55,Man-made staple fibres,2,False,C00,TOTAL CPC,0,0,TOTAL MOT,-1,N/A,0.0,False,-1,N/A,0.0,False,0.0,True,0.0,False,0.0,12380488261.0,12380488261.0,4,False,True
C,A,20190101,2019,52,2019,156,CHN,China,X,Export,0,W00,World,0,W00,World,H5,HS,True,56,"Wadding, felt and nonwovens, special yarns; twine, cordage, ropes and cables and articles thereof",2,False,C00,TOTAL CPC,0,0,TOTAL MOT,-1,N/A,0.0,False,-1,N/A,0.0,False,0.0,True,0.0,False,0.0,6053127976.0,6053127976.0,4,False,True
C,A,20190101,2019,52,2019,156,CHN,China,X,Export,0,W00,World,0,W00,World,H5,HS,True,58,"Fabrics; special woven fabrics, tufted textile fabrics, lace, tapestries, trimmings, embroidery",2,False,C00,TOTAL CPC,0,0,TOTAL MOT,-1,N/A,0.0,False,-1,N/A,0.0,False,0.0,True,0.0,False,0.0,5312105967.0,5312105967.0,4,False,True
C,A,20190101,2019,52,2019,156,CHN,China,X,Export,0,W00,World,0,W00,World,H5,HS,True,59,"Textile fabrics; impregnated, coated, covered or laminated; textile articles of a kind suitable for industrial use",2,False,C00,TOTAL CPC,0,0,TOTAL MOT,-1,N/A,0.0,False,-1,N/A,0.0,False,0.0,True,0.0,False,0.0,7959006233.0,7959006233.0,4,False,True
C,A,20190101,2019,52,2019,156,CHN,China,X,Export,0,W00,World,0,W00,World,H5,HS,True,60,Fabrics; knitted or crocheted,2,False,C00,TOTAL CPC,0,0,TOTAL MOT,-1,N/A,0.0,False,-1,N/A,0.0,False,0.0,True,0.0,False,0.0,18657911773.0,18657911773.0,4,False,True
C,A,20190101,2019,52,2019,156,CHN,China,X,Export,0,W00,World,0,W00,World,H5,HS,True,61,Apparel and clothing accessories; knitted or crocheted,2,False,C00,TOTAL CPC,0,0,TOTAL MOT,-1,N/A,0.0,False,-1,N/A,0.0,False,0.0,True,0.0,False,0.0,71352803266.0,71352803266.0,4,False,True
C,A,20190101,2019,52,2019,156,CHN,China,X,Export,0,W00,World,0,W00,World,H5,HS,True,99,Commodities not specified according to kind,2,False,C00,TOTAL CPC,0,0,TOTAL MOT,-1,N/A,0.0,False,-1,N/A,0.0,False,0.0,False,0.0,False,0.0,17066395159.0,17066395159.0,0,False,True
C,A,20190101,2019,52,2019,156,CHN,China,X,Export,0,W00,World,0,W00,World,H5,HS,True,02,Meat and edible meat offal,2,False,C00,TOTAL CPC,0,0,TOTAL MOT,-1,N/A,0.0,False,-1,N/A,0.0,False,0.0,False,0.0,False,0.0,841003977.0,841003977.0,0,False,True
C,A,20190101,2019,52,2019,156,CHN,China,X,Export,0,W00,World,0,W00,World,H5,HS,True,18,Cocoa and cocoa preparations,2,False,C00,TOTAL CPC,0,0,TOTAL MOT,-1,N/A,0.0,False,-1,N/A,0.0,False,0.0,False,0.0,False,0.0,399294987.0,399294987.0,0,False,True
C,A,20190101,2019,52,2019,699,IND,India,X,Export,0,W00,World,0,W00,World,H5,HS,True,99,Commodities not specified according to kind,2,False,C00,TOTAL CPC,0,0,TOTAL MOT,-1,N/A,0.0,False,-1,N/A,0.0,False,0.0,False,0.0,False,0.0,212037060.542,212037060.542,0,False,True
C,A,20190101,2019,52,2019,699,IND,India,X,Export,0,W00,World,0,W00,World,H5,HS,True,05,Animal originated products; not elsewhere specified or included,2,False,C00,TOTAL CPC,0,0,TOTAL MOT,-1,N/A,0.0,False,-1,N/A,0.0,False,0.0,True,0.0,False,0.0,101440844.314,101440844.314,4,False,True
C,A,20190101,2019,52,2019,699,IND,India,X,Export,0,W00,World,0,W00,World,H5,HS,True,06,"Trees and other plants, live; bulbs, roots and the like; cut flowers and ornamental foliage",2,False,C00,TOTAL CPC,0,0,TOTAL MOT,-1,N/A,0.0,False,-1,N/A,0.0,False,0.0,True,0.0,False,0.0,79345975.403,79345975.403,4,False,True
C,A,20190101,2019,52,2019,699,IND,India,X,Export,0,W00,World,0,W00,World,H5,HS,True,69,Ceramic products,2,False,C00,TOTAL CPC,0,0,TOTAL MOT,-1,N/A,0.0,False,-1,N/A,0.0,False,0.0,True,0.0,False,0.0,1819320569.546,1819320569.546,4,False,True
C,A,20190101,2019,52,2019,699,IND,India,X,Export,0,W00,World,0,W00,World,H5,HS,True,86,"Railway, tramway locomotives, rolling-stock and parts thereof; railway or tramway track fixtures and fittings and parts thereof; mechanical (including electro-mechanical) traffic signalling equipment of all kinds",2,False,C00,TOTAL CPC,0,0,TOTAL MOT,-1,N/A,0.0,False,-1,N/A,0.0,False,0.0,True,0.0,False,0.0,354261289.402,354261289.402,4,False,True
C,A,20190101,2019,52,2019,699,IND,India,X,Export,0,W00,World,0,W00,World,H5,HS,True,88,"Aircraft, spacecraft and parts thereof",2,False,C00,TOTAL CPC,0,0,TOTAL MOT,-1,N/A,0.0,False,-1,N/A,0.0,False,0.0,True,0.0,False,0.0,1493130758.621,1493130758.621,4,False,True
C,A,20190101,2019,52,2019,699,IND,India,X,Export,0,W00,World,0,W00,World,H5,HS,True,02,Meat and edible meat offal,2,False,C00,TOTAL CPC,0,0,TOTAL MOT,-1,N/A,0.0,False,-1,N/A,0.0,False,0.0,True,0.0,False,0.0,3450632324.943,3450632324.943,4,False,True
C,A,20190101,2019,52,2019,699,IND,India,X,Export,0,W00,World,0,W00,World,H5,HS,True,03,"Fish and crustaceans, molluscs and other aquatic invertebrates",2,False,C00,TOTAL CPC,0,0,TOTAL MOT,-1,N/A,0.0,False,-1,N/A,0.0,False,0.0,True,0.0,False,0.0,6300403714.023,6300403714.023,4,False,True
C,A,20190101,2019,52,2019,699,IND,India,X,Export,0,W00,World,0,W00,World,H5,HS,True,04,"Dairy produce; birds' eggs; natural honey; edible products of animal origin, not elsewhere specified or included",2,False,C00,TOTAL CPC,0,0,TOTAL MOT,-1,N/A,0.0,False,-1,N/A,0.0,False,0.0,True,0.0,False,0.0,445738079.207,445738079.207,4,False,True
C,A,20190101,2019,52,2019,699,IND,India,X,Export,0,W00,World,0,W00,World,H5,HS,True,07,Vegetables and certain roots and tubers; edible,2,False,C00,TOTAL CPC,0,0,TOTAL MOT,-1,N/A,0.0,False,-1,N/A,0.0,False,0.0,True,0.0,False,0.0,1094256821.314,1094256821.314,4,False,True
C,A,20190101,2019,52,2019,699,IND,India,X,Export,0,W00,World,0,W00,World,H5,HS,True,08,"Fruit and nuts, edible; peel of citrus fruit or melons",2,False,C00,TOTAL CPC,0,0,TOTAL MOT,-1,N/A,0.0,False,-1,N/A,0.0,False,0.0,True,0.0,False,0.0,1486745668.208,1486745668.208,4,False,True
C,A,20190101,2019,52,2019,699,IND,India,X,Export,0,W00,World,0,W00,World,H5,HS,True,09,"Coffee, tea, mate and spices",2,False,C00,TOTAL CPC,0,0,TOTAL MOT,-1,N/A,0.0,False,-1,N/A,0.0,False,0.0,True,0.0,False,0.0,3303393161.131,3303393161.131,4,False,True
C,A,20190101,2019,52,2019,699,IND,India,X,Export,0,W00,World,0,W00,World,H5,HS,True,10,Cereals,2,False,C00,TOTAL CPC,0,0,TOTAL MOT,-1,N/A,0.0,False,-1,N/A,0.0,False,0.0,True,0.0,False,0.0,7066835285.911,7066835285.911,4,False,True
C,A,20190101,2019,52,2019,699,IND,India,X,Export,0,W00,World,0,W00,World,H5,HS,True,11,"Products of the milling industry; malt, starches, inulin, wheat gluten",2,False,C00,TOTAL CPC,0,0,TOTAL MOT,-1,N/A,0.0,False,-1,N/A,0.0,False,0.0,True,0.0,False,0.0,314554015.059,314554015.059,4,False,True
C,A,20190101,2019,52,2019,699,IND,India,X,Export,0,W00,World,0,W00,World,H5,HS,True,12,"Oil seeds and oleaginous fruits; miscellaneous grains, seeds and fruit, industrial or medicinal plants; straw and fodder",2,False,C00,TOTAL CPC,0,0,TOTAL MOT,-1,N/A,0.0,False,-1,N/A,0.0,False,0.0,True,0.0,False,0.0,1702446523.879,1702446523.879,4,False,True
C,A,20190101,2019,52,2019,699,IND,India,X,Export,0,W00,World,0,W00,World,H5,HS,True,13,"Lac; gums, resins and other vegetable saps and extracts",2,False,C00,TOTAL CPC,0,0,TOTAL MOT,-1,N/A,0.0,False,-1,N/A,0.0,False,0.0,True,0.0,False,0.0,944049259.758,944049259.758,4,False,True
C,A,20190101,2019,52,2019,699,IND,India,X,Export,0,W00,World,0,W00,World,H5,HS,True,14,Vegetable plaiting materials; vegetable products not elsewhere specified or included,2,False,C00,TOTAL CPC,0,0,TOTAL MOT,-1,N/A,0.0,False,-1,N/A,0.0,False,0.0,True,0.0,False,0.0,49784936.306,49784936.306,4,False,True
C,A,20190101,2019,52,2019,699,IND,India,X,Export,0,W00,World,0,W00,World,H5,HS,True,15,Animal or vegetable fats and oils and their cleavage products; prepared animal fats; animal or vegetable waxes,2,False,C00,TOTAL CPC,0,0,TOTAL MOT,-1,N/A,0.0,False,-1,N/A,0.0,False,0.0,True,0.0,False,0.0,1174468142.415,1174468142.415,4,False,True
C,A,20190101,2019,52,2019,699,IND,India,X,Export,0,W00,World,0,W00,World,H5,HS,True,16,"Meat, fish or crustaceans, molluscs or other aquatic invertebrates; preparations thereof",2,False,C00,TOTAL CPC,0,0,TOTAL MOT,-1,N/A,0.0,False,-1,N/A,0.0,False,0.0,True,0.0,False,0.0,468414888.332,468414888.332,4,False,True
C,A,20190101,2019,52,2019,699,IND,India,X,Export,0,W00,World,0,W00,World,H5,HS,True,17,Sugars and sugar confectionery,2,False,C00,TOTAL CPC,0,0,TOTAL MOT,-1,N/A,0.0,False,-1,N/A,0.0,False,0.0,True,0.0,False,0.0,1973221144.796,1973221144.796,4,False,True
C,A,20190101,2019,52,2019,699,IND,India,X,Export,0,W00,World,0,W00,World,H5,HS,True,18,Cocoa and cocoa preparations,2,False,C00,TOTAL CPC,0,0,TOTAL MOT,-1,N/A,0.0,False,-1,N/A,0.0,False,0.0,True,0.0,False,0.0,189647796.672,189647796.672,4,False,True
C,A,20190101,2019,52,2019,699,IND,India,X,Export,0,W00,World,0,W00,World,H5,HS,True,19,"Preparations of cereals, flour, starch or milk; pastrycooks' products",2,False,C00,TOTAL CPC,0,0,TOTAL MOT,-1,N/A,0.0,False,-1,N/A,0.0,False,0.0,True,0.0,False,0.0,537985207.538,537985207.538,4,False,True
C,A,20190101,2019,52,2019,699,IND,India,X,Export,0,W00,World,0,W00,World,H5,HS,True,20,"Preparations of vegetables, fruit, nuts or other parts of plants",2,False,C00,TOTAL CPC,0,0,TOTAL MOT,-1,N/A,0.0,False,-1,N/A,0.0,False,0.0,True,0.0,False,0.0,613601682.714,613601682.714,4,False,True
C,A,20190101,2019,52,2019,699,IND,India,X,Export,0,W00,World,0,W00,World,H5,HS,True,21,Miscellaneous edible preparations,2,False,C00,TOTAL CPC,0,0,TOTAL MOT,-1,N/A,0.0,False,-1,N/A,0.0,False,0.0,True,0.0,False,0.0,827842311.457,827842311.457,4,False,True
C,A,20190101,2019,52,2019,699,IND,India,X,Export,0,W00,World,0,W00,World,H5,HS,True,22,"Beverages, spirits and vinegar",2,False,C00,TOTAL CPC,0,0,TOTAL MOT,-1,N/A,0.0,False,-1,N/A,0.0,False,0.0,True,0.0,False,0.0,276002117.555,276002117.555,4,False,True
C,A,20190101,2019,52,2019,699,IND,India,X,Export,0,W00,World,0,W00,World,H5,HS,True,23,"Food industries, residues and wastes thereof; prepared animal fodder",2,False,C00,TOTAL CPC,0,0,TOTAL MOT,-1,N/A,0.0,False,-1,N/A,0.0,False,0.0,True,0.0,False,0.0,1447544766.846,1447544766.846,4,False,True
C,A,20190101,2019,52,2019,699,IND,India,X,Export,0,W00,World,0,W00,World,H5,HS,True,24,Tobacco and manufactured tobacco substitutes,2,False,C00,TOTAL CPC,0,0,TOTAL MOT,-1,N/A,0.0,False,-1,N/A,0.0,False,0.0,True,0.0,False,0.0,964623870.429,964623870.429,4,False,True
C,A,20190101,2019,52,2019,699,IND,India,X,Export,0,W00,World,0,W00,World,H5,HS,True,25,"Salt; sulphur; earths, stone; plastering materials, lime and cement",2,False,C00,TOTAL CPC,0,0,TOTAL MOT,-1,N/A,0.0,False,-1,N/A,0.0,False,0.0,True,0.0,False,0.0,2005016448.564,2005016448.564,4,False,True
C,A,20190101,2019,52,2019,699,IND,India,X,Export,0,W00,World,0,W00,World,H5,HS,True,26,"Ores, slag and ash",2,False,C00,TOTAL CPC,0,0,TOTAL MOT,-1,N/A,0.0,False,-1,N/A,0.0,False,0.0,True,0.0,False,0.0,3029290036.588,3029290036.588,4,False,True
C,A,20190101,2019,52,2019,699,IND,India,X,Export,0,W00,World,0,W00,World,H5,HS,True,27,"Mineral fuels, mineral oils and products of their distillation; bituminous substances; mineral waxes",2,False,C00,TOTAL CPC,0,0,TOTAL MOT,-1,N/A,0.0,False,-1,N/A,0.0,False,0.0,True,0.0,False,0.0,44532702120.186,44532702120.186,4,False,True
C,A,20190101,2019,52,2019,699,IND,India,X,Export,0,W00,World,0,W00,World,H5,HS,True,28,"Inorganic chemicals; organic and inorganic compounds of precious metals; of rare earth metals, of radio-active elements and of isotopes",2,False,C00,TOTAL CPC,0,0,TOTAL MOT,-1,N/A,0.0,False,-1,N/A,0.0,False,0.0,True,0.0,False,0.0,1820209626.033,1820209626.033,4,False,True
C,A,20190101,2019,52,2019,699,IND,India,X,Export,0,W00,World,0,W00,World,H5,HS,True,29,Organic chemicals,2,False,C00,TOTAL CPC,0,0,TOTAL MOT,-1,N/A,0.0,False,-1,N/A,0.0,False,0.0,True,0.0,False,0.0,18247370429.502,18247370429.502,4,False,True
C,A,20190101,2019,52,2019,699,IND,India,X,Export,0,W00,World,0,W00,World,H5,HS,True,30,Pharmaceutical products,2,False,C00,TOTAL CPC,0,0,TOTAL MOT,-1,N/A,0.0,False,-1,N/A,0.0,False,0.0,True,0.0,False,0.0,16264000297.013,16264000297.013,4,False,True
C,A,20190101,2019,52,2019,699,IND,India,X,Export,0,W00,World,0,W00,World,H5,HS,True,31,Fertilizers,2,False,C00,TOTAL CPC,0,0,TOTAL MOT,-1,N/A,0.0,False,-1,N/A,0.0,False,0.0,True,0.0,False,0.0,127114941.398,127114941.398,4,False,True
C,A,20190101,2019,52,2019,699,IND,India,X,Export,0,W00,World,0,W00,World,H5,HS,True,32,"Tanning or dyeing extracts; tannins and their derivatives; dyes, pigments and other colouring matter; paints, varnishes; putty, other mastics; inks",2,False,C00,TOTAL CPC,0,0,TOTAL MOT,-1,N/A,0.0,False,-1,N/A,0.0,False,0.0,True,0.0,False,0.0,3504259923.876,3504259923.876,4,False,True
C,A,20190101,2019,52,2019,699,IND,India,X,Export,0,W00,World,0,W00,World,H5,HS,True,33,"Essential oils and resinoids; perfumery, cosmetic or toilet preparations",2,False,C00,TOTAL CPC,0,0,TOTAL MOT,-1,N/A,0.0,False,-1,N/A,0.0,False,0.0,True,0.0,False,0.0,2363078601.593,2363078601.593,4,False,True
C,A,20190101,2019,52,2019,699,IND,India,X,Export,0,W00,World,0,W00,World,H5,HS,True,34,"Soap, organic surface-active agents; washing, lubricating, polishing or scouring preparations; artificial or prepared waxes, candles and similar articles, modelling pastes, dental waxes and dental preparations with a basis of plaster",2,False,C00,TOTAL CPC,0,0,TOTAL MOT,-1,N/A,0.0,False,-1,N/A,0.0,False,0.0,True,0.0,False,0.0,639743650.485,639743650.485,4,False,True
C,A,20190101,2019,52,2019,699,IND,India,X,Export,0,W00,World,0,W00,World,H5,HS,True,35,Albuminoidal substances; modified starches; glues; enzymes,2,False,C00,TOTAL CPC,0,0,TOTAL MOT,-1,N/A,0.0,False,-1,N/A,0.0,False,0.0,True,0.0,False,0.0,233296542.701,233296542.701,4,False,True
C,A,20190101,2019,52,2019,699,IND,India,X,Export,0,W00,World,0,W00,World,H5,HS,True,36,Explosives; pyrotechnic products; matches; pyrophoric alloys; certain combustible preparations,2,False,C00,TOTAL CPC,0,0,TOTAL MOT,-1,N/A,0.0,False,-1,N/A,0.0,False,0.0,True,0.0,False,0.0,118392847.31,118392847.31,4,False,True
C,A,20190101,2019,52,2019,699,IND,India,X,Export,0,W00,World,0,W00,World,H5,HS,True,38,Chemical products n.e.c.,2,False,C00,TOTAL CPC,0,0,TOTAL MOT,-1,N/A,0.0,False,-1,N/A,0.0,False,0.0,True,0.0,False,0.0,5135079158.084,5135079158.084,4,False,True
C,A,20190101,2019,52,2019,699,IND,India,X,Export,0,W00,World,0,W00,World,H5,HS,True,39,Plastics and articles thereof,2,False,C00,TOTAL CPC,0,0,TOTAL MOT,-1,N/A,0.0,False,-1,N/A,0.0,False,0.0,True,0.0,False,0.0,7351306960.854,7351306960.854,4,False,True
C,A,20190101,2019,52,2019,699,IND,India,X,Export,0,W00,World,0,W00,World,H5,HS,True,40,Rubber and articles thereof,2,False,C00,TOTAL CPC,0,0,TOTAL MOT,-1,N/A,0.0,False,-1,N/A,0.0,False,0.0,True,0.0,False,0.0,3227110575.97,3227110575.97,4,False,True
C,A,20190101,2019,52,2019,699,IND,India,X,Export,0,W00,World,0,W00,World,H5,HS,True,41,Raw hides and skins (other than furskins) and leather,2,False,C00,TOTAL CPC,0,0,TOTAL MOT,-1,N/A,0.0,False,-1,N/A,0.0,False,0.0,True,0.0,False,0.0,554800715.484,554800715.484,4,False,True
C,A,20190101,2019,52,2019,699,IND,India,X,Export,0,W00,World,0,W00,World,H5,HS,True,43,Furskins and artificial fur; manufactures thereof,2,False,C00,TOTAL CPC,0,0,TOTAL MOT,-1,N/A,0.0,False,-1,N/A,0.0,False,0.0,True,0.0,False,0.0,12984945.741,12984945.741,4,False,True
C,A,20190101,2019,52,2019,699,IND,India,X,Export,0,W00,World,0,W00,World,H5,HS,True,44,Wood and articles of wood; wood charcoal,2,False,C00,TOTAL CPC,0,0,TOTAL MOT,-1,N/A,0.0,False,-1,N/A,0.0,False,0.0,True,0.0,False,0.0,477649196.827,477649196.827,4,False,True
C,A,20190101,2019,52,2019,699,IND,India,X,Export,0,W00,World,0,W00,World,H5,HS,True,45,Cork and articles of cork,2,False,C00,TOTAL CPC,0,0,TOTAL MOT,-1,N/A,0.0,False,-1,N/A,0.0,False,0.0,True,0.0,False,0.0,3198738.038,3198738.038,4,False,True
C,A,20190101,2019,52,2019,699,IND,India,X,Export,0,W00,World,0,W00,World,H5,HS,True,46,"Manufactures of straw, esparto or other plaiting materials; basketware and wickerwork",2,False,C00,TOTAL CPC,0,0,TOTAL MOT,-1,N/A,0.0,False,-1,N/A,0.0,False,0.0,True,0.0,False,0.0,47807964.536,47807964.536,4,False,True
C,A,20190101,2019,52,2019,699,IND,India,X,Export,0,W00,World,0,W00,World,H5,HS,True,47,Pulp of wood or other fibrous cellulosic material; recovered (waste and scrap) paper or paperboard,2,False,C00,TOTAL CPC,0,0,TOTAL MOT,-1,N/A,0.0,False,-1,N/A,0.0,False,0.0,True,0.0,False,0.0,8273369.078,8273369.078,4,False,True
C,A,20190101,2019,52,2019,699,IND,India,X,Export,0,W00,World,0,W00,World,H5,HS,True,48,"Paper and paperboard; articles of paper pulp, of paper or paperboard",2,False,C00,TOTAL CPC,0,0,TOTAL MOT,-1,N/A,0.0,False,-1,N/A,0.0,False,0.0,True,0.0,False,0.0,2061320310.06,2061320310.06,4,False,True
C,A,20190101,2019,52,2019,699,IND,India,X,Export,0,W00,World,0,W00,World,H5,HS,True,49,"Printed books, newspapers, pictures and other products of the printing industry; manuscripts, typescripts and plans",2,False,C00,TOTAL CPC,0,0,TOTAL MOT,-1,N/A,0.0,False,-1,N/A,0.0,False,0.0,True,0.0,False,0.0,367168039.539,367168039.539,4,False,True
C,A,20190101,2019,52,2019,699,IND,India,X,Export,0,W00,World,0,W00,World,H5,HS,True,50,Silk,2,False,C00,TOTAL CPC,0,0,TOTAL MOT,-1,N/A,0.0,False,-1,N/A,0.0,False,0.0,True,0.0,False,0.0,84296538.263,84296538.263,4,False,True
C,A,20190101,2019,52,2019,699,IND,India,X,Export,0,W00,World,0,W00,World,H5,HS,True,51,"Wool, fine or coarse animal hair; horsehair yarn and woven fabric",2,False,C00,TOTAL CPC,0,0,TOTAL MOT,-1,N/A,0.0,False,-1,N/A,0.0,False,0.0,True,0.0,False,0.0,181493293.805,181493293.805,4,False,True
C,A,20190101,2019,52,2019,699,IND,India,X,Export,0,W00,World,0,W00,World,H5,HS,True,52,Cotton,2,False,C00,TOTAL CPC,0,0,TOTAL MOT,-1,N/A,0.0,False,-1,N/A,0.0,False,0.0,True,0.0,False,0.0,6002695346.053,6002695346.053,4,False,True
C,A,20190101,2019,52,2019,699,IND,India,X,Export,0,W00,World,0,W00,World,H5,HS,True,54,Man-made filaments; strip and the like of man-made textile materials,2,False,C00,TOTAL CPC,0,0,TOTAL MOT,-1,N/A,0.0,False,-1,N/A,0.0,False,0.0,True,0.0,False,0.0,2342570182.07,2342570182.07,4,False,True
C,A,20190101,2019,52,2019,699,IND,India,X,Export,0,W00,World,0,W00,World,H5,HS,True,55,Man-made staple fibres,2,False,C00,TOTAL CPC,0,0,TOTAL MOT,-1,N/A,0.0,False,-1,N/A,0.0,False,0.0,True,0.0,False,0.0,1751109764.465,1751109764.465,4,False,True
C,A,20190101,2019,52,2019,699,IND,India,X,Export,0,W00,World,0,W00,World,H5,HS,True,56,"Wadding, felt and nonwovens, special yarns; twine, cordage, ropes and cables and articles thereof",2,False,C00,TOTAL CPC,0,0,TOTAL MOT,-1,N/A,0.0,False,-1,N/A,0.0,False,0.0,True,0.0,False,0.0,422292978.706,422292978.706,4,False,True
C,A,20190101,2019,52,2019,699,IND,India,X,Export,0,W00,World,0,W00,World,H5,HS,True,58,"Fabrics; special woven fabrics, tufted textile fabrics, lace, tapestries, trimmings, embroidery",2,False,C00,TOTAL CPC,0,0,TOTAL MOT,-1,N/A,0.0,False,-1,N/A,0.0,False,0.0,True,0.0,False,0.0,413858671.378,413858671.378,4,False,True
C,A,20190101,2019,52,2019,699,IND,India,X,Export,0,W00,World,0,W00,World,H5,HS,True,59,"Textile fabrics; impregnated, coated, covered or laminated; textile articles of a kind suitable for industrial use",2,False,C00,TOTAL CPC,0,0,TOTAL MOT,-1,N/A,0.0,False,-1,N/A,0.0,False,0.0,True,0.0,False,0.0,277390210.147,277390210.147,4,False,True
C,A,20190101,2019,52,2019,699,IND,India,X,Export,0,W00,World,0,W00,World,H5,HS,True,60,Fabrics; knitted or crocheted,2,False,C00,TOTAL CPC,0,0,TOTAL MOT,-1,N/A,0.0,False,-1,N/A,0.0,False,0.0,True,0.0,False,0.0,443496717.375,443496717.375,4,False,True
C,A,20190101,2019,52,2019,699,IND,India,X,Export,0,W00,World,0,W00,World,H5,HS,True,61,Apparel and clothing accessories; knitted or crocheted,2,False,C00,TOTAL CPC,0,0,TOTAL MOT,-1,N/A,0.0,False,-1,N/A,0.0,False,0.0,True,0.0,False,0.0,7879612139.863,7879612139.863,4,False,True
C,A,20190101,2019,52,2019,699,IND,India,X,Export,0,W00,World,0,W00,World,H5,HS,True,63,"Textiles, made up articles; sets; worn clothing and worn textile articles; rags",2,False,C00,TOTAL CPC,0,0,TOTAL MOT,-1,N/A,0.0,False,-1,N/A,0.0,False,0.0,True,0.0,False,0.0,5163145754.037,5163145754.037,4,False,True
C,A,20190101,2019,52,2019,699,IND,India,X,Export,0,W00,World,0,W00,World,H5,HS,True,65,Headgear and parts thereof,2,False,C00,TOTAL CPC,0,0,TOTAL MOT,-1,N/A,0.0,False,-1,N/A,0.0,False,0.0,True,0.0,False,0.0,57560484.615,57560484.615,4,False,True
C,A,20190101,2019,52,2019,699,IND,India,X,Export,0,W00,World,0,W00,World,H5,HS,True,66,"Umbrellas, sun umbrellas, walking-sticks, seat sticks, whips, riding crops; and parts thereof",2,False,C00,TOTAL CPC,0,0,TOTAL MOT,-1,N/A,0.0,False,-1,N/A,0.0,False,0.0,True,0.0,False,0.0,3390224.066,3390224.066,4,False,True
C,A,20190101,2019,52,2019,699,IND,India,X,Export,0,W00,World,0,W00,World,H5,HS,True,67,"Feathers and down, prepared; and articles made of feather or of down; artificial flowers; articles of human hair",2,False,C00,TOTAL CPC,0,0,TOTAL MOT,-1,N/A,0.0,False,-1,N/A,0.0,False,0.0,True,0.0,False,0.0,273832896.577,273832896.577,4,False,True
C,A,20190101,2019,52,2019,699,IND,India,X,Export,0,W00,World,0,W00,World,H5,HS,True,68,"Stone, plaster, cement, asbestos, mica or similar materials; articles thereof",2,False,C00,TOTAL CPC,0,0,TOTAL MOT,-1,N/A,0.0,False,-1,N/A,0.0,False,0.0,True,0.0,False,0.0,1699090437.407,1699090437.407,4,False,True
C,A,20190101,2019,52,2019,699,IND,India,X,Export,0,W00,World,0,W00,World,H5,HS,True,70,Glass and glassware,2,False,C00,TOTAL CPC,0,0,TOTAL MOT,-1,N/A,0.0,False,-1,N/A,0.0,False,0.0,True,0.0,False,0.0,909488399.514,909488399.514,4,False,True
C,A,20190101,2019,52,2019,699,IND,India,X,Export,0,W00,World,0,W00,World,H5,HS,True,71,"Natural, cultured pearls; precious, semi-precious stones; precious metals, metals clad with precious metal, and articles thereof; imitation jewellery; coin",2,False,C00,TOTAL CPC,0,0,TOTAL MOT,-1,N/A,0.0,False,-1,N/A,0.0,False,0.0,True,0.0,False,0.0,36734423014.73,36734423014.73,4,False,True
C,A,20190101,2019,52,2019,699,IND,India,X,Export,0,W00,World,0,W00,World,H5,HS,True,72,Iron and steel,2,False,C00,TOTAL CPC,0,0,TOTAL MOT,-1,N/A,0.0,False,-1,N/A,0.0,False,0.0,True,0.0,False,0.0,9773812388.328,9773812388.328,4,False,True
C,A,20190101,2019,52,2019,699,IND,India,X,Export,0,W00,World,0,W00,World,H5,HS,True,73,Iron or steel articles,2,False,C00,TOTAL CPC,0,0,TOTAL MOT,-1,N/A,0.0,False,-1,N/A,0.0,False,0.0,True,0.0,False,0.0,7250865879.072,7250865879.072,4,False,True
C,A,20190101,2019,52,2019,699,IND,India,X,Export,0,W00,World,0,W00,World,H5,HS,True,74,Copper and articles thereof,2,False,C00,TOTAL CPC,0,0,TOTAL MOT,-1,N/A,0.0,False,-1,N/A,0.0,False,0.0,True,0.0,False,0.0,898530450.717,898530450.717,4,False,True
C,A,20190101,2019,52,2019,699,IND,India,X,Export,0,W00,World,0,W00,World,H5,HS,True,75,Nickel and articles thereof,2,False,C00,TOTAL CPC,0,0,TOTAL MOT,-1,N/A,0.0,False,-1,N/A,0.0,False,0.0,True,0.0,False,0.0,94006167.672,94006167.672,4,False,True
C,A,20190101,2019,52,2019,699,IND,India,X,Export,0,W00,World,0,W00,World,H5,HS,True,76,Aluminium and articles thereof,2,False,C00,TOTAL CPC,0,0,TOTAL MOT,-1,N/A,0.0,False,-1,N/A,0.0,False,0.0,True,0.0,False,0.0,5244320956.489,5244320956.489,4,False,True
C,A,20190101,2019,52,2019,699,IND,India,X,Export,0,W00,World,0,W00,World,H5,HS,True,78,Lead and articles thereof,2,False,C00,TOTAL CPC,0,0,TOTAL MOT,-1,N/A,0.0,False,-1,N/A,0.0,False,0.0,True,0.0,False,0.0,398210723.632,398210723.632,4,False,True
C,A,20190101,2019,52,2019,699,IND,India,X,Export,0,W00,World,0,W00,World,H5,HS,True,79,Zinc and articles thereof,2,False,C00,TOTAL CPC,0,0,TOTAL MOT,-1,N/A,0.0,False,-1,N/A,0.0,False,0.0,True,0.0,False,0.0,555902978.511,555902978.511,4,False,True
C,A,20190101,2019,52,2019,699,IND,India,X,Export,0,W00,World,0,W00,World,H5,HS,True,80,Tin; articles thereof,2,False,C00,TOTAL CPC,0,0,TOTAL MOT,-1,N/A,0.0,False,-1,N/A,0.0,False,0.0,True,0.0,False,0.0,10940565.953,10940565.953,4,False,True
C,A,20190101,2019,52,2019,699,IND,India,X,Export,0,W00,World,0,W00,World,H5,HS,True,81,"Metals; n.e.c., cermets and articles thereof",2,False,C00,TOTAL CPC,0,0,TOTAL MOT,-1,N/A,0.0,False,-1,N/A,0.0,False,0.0,True,0.0,False,0.0,49601203.402,49601203.402,4,False,True
C,A,20190101,2019,52,2019,699,IND,India,X,Export,0,W00,World,0,W00,World,H5,HS,True,84,"Nuclear reactors, boilers, machinery and mechanical appliances; parts thereof",2,False,C00,TOTAL CPC,0,0,TOTAL MOT,-1,N/A,0.0,False,-1,N/A,0.0,False,0.0,True,0.0,False,0.0,21263714533.734,21263714533.734,4,False,True
C,A,20190101,2019,52,2019,699,IND,India,X,Export,0,W00,World,0,W00,World,H5,HS,True,87,"Vehicles; other than railway or tramway rolling stock, and parts and accessories thereof",2,False,C00,TOTAL CPC,0,0,TOTAL MOT,-1,N/A,0.0,False,-1,N/A,0.0,False,0.0,True,0.0,False,0.0,17412552704.424,17412552704.424,4,False,True
C,A,20190101,2019,52,2019,699,IND,India,X,Export,0,W00,World,0,W00,World,H5,HS,True,94,"Furniture; bedding, mattresses, mattress supports, cushions and similar stuffed furnishings; lamps and lighting fittings, n.e.c.; illuminated signs, illuminated name-plates and the like; prefabricated buildings",2,False,C00,TOTAL CPC,0,0,TOTAL MOT,-1,N/A,0.0,False,-1,N/A,0.0,False,0.0,True,0.0,False,0.0,1841817810.751,1841817810.751,4,False,True
C,A,20190101,2019,52,2019,699,IND,India,X,Export,0,W00,World,0,W00,World,H5,HS,True,95,"Toys, games and sports requisites; parts and accessories thereof",2,False,C00,TOTAL CPC,0,0,TOTAL MOT,-1,N/A,0.0,False,-1,N/A,0.0,False,0.0,True,0.0,False,0.0,423627339.689,423627339.689,4,False,True
C,A,20190101,2019,52,2019,699,IND,India,X,Export,0,W00,World,0,W00,World,H5,HS,True,96,Miscellaneous manufactured articles,2,False,C00,TOTAL CPC,0,0,TOTAL MOT,-1,N/A,0.0,False,-1,N/A,0.0,False,0.0,True,0.0,False,0.0,625397800.909,625397800.909,4,False,True
C,A,20190101,2019,52,2019,699,IND,India,X,Export,0,W00,World,0,W00,World,H5,HS,True,01,Animals; live,2,False,C00,TOTAL CPC,0,0,TOTAL MOT,-1,N/A,0.0,False,-1,N/A,0.0,False,0.0,True,0.0,False,0.0,16860877.016,16860877.016,4,False,True
C,A,20190101,2019,52,2019,699,IND,India,X,Export,0,W00,World,0,W00,World,H5,HS,True,37,Photographic or cinematographic goods,2,False,C00,TOTAL CPC,0,0,TOTAL MOT,-1,N/A,0.0,False,-1,N/A,0.0,False,0.0,True,0.0,False,0.0,11258339.314,11258339.314,4,False,True
C,A,20190101,2019,52,2019,699,IND,India,X,Export,0,W00,World,0,W00,World,H5,HS,True,42,"Articles of leather; saddlery and harness; travel goods, handbags and similar containers; articles of animal gut (other than silk-worm gut)",2,False,C00,TOTAL CPC,0,0,TOTAL MOT,-1,N/A,0.0,False,-1,N/A,0.0,False,0.0,True,0.0,False,0.0,2513320768.597,2513320768.597,4,False,True
C,A,20190101,2019,52,2019,699,IND,India,X,Export,0,W00,World,0,W00,World,H5,HS,True,53,Vegetable textile fibres; paper yarn and woven fabrics of paper yarn,2,False,C00,TOTAL CPC,0,0,TOTAL MOT,-1,N/A,0.0,False,-1,N/A,0.0,False,0.0,True,0.0,False,0.0,446959802.562,446959802.562,4,False,True
C,A,20190101,2019,52,2019,699,IND,India,X,Export,0,W00,World,0,W00,World,H5,HS,True,57,Carpets and other textile floor coverings,2,False,C00,TOTAL CPC,0,0,TOTAL MOT,-1,N/A,0.0,False,-1,N/A,0.0,False,0.0,True,0.0,False,0.0,1714222531.428,1714222531.428,4,False,True
C,A,20190101,2019,52,2019,699,IND,India,X,Export,0,W00,World,0,W00,World,H5,HS,True,62,Apparel and clothing accessories; not knitted or crocheted,2,False,C00,TOTAL CPC,0,0,TOTAL MOT,-1,N/A,0.0,False,-1,N/A,0.0,False,0.0,True,0.0,False,0.0,8362198559.02,8362198559.02,4,False,True
C,A,20190101,2019,52,2019,699,IND,India,X,Export,0,W00,World,0,W00,World,H5,HS,True,64,Footwear; gaiters and the like; parts of such articles,2,False,C00,TOTAL CPC,0,0,TOTAL MOT,-1,N/A,0.0,False,-1,N/A,0.0,False,0.0,True,0.0,False,0.0,2808402146.523,2808402146.523,4,False,True
C,A,20190101,2019,52,2019,699,IND,India,X,Export,0,W00,World,0,W00,World,H5,HS,True,82,"Tools, implements, cutlery, spoons and forks, of base metal; parts thereof, of base metal",2,False,C00,TOTAL CPC,0,0,TOTAL MOT,-1,N/A,0.0,False,-1,N/A,0.0,False,0.0,True,0.0,False,0.0,890434857.734,890434857.734,4,False,True
C,A,20190101,2019,52,2019,699,IND,India,X,Export,0,W00,World,0,W00,World,H5,HS,True,83,Metal; miscellaneous products of base metal,2,False,C00,TOTAL CPC,0,0,TOTAL MOT,-1,N/A,0.0,False,-1,N/A,0.0,False,0.0,True,0.0,False,0.0,666156374.301,666156374.301,4,False,True
C,A,20190101,2019,52,2019,699,IND,India,X,Export,0,W00,World,0,W00,World,H5,HS,True,85,"Electrical machinery and equipment and parts thereof; sound recorders and reproducers; television image and sound recorders and reproducers, parts and accessories of such articles",2,False,C00,TOTAL CPC,0,0,TOTAL MOT,-1,N/A,0.0,False,-1,N/A,0.0,False,0.0,True,0.0,False,0.0,14940709511.484,14940709511.484,4,False,True
C,A,20190101,2019,52,2019,699,IND,India,X,Export,0,W00,World,0,W00,World,H5,HS,True,89,"Ships, boats and floating structures",2,False,C00,TOTAL CPC,0,0,TOTAL MOT,-1,N/A,0.0,False,-1,N/A,0.0,False,0.0,True,0.0,False,0.0,5799527682.76,5799527682.76,4,False,True
C,A,20190101,2019,52,2019,699,IND,India,X,Export,0,W00,World,0,W00,World,H5,HS,True,90,"Optical, photographic, cinematographic, measuring, checking, medical or surgical instruments and apparatus; parts and accessories",2,False,C00,TOTAL CPC,0,0,TOTAL MOT,-1,N/A,0.0,False,-1,N/A,0.0,False,0.0,True,0.0,False,0.0,3391214988.401,3391214988.401,4,False,True
C,A,20190101,2019,52,2019,699,IND,India,X,Export,0,W00,World,0,W00,World,H5,HS,True,91,Clocks and watches and parts thereof,2,False,C00,TOTAL CPC,0,0,TOTAL MOT,-1,N/A,0.0,False,-1,N/A,0.0,False,0.0,True,0.0,False,0.0,96865079.209,96865079.209,4,False,True
C,A,20190101,2019,52,2019,699,IND,India,X,Export,0,W00,World,0,W00,World,H5,HS,True,92,Musical instruments; parts and accessories of such articles,2,False,C00,TOTAL CPC,0,0,TOTAL MOT,-1,N/A,0.0,False,-1,N/A,0.0,False,0.0,True,0.0,False,0.0,26300544.581,26300544.581,4,False,True
C,A,20190101,2019,52,2019,699,IND,India,X,Export,0,W00,World,0,W00,World,H5,HS,True,93,Arms and ammunition; parts and accessories thereof,2,False,C00,TOTAL CPC,0,0,TOTAL MOT,-1,N/A,0.0,False,-1,N/A,0.0,False,0.0,True,0.0,False,0.0,129425393.983,129425393.983,4,False,True
C,A,20190101,2019,52,2019,699,IND,India,X,Export,0,W00,World,0,W00,World,H5,HS,True,97,Works of art; collectors' pieces and antiques,2,False,C00,TOTAL CPC,0,0,TOTAL MOT,-1,N/A,0.0,False,-1,N/A,0.0,False,0.0,True,0.0,False,0.0,130916755.675,130916755.675,4,False,True
C,A,20190101,2019,52,2019,704,VNM,Viet Nam,X,Export,0,W00,World,0,W00,World,H5,HS,True,09,"Coffee, tea, mate and spices",2,False,C00,TOTAL CPC,0,0,TOTAL MOT,-1,N/A,0.0,False,-1,N/A,0.0,False,0.0,True,0.0,False,,3402328466.73,3402328466.73,4,False,True
C,A,20190101,2019,52,2019,704,VNM,Viet Nam,X,Export,0,W00,World,0,W00,World,H5,HS,True,02,Meat and edible meat offal,2,False,C00,TOTAL CPC,0,0,TOTAL MOT,-1,N/A,0.0,False,-1,N/A,0.0,False,0.0,True,0.0,False,,124712322.98,124712322.98,4,False,True
C,A,20190101,2019,52,2019,704,VNM,Viet Nam,X,Export,0,W00,World,0,W00,World,H5,HS,True,10,Cereals,2,False,C00,TOTAL CPC,0,0,TOTAL MOT,-1,N/A,0.0,False,-1,N/A,0.0,False,0.0,True,0.0,False,,2498630959.35,2498630959.35,4,False,True
C,A,20190101,2019,52,2019,704,VNM,Viet Nam,X,Export,0,W00,World,0,W00,World,H5,HS,True,16,"Meat, fish or crustaceans, molluscs or other aquatic invertebrates; preparations thereof",2,False,C00,TOTAL CPC,0,0,TOTAL MOT,-1,N/A,0.0,False,-1,N/A,0.0,False,0.0,True,0.0,False,,2225789008.0,2225789008.0,4,False,True
C,A,20190101,2019,52,2019,704,VNM,Viet Nam,X,Export,0,W00,World,0,W00,World,H5,HS,True,17,Sugars and sugar confectionery,2,False,C00,TOTAL CPC,0,0,TOTAL MOT,-1,N/A,0.0,False,-1,N/A,0.0,False,0.0,True,0.0,False,,127684784.89,127684784.89,4,False,True
C,A,20190101,2019,52,2019,704,VNM,Viet Nam,X,Export,0,W00,World,0,W00,World,H5,HS,True,18,Cocoa and cocoa preparations,2,False,C00,TOTAL CPC,0,0,TOTAL MOT,-1,N/A,0.0,False,-1,N/A,0.0,False,0.0,True,0.0,False,,24736781.2,24736781.2,4,False,True
C,A,20190101,2019,52,2019,704,VNM,Viet Nam,X,Export,0,W00,World,0,W00,World,H5,HS,True,19,"Preparations of cereals, flour, starch or milk; pastrycooks' products",2,False,C00,TOTAL CPC,0,0,TOTAL MOT,-1,N/A,0.0,False,-1,N/A,0.0,False,0.0,True,0.0,False,,724262250.9,724262250.9,4,False,True
C,A,20190101,2019,52,2019,704,VNM,Viet Nam,X,Export,0,W00,World,0,W00,World,H5,HS,True,20,"Preparations of vegetables, fruit, nuts or other parts of plants",2,False,C00,TOTAL CPC,0,0,TOTAL MOT,-1,N/A,0.0,False,-1,N/A,0.0,False,0.0,True,0.0,False,,805010629.77,805010629.77,4,False,True
C,A,20190101,2019,52,2019,704,VNM,Viet Nam,X,Export,0,W00,World,0,W00,World,H5,HS,True,24,Tobacco and manufactured tobacco substitutes,2,False,C00,TOTAL CPC,0,0,TOTAL MOT,-1,N/A,0.0,False,-1,N/A,0.0,False,0.0,True,0.0,False,,352884836.58,352884836.58,4,False,True
C,A,20190101,2019,52,2019,704,VNM,Viet Nam,X,Export,0,W00,World,0,W00,World,H5,HS,True,31,Fertilizers,2,False,C00,TOTAL CPC,0,0,TOTAL MOT,-1,N/A,0.0,False,-1,N/A,0.0,False,0.0,True,0.0,False,,255123201.1,255123201.1,4,False,True
C,A,20190101,2019,52,2019,704,VNM,Viet Nam,X,Export,0,W00,World,0,W00,World,H5,HS,True,34,"Soap, organic surface-active agents; washing, lubricating, polishing or scouring preparations; artificial or prepared waxes, candles and similar articles, modelling pastes, dental waxes and dental preparations with a basis of plaster",2,False,C00,TOTAL CPC,0,0,TOTAL MOT,-1,N/A,0.0,False,-1,N/A,0.0,False,0.0,True,0.0,False,,549876097.6,549876097.6,4,False,True
C,A,20190101,2019,52,2019,704,VNM,Viet Nam,X,Export,0,W00,World,0,W00,World,H5,HS,True,41,Raw hides and skins (other than furskins) and leather,2,False,C00,TOTAL CPC,0,0,TOTAL MOT,-1,N/A,0.0,False,-1,N/A,0.0,False,0.0,True,0.0,False,,457270625.74,457270625.74,4,False,True
C,A,20190101,2019,52,2019,704,VNM,Viet Nam,X,Export,0,W00,World,0,W00,World,H5,HS,True,37,Photographic or cinematographic goods,2,False,C00,TOTAL CPC,0,0,TOTAL MOT,-1,N/A,0.0,False,-1,N/A,0.0,False,0.0,True,0.0,False,,1744489.17,1744489.17,4,False,True
C,A,20190101,2019,52,2019,704,VNM,Viet Nam,X,Export,0,W00,World,0,W00,World,H5,HS,True,38,Chemical products n.e.c.,2,False,C00,TOTAL CPC,0,0,TOTAL MOT,-1,N/A,0.0,False,-1,N/A,0.0,False,0.0,True,0.0,False,,868672409.08,868672409.08,4,False,True
C,A,20190101,2019,52,2019,704,VNM,Viet Nam,X,Export,0,W00,World,0,W00,World,H5,HS,True,39,Plastics and articles thereof,2,False,C00,TOTAL CPC,0,0,TOTAL MOT,-1,N/A,0.0,False,-1,N/A,0.0,False,0.0,True,0.0,False,,4842100801.95,4842100801.95,4,False,True
C,A,20190101,2019,52,2019,704,VNM,Viet Nam,X,Export,0,W00,World,0,W00,World,H5,HS,True,48,"Paper and paperboard; articles of paper pulp, of paper or paperboard",2,False,C00,TOTAL CPC,0,0,TOTAL MOT,-1,N/A,0.0,False,-1,N/A,0.0,False,0.0,True,0.0,False,,1137714449.31,1137714449.31,4,False,True
C,A,20190101,2019,52,2019,704,VNM,Viet Nam,X,Export,0,W00,World,0,W00,World,H5,HS,True,50,Silk,2,False,C00,TOTAL CPC,0,0,TOTAL MOT,-1,N/A,0.0,False,-1,N/A,0.0,False,0.0,True,0.0,False,,108791053.34,108791053.34,4,False,True
C,A,20190101,2019,52,2019,704,VNM,Viet Nam,X,Export,0,W00,World,0,W00,World,H5,HS,True,51,"Wool, fine or coarse animal hair; horsehair yarn and woven fabric",2,False,C00,TOTAL CPC,0,0,TOTAL MOT,-1,N/A,0.0,False,-1,N/A,0.0,False,0.0,True,0.0,False,,6798250.39,6798250.39,4,False,True
C,A,20190101,2019,52,2019,704,VNM,Viet Nam,X,Export,0,W00,World,0,W00,World,H5,HS,True,52,Cotton,2,False,C00,TOTAL CPC,0,0,TOTAL MOT,-1,N/A,0.0,False,-1,N/A,0.0,False,0.0,True,0.0,False,,3055101362.29,3055101362.29,4,False,True
C,A,20190101,2019,52,2019,704,VNM,Viet Nam,X,Export,0,W00,World,0,W00,World,H5,HS,True,53,Vegetable textile fibres; paper yarn and woven fabrics of paper yarn,2,False,C00,TOTAL CPC,0,0,TOTAL MOT,-1,N/A,0.0,False,-1,N/A,0.0,False,0.0,True,0.0,False,,35632707.53,35632707.53,4,False,True
C,A,20190101,2019,52,2019,704,VNM,Viet Nam,X,Export,0,W00,World,0,W00,World,H5,HS,True,45,Cork and articles of cork,2,False,C00,TOTAL CPC,0,0,TOTAL MOT,-1,N/A,0.0,False,-1,N/A,0.0,False,0.0,True,0.0,False,,352418.91,352418.91,4,False,True
C,A,20190101,2019,52,2019,704,VNM,Viet Nam,X,Export,0,W00,World,0,W00,World,H5,HS,True,40,Rubber and articles thereof,2,False,C00,TOTAL CPC,0,0,TOTAL MOT,-1,N/A,0.0,False,-1,N/A,0.0,False,0.0,True,0.0,False,,4263329544.01,4263329544.01,4,False,True
C,A,20190101,2019,52,2019,704,VNM,Viet Nam,X,Export,0,W00,World,0,W00,World,H5,HS,True,54,Man-made filaments; strip and the like of man-made textile materials,2,False,C00,TOTAL CPC,0,0,TOTAL MOT,-1,N/A,0.0,False,-1,N/A,0.0,False,0.0,True,0.0,False,,1132714894.91,1132714894.91,4,False,True
C,A,20190101,2019,52,2019,704,VNM,Viet Nam,X,Export,0,W00,World,0,W00,World,H5,HS,True,55,Man-made staple fibres,2,False,C00,TOTAL CPC,0,0,TOTAL MOT,-1,N/A,0.0,False,-1,N/A,0.0,False,0.0,True,0.0,False,,649469163.36,649469163.36,4,False,True
C,A,20190101,2019,52,2019,704,VNM,Viet Nam,X,Export,0,W00,World,0,W00,World,H5,HS,True,56,"Wadding, felt and nonwovens, special yarns; twine, cordage, ropes and cables and articles thereof",2,False,C00,TOTAL CPC,0,0,TOTAL MOT,-1,N/A,0.0,False,-1,N/A,0.0,False,0.0,True,0.0,False,,408854943.16,408854943.16,4,False,True
C,A,20190101,2019,52,2019,704,VNM,Viet Nam,X,Export,0,W00,World,0,W00,World,H5,HS,True,57,Carpets and other textile floor coverings,2,False,C00,TOTAL CPC,0,0,TOTAL MOT,-1,N/A,0.0,False,-1,N/A,0.0,False,0.0,True,0.0,False,,172416708.22,172416708.22,4,False,True
C,A,20190101,2019,52,2019,704,VNM,Viet Nam,X,Export,0,W00,World,0,W00,World,H5,HS,True,59,"Textile fabrics; impregnated, coated, covered or laminated; textile articles of a kind suitable for industrial use",2,False,C00,TOTAL CPC,0,0,TOTAL MOT,-1,N/A,0.0,False,-1,N/A,0.0,False,0.0,True,0.0,False,,712427482.36,712427482.36,4,False,True
C,A,20190101,2019,52,2019,704,VNM,Viet Nam,X,Export,0,W00,World,0,W00,World,H5,HS,True,66,"Umbrellas, sun umbrellas, walking-sticks, seat sticks, whips, riding crops; and parts thereof",2,False,C00,TOTAL CPC,0,0,TOTAL MOT,-1,N/A,0.0,False,-1,N/A,0.0,False,0.0,True,0.0,False,,25142778.52,25142778.52,4,False,True
C,A,20190101,2019,52,2019,704,VNM,Viet Nam,X,Export,0,W00,World,0,W00,World,H5,HS,True,73,Iron or steel articles,2,False,C00,TOTAL CPC,0,0,TOTAL MOT,-1,N/A,0.0,False,-1,N/A,0.0,False,0.0,True,0.0,False,,3318389150.4,3318389150.4,4,False,True
C,A,20190101,2019,52,2019,704,VNM,Viet Nam,X,Export,0,W00,World,0,W00,World,H5,HS,True,64,Footwear; gaiters and the like; parts of such articles,2,False,C00,TOTAL CPC,0,0,TOTAL MOT,-1,N/A,0.0,False,-1,N/A,0.0,False,0.0,True,0.0,False,,18989632822.9,18989632822.9,4,False,True
C,A,20190101,2019,52,2019,704,VNM,Viet Nam,X,Export,0,W00,World,0,W00,World,H5,HS,True,63,"Textiles, made up articles; sets; worn clothing and worn textile articles; rags",2,False,C00,TOTAL CPC,0,0,TOTAL MOT,-1,N/A,0.0,False,-1,N/A,0.0,False,0.0,True,0.0,False,,1815811903.2,1815811903.2,4,False,True
C,A,20190101,2019,52,2019,704,VNM,Viet Nam,X,Export,0,W00,World,0,W00,World,H5,HS,True,76,Aluminium and articles thereof,2,False,C00,TOTAL CPC,0,0,TOTAL MOT,-1,N/A,0.0,False,-1,N/A,0.0,False,0.0,True,0.0,False,,1270782688.29,1270782688.29,4,False,True
C,A,20190101,2019,52,2019,704,VNM,Viet Nam,X,Export,0,W00,World,0,W00,World,H5,HS,True,62,Apparel and clothing accessories; not knitted or crocheted,2,False,C00,TOTAL CPC,0,0,TOTAL MOT,-1,N/A,0.0,False,-1,N/A,0.0,False,0.0,True,0.0,False,,15153097798.39,15153097798.39,4,False,True
C,A,20190101,2019,52,2019,704,VNM,Viet Nam,X,Export,0,W00,World,0,W00,World,H5,HS,True,72,Iron and steel,2,False,C00,TOTAL CPC,0,0,TOTAL MOT,-1,N/A,0.0,False,-1,N/A,0.0,False,0.0,True,0.0,False,,4296516595.35,4296516595.35,4,False,True
C,A,20190101,2019,52,2019,704,VNM,Viet Nam,X,Export,0,W00,World,0,W00,World,H5,HS,True,79,Zinc and articles thereof,2,False,C00,TOTAL CPC,0,0,TOTAL MOT,-1,N/A,0.0,False,-1,N/A,0.0,False,0.0,True,0.0,False,,17697596.22,17697596.22,4,False,True
C,A,20190101,2019,52,2019,704,VNM,Viet Nam,X,Export,0,W00,World,0,W00,World,H5,HS,True,80,Tin; articles thereof,2,False,C00,TOTAL CPC,0,0,TOTAL MOT,-1,N/A,0.0,False,-1,N/A,0.0,False,0.0,True,0.0,False,,12939672.71,12939672.71,4,False,True
C,A,20190101,2019,52,2019,704,VNM,Viet Nam,X,Export,0,W00,World,0,W00,World,H5,HS,True,84,"Nuclear reactors, boilers, machinery and mechanical appliances; parts thereof",2,False,C00,TOTAL CPC,0,0,TOTAL MOT,-1,N/A,0.0,False,-1,N/A,0.0,False,0.0,True,0.0,False,,13092689184.29,13092689184.29,4,False,True
C,A,20190101,2019,52,2019,704,VNM,Viet Nam,X,Export,0,W00,World,0,W00,World,H5,HS,True,85,"Electrical machinery and equipment and parts thereof; sound recorders and reproducers; television image and sound recorders and reproducers, parts and accessories of such articles",2,False,C00,TOTAL CPC,0,0,TOTAL MOT,-1,N/A,0.0,False,-1,N/A,0.0,False,0.0,True,0.0,False,,97158131852.05,97158131852.05,4,False,True
C,A,20190101,2019,52,2019,704,VNM,Viet Nam,X,Export,0,W00,World,0,W00,World,H5,HS,True,86,"Railway, tramway locomotives, rolling-stock and parts thereof; railway or tramway track fixtures and fittings and parts thereof; mechanical (including electro-mechanical) traffic signalling equipment of all kinds",2,False,C00,TOTAL CPC,0,0,TOTAL MOT,-1,N/A,0.0,False,-1,N/A,0.0,False,0.0,True,0.0,False,,3951536.39,3951536.39,4,False,True
C,A,20190101,2019,52,2019,704,VNM,Viet Nam,X,Export,0,W00,World,0,W00,World,H5,HS,True,87,"Vehicles; other than railway or tramway rolling stock, and parts and accessories thereof",2,False,C00,TOTAL CPC,0,0,TOTAL MOT,-1,N/A,0.0,False,-1,N/A,0.0,False,0.0,True,0.0,False,,2943660033.81,2943660033.81,4,False,True
C,A,20190101,2019,52,2019,704,VNM,Viet Nam,X,Export,0,W00,World,0,W00,World,H5,HS,True,92,Musical instruments; parts and accessories of such articles,2,False,C00,TOTAL CPC,0,0,TOTAL MOT,-1,N/A,0.0,False,-1,N/A,0.0,False,0.0,True,0.0,False,,27068053.04,27068053.04,4,False,True
C,A,20190101,2019,52,2019,704,VNM,Viet Nam,X,Export,0,W00,World,0,W00,World,H5,HS,True,94,"Furniture; bedding, mattresses, mattress supports, cushions and similar stuffed furnishings; lamps and lighting fittings, n.e.c.; illuminated signs, illuminated name-plates and the like; prefabricated buildings",2,False,C00,TOTAL CPC,0,0,TOTAL MOT,-1,N/A,0.0,False,-1,N/A,0.0,False,0.0,True,0.0,False,,9487581663.74,9487581663.74,4,False,True
C,A,20190101,2019,52,2019,704,VNM,Viet Nam,X,Export,0,W00,World,0,W00,World,H5,HS,True,95,"Toys, games and sports requisites; parts and accessories thereof",2,False,C00,TOTAL CPC,0,0,TOTAL MOT,-1,N/A,0.0,False,-1,N/A,0.0,False,0.0,True,0.0,False,,1943270002.6,1943270002.6,4,False,True
C,A,20190101,2019,52,2019,704,VNM,Viet Nam,X,Export,0,W00,World,0,W00,World,H5,HS,True,99,Commodities not specified according to kind,2,False,C00,TOTAL CPC,0,0,TOTAL MOT,-1,N/A,0.0,False,-1,N/A,0.0,False,0.0,False,0.0,False,,4472088880.4,4472088880.4,0,False,True
C,A,20190101,2019,52,2019,704,VNM,Viet Nam,X,Export,0,W00,World,0,W00,World,H5,HS,True,07,Vegetables and certain roots and tubers; edible,2,False,C00,TOTAL CPC,0,0,TOTAL MOT,-1,N/A,0.0,False,-1,N/A,0.0,False,,True,0.0,False,,365354688.9,365354688.9,4,False,True
C,A,20190101,2019,52,2019,704,VNM,Viet Nam,X,Export,0,W00,World,0,W00,World,H5,HS,True,04,"Dairy produce; birds' eggs; natural honey; edible products of animal origin, not elsewhere specified or included",2,False,C00,TOTAL CPC,0,0,TOTAL MOT,-1,N/A,0.0,False,-1,N/A,0.0,False,,True,0.0,False,,153987220.49,153987220.49,4,False,True
C,A,20190101,2019,52,2019,704,VNM,Viet Nam,X,Export,0,W00,World,0,W00,World,H5,HS,True,13,"Lac; gums, resins and other vegetable saps and extracts",2,False,C00,TOTAL CPC,0,0,TOTAL MOT,-1,N/A,0.0,False,-1,N/A,0.0,False,,True,0.0,False,,69475161.3,69475161.3,4,False,True
C,A,20190101,2019,52,2019,704,VNM,Viet Nam,X,Export,0,W00,World,0,W00,World,H5,HS,True,05,Animal originated products; not elsewhere specified or included,2,False,C00,TOTAL CPC,0,0,TOTAL MOT,-1,N/A,0.0,False,-1,N/A,0.0,False,,True,0.0,False,,97805261.67,97805261.67,4,False,True
C,A,20190101,2019,52,2019,704,VNM,Viet Nam,X,Export,0,W00,World,0,W00,World,H5,HS,True,01,Animals; live,2,False,C00,TOTAL CPC,0,0,TOTAL MOT,-1,N/A,0.0,False,-1,N/A,0.0,False,,True,0.0,False,,12155925.49,12155925.49,4,False,True
C,A,20190101,2019,52,2019,704,VNM,Viet Nam,X,Export,0,W00,World,0,W00,World,H5,HS,True,08,"Fruit and nuts, edible; peel of citrus fruit or melons",2,False,C00,TOTAL CPC,0,0,TOTAL MOT,-1,N/A,0.0,False,-1,N/A,0.0,False,,True,0.0,False,,5713259792.12,5713259792.12,4,False,True
C,A,20190101,2019,52,2019,704,VNM,Viet Nam,X,Export,0,W00,World,0,W00,World,H5,HS,True,03,"Fish and crustaceans, molluscs and other aquatic invertebrates",2,False,C00,TOTAL CPC,0,0,TOTAL MOT,-1,N/A,0.0,False,-1,N/A,0.0,False,,True,0.0,False,,6205145147.47,6205145147.47,4,False,True
C,A,20190101,2019,52,2019,704,VNM,Viet Nam,X,Export,0,W00,World,0,W00,World,H5,HS,True,11,"Products of the milling industry; malt, starches, inulin, wheat gluten",2,False,C00,TOTAL CPC,0,0,TOTAL MOT,-1,N/A,0.0,False,-1,N/A,0.0,False,,True,0.0,False,,984998894.73,984998894.73,4,False,True
C,A,20190101,2019,52,2019,704,VNM,Viet Nam,X,Export,0,W00,World,0,W00,World,H5,HS,True,12,"Oil seeds and oleaginous fruits; miscellaneous grains, seeds and fruit, industrial or medicinal plants; straw and fodder",2,False,C00,TOTAL CPC,0,0,TOTAL MOT,-1,N/A,0.0,False,-1,N/A,0.0,False,,True,0.0,False,,152412450.91,152412450.91,4,False,True
C,A,20190101,2019,52,2019,704,VNM,Viet Nam,X,Export,0,W00,World,0,W00,World,H5,HS,True,26,"Ores, slag and ash",2,False,C00,TOTAL CPC,0,0,TOTAL MOT,-1,N/A,0.0,False,-1,N/A,0.0,False,,True,0.0,False,,111269514.52,111269514.52,4,False,True
C,A,20190101,2019,52,2019,704,VNM,Viet Nam,X,Export,0,W00,World,0,W00,World,H5,HS,True,06,"Trees and other plants, live; bulbs, roots and the like; cut flowers and ornamental foliage",2,False,C00,TOTAL CPC,0,0,TOTAL MOT,-1,N/A,0.0,False,-1,N/A,0.0,False,,True,0.0,False,,82042278.97,82042278.97,4,False,True
C,A,20190101,2019,52,2019,704,VNM,Viet Nam,X,Export,0,W00,World,0,W00,World,H5,HS,True,15,Animal or vegetable fats and oils and their cleavage products; prepared animal fats; animal or vegetable waxes,2,False,C00,TOTAL CPC,0,0,TOTAL MOT,-1,N/A,0.0,False,-1,N/A,0.0,False,,True,0.0,False,,197011447.86,197011447.86,4,False,True
C,A,20190101,2019,52,2019,704,VNM,Viet Nam,X,Export,0,W00,World,0,W00,World,H5,HS,True,21,Miscellaneous edible preparations,2,False,C00,TOTAL CPC,0,0,TOTAL MOT,-1,N/A,0.0,False,-1,N/A,0.0,False,,True,0.0,False,,765268309.05,765268309.05,4,False,True
C,A,20190101,2019,52,2019,704,VNM,Viet Nam,X,Export,0,W00,World,0,W00,World,H5,HS,True,22,"Beverages, spirits and vinegar",2,False,C00,TOTAL CPC,0,0,TOTAL MOT,-1,N/A,0.0,False,-1,N/A,0.0,False,,True,0.0,False,,293625650.71,293625650.71,4,False,True
C,A,20190101,2019,52,2019,704,VNM,Viet Nam,X,Export,0,W00,World,0,W00,World,H5,HS,True,23,"Food industries, residues and wastes thereof; prepared animal fodder",2,False,C00,TOTAL CPC,0,0,TOTAL MOT,-1,N/A,0.0,False,-1,N/A,0.0,False,,True,0.0,False,,680774932.23,680774932.23,4,False,True
C,A,20190101,2019,52,2019,704,VNM,Viet Nam,X,Export,0,W00,World,0,W00,World,H5,HS,True,30,Pharmaceutical products,2,False,C00,TOTAL CPC,0,0,TOTAL MOT,-1,N/A,0.0,False,-1,N/A,0.0,False,,True,0.0,False,,185994124.77,185994124.77,4,False,True
C,A,20190101,2019,52,2019,704,VNM,Viet Nam,X,Export,0,W00,World,0,W00,World,H5,HS,True,25,"Salt; sulphur; earths, stone; plastering materials, lime and cement",2,False,C00,TOTAL CPC,0,0,TOTAL MOT,-1,N/A,0.0,False,-1,N/A,0.0,False,,True,0.0,False,,1743143091.8,1743143091.8,4,False,True
C,A,20190101,2019,52,2019,704,VNM,Viet Nam,X,Export,0,W00,World,0,W00,World,H5,HS,True,27,"Mineral fuels, mineral oils and products of their distillation; bituminous substances; mineral waxes",2,False,C00,TOTAL CPC,0,0,TOTAL MOT,-1,N/A,0.0,False,-1,N/A,0.0,False,,True,0.0,False,,3648470701.31,3648470701.31,4,False,True
C,A,20190101,2019,52,2019,704,VNM,Viet Nam,X,Export,0,W00,World,0,W00,World,H5,HS,True,14,Vegetable plaiting materials; vegetable products not elsewhere specified or included,2,False,C00,TOTAL CPC,0,0,TOTAL MOT,-1,N/A,0.0,False,-1,N/A,0.0,False,,True,0.0,False,,24423135.26,24423135.26,4,False,True
C,A,20190101,2019,52,2019,704,VNM,Viet Nam,X,Export,0,W00,World,0,W00,World,H5,HS,True,33,"Essential oils and resinoids; perfumery, cosmetic or toilet preparations",2,False,C00,TOTAL CPC,0,0,TOTAL MOT,-1,N/A,0.0,False,-1,N/A,0.0,False,,True,0.0,False,,345415543.35,345415543.35,4,False,True
C,A,20190101,2019,52,2019,704,VNM,Viet Nam,X,Export,0,W00,World,0,W00,World,H5,HS,True,28,"Inorganic chemicals; organic and inorganic compounds of precious metals; of rare earth metals, of radio-active elements and of isotopes",2,False,C00,TOTAL CPC,0,0,TOTAL MOT,-1,N/A,0.0,False,-1,N/A,0.0,False,,True,0.0,False,,1094575841.33,1094575841.33,4,False,True
C,A,20190101,2019,52,2019,704,VNM,Viet Nam,X,Export,0,W00,World,0,W00,World,H5,HS,True,29,Organic chemicals,2,False,C00,TOTAL CPC,0,0,TOTAL MOT,-1,N/A,0.0,False,-1,N/A,0.0,False,,True,0.0,False,,626800899.83,626800899.83,4,False,True
C,A,20190101,2019,52,2019,704,VNM,Viet Nam,X,Export,0,W00,World,0,W00,World,H5,HS,True,32,"Tanning or dyeing extracts; tannins and their derivatives; dyes, pigments and other colouring matter; paints, varnishes; putty, other mastics; inks",2,False,C00,TOTAL CPC,0,0,TOTAL MOT,-1,N/A,0.0,False,-1,N/A,0.0,False,,True,0.0,False,,135230702.32,135230702.32,4,False,True
C,A,20190101,2019,52,2019,704,VNM,Viet Nam,X,Export,0,W00,World,0,W00,World,H5,HS,True,35,Albuminoidal substances; modified starches; glues; enzymes,2,False,C00,TOTAL CPC,0,0,TOTAL MOT,-1,N/A,0.0,False,-1,N/A,0.0,False,,True,0.0,False,,185576668.36,185576668.36,4,False,True
C,A,20190101,2019,52,2019,704,VNM,Viet Nam,X,Export,0,W00,World,0,W00,World,H5,HS,True,42,"Articles of leather; saddlery and harness; travel goods, handbags and similar containers; articles of animal gut (other than silk-worm gut)",2,False,C00,TOTAL CPC,0,0,TOTAL MOT,-1,N/A,0.0,False,-1,N/A,0.0,False,,True,0.0,False,,3458036014.26,3458036014.26,4,False,True
C,A,20190101,2019,52,2019,704,VNM,Viet Nam,X,Export,0,W00,World,0,W00,World,H5,HS,True,36,Explosives; pyrotechnic products; matches; pyrophoric alloys; certain combustible preparations,2,False,C00,TOTAL CPC,0,0,TOTAL MOT,-1,N/A,0.0,False,-1,N/A,0.0,False,,True,0.0,False,,1902746.7,1902746.7,4,False,True
C,A,20190101,2019,52,2019,704,VNM,Viet Nam,X,Export,0,W00,World,0,W00,World,H5,HS,True,49,"Printed books, newspapers, pictures and other products of the printing industry; manuscripts, typescripts and plans",2,False,C00,TOTAL CPC,0,0,TOTAL MOT,-1,N/A,0.0,False,-1,N/A,0.0,False,,True,0.0,False,,86833203.97,86833203.97,4,False,True
C,A,20190101,2019,52,2019,704,VNM,Viet Nam,X,Export,0,W00,World,0,W00,World,H5,HS,True,43,Furskins and artificial fur; manufactures thereof,2,False,C00,TOTAL CPC,0,0,TOTAL MOT,-1,N/A,0.0,False,-1,N/A,0.0,False,,True,0.0,False,,70710799.49,70710799.49,4,False,True
C,A,20190101,2019,52,2019,704,VNM,Viet Nam,X,Export,0,W00,World,0,W00,World,H5,HS,True,44,Wood and articles of wood; wood charcoal,2,False,C00,TOTAL CPC,0,0,TOTAL MOT,-1,N/A,0.0,False,-1,N/A,0.0,False,,True,0.0,False,,3455425733.25,3455425733.25,4,False,True
C,A,20190101,2019,52,2019,704,VNM,Viet Nam,X,Export,0,W00,World,0,W00,World,H5,HS,True,46,"Manufactures of straw, esparto or other plaiting materials; basketware and wickerwork",2,False,C00,TOTAL CPC,0,0,TOTAL MOT,-1,N/A,0.0,False,-1,N/A,0.0,False,,True,0.0,False,,280808724.78,280808724.78,4,False,True
C,A,20190101,2019,52,2019,704,VNM,Viet Nam,X,Export,0,W00,World,0,W00,World,H5,HS,True,47,Pulp of wood or other fibrous cellulosic material; recovered (waste and scrap) paper or paperboard,2,False,C00,TOTAL CPC,0,0,TOTAL MOT,-1,N/A,0.0,False,-1,N/A,0.0,False,,True,0.0,False,,19703252.42,19703252.42,4,False,True
C,A,20190101,2019,52,2019,704,VNM,Viet Nam,X,Export,0,W00,World,0,W00,World,H5,HS,True,58,"Fabrics; special woven fabrics, tufted textile fabrics, lace, tapestries, trimmings, embroidery",2,False,C00,TOTAL CPC,0,0,TOTAL MOT,-1,N/A,0.0,False,-1,N/A,0.0,False,,True,0.0,False,,120688871.77,120688871.77,4,False,True
C,A,20190101,2019,52,2019,704,VNM,Viet Nam,X,Export,0,W00,World,0,W00,World,H5,HS,True,60,Fabrics; knitted or crocheted,2,False,C00,TOTAL CPC,0,0,TOTAL MOT,-1,N/A,0.0,False,-1,N/A,0.0,False,,True,0.0,False,,1167525178.31,1167525178.31,4,False,True
C,A,20190101,2019,52,2019,704,VNM,Viet Nam,X,Export,0,W00,World,0,W00,World,H5,HS,True,61,Apparel and clothing accessories; knitted or crocheted,2,False,C00,TOTAL CPC,0,0,TOTAL MOT,-1,N/A,0.0,False,-1,N/A,0.0,False,,True,0.0,False,,14884923364.13,14884923364.13,4,False,True
C,A,20190101,2019,52,2019,704,VNM,Viet Nam,X,Export,0,W00,World,0,W00,World,H5,HS,True,67,"Feathers and down, prepared; and articles made of feather or of down; artificial flowers; articles of human hair",2,False,C00,TOTAL CPC,0,0,TOTAL MOT,-1,N/A,0.0,False,-1,N/A,0.0,False,,True,0.0,False,,66629496.83,66629496.83,4,False,True
C,A,20190101,2019,52,2019,704,VNM,Viet Nam,X,Export,0,W00,World,0,W00,World,H5,HS,True,69,Ceramic products,2,False,C00,TOTAL CPC,0,0,TOTAL MOT,-1,N/A,0.0,False,-1,N/A,0.0,False,,True,0.0,False,,527750156.4,527750156.4,4,False,True
C,A,20190101,2019,52,2019,704,VNM,Viet Nam,X,Export,0,W00,World,0,W00,World,H5,HS,True,70,Glass and glassware,2,False,C00,TOTAL CPC,0,0,TOTAL MOT,-1,N/A,0.0,False,-1,N/A,0.0,False,,True,0.0,False,,848508377.07,848508377.07,4,False,True
C,A,20190101,2019,52,2019,704,VNM,Viet Nam,X,Export,0,W00,World,0,W00,World,H5,HS,True,68,"Stone, plaster, cement, asbestos, mica or similar materials; articles thereof",2,False,C00,TOTAL CPC,0,0,TOTAL MOT,-1,N/A,0.0,False,-1,N/A,0.0,False,,True,0.0,False,,545666052.94,545666052.94,4,False,True
C,A,20190101,2019,52,2019,704,VNM,Viet Nam,X,Export,0,W00,World,0,W00,World,H5,HS,True,65,Headgear and parts thereof,2,False,C00,TOTAL CPC,0,0,TOTAL MOT,-1,N/A,0.0,False,-1,N/A,0.0,False,,True,0.0,False,,449438420.2,449438420.2,4,False,True
C,A,20190101,2019,52,2019,704,VNM,Viet Nam,X,Export,0,W00,World,0,W00,World,H5,HS,True,71,"Natural, cultured pearls; precious, semi-precious stones; precious metals, metals clad with precious metal, and articles thereof; imitation jewellery; coin",2,False,C00,TOTAL CPC,0,0,TOTAL MOT,-1,N/A,0.0,False,-1,N/A,0.0,False,,True,0.0,False,,2204727237.79,2204727237.79,4,False,True
C,A,20190101,2019,52,2019,704,VNM,Viet Nam,X,Export,0,W00,World,0,W00,World,H5,HS,True,74,Copper and articles thereof,2,False,C00,TOTAL CPC,0,0,TOTAL MOT,-1,N/A,0.0,False,-1,N/A,0.0,False,,True,0.0,False,,1216161569.39,1216161569.39,4,False,True
C,A,20190101,2019,52,2019,704,VNM,Viet Nam,X,Export,0,W00,World,0,W00,World,H5,HS,True,75,Nickel and articles thereof,2,False,C00,TOTAL CPC,0,0,TOTAL MOT,-1,N/A,0.0,False,-1,N/A,0.0,False,,True,0.0,False,,32225842.5,32225842.5,4,False,True
C,A,20190101,2019,52,2019,704,VNM,Viet Nam,X,Export,0,W00,World,0,W00,World,H5,HS,True,78,Lead and articles thereof,2,False,C00,TOTAL CPC,0,0,TOTAL MOT,-1,N/A,0.0,False,-1,N/A,0.0,False,,True,0.0,False,,80637329.74,80637329.74,4,False,True
C,A,20190101,2019,52,2019,704,VNM,Viet Nam,X,Export,0,W00,World,0,W00,World,H5,HS,True,81,"Metals; n.e.c., cermets and articles thereof",2,False,C00,TOTAL CPC,0,0,TOTAL MOT,-1,N/A,0.0,False,-1,N/A,0.0,False,,True,0.0,False,,30487024.87,30487024.87,4,False,True
C,A,20190101,2019,52,2019,704,VNM,Viet Nam,X,Export,0,W00,World,0,W00,World,H5,HS,True,82,"Tools, implements, cutlery, spoons and forks, of base metal; parts thereof, of base metal",2,False,C00,TOTAL CPC,0,0,TOTAL MOT,-1,N/A,0.0,False,-1,N/A,0.0,False,,True,0.0,False,,682233786.5,682233786.5,4,False,True
C,A,20190101,2019,52,2019,704,VNM,Viet Nam,X,Export,0,W00,World,0,W00,World,H5,HS,True,83,Metal; miscellaneous products of base metal,2,False,C00,TOTAL CPC,0,0,TOTAL MOT,-1,N/A,0.0,False,-1,N/A,0.0,False,,True,0.0,False,,456594173.68,456594173.68,4,False,True
C,A,20190101,2019,52,2019,704,VNM,Viet Nam,X,Export,0,W00,World,0,W00,World,H5,HS,True,88,"Aircraft, spacecraft and parts thereof",2,False,C00,TOTAL CPC,0,0,TOTAL MOT,-1,N/A,0.0,False,-1,N/A,0.0,False,,True,0.0,False,,642145033.05,642145033.05,4,False,True
C,A,20190101,2019,52,2019,704,VNM,Viet Nam,X,Export,0,W00,World,0,W00,World,H5,HS,True,97,Works of art; collectors' pieces and antiques,2,False,C00,TOTAL CPC,0,0,TOTAL MOT,-1,N/A,0.0,False,-1,N/A,0.0,False,,True,0.0,False,,4024521.8,4024521.8,4,False,True
C,A,20190101,2019,52,2019,704,VNM,Viet Nam,X,Export,0,W00,World,0,W00,World,H5,HS,True,89,"Ships, boats and floating structures",2,False,C00,TOTAL CPC,0,0,TOTAL MOT,-1,N/A,0.0,False,-1,N/A,0.0,False,,True,0.0,False,,574159741.13,574159741.13,4,False,True
C,A,20190101,2019,52,2019,704,VNM,Viet Nam,X,Export,0,W00,World,0,W00,World,H5,HS,True,90,"Optical, photographic, cinematographic, measuring, checking, medical or surgical instruments and apparatus; parts and accessories",2,False,C00,TOTAL CPC,0,0,TOTAL MOT,-1,N/A,0.0,False,-1,N/A,0.0,False,,True,0.0,False,,5275854025.98,5275854025.98,4,False,True
C,A,20190101,2019,52,2019,704,VNM,Viet Nam,X,Export,0,W00,World,0,W00,World,H5,HS,True,91,Clocks and watches and parts thereof,2,False,C00,TOTAL CPC,0,0,TOTAL MOT,-1,N/A,0.0,False,-1,N/A,0.0,False,,True,0.0,False,,51608743.67,51608743.67,4,False,True
C,A,20190101,2019,52,2019,704,VNM,Viet Nam,X,Export,0,W00,World,0,W00,World,H5,HS,True,96,Miscellaneous manufactured articles,2,False,C00,TOTAL CPC,0,0,TOTAL MOT,-1,N/A,0.0,False,-1,N/A,0.0,False,,True,0.0,False,,527812987.33,527812987.33,4,False,True
C,A,20200101,2020,52,2020,156,CHN,China,X,Export,0,W00,World,0,W00,World,H5,HS,True,27,"Mineral fuels, mineral oils and products of their distillation; bituminous substances; mineral waxes",2,False,C00,TOTAL CPC,0,0,TOTAL MOT,-1,N/A,0.0,False,-1,N/A,0.0,False,0.0,False,0.0,False,0.0,31442592572.0,31442592572.0,0,False,True
C,A,20200101,2020,52,2020,156,CHN,China,X,Export,0,W00,World,0,W00,World,H5,HS,True,66,"Umbrellas, sun umbrellas, walking-sticks, seat sticks, whips, riding crops; and parts thereof",2,False,C00,TOTAL CPC,0,0,TOTAL MOT,-1,N/A,0.0,False,-1,N/A,0.0,False,0.0,True,0.0,False,0.0,2396699204.0,2396699204.0,4,False,True
C,A,20200101,2020,52,2020,156,CHN,China,X,Export,0,W00,World,0,W00,World,H5,HS,True,69,Ceramic products,2,False,C00,TOTAL CPC,0,0,TOTAL MOT,-1,N/A,0.0,False,-1,N/A,0.0,False,0.0,True,0.0,False,0.0,25113297058.0,25113297058.0,4,False,True
C,A,20200101,2020,52,2020,156,CHN,China,X,Export,0,W00,World,0,W00,World,H5,HS,True,40,Rubber and articles thereof,2,False,C00,TOTAL CPC,0,0,TOTAL MOT,-1,N/A,0.0,False,-1,N/A,0.0,False,0.0,True,0.0,False,0.0,22530728115.0,22530728115.0,4,False,True
C,A,20200101,2020,52,2020,156,CHN,China,X,Export,0,W00,World,0,W00,World,H5,HS,True,42,"Articles of leather; saddlery and harness; travel goods, handbags and similar containers; articles of animal gut (other than silk-worm gut)",2,False,C00,TOTAL CPC,0,0,TOTAL MOT,-1,N/A,0.0,False,-1,N/A,0.0,False,0.0,True,0.0,False,0.0,22669988678.0,22669988678.0,4,False,True
C,A,20200101,2020,52,2020,156,CHN,China,X,Export,0,W00,World,0,W00,World,H5,HS,True,37,Photographic or cinematographic goods,2,False,C00,TOTAL CPC,0,0,TOTAL MOT,-1,N/A,0.0,False,-1,N/A,0.0,False,0.0,True,0.0,False,0.0,932724264.0,932724264.0,4,False,True
C,A,20200101,2020,52,2020,156,CHN,China,X,Export,0,W00,World,0,W00,World,H5,HS,True,01,Animals; live,2,False,C00,TOTAL CPC,0,0,TOTAL MOT,-1,N/A,0.0,False,-1,N/A,0.0,False,0.0,True,0.0,False,0.0,599665085.0,599665085.0,4,False,True
C,A,20200101,2020,52,2020,156,CHN,China,X,Export,0,W00,World,0,W00,World,H5,HS,True,28,"Inorganic chemicals; organic and inorganic compounds of precious metals; of rare earth metals, of radio-active elements and of isotopes",2,False,C00,TOTAL CPC,0,0,TOTAL MOT,-1,N/A,0.0,False,-1,N/A,0.0,False,0.0,True,0.0,False,0.0,15204048627.0,15204048627.0,4,False,True
C,A,20200101,2020,52,2020,156,CHN,China,X,Export,0,W00,World,0,W00,World,H5,HS,True,85,"Electrical machinery and equipment and parts thereof; sound recorders and reproducers; television image and sound recorders and reproducers, parts and accessories of such articles",2,False,C00,TOTAL CPC,0,0,TOTAL MOT,-1,N/A,0.0,False,-1,N/A,0.0,False,0.0,True,0.0,False,0.0,709932703748.0,709932703748.0,4,False,True
C,A,20200101,2020,52,2020,156,CHN,China,X,Export,0,W00,World,0,W00,World,H5,HS,True,86,"Railway, tramway locomotives, rolling-stock and parts thereof; railway or tramway track fixtures and fittings and parts thereof; mechanical (including electro-mechanical) traffic signalling equipment of all kinds",2,False,C00,TOTAL CPC,0,0,TOTAL MOT,-1,N/A,0.0,False,-1,N/A,0.0,False,0.0,True,0.0,False,0.0,9787017454.0,9787017454.0,4,False,True
C,A,20200101,2020,52,2020,156,CHN,China,X,Export,0,W00,World,0,W00,World,H5,HS,True,87,"Vehicles; other than railway or tramway rolling stock, and parts and accessories thereof",2,False,C00,TOTAL CPC,0,0,TOTAL MOT,-1,N/A,0.0,False,-1,N/A,0.0,False,0.0,True,0.0,False,0.0,76223937652.0,76223937652.0,4,False,True
C,A,20200101,2020,52,2020,156,CHN,China,X,Export,0,W00,World,0,W00,World,H5,HS,True,84,"Nuclear reactors, boilers, machinery and mechanical appliances; parts thereof",2,False,C00,TOTAL CPC,0,0,TOTAL MOT,-1,N/A,0.0,False,-1,N/A,0.0,False,0.0,True,0.0,False,0.0,440020920057.0,440020920057.0,4,False,True
C,A,20200101,2020,52,2020,156,CHN,China,X,Export,0,W00,World,0,W00,World,H5,HS,True,53,Vegetable textile fibres; paper yarn and woven fabrics of paper yarn,2,False,C00,TOTAL CPC,0,0,TOTAL MOT,-1,N/A,0.0,False,-1,N/A,0.0,False,0.0,True,0.0,False,0.0,918647086.0,918647086.0,4,False,True
C,A,20200101,2020,52,2020,156,CHN,China,X,Export,0,W00,World,0,W00,World,H5,HS,True,54,Man-made filaments; strip and the like of man-made textile materials,2,False,C00,TOTAL CPC,0,0,TOTAL MOT,-1,N/A,0.0,False,-1,N/A,0.0,False,0.0,True,0.0,False,0.0,18190688508.0,18190688508.0,4,False,True
C,A,20200101,2020,52,2020,156,CHN,China,X,Export,0,W00,World,0,W00,World,H5,HS,True,55,Man-made staple fibres,2,False,C00,TOTAL CPC,0,0,TOTAL MOT,-1,N/A,0.0,False,-1,N/A,0.0,False,0.0,True,0.0,False,0.0,10060549998.0,10060549998.0,4,False,True
C,A,20200101,2020,52,2020,156,CHN,China,X,Export,0,W00,World,0,W00,World,H5,HS,True,56,"Wadding, felt and nonwovens, special yarns; twine, cordage, ropes and cables and articles thereof",2,False,C00,TOTAL CPC,0,0,TOTAL MOT,-1,N/A,0.0,False,-1,N/A,0.0,False,0.0,True,0.0,False,0.0,8170412501.0,8170412501.0,4,False,True
C,A,20200101,2020,52,2020,156,CHN,China,X,Export,0,W00,World,0,W00,World,H5,HS,True,57,Carpets and other textile floor coverings,2,False,C00,TOTAL CPC,0,0,TOTAL MOT,-1,N/A,0.0,False,-1,N/A,0.0,False,0.0,True,0.0,False,0.0,2963540370.0,2963540370.0,4,False,True
C,A,20200101,2020,52,2020,156,CHN,China,X,Export,0,W00,World,0,W00,World,H5,HS,True,58,"Fabrics; special woven fabrics, tufted textile fabrics, lace, tapestries, trimmings, embroidery",2,False,C00,TOTAL CPC,0,0,TOTAL MOT,-1,N/A,0.0,False,-1,N/A,0.0,False,0.0,True,0.0,False,0.0,4092946722.0,4092946722.0,4,False,True
C,A,20200101,2020,52,2020,156,CHN,China,X,Export,0,W00,World,0,W00,World,H5,HS,True,59,"Textile fabrics; impregnated, coated, covered or laminated; textile articles of a kind suitable for industrial use",2,False,C00,TOTAL CPC,0,0,TOTAL MOT,-1,N/A,0.0,False,-1,N/A,0.0,False,0.0,True,0.0,False,0.0,6711962630.0,6711962630.0,4,False,True
C,A,20200101,2020,52,2020,156,CHN,China,X,Export,0,W00,World,0,W00,World,H5,HS,True,60,Fabrics; knitted or crocheted,2,False,C00,TOTAL CPC,0,0,TOTAL MOT,-1,N/A,0.0,False,-1,N/A,0.0,False,0.0,True,0.0,False,0.0,16268815692.0,16268815692.0,4,False,True
C,A,20200101,2020,52,2020,156,CHN,China,X,Export,0,W00,World,0,W00,World,H5,HS,True,61,Apparel and clothing accessories; knitted or crocheted,2,False,C00,TOTAL CPC,0,0,TOTAL MOT,-1,N/A,0.0,False,-1,N/A,0.0,False,0.0,True,0.0,False,0.0,62227840881.0,62227840881.0,4,False,True
C,A,20200101,2020,52,2020,156,CHN,China,X,Export,0,W00,World,0,W00,World,H5,HS,True,62,Apparel and clothing accessories; not knitted or crocheted,2,False,C00,TOTAL CPC,0,0,TOTAL MOT,-1,N/A,0.0,False,-1,N/A,0.0,False,0.0,True,0.0,False,0.0,62275543949.0,62275543949.0,4,False,True
C,A,20200101,2020,52,2020,156,CHN,China,X,Export,0,W00,World,0,W00,World,H5,HS,True,73,Iron or steel articles,2,False,C00,TOTAL CPC,0,0,TOTAL MOT,-1,N/A,0.0,False,-1,N/A,0.0,False,0.0,True,0.0,False,0.0,71017191105.0,71017191105.0,4,False,True
C,A,20200101,2020,52,2020,156,CHN,China,X,Export,0,W00,World,0,W00,World,H5,HS,True,74,Copper and articles thereof,2,False,C00,TOTAL CPC,0,0,TOTAL MOT,-1,N/A,0.0,False,-1,N/A,0.0,False,0.0,True,0.0,False,0.0,6172481291.0,6172481291.0,4,False,True
C,A,20200101,2020,52,2020,156,CHN,China,X,Export,0,W00,World,0,W00,World,H5,HS,True,75,Nickel and articles thereof,2,False,C00,TOTAL CPC,0,0,TOTAL MOT,-1,N/A,0.0,False,-1,N/A,0.0,False,0.0,True,0.0,False,0.0,547847460.0,547847460.0,4,False,True
C,A,20200101,2020,52,2020,156,CHN,China,X,Export,0,W00,World,0,W00,World,H5,HS,True,76,Aluminium and articles thereof,2,False,C00,TOTAL CPC,0,0,TOTAL MOT,-1,N/A,0.0,False,-1,N/A,0.0,False,0.0,True,0.0,False,0.0,24589847917.0,24589847917.0,4,False,True
C,A,20200101,2020,52,2020,156,CHN,China,X,Export,0,W00,World,0,W00,World,H5,HS,True,78,Lead and articles thereof,2,False,C00,TOTAL CPC,0,0,TOTAL MOT,-1,N/A,0.0,False,-1,N/A,0.0,False,0.0,True,0.0,False,0.0,42163340.0,42163340.0,4,False,True
C,A,20200101,2020,52,2020,156,CHN,China,X,Export,0,W00,World,0,W00,World,H5,HS,True,79,Zinc and articles thereof,2,False,C00,TOTAL CPC,0,0,TOTAL MOT,-1,N/A,0.0,False,-1,N/A,0.0,False,0.0,True,0.0,False,0.0,242002669.0,242002669.0,4,False,True
C,A,20200101,2020,52,2020,156,CHN,China,X,Export,0,W00,World,0,W00,World,H5,HS,True,80,Tin; articles thereof,2,False,C00,TOTAL CPC,0,0,TOTAL MOT,-1,N/A,0.0,False,-1,N/A,0.0,False,0.0,True,0.0,False,0.0,126851513.0,126851513.0,4,False,True
C,A,20200101,2020,52,2020,156,CHN,China,X,Export,0,W00,World,0,W00,World,H5,HS,True,81,"Metals; n.e.c., cermets and articles thereof",2,False,C00,TOTAL CPC,0,0,TOTAL MOT,-1,N/A,0.0,False,-1,N/A,0.0,False,0.0,True,0.0,False,0.0,2735662922.0,2735662922.0,4,False,True
C,A,20200101,2020,52,2020,156,CHN,China,X,Export,0,W00,World,0,W00,World,H5,HS,True,82,"Tools, implements, cutlery, spoons and forks, of base metal; parts thereof, of base metal",2,False,C00,TOTAL CPC,0,0,TOTAL MOT,-1,N/A,0.0,False,-1,N/A,0.0,False,0.0,True,0.0,False,0.0,17164457972.0,17164457972.0,4,False,True
C,A,20200101,2020,52,2020,156,CHN,China,X,Export,0,W00,World,0,W00,World,H5,HS,True,83,Metal; miscellaneous products of base metal,2,False,C00,TOTAL CPC,0,0,TOTAL MOT,-1,N/A,0.0,False,-1,N/A,0.0,False,0.0,True,0.0,False,0.0,20170940148.0,20170940148.0,4,False,True
C,A,20200101,2020,52,2020,156,CHN,China,X,Export,0,W00,World,0,W00,World,H5,HS,True,88,"Aircraft, spacecraft and parts thereof",2,False,C00,TOTAL CPC,0,0,TOTAL MOT,-1,N/A,0.0,False,-1,N/A,0.0,False,0.0,True,0.0,False,0.0,2457461078.0,2457461078.0,4,False,True
C,A,20200101,2020,52,2020,156,CHN,China,X,Export,0,W00,World,0,W00,World,H5,HS,True,89,"Ships, boats and floating structures",2,False,C00,TOTAL CPC,0,0,TOTAL MOT,-1,N/A,0.0,False,-1,N/A,0.0,False,0.0,True,0.0,False,0.0,21740380417.0,21740380417.0,4,False,True
C,A,20200101,2020,52,2020,156,CHN,China,X,Export,0,W00,World,0,W00,World,H5,HS,True,90,"Optical, photographic, cinematographic, measuring, checking, medical or surgical instruments and apparatus; parts and accessories",2,False,C00,TOTAL CPC,0,0,TOTAL MOT,-1,N/A,0.0,False,-1,N/A,0.0,False,0.0,True,0.0,False,0.0,80226837137.0,80226837137.0,4,False,True
C,A,20200101,2020,52,2020,156,CHN,China,X,Export,0,W00,World,0,W00,World,H5,HS,True,91,Clocks and watches and parts thereof,2,False,C00,TOTAL CPC,0,0,TOTAL MOT,-1,N/A,0.0,False,-1,N/A,0.0,False,0.0,True,0.0,False,0.0,3632618909.0,3632618909.0,4,False,True
C,A,20200101,2020,52,2020,156,CHN,China,X,Export,0,W00,World,0,W00,World,H5,HS,True,92,Musical instruments; parts and accessories of such articles,2,False,C00,TOTAL CPC,0,0,TOTAL MOT,-1,N/A,0.0,False,-1,N/A,0.0,False,0.0,True,0.0,False,0.0,1883798839.0,1883798839.0,4,False,True
C,A,20200101,2020,52,2020,156,CHN,China,X,Export,0,W00,World,0,W00,World,H5,HS,True,93,Arms and ammunition; parts and accessories thereof,2,False,C00,TOTAL CPC,0,0,TOTAL MOT,-1,N/A,0.0,False,-1,N/A,0.0,False,0.0,True,0.0,False,0.0,184572898.0,184572898.0,4,False,True
C,A,20200101,2020,52,2020,156,CHN,China,X,Export,0,W00,World,0,W00,World,H5,HS,True,94,"Furniture; bedding, mattresses, mattress supports, cushions and similar stuffed furnishings; lamps and lighting fittings, n.e.c.; illuminated signs, illuminated name-plates and the like; prefabricated buildings",2,False,C00,TOTAL CPC,0,0,TOTAL MOT,-1,N/A,0.0,False,-1,N/A,0.0,False,0.0,True,0.0,False,0.0,109366914538.0,109366914538.0,4,False,True
C,A,20200101,2020,52,2020,156,CHN,China,X,Export,0,W00,World,0,W00,World,H5,HS,True,95,"Toys, games and sports requisites; parts and accessories thereof",2,False,C00,TOTAL CPC,0,0,TOTAL MOT,-1,N/A,0.0,False,-1,N/A,0.0,False,0.0,True,0.0,False,0.0,71523830964.0,71523830964.0,4,False,True
C,A,20200101,2020,52,2020,156,CHN,China,X,Export,0,W00,World,0,W00,World,H5,HS,True,96,Miscellaneous manufactured articles,2,False,C00,TOTAL CPC,0,0,TOTAL MOT,-1,N/A,0.0,False,-1,N/A,0.0,False,0.0,True,0.0,False,0.0,18459148173.0,18459148173.0,4,False,True
C,A,20200101,2020,52,2020,156,CHN,China,X,Export,0,W00,World,0,W00,World,H5,HS,True,97,Works of art; collectors' pieces and antiques,2,False,C00,TOTAL CPC,0,0,TOTAL MOT,-1,N/A,0.0,False,-1,N/A,0.0,False,0.0,True,0.0,False,0.0,684217169.0,684217169.0,4,False,True
C,A,20200101,2020,52,2020,156,CHN,China,X,Export,0,W00,World,0,W00,World,H5,HS,True,63,"Textiles, made up articles; sets; worn clothing and worn textile articles; rags",2,False,C00,TOTAL CPC,0,0,TOTAL MOT,-1,N/A,0.0,False,-1,N/A,0.0,False,0.0,True,0.0,False,0.0,75584824210.0,75584824210.0,4,False,True
C,A,20200101,2020,52,2020,156,CHN,China,X,Export,0,W00,World,0,W00,World,H5,HS,True,64,Footwear; gaiters and the like; parts of such articles,2,False,C00,TOTAL CPC,0,0,TOTAL MOT,-1,N/A,0.0,False,-1,N/A,0.0,False,0.0,True,0.0,False,0.0,38111192781.0,38111192781.0,4,False,True
C,A,20200101,2020,52,2020,156,CHN,China,X,Export,0,W00,World,0,W00,World,H5,HS,True,65,Headgear and parts thereof,2,False,C00,TOTAL CPC,0,0,TOTAL MOT,-1,N/A,0.0,False,-1,N/A,0.0,False,0.0,True,0.0,False,0.0,4026426671.0,4026426671.0,4,False,True
C,A,20200101,2020,52,2020,156,CHN,China,X,Export,0,W00,World,0,W00,World,H5,HS,True,67,"Feathers and down, prepared; and articles made of feather or of down; artificial flowers; articles of human hair",2,False,C00,TOTAL CPC,0,0,TOTAL MOT,-1,N/A,0.0,False,-1,N/A,0.0,False,0.0,True,0.0,False,0.0,8542953089.0,8542953089.0,4,False,True
C,A,20200101,2020,52,2020,156,CHN,China,X,Export,0,W00,World,0,W00,World,H5,HS,True,68,"Stone, plaster, cement, asbestos, mica or similar materials; articles thereof",2,False,C00,TOTAL CPC,0,0,TOTAL MOT,-1,N/A,0.0,False,-1,N/A,0.0,False,0.0,True,0.0,False,0.0,12621152304.0,12621152304.0,4,False,True
C,A,20200101,2020,52,2020,156,CHN,China,X,Export,0,W00,World,0,W00,World,H5,HS,True,70,Glass and glassware,2,False,C00,TOTAL CPC,0,0,TOTAL MOT,-1,N/A,0.0,False,-1,N/A,0.0,False,0.0,True,0.0,False,0.0,18340507101.0,18340507101.0,4,False,True
C,A,20200101,2020,52,2020,156,CHN,China,X,Export,0,W00,World,0,W00,World,H5,HS,True,71,"Natural, cultured pearls; precious, semi-precious stones; precious metals, metals clad with precious metal, and articles thereof; imitation jewellery; coin",2,False,C00,TOTAL CPC,0,0,TOTAL MOT,-1,N/A,0.0,False,-1,N/A,0.0,False,0.0,True,0.0,False,0.0,18431529474.0,18431529474.0,4,False,True
C,A,20200101,2020,52,2020,156,CHN,China,X,Export,0,W00,World,0,W00,World,H5,HS,True,72,Iron and steel,2,False,C00,TOTAL CPC,0,0,TOTAL MOT,-1,N/A,0.0,False,-1,N/A,0.0,False,0.0,True,0.0,False,0.0,33395752521.0,33395752521.0,4,False,True
C,A,20200101,2020,52,2020,156,CHN,China,X,Export,0,W00,World,0,W00,World,H5,HS,True,41,Raw hides and skins (other than furskins) and leather,2,False,C00,TOTAL CPC,0,0,TOTAL MOT,-1,N/A,0.0,False,-1,N/A,0.0,False,0.0,True,0.0,False,0.0,644425053.0,644425053.0,4,False,True
C,A,20200101,2020,52,2020,156,CHN,China,X,Export,0,W00,World,0,W00,World,H5,HS,True,43,Furskins and artificial fur; manufactures thereof,2,False,C00,TOTAL CPC,0,0,TOTAL MOT,-1,N/A,0.0,False,-1,N/A,0.0,False,0.0,True,0.0,False,0.0,3290593424.0,3290593424.0,4,False,True
C,A,20200101,2020,52,2020,156,CHN,China,X,Export,0,W00,World,0,W00,World,H5,HS,True,44,Wood and articles of wood; wood charcoal,2,False,C00,TOTAL CPC,0,0,TOTAL MOT,-1,N/A,0.0,False,-1,N/A,0.0,False,0.0,True,0.0,False,0.0,13540798148.0,13540798148.0,4,False,True
C,A,20200101,2020,52,2020,156,CHN,China,X,Export,0,W00,World,0,W00,World,H5,HS,True,45,Cork and articles of cork,2,False,C00,TOTAL CPC,0,0,TOTAL MOT,-1,N/A,0.0,False,-1,N/A,0.0,False,0.0,True,0.0,False,0.0,28282978.0,28282978.0,4,False,True
C,A,20200101,2020,52,2020,156,CHN,China,X,Export,0,W00,World,0,W00,World,H5,HS,True,46,"Manufactures of straw, esparto or other plaiting materials; basketware and wickerwork",2,False,C00,TOTAL CPC,0,0,TOTAL MOT,-1,N/A,0.0,False,-1,N/A,0.0,False,0.0,True,0.0,False,0.0,1657742192.0,1657742192.0,4,False,True
C,A,20200101,2020,52,2020,156,CHN,China,X,Export,0,W00,World,0,W00,World,H5,HS,True,47,Pulp of wood or other fibrous cellulosic material; recovered (waste and scrap) paper or paperboard,2,False,C00,TOTAL CPC,0,0,TOTAL MOT,-1,N/A,0.0,False,-1,N/A,0.0,False,0.0,True,0.0,False,0.0,115010164.0,115010164.0,4,False,True
C,A,20200101,2020,52,2020,156,CHN,China,X,Export,0,W00,World,0,W00,World,H5,HS,True,48,"Paper and paperboard; articles of paper pulp, of paper or paperboard",2,False,C00,TOTAL CPC,0,0,TOTAL MOT,-1,N/A,0.0,False,-1,N/A,0.0,False,0.0,True,0.0,False,0.0,20880975661.0,20880975661.0,4,False,True
C,A,20200101,2020,52,2020,156,CHN,China,X,Export,0,W00,World,0,W00,World,H5,HS,True,49,"Printed books, newspapers, pictures and other products of the printing industry; manuscripts, typescripts and plans",2,False,C00,TOTAL CPC,0,0,TOTAL MOT,-1,N/A,0.0,False,-1,N/A,0.0,False,0.0,True,0.0,False,0.0,3489390809.0,3489390809.0,4,False,True
C,A,20200101,2020,52,2020,156,CHN,China,X,Export,0,W00,World,0,W00,World,H5,HS,True,50,Silk,2,False,C00,TOTAL CPC,0,0,TOTAL MOT,-1,N/A,0.0,False,-1,N/A,0.0,False,0.0,True,0.0,False,0.0,511474101.0,511474101.0,4,False,True
C,A,20200101,2020,52,2020,156,CHN,China,X,Export,0,W00,World,0,W00,World,H5,HS,True,51,"Wool, fine or coarse animal hair; horsehair yarn and woven fabric",2,False,C00,TOTAL CPC,0,0,TOTAL MOT,-1,N/A,0.0,False,-1,N/A,0.0,False,0.0,True,0.0,False,0.0,1544596264.0,1544596264.0,4,False,True
C,A,20200101,2020,52,2020,156,CHN,China,X,Export,0,W00,World,0,W00,World,H5,HS,True,52,Cotton,2,False,C00,TOTAL CPC,0,0,TOTAL MOT,-1,N/A,0.0,False,-1,N/A,0.0,False,0.0,True,0.0,False,0.0,10998836956.0,10998836956.0,4,False,True
C,A,20200101,2020,52,2020,156,CHN,China,X,Export,0,W00,World,0,W00,World,H5,HS,True,30,Pharmaceutical products,2,False,C00,TOTAL CPC,0,0,TOTAL MOT,-1,N/A,0.0,False,-1,N/A,0.0,False,0.0,True,0.0,False,0.0,13207628725.0,13207628725.0,4,False,True
C,A,20200101,2020,52,2020,156,CHN,China,X,Export,0,W00,World,0,W00,World,H5,HS,True,31,Fertilizers,2,False,C00,TOTAL CPC,0,0,TOTAL MOT,-1,N/A,0.0,False,-1,N/A,0.0,False,0.0,True,0.0,False,0.0,6567197551.0,6567197551.0,4,False,True
C,A,20200101,2020,52,2020,156,CHN,China,X,Export,0,W00,World,0,W00,World,H5,HS,True,32,"Tanning or dyeing extracts; tannins and their derivatives; dyes, pigments and other colouring matter; paints, varnishes; putty, other mastics; inks",2,False,C00,TOTAL CPC,0,0,TOTAL MOT,-1,N/A,0.0,False,-1,N/A,0.0,False,0.0,True,0.0,False,0.0,7831625996.0,7831625996.0,4,False,True
C,A,20200101,2020,52,2020,156,CHN,China,X,Export,0,W00,World,0,W00,World,H5,HS,True,33,"Essential oils and resinoids; perfumery, cosmetic or toilet preparations",2,False,C00,TOTAL CPC,0,0,TOTAL MOT,-1,N/A,0.0,False,-1,N/A,0.0,False,0.0,True,0.0,False,0.0,5188133502.0,5188133502.0,4,False,True
C,A,20200101,2020,52,2020,156,CHN,China,X,Export,0,W00,World,0,W00,World,H5,HS,True,34,"Soap, organic surface-active agents; washing, lubricating, polishing or scouring preparations; artificial or prepared waxes, candles and similar articles, modelling pastes, dental waxes and dental preparations with a basis of plaster",2,False,C00,TOTAL CPC,0,0,TOTAL MOT,-1,N/A,0.0,False,-1,N/A,0.0,False,0.0,True,0.0,False,0.0,5251974443.0,5251974443.0,4,False,True
C,A,20200101,2020,52,2020,156,CHN,China,X,Export,0,W00,World,0,W00,World,H5,HS,True,35,Albuminoidal substances; modified starches; glues; enzymes,2,False,C00,TOTAL CPC,0,0,TOTAL MOT,-1,N/A,0.0,False,-1,N/A,0.0,False,0.0,True,0.0,False,0.0,3412078991.0,3412078991.0,4,False,True
C,A,20200101,2020,52,2020,156,CHN,China,X,Export,0,W00,World,0,W00,World,H5,HS,True,36,Explosives; pyrotechnic products; matches; pyrophoric alloys; certain combustible preparations,2,False,C00,TOTAL CPC,0,0,TOTAL MOT,-1,N/A,0.0,False,-1,N/A,0.0,False,0.0,True,0.0,False,0.0,726120984.0,726120984.0,4,False,True
C,A,20200101,2020,52,2020,156,CHN,China,X,Export,0,W00,World,0,W00,World,H5,HS,True,38,Chemical products n.e.c.,2,False,C00,TOTAL CPC,0,0,TOTAL MOT,-1,N/A,0.0,False,-1,N/A,0.0,False,0.0,True,0.0,False,0.0,22152577179.0,22152577179.0,4,False,True
C,A,20200101,2020,52,2020,156,CHN,China,X,Export,0,W00,World,0,W00,World,H5,HS,True,39,Plastics and articles thereof,2,False,C00,TOTAL CPC,0,0,TOTAL MOT,-1,N/A,0.0,False,-1,N/A,0.0,False,0.0,True,0.0,False,0.0,96378231416.0,96378231416.0,4,False,True
C,A,20200101,2020,52,2020,156,CHN,China,X,Export,0,W00,World,0,W00,World,H5,HS,True,03,"Fish and crustaceans, molluscs and other aquatic invertebrates",2,False,C00,TOTAL CPC,0,0,TOTAL MOT,-1,N/A,0.0,False,-1,N/A,0.0,False,0.0,True,0.0,False,0.0,10710803005.0,10710803005.0,4,False,True
C,A,20200101,2020,52,2020,156,CHN,China,X,Export,0,W00,World,0,W00,World,H5,HS,True,04,"Dairy produce; birds' eggs; natural honey; edible products of animal origin, not elsewhere specified or included",2,False,C00,TOTAL CPC,0,0,TOTAL MOT,-1,N/A,0.0,False,-1,N/A,0.0,False,0.0,True,0.0,False,0.0,576249879.0,576249879.0,4,False,True
C,A,20200101,2020,52,2020,156,CHN,China,X,Export,0,W00,World,0,W00,World,H5,HS,True,05,Animal originated products; not elsewhere specified or included,2,False,C00,TOTAL CPC,0,0,TOTAL MOT,-1,N/A,0.0,False,-1,N/A,0.0,False,0.0,True,0.0,False,0.0,1826547368.0,1826547368.0,4,False,True
C,A,20200101,2020,52,2020,156,CHN,China,X,Export,0,W00,World,0,W00,World,H5,HS,True,06,"Trees and other plants, live; bulbs, roots and the like; cut flowers and ornamental foliage",2,False,C00,TOTAL CPC,0,0,TOTAL MOT,-1,N/A,0.0,False,-1,N/A,0.0,False,0.0,True,0.0,False,0.0,472625755.0,472625755.0,4,False,True
C,A,20200101,2020,52,2020,156,CHN,China,X,Export,0,W00,World,0,W00,World,H5,HS,True,07,Vegetables and certain roots and tubers; edible,2,False,C00,TOTAL CPC,0,0,TOTAL MOT,-1,N/A,0.0,False,-1,N/A,0.0,False,0.0,True,0.0,False,0.0,9671900149.0,9671900149.0,4,False,True
C,A,20200101,2020,52,2020,156,CHN,China,X,Export,0,W00,World,0,W00,World,H5,HS,True,08,"Fruit and nuts, edible; peel of citrus fruit or melons",2,False,C00,TOTAL CPC,0,0,TOTAL MOT,-1,N/A,0.0,False,-1,N/A,0.0,False,0.0,True,0.0,False,0.0,7063595973.0,7063595973.0,4,False,True
C,A,20200101,2020,52,2020,156,CHN,China,X,Export,0,W00,World,0,W00,World,H5,HS,True,09,"Coffee, tea, mate and spices",2,False,C00,TOTAL CPC,0,0,TOTAL MOT,-1,N/A,0.0,False,-1,N/A,0.0,False,0.0,True,0.0,False,0.0,4035222305.0,4035222305.0,4,False,True
C,A,20200101,2020,52,2020,156,CHN,China,X,Export,0,W00,World,0,W00,World,H5,HS,True,10,Cereals,2,False,C00,TOTAL CPC,0,0,TOTAL MOT,-1,N/A,0.0,False,-1,N/A,0.0,False,0.0,True,0.0,False,0.0,959662739.0,959662739.0,4,False,True
C,A,20200101,2020,52,2020,156,CHN,China,X,Export,0,W00,World,0,W00,World,H5,HS,True,11,"Products of the milling industry; malt, starches, inulin, wheat gluten",2,False,C00,TOTAL CPC,0,0,TOTAL MOT,-1,N/A,0.0,False,-1,N/A,0.0,False,0.0,True,0.0,False,0.0,692543564.0,692543564.0,4,False,True
C,A,20200101,2020,52,2020,156,CHN,China,X,Export,0,W00,World,0,W00,World,H5,HS,True,12,"Oil seeds and oleaginous fruits; miscellaneous grains, seeds and fruit, industrial or medicinal plants; straw and fodder",2,False,C00,TOTAL CPC,0,0,TOTAL MOT,-1,N/A,0.0,False,-1,N/A,0.0,False,0.0,True,0.0,False,0.0,2874554770.0,2874554770.0,4,False,True
C,A,20200101,2020,52,2020,156,CHN,China,X,Export,0,W00,World,0,W00,World,H5,HS,True,13,"Lac; gums, resins and other vegetable saps and extracts",2,False,C00,TOTAL CPC,0,0,TOTAL MOT,-1,N/A,0.0,False,-1,N/A,0.0,False,0.0,True,0.0,False,0.0,1636441918.0,1636441918.0,4,False,True
C,A,20200101,2020,52,2020,156,CHN,China,X,Export,0,W00,World,0,W00,World,H5,HS,True,15,Animal or vegetable fats and oils and their cleavage products; prepared animal fats; animal or vegetable waxes,2,False,C00,TOTAL CPC,0,0,TOTAL MOT,-1,N/A,0.0,False,-1,N/A,0.0,False,0.0,True,0.0,False,0.0,1439275015.0,1439275015.0,4,False,True
C,A,20200101,2020,52,2020,156,CHN,China,X,Export,0,W00,World,0,W00,World,H5,HS,True,16,"Meat, fish or crustaceans, molluscs or other aquatic invertebrates; preparations thereof",2,False,C00,TOTAL CPC,0,0,TOTAL MOT,-1,N/A,0.0,False,-1,N/A,0.0,False,0.0,True,0.0,False,0.0,9164993229.0,9164993229.0,4,False,True
C,A,20200101,2020,52,2020,156,CHN,China,X,Export,0,W00,World,0,W00,World,H5,HS,True,17,Sugars and sugar confectionery,2,False,C00,TOTAL CPC,0,0,TOTAL MOT,-1,N/A,0.0,False,-1,N/A,0.0,False,0.0,True,0.0,False,0.0,1702783574.0,1702783574.0,4,False,True
C,A,20200101,2020,52,2020,156,CHN,China,X,Export,0,W00,World,0,W00,World,H5,HS,True,19,"Preparations of cereals, flour, starch or milk; pastrycooks' products",2,False,C00,TOTAL CPC,0,0,TOTAL MOT,-1,N/A,0.0,False,-1,N/A,0.0,False,0.0,True,0.0,False,0.0,2009527509.0,2009527509.0,4,False,True
C,A,20200101,2020,52,2020,156,CHN,China,X,Export,0,W00,World,0,W00,World,H5,HS,True,20,"Preparations of vegetables, fruit, nuts or other parts of plants",2,False,C00,TOTAL CPC,0,0,TOTAL MOT,-1,N/A,0.0,False,-1,N/A,0.0,False,0.0,True,0.0,False,0.0,7610993301.0,7610993301.0,4,False,True
C,A,20200101,2020,52,2020,156,CHN,China,X,Export,0,W00,World,0,W00,World,H5,HS,True,21,Miscellaneous edible preparations,2,False,C00,TOTAL CPC,0,0,TOTAL MOT,-1,N/A,0.0,False,-1,N/A,0.0,False,0.0,True,0.0,False,0.0,4559733175.0,4559733175.0,4,False,True
C,A,20200101,2020,52,2020,156,CHN,China,X,Export,0,W00,World,0,W00,World,H5,HS,True,22,"Beverages, spirits and vinegar",2,False,C00,TOTAL CPC,0,0,TOTAL MOT,-1,N/A,0.0,False,-1,N/A,0.0,False,0.0,True,0.0,False,0.0,2023105932.0,2023105932.0,4,False,True
C,A,20200101,2020,52,2020,156,CHN,China,X,Export,0,W00,World,0,W00,World,H5,HS,True,23,"Food industries, residues and wastes thereof; prepared animal fodder",2,False,C00,TOTAL CPC,0,0,TOTAL MOT,-1,N/A,0.0,False,-1,N/A,0.0,False,0.0,True,0.0,False,0.0,2922172738.0,2922172738.0,4,False,True
C,A,20200101,2020,52,2020,156,CHN,China,X,Export,0,W00,World,0,W00,World,H5,HS,True,24,Tobacco and manufactured tobacco substitutes,2,False,C00,TOTAL CPC,0,0,TOTAL MOT,-1,N/A,0.0,False,-1,N/A,0.0,False,0.0,True,0.0,False,0.0,778777784.0,778777784.0,4,False,True
C,A,20200101,2020,52,2020,156,CHN,China,X,Export,0,W00,World,0,W00,World,H5,HS,True,25,"Salt; sulphur; earths, stone; plastering materials, lime and cement",2,False,C00,TOTAL CPC,0,0,TOTAL MOT,-1,N/A,0.0,False,-1,N/A,0.0,False,0.0,True,0.0,False,0.0,3102432892.0,3102432892.0,4,False,True
C,A,20200101,2020,52,2020,156,CHN,China,X,Export,0,W00,World,0,W00,World,H5,HS,True,26,"Ores, slag and ash",2,False,C00,TOTAL CPC,0,0,TOTAL MOT,-1,N/A,0.0,False,-1,N/A,0.0,False,0.0,True,0.0,False,0.0,1942480630.0,1942480630.0,4,False,True
C,A,20200101,2020,52,2020,156,CHN,China,X,Export,0,W00,World,0,W00,World,H5,HS,True,29,Organic chemicals,2,False,C00,TOTAL CPC,0,0,TOTAL MOT,-1,N/A,0.0,False,-1,N/A,0.0,False,0.0,True,0.0,False,0.0,56953837176.0,56953837176.0,4,False,True
C,A,20200101,2020,52,2020,156,CHN,China,X,Export,0,W00,World,0,W00,World,H5,HS,True,99,Commodities not specified according to kind,2,False,C00,TOTAL CPC,0,0,TOTAL MOT,-1,N/A,0.0,False,-1,N/A,0.0,False,0.0,False,0.0,False,0.0,24996277382.0,24996277382.0,0,False,True
C,A,20200101,2020,52,2020,156,CHN,China,X,Export,0,W00,World,0,W00,World,H5,HS,True,02,Meat and edible meat offal,2,False,C00,TOTAL CPC,0,0,TOTAL MOT,-1,N/A,0.0,False,-1,N/A,0.0,False,0.0,False,0.0,False,0.0,710791472.0,710791472.0,0,False,True
C,A,20200101,2020,52,2020,156,CHN,China,X,Export,0,W00,World,0,W00,World,H5,HS,True,14,Vegetable plaiting materials; vegetable products not elsewhere specified or included,2,False,C00,TOTAL CPC,0,0,TOTAL MOT,-1,N/A,0.0,False,-1,N/A,0.0,False,0.0,False,0.0,False,0.0,157075912.0,157075912.0,0,False,True
C,A,20200101,2020,52,2020,156,CHN,China,X,Export,0,W00,World,0,W00,World,H5,HS,True,18,Cocoa and cocoa preparations,2,False,C00,TOTAL CPC,0,0,TOTAL MOT,-1,N/A,0.0,False,-1,N/A,0.0,False,0.0,False,0.0,False,0.0,327418154.0,327418154.0,0,False,True
C,A,20200101,2020,52,2020,704,VNM,Viet Nam,X,Export,0,W00,World,0,W00,World,H5,HS,True,02,Meat and edible meat offal,2,False,C00,TOTAL CPC,0,0,TOTAL MOT,-1,N/A,0.0,False,-1,N/A,0.0,False,0.0,True,0.0,False,0.0,68661546.883,68661546.883,4,False,True
C,A,20200101,2020,52,2020,704,VNM,Viet Nam,X,Export,0,W00,World,0,W00,World,H5,HS,True,06,"Trees and other plants, live; bulbs, roots and the like; cut flowers and ornamental foliage",2,False,C00,TOTAL CPC,0,0,TOTAL MOT,-1,N/A,0.0,False,-1,N/A,0.0,False,0.0,True,0.0,False,0.0,78748661.364,78748661.364,4,False,True
C,A,20200101,2020,52,2020,704,VNM,Viet Nam,X,Export,0,W00,World,0,W00,World,H5,HS,True,07,Vegetables and certain roots and tubers; edible,2,False,C00,TOTAL CPC,0,0,TOTAL MOT,-1,N/A,0.0,False,-1,N/A,0.0,False,0.0,True,0.0,False,0.0,413537211.254,413537211.254,4,False,True
C,A,20200101,2020,52,2020,704,VNM,Viet Nam,X,Export,0,W00,World,0,W00,World,H5,HS,True,08,"Fruit and nuts, edible; peel of citrus fruit or melons",2,False,C00,TOTAL CPC,0,0,TOTAL MOT,-1,N/A,0.0,False,-1,N/A,0.0,False,0.0,True,0.0,False,0.0,5087836190.549,5087836190.549,4,False,True
C,A,20200101,2020,52,2020,704,VNM,Viet Nam,X,Export,0,W00,World,0,W00,World,H5,HS,True,09,"Coffee, tea, mate and spices",2,False,C00,TOTAL CPC,0,0,TOTAL MOT,-1,N/A,0.0,False,-1,N/A,0.0,False,0.0,True,0.0,False,0.0,3166060236.244,3166060236.244,4,False,True
C,A,20200101,2020,52,2020,704,VNM,Viet Nam,X,Export,0,W00,World,0,W00,World,H5,HS,True,10,Cereals,2,False,C00,TOTAL CPC,0,0,TOTAL MOT,-1,N/A,0.0,False,-1,N/A,0.0,False,0.0,True,0.0,False,0.0,2930514514.77,2930514514.77,4,False,True
C,A,20200101,2020,52,2020,704,VNM,Viet Nam,X,Export,0,W00,World,0,W00,World,H5,HS,True,11,"Products of the milling industry; malt, starches, inulin, wheat gluten",2,False,C00,TOTAL CPC,0,0,TOTAL MOT,-1,N/A,0.0,False,-1,N/A,0.0,False,0.0,True,0.0,False,0.0,988860524.83,988860524.83,4,False,True
C,A,20200101,2020,52,2020,704,VNM,Viet Nam,X,Export,0,W00,World,0,W00,World,H5,HS,True,15,Animal or vegetable fats and oils and their cleavage products; prepared animal fats; animal or vegetable waxes,2,False,C00,TOTAL CPC,0,0,TOTAL MOT,-1,N/A,0.0,False,-1,N/A,0.0,False,0.0,True,0.0,False,0.0,248505960.094,248505960.094,4,False,True
C,A,20200101,2020,52,2020,704,VNM,Viet Nam,X,Export,0,W00,World,0,W00,World,H5,HS,True,16,"Meat, fish or crustaceans, molluscs or other aquatic invertebrates; preparations thereof",2,False,C00,TOTAL CPC,0,0,TOTAL MOT,-1,N/A,0.0,False,-1,N/A,0.0,False,0.0,True,0.0,False,0.0,2512418904.676,2512418904.676,4,False,True
C,A,20200101,2020,52,2020,704,VNM,Viet Nam,X,Export,0,W00,World,0,W00,World,H5,HS,True,17,Sugars and sugar confectionery,2,False,C00,TOTAL CPC,0,0,TOTAL MOT,-1,N/A,0.0,False,-1,N/A,0.0,False,0.0,True,0.0,False,0.0,201275961.692,201275961.692,4,False,True
C,A,20200101,2020,52,2020,704,VNM,Viet Nam,X,Export,0,W00,World,0,W00,World,H5,HS,True,19,"Preparations of cereals, flour, starch or milk; pastrycooks' products",2,False,C00,TOTAL CPC,0,0,TOTAL MOT,-1,N/A,0.0,False,-1,N/A,0.0,False,0.0,True,0.0,False,0.0,780373336.003,780373336.003,4,False,True
C,A,20200101,2020,52,2020,704,VNM,Viet Nam,X,Export,0,W00,World,0,W00,World,H5,HS,True,20,"Preparations of vegetables, fruit, nuts or other parts of plants",2,False,C00,TOTAL CPC,0,0,TOTAL MOT,-1,N/A,0.0,False,-1,N/A,0.0,False,0.0,True,0.0,False,0.0,929787163.016,929787163.016,4,False,True
C,A,20200101,2020,52,2020,704,VNM,Viet Nam,X,Export,0,W00,World,0,W00,World,H5,HS,True,21,Miscellaneous edible preparations,2,False,C00,TOTAL CPC,0,0,TOTAL MOT,-1,N/A,0.0,False,-1,N/A,0.0,False,0.0,True,0.0,False,0.0,837126556.26,837126556.26,4,False,True
C,A,20200101,2020,52,2020,704,VNM,Viet Nam,X,Export,0,W00,World,0,W00,World,H5,HS,True,22,"Beverages, spirits and vinegar",2,False,C00,TOTAL CPC,0,0,TOTAL MOT,-1,N/A,0.0,False,-1,N/A,0.0,False,0.0,True,0.0,False,0.0,245520567.261,245520567.261,4,False,True
C,A,20200101,2020,52,2020,704,VNM,Viet Nam,X,Export,0,W00,World,0,W00,World,H5,HS,True,24,Tobacco and manufactured tobacco substitutes,2,False,C00,TOTAL CPC,0,0,TOTAL MOT,-1,N/A,0.0,False,-1,N/A,0.0,False,0.0,True,0.0,False,0.0,232072411.591,232072411.591,4,False,True
C,A,20200101,2020,52,2020,704,VNM,Viet Nam,X,Export,0,W00,World,0,W00,World,H5,HS,True,31,Fertilizers,2,False,C00,TOTAL CPC,0,0,TOTAL MOT,-1,N/A,0.0,False,-1,N/A,0.0,False,0.0,True,0.0,False,0.0,328850861.579,328850861.579,4,False,True
C,A,20200101,2020,52,2020,704,VNM,Viet Nam,X,Export,0,W00,World,0,W00,World,H5,HS,True,34,"Soap, organic surface-active agents; washing, lubricating, polishing or scouring preparations; artificial or prepared waxes, candles and similar articles, modelling pastes, dental waxes and dental preparations with a basis of plaster",2,False,C00,TOTAL CPC,0,0,TOTAL MOT,-1,N/A,0.0,False,-1,N/A,0.0,False,0.0,True,0.0,False,0.0,686716423.431,686716423.431,4,False,True
C,A,20200101,2020,52,2020,704,VNM,Viet Nam,X,Export,0,W00,World,0,W00,World,H5,HS,True,38,Chemical products n.e.c.,2,False,C00,TOTAL CPC,0,0,TOTAL MOT,-1,N/A,0.0,False,-1,N/A,0.0,False,0.0,True,0.0,False,0.0,947114886.168,947114886.168,4,False,True
C,A,20200101,2020,52,2020,704,VNM,Viet Nam,X,Export,0,W00,World,0,W00,World,H5,HS,True,39,Plastics and articles thereof,2,False,C00,TOTAL CPC,0,0,TOTAL MOT,-1,N/A,0.0,False,-1,N/A,0.0,False,0.0,True,0.0,False,0.0,5161177590.418,5161177590.418,4,False,True
C,A,20200101,2020,52,2020,704,VNM,Viet Nam,X,Export,0,W00,World,0,W00,World,H5,HS,True,47,Pulp of wood or other fibrous cellulosic material; recovered (waste and scrap) paper or paperboard,2,False,C00,TOTAL CPC,0,0,TOTAL MOT,-1,N/A,0.0,False,-1,N/A,0.0,False,0.0,True,0.0,False,0.0,16941690.747,16941690.747,4,False,True
C,A,20200101,2020,52,2020,704,VNM,Viet Nam,X,Export,0,W00,World,0,W00,World,H5,HS,True,50,Silk,2,False,C00,TOTAL CPC,0,0,TOTAL MOT,-1,N/A,0.0,False,-1,N/A,0.0,False,0.0,True,0.0,False,0.0,74507682.927,74507682.927,4,False,True
C,A,20200101,2020,52,2020,704,VNM,Viet Nam,X,Export,0,W00,World,0,W00,World,H5,HS,True,51,"Wool, fine or coarse animal hair; horsehair yarn and woven fabric",2,False,C00,TOTAL CPC,0,0,TOTAL MOT,-1,N/A,0.0,False,-1,N/A,0.0,False,0.0,True,0.0,False,0.0,17740796.156,17740796.156,4,False,True
C,A,20200101,2020,52,2020,704,VNM,Viet Nam,X,Export,0,W00,World,0,W00,World,H5,HS,True,52,Cotton,2,False,C00,TOTAL CPC,0,0,TOTAL MOT,-1,N/A,0.0,False,-1,N/A,0.0,False,0.0,True,0.0,False,0.0,2707568089.946,2707568089.946,4,False,True
C,A,20200101,2020,52,2020,704,VNM,Viet Nam,X,Export,0,W00,World,0,W00,World,H5,HS,True,54,Man-made filaments; strip and the like of man-made textile materials,2,False,C00,TOTAL CPC,0,0,TOTAL MOT,-1,N/A,0.0,False,-1,N/A,0.0,False,0.0,True,0.0,False,0.0,979956223.043,979956223.043,4,False,True
C,A,20200101,2020,52,2020,704,VNM,Viet Nam,X,Export,0,W00,World,0,W00,World,H5,HS,True,55,Man-made staple fibres,2,False,C00,TOTAL CPC,0,0,TOTAL MOT,-1,N/A,0.0,False,-1,N/A,0.0,False,0.0,True,0.0,False,0.0,522073880.35,522073880.35,4,False,True
C,A,20200101,2020,52,2020,704,VNM,Viet Nam,X,Export,0,W00,World,0,W00,World,H5,HS,True,57,Carpets and other textile floor coverings,2,False,C00,TOTAL CPC,0,0,TOTAL MOT,-1,N/A,0.0,False,-1,N/A,0.0,False,0.0,True,0.0,False,0.0,284064237.797,284064237.797,4,False,True
C,A,20200101,2020,52,2020,704,VNM,Viet Nam,X,Export,0,W00,World,0,W00,World,H5,HS,True,60,Fabrics; knitted or crocheted,2,False,C00,TOTAL CPC,0,0,TOTAL MOT,-1,N/A,0.0,False,-1,N/A,0.0,False,0.0,True,0.0,False,0.0,1134208499.309,1134208499.309,4,False,True
C,A,20200101,2020,52,2020,704,VNM,Viet Nam,X,Export,0,W00,World,0,W00,World,H5,HS,True,61,Apparel and clothing accessories; knitted or crocheted,2,False,C00,TOTAL CPC,0,0,TOTAL MOT,-1,N/A,0.0,False,-1,N/A,0.0,False,0.0,True,0.0,False,0.0,13700826898.826,13700826898.826,4,False,True
C,A,20200101,2020,52,2020,704,VNM,Viet Nam,X,Export,0,W00,World,0,W00,World,H5,HS,True,62,Apparel and clothing accessories; not knitted or crocheted,2,False,C00,TOTAL CPC,0,0,TOTAL MOT,-1,N/A,0.0,False,-1,N/A,0.0,False,0.0,True,0.0,False,0.0,13329805832.766,13329805832.766,4,False,True
C,A,20200101,2020,52,2020,704,VNM,Viet Nam,X,Export,0,W00,World,0,W00,World,H5,HS,True,63,"Textiles, made up articles; sets; worn clothing and worn textile articles; rags",2,False,C00,TOTAL CPC,0,0,TOTAL MOT,-1,N/A,0.0,False,-1,N/A,0.0,False,0.0,True,0.0,False,0.0,3188383708.179,3188383708.179,4,False,True
C,A,20200101,2020,52,2020,704,VNM,Viet Nam,X,Export,0,W00,World,0,W00,World,H5,HS,True,64,Footwear; gaiters and the like; parts of such articles,2,False,C00,TOTAL CPC,0,0,TOTAL MOT,-1,N/A,0.0,False,-1,N/A,0.0,False,0.0,True,0.0,False,0.0,17253935683.02,17253935683.02,4,False,True
C,A,20200101,2020,52,2020,704,VNM,Viet Nam,X,Export,0,W00,World,0,W00,World,H5,HS,True,66,"Umbrellas, sun umbrellas, walking-sticks, seat sticks, whips, riding crops; and parts thereof",2,False,C00,TOTAL CPC,0,0,TOTAL MOT,-1,N/A,0.0,False,-1,N/A,0.0,False,0.0,True,0.0,False,0.0,18641235.129,18641235.129,4,False,True
C,A,20200101,2020,52,2020,704,VNM,Viet Nam,X,Export,0,W00,World,0,W00,World,H5,HS,True,72,Iron and steel,2,False,C00,TOTAL CPC,0,0,TOTAL MOT,-1,N/A,0.0,False,-1,N/A,0.0,False,0.0,True,0.0,False,0.0,5339979332.408,5339979332.408,4,False,True
C,A,20200101,2020,52,2020,704,VNM,Viet Nam,X,Export,0,W00,World,0,W00,World,H5,HS,True,73,Iron or steel articles,2,False,C00,TOTAL CPC,0,0,TOTAL MOT,-1,N/A,0.0,False,-1,N/A,0.0,False,0.0,True,0.0,False,0.0,3072627915.573,3072627915.573,4,False,True
C,A,20200101,2020,52,2020,704,VNM,Viet Nam,X,Export,0,W00,World,0,W00,World,H5,HS,True,76,Aluminium and articles thereof,2,False,C00,TOTAL CPC,0,0,TOTAL MOT,-1,N/A,0.0,False,-1,N/A,0.0,False,0.0,True,0.0,False,0.0,1419204615.099,1419204615.099,4,False,True
C,A,20200101,2020,52,2020,704,VNM,Viet Nam,X,Export,0,W00,World,0,W00,World,H5,HS,True,79,Zinc and articles thereof,2,False,C00,TOTAL CPC,0,0,TOTAL MOT,-1,N/A,0.0,False,-1,N/A,0.0,False,0.0,True,0.0,False,0.0,15015676.971,15015676.971,4,False,True
C,A,20200101,2020,52,2020,704,VNM,Viet Nam,X,Export,0,W00,World,0,W00,World,H5,HS,True,82,"Tools, implements, cutlery, spoons and forks, of base metal; parts thereof, of base metal",2,False,C00,TOTAL CPC,0,0,TOTAL MOT,-1,N/A,0.0,False,-1,N/A,0.0,False,0.0,True,0.0,False,0.0,704221963.308,704221963.308,4,False,True
C,A,20200101,2020,52,2020,704,VNM,Viet Nam,X,Export,0,W00,World,0,W00,World,H5,HS,True,83,Metal; miscellaneous products of base metal,2,False,C00,TOTAL CPC,0,0,TOTAL MOT,-1,N/A,0.0,False,-1,N/A,0.0,False,0.0,True,0.0,False,0.0,608347439.897,608347439.897,4,False,True
C,A,20200101,2020,52,2020,704,VNM,Viet Nam,X,Export,0,W00,World,0,W00,World,H5,HS,True,84,"Nuclear reactors, boilers, machinery and mechanical appliances; parts thereof",2,False,C00,TOTAL CPC,0,0,TOTAL MOT,-1,N/A,0.0,False,-1,N/A,0.0,False,0.0,True,0.0,False,0.0,18416120894.969,18416120894.969,4,False,True
C,A,20200101,2020,52,2020,704,VNM,Viet Nam,X,Export,0,W00,World,0,W00,World,H5,HS,True,85,"Electrical machinery and equipment and parts thereof; sound recorders and reproducers; television image and sound recorders and reproducers, parts and accessories of such articles",2,False,C00,TOTAL CPC,0,0,TOTAL MOT,-1,N/A,0.0,False,-1,N/A,0.0,False,0.0,True,0.0,False,0.0,111092752025.438,111092752025.438,4,False,True
C,A,20200101,2020,52,2020,704,VNM,Viet Nam,X,Export,0,W00,World,0,W00,World,H5,HS,True,87,"Vehicles; other than railway or tramway rolling stock, and parts and accessories thereof",2,False,C00,TOTAL CPC,0,0,TOTAL MOT,-1,N/A,0.0,False,-1,N/A,0.0,False,0.0,True,0.0,False,0.0,3157263630.271,3157263630.271,4,False,True
C,A,20200101,2020,52,2020,704,VNM,Viet Nam,X,Export,0,W00,World,0,W00,World,H5,HS,True,92,Musical instruments; parts and accessories of such articles,2,False,C00,TOTAL CPC,0,0,TOTAL MOT,-1,N/A,0.0,False,-1,N/A,0.0,False,0.0,True,0.0,False,0.0,29060082.785,29060082.785,4,False,True
C,A,20200101,2020,52,2020,704,VNM,Viet Nam,X,Export,0,W00,World,0,W00,World,H5,HS,True,93,Arms and ammunition; parts and accessories thereof,2,False,C00,TOTAL CPC,0,0,TOTAL MOT,-1,N/A,0.0,False,-1,N/A,0.0,False,0.0,True,0.0,False,0.0,14600.0,14600.0,4,False,True
C,A,20200101,2020,52,2020,704,VNM,Viet Nam,X,Export,0,W00,World,0,W00,World,H5,HS,True,94,"Furniture; bedding, mattresses, mattress supports, cushions and similar stuffed furnishings; lamps and lighting fittings, n.e.c.; illuminated signs, illuminated name-plates and the like; prefabricated buildings",2,False,C00,TOTAL CPC,0,0,TOTAL MOT,-1,N/A,0.0,False,-1,N/A,0.0,False,0.0,True,0.0,False,0.0,11982026304.354,11982026304.354,4,False,True
C,A,20200101,2020,52,2020,704,VNM,Viet Nam,X,Export,0,W00,World,0,W00,World,H5,HS,True,95,"Toys, games and sports requisites; parts and accessories thereof",2,False,C00,TOTAL CPC,0,0,TOTAL MOT,-1,N/A,0.0,False,-1,N/A,0.0,False,0.0,True,0.0,False,0.0,2886424178.057,2886424178.057,4,False,True
C,A,20200101,2020,52,2020,704,VNM,Viet Nam,X,Export,0,W00,World,0,W00,World,H5,HS,True,99,Commodities not specified according to kind,2,False,C00,TOTAL CPC,0,0,TOTAL MOT,-1,N/A,0.0,False,-1,N/A,0.0,False,0.0,False,0.0,False,0.0,2888636218.233,2888636218.233,0,False,True
C,A,20200101,2020,52,2020,704,VNM,Viet Nam,X,Export,0,W00,World,0,W00,World,H5,HS,True,01,Animals; live,2,False,C00,TOTAL CPC,0,0,TOTAL MOT,-1,N/A,0.0,False,-1,N/A,0.0,False,0.0,True,0.0,False,0.0,7002695.18,7002695.18,4,False,True
C,A,20200101,2020,52,2020,704,VNM,Viet Nam,X,Export,0,W00,World,0,W00,World,H5,HS,True,03,"Fish and crustaceans, molluscs and other aquatic invertebrates",2,False,C00,TOTAL CPC,0,0,TOTAL MOT,-1,N/A,0.0,False,-1,N/A,0.0,False,0.0,True,0.0,False,0.0,5771043979.475,5771043979.475,4,False,True
C,A,20200101,2020,52,2020,704,VNM,Viet Nam,X,Export,0,W00,World,0,W00,World,H5,HS,True,04,"Dairy produce; birds' eggs; natural honey; edible products of animal origin, not elsewhere specified or included",2,False,C00,TOTAL CPC,0,0,TOTAL MOT,-1,N/A,0.0,False,-1,N/A,0.0,False,0.0,True,0.0,False,0.0,175412952.628,175412952.628,4,False,True
C,A,20200101,2020,52,2020,704,VNM,Viet Nam,X,Export,0,W00,World,0,W00,World,H5,HS,True,05,Animal originated products; not elsewhere specified or included,2,False,C00,TOTAL CPC,0,0,TOTAL MOT,-1,N/A,0.0,False,-1,N/A,0.0,False,0.0,True,0.0,False,0.0,73335117.339,73335117.339,4,False,True
C,A,20200101,2020,52,2020,704,VNM,Viet Nam,X,Export,0,W00,World,0,W00,World,H5,HS,True,12,"Oil seeds and oleaginous fruits; miscellaneous grains, seeds and fruit, industrial or medicinal plants; straw and fodder",2,False,C00,TOTAL CPC,0,0,TOTAL MOT,-1,N/A,0.0,False,-1,N/A,0.0,False,0.0,True,0.0,False,0.0,207223562.314,207223562.314,4,False,True
C,A,20200101,2020,52,2020,704,VNM,Viet Nam,X,Export,0,W00,World,0,W00,World,H5,HS,True,13,"Lac; gums, resins and other vegetable saps and extracts",2,False,C00,TOTAL CPC,0,0,TOTAL MOT,-1,N/A,0.0,False,-1,N/A,0.0,False,0.0,True,0.0,False,0.0,62610628.966,62610628.966,4,False,True
C,A,20200101,2020,52,2020,704,VNM,Viet Nam,X,Export,0,W00,World,0,W00,World,H5,HS,True,14,Vegetable plaiting materials; vegetable products not elsewhere specified or included,2,False,C00,TOTAL CPC,0,0,TOTAL MOT,-1,N/A,0.0,False,-1,N/A,0.0,False,0.0,True,0.0,False,0.0,30892922.012,30892922.012,4,False,True
C,A,20200101,2020,52,2020,704,VNM,Viet Nam,X,Export,0,W00,World,0,W00,World,H5,HS,True,18,Cocoa and cocoa preparations,2,False,C00,TOTAL CPC,0,0,TOTAL MOT,-1,N/A,0.0,False,-1,N/A,0.0,False,0.0,True,0.0,False,0.0,22555929.469,22555929.469,4,False,True
C,A,20200101,2020,52,2020,704,VNM,Viet Nam,X,Export,0,W00,World,0,W00,World,H5,HS,True,23,"Food industries, residues and wastes thereof; prepared animal fodder",2,False,C00,TOTAL CPC,0,0,TOTAL MOT,-1,N/A,0.0,False,-1,N/A,0.0,False,0.0,True,0.0,False,0.0,793774370.732,793774370.732,4,False,True
C,A,20200101,2020,52,2020,704,VNM,Viet Nam,X,Export,0,W00,World,0,W00,World,H5,HS,True,25,"Salt; sulphur; earths, stone; plastering materials, lime and cement",2,False,C00,TOTAL CPC,0,0,TOTAL MOT,-1,N/A,0.0,False,-1,N/A,0.0,False,0.0,True,0.0,False,0.0,1773135609.837,1773135609.837,4,False,True
C,A,20200101,2020,52,2020,704,VNM,Viet Nam,X,Export,0,W00,World,0,W00,World,H5,HS,True,26,"Ores, slag and ash",2,False,C00,TOTAL CPC,0,0,TOTAL MOT,-1,N/A,0.0,False,-1,N/A,0.0,False,0.0,True,0.0,False,0.0,133295828.539,133295828.539,4,False,True
C,A,20200101,2020,52,2020,704,VNM,Viet Nam,X,Export,0,W00,World,0,W00,World,H5,HS,True,27,"Mineral fuels, mineral oils and products of their distillation; bituminous substances; mineral waxes",2,False,C00,TOTAL CPC,0,0,TOTAL MOT,-1,N/A,0.0,False,-1,N/A,0.0,False,0.0,True,0.0,False,0.0,2672021284.23,2672021284.23,4,False,True
C,A,20200101,2020,52,2020,704,VNM,Viet Nam,X,Export,0,W00,World,0,W00,World,H5,HS,True,28,"Inorganic chemicals; organic and inorganic compounds of precious metals; of rare earth metals, of radio-active elements and of isotopes",2,False,C00,TOTAL CPC,0,0,TOTAL MOT,-1,N/A,0.0,False,-1,N/A,0.0,False,0.0,True,0.0,False,0.0,1056600314.04,1056600314.04,4,False,True
C,A,20200101,2020,52,2020,704,VNM,Viet Nam,X,Export,0,W00,World,0,W00,World,H5,HS,True,29,Organic chemicals,2,False,C00,TOTAL CPC,0,0,TOTAL MOT,-1,N/A,0.0,False,-1,N/A,0.0,False,0.0,True,0.0,False,0.0,581293836.851,581293836.851,4,False,True
C,A,20200101,2020,52,2020,704,VNM,Viet Nam,X,Export,0,W00,World,0,W00,World,H5,HS,True,30,Pharmaceutical products,2,False,C00,TOTAL CPC,0,0,TOTAL MOT,-1,N/A,0.0,False,-1,N/A,0.0,False,0.0,True,0.0,False,0.0,206195917.368,206195917.368,4,False,True
C,A,20200101,2020,52,2020,704,VNM,Viet Nam,X,Export,0,W00,World,0,W00,World,H5,HS,True,32,"Tanning or dyeing extracts; tannins and their derivatives; dyes, pigments and other colouring matter; paints, varnishes; putty, other mastics; inks",2,False,C00,TOTAL CPC,0,0,TOTAL MOT,-1,N/A,0.0,False,-1,N/A,0.0,False,0.0,True,0.0,False,0.0,153310515.205,153310515.205,4,False,True
C,A,20200101,2020,52,2020,704,VNM,Viet Nam,X,Export,0,W00,World,0,W00,World,H5,HS,True,33,"Essential oils and resinoids; perfumery, cosmetic or toilet preparations",2,False,C00,TOTAL CPC,0,0,TOTAL MOT,-1,N/A,0.0,False,-1,N/A,0.0,False,0.0,True,0.0,False,0.0,324324963.772,324324963.772,4,False,True
C,A,20200101,2020,52,2020,704,VNM,Viet Nam,X,Export,0,W00,World,0,W00,World,H5,HS,True,35,Albuminoidal substances; modified starches; glues; enzymes,2,False,C00,TOTAL CPC,0,0,TOTAL MOT,-1,N/A,0.0,False,-1,N/A,0.0,False,0.0,True,0.0,False,0.0,190353657.822,190353657.822,4,False,True
C,A,20200101,2020,52,2020,704,VNM,Viet Nam,X,Export,0,W00,World,0,W00,World,H5,HS,True,36,Explosives; pyrotechnic products; matches; pyrophoric alloys; certain combustible preparations,2,False,C00,TOTAL CPC,0,0,TOTAL MOT,-1,N/A,0.0,False,-1,N/A,0.0,False,0.0,True,0.0,False,0.0,2365427.99,2365427.99,4,False,True
C,A,20200101,2020,52,2020,704,VNM,Viet Nam,X,Export,0,W00,World,0,W00,World,H5,HS,True,37,Photographic or cinematographic goods,2,False,C00,TOTAL CPC,0,0,TOTAL MOT,-1,N/A,0.0,False,-1,N/A,0.0,False,0.0,True,0.0,False,0.0,1486144.003,1486144.003,4,False,True
C,A,20200101,2020,52,2020,704,VNM,Viet Nam,X,Export,0,W00,World,0,W00,World,H5,HS,True,40,Rubber and articles thereof,2,False,C00,TOTAL CPC,0,0,TOTAL MOT,-1,N/A,0.0,False,-1,N/A,0.0,False,0.0,True,0.0,False,0.0,4684683662.209,4684683662.209,4,False,True
C,A,20200101,2020,52,2020,704,VNM,Viet Nam,X,Export,0,W00,World,0,W00,World,H5,HS,True,41,Raw hides and skins (other than furskins) and leather,2,False,C00,TOTAL CPC,0,0,TOTAL MOT,-1,N/A,0.0,False,-1,N/A,0.0,False,0.0,True,0.0,False,0.0,326584318.626,326584318.626,4,False,True
C,A,20200101,2020,52,2020,704,VNM,Viet Nam,X,Export,0,W00,World,0,W00,World,H5,HS,True,42,"Articles of leather; saddlery and harness; travel goods, handbags and similar containers; articles of animal gut (other than silk-worm gut)",2,False,C00,TOTAL CPC,0,0,TOTAL MOT,-1,N/A,0.0,False,-1,N/A,0.0,False,0.0,True,0.0,False,0.0,2817095047.598,2817095047.598,4,False,True
C,A,20200101,2020,52,2020,704,VNM,Viet Nam,X,Export,0,W00,World,0,W00,World,H5,HS,True,43,Furskins and artificial fur; manufactures thereof,2,False,C00,TOTAL CPC,0,0,TOTAL MOT,-1,N/A,0.0,False,-1,N/A,0.0,False,0.0,True,0.0,False,0.0,1264496.817,1264496.817,4,False,True
C,A,20200101,2020,52,2020,704,VNM,Viet Nam,X,Export,0,W00,World,0,W00,World,H5,HS,True,44,Wood and articles of wood; wood charcoal,2,False,C00,TOTAL CPC,0,0,TOTAL MOT,-1,N/A,0.0,False,-1,N/A,0.0,False,0.0,True,0.0,False,0.0,3504260765.226,3504260765.226,4,False,True
C,A,20200101,2020,52,2020,704,VNM,Viet Nam,X,Export,0,W00,World,0,W00,World,H5,HS,True,45,Cork and articles of cork,2,False,C00,TOTAL CPC,0,0,TOTAL MOT,-1,N/A,0.0,False,-1,N/A,0.0,False,0.0,True,0.0,False,0.0,901705.095,901705.095,4,False,True
C,A,20200101,2020,52,2020,704,VNM,Viet Nam,X,Export,0,W00,World,0,W00,World,H5,HS,True,46,"Manufactures of straw, esparto or other plaiting materials; basketware and wickerwork",2,False,C00,TOTAL CPC,0,0,TOTAL MOT,-1,N/A,0.0,False,-1,N/A,0.0,False,0.0,True,0.0,False,0.0,302150795.167,302150795.167,4,False,True
C,A,20200101,2020,52,2020,704,VNM,Viet Nam,X,Export,0,W00,World,0,W00,World,H5,HS,True,48,"Paper and paperboard; articles of paper pulp, of paper or paperboard",2,False,C00,TOTAL CPC,0,0,TOTAL MOT,-1,N/A,0.0,False,-1,N/A,0.0,False,0.0,True,0.0,False,0.0,1392392438.371,1392392438.371,4,False,True
C,A,20200101,2020,52,2020,704,VNM,Viet Nam,X,Export,0,W00,World,0,W00,World,H5,HS,True,49,"Printed books, newspapers, pictures and other products of the printing industry; manuscripts, typescripts and plans",2,False,C00,TOTAL CPC,0,0,TOTAL MOT,-1,N/A,0.0,False,-1,N/A,0.0,False,0.0,True,0.0,False,0.0,95246019.003,95246019.003,4,False,True
C,A,20200101,2020,52,2020,704,VNM,Viet Nam,X,Export,0,W00,World,0,W00,World,H5,HS,True,53,Vegetable textile fibres; paper yarn and woven fabrics of paper yarn,2,False,C00,TOTAL CPC,0,0,TOTAL MOT,-1,N/A,0.0,False,-1,N/A,0.0,False,0.0,True,0.0,False,0.0,30371317.193,30371317.193,4,False,True
C,A,20200101,2020,52,2020,704,VNM,Viet Nam,X,Export,0,W00,World,0,W00,World,H5,HS,True,56,"Wadding, felt and nonwovens, special yarns; twine, cordage, ropes and cables and articles thereof",2,False,C00,TOTAL CPC,0,0,TOTAL MOT,-1,N/A,0.0,False,-1,N/A,0.0,False,0.0,True,0.0,False,0.0,426752703.371,426752703.371,4,False,True
C,A,20200101,2020,52,2020,704,VNM,Viet Nam,X,Export,0,W00,World,0,W00,World,H5,HS,True,58,"Fabrics; special woven fabrics, tufted textile fabrics, lace, tapestries, trimmings, embroidery",2,False,C00,TOTAL CPC,0,0,TOTAL MOT,-1,N/A,0.0,False,-1,N/A,0.0,False,0.0,True,0.0,False,0.0,119030040.795,119030040.795,4,False,True
C,A,20200101,2020,52,2020,704,VNM,Viet Nam,X,Export,0,W00,World,0,W00,World,H5,HS,True,59,"Textile fabrics; impregnated, coated, covered or laminated; textile articles of a kind suitable for industrial use",2,False,C00,TOTAL CPC,0,0,TOTAL MOT,-1,N/A,0.0,False,-1,N/A,0.0,False,0.0,True,0.0,False,0.0,584394972.416,584394972.416,4,False,True
C,A,20200101,2020,52,2020,704,VNM,Viet Nam,X,Export,0,W00,World,0,W00,World,H5,HS,True,65,Headgear and parts thereof,2,False,C00,TOTAL CPC,0,0,TOTAL MOT,-1,N/A,0.0,False,-1,N/A,0.0,False,0.0,True,0.0,False,0.0,452887709.733,452887709.733,4,False,True
C,A,20200101,2020,52,2020,704,VNM,Viet Nam,X,Export,0,W00,World,0,W00,World,H5,HS,True,67,"Feathers and down, prepared; and articles made of feather or of down; artificial flowers; articles of human hair",2,False,C00,TOTAL CPC,0,0,TOTAL MOT,-1,N/A,0.0,False,-1,N/A,0.0,False,0.0,True,0.0,False,0.0,58861571.948,58861571.948,4,False,True
C,A,20200101,2020,52,2020,704,VNM,Viet Nam,X,Export,0,W00,World,0,W00,World,H5,HS,True,68,"Stone, plaster, cement, asbestos, mica or similar materials; articles thereof",2,False,C00,TOTAL CPC,0,0,TOTAL MOT,-1,N/A,0.0,False,-1,N/A,0.0,False,0.0,True,0.0,False,0.0,620584499.88,620584499.88,4,False,True
C,A,20200101,2020,52,2020,704,VNM,Viet Nam,X,Export,0,W00,World,0,W00,World,H5,HS,True,69,Ceramic products,2,False,C00,TOTAL CPC,0,0,TOTAL MOT,-1,N/A,0.0,False,-1,N/A,0.0,False,0.0,True,0.0,False,0.0,565031970.713,565031970.713,4,False,True
C,A,20200101,2020,52,2020,704,VNM,Viet Nam,X,Export,0,W00,World,0,W00,World,H5,HS,True,70,Glass and glassware,2,False,C00,TOTAL CPC,0,0,TOTAL MOT,-1,N/A,0.0,False,-1,N/A,0.0,False,0.0,True,0.0,False,0.0,881413984.894,881413984.894,4,False,True
C,A,20200101,2020,52,2020,704,VNM,Viet Nam,X,Export,0,W00,World,0,W00,World,H5,HS,True,71,"Natural, cultured pearls; precious, semi-precious stones; precious metals, metals clad with precious metal, and articles thereof; imitation jewellery; coin",2,False,C00,TOTAL CPC,0,0,TOTAL MOT,-1,N/A,0.0,False,-1,N/A,0.0,False,0.0,True,0.0,False,0.0,2754796620.819,2754796620.819,4,False,True
C,A,20200101,2020,52,2020,704,VNM,Viet Nam,X,Export,0,W00,World,0,W00,World,H5,HS,True,74,Copper and articles thereof,2,False,C00,TOTAL CPC,0,0,TOTAL MOT,-1,N/A,0.0,False,-1,N/A,0.0,False,0.0,True,0.0,False,0.0,1229135883.075,1229135883.075,4,False,True
C,A,20200101,2020,52,2020,704,VNM,Viet Nam,X,Export,0,W00,World,0,W00,World,H5,HS,True,75,Nickel and articles thereof,2,False,C00,TOTAL CPC,0,0,TOTAL MOT,-1,N/A,0.0,False,-1,N/A,0.0,False,0.0,True,0.0,False,0.0,18954032.479,18954032.479,4,False,True
C,A,20200101,2020,52,2020,704,VNM,Viet Nam,X,Export,0,W00,World,0,W00,World,H5,HS,True,78,Lead and articles thereof,2,False,C00,TOTAL CPC,0,0,TOTAL MOT,-1,N/A,0.0,False,-1,N/A,0.0,False,0.0,True,0.0,False,0.0,66692440.874,66692440.874,4,False,True
C,A,20200101,2020,52,2020,704,VNM,Viet Nam,X,Export,0,W00,World,0,W00,World,H5,HS,True,80,Tin; articles thereof,2,False,C00,TOTAL CPC,0,0,TOTAL MOT,-1,N/A,0.0,False,-1,N/A,0.0,False,0.0,True,0.0,False,0.0,8481940.179,8481940.179,4,False,True
C,A,20200101,2020,52,2020,704,VNM,Viet Nam,X,Export,0,W00,World,0,W00,World,H5,HS,True,81,"Metals; n.e.c., cermets and articles thereof",2,False,C00,TOTAL CPC,0,0,TOTAL MOT,-1,N/A,0.0,False,-1,N/A,0.0,False,0.0,True,0.0,False,0.0,51084579.945,51084579.945,4,False,True
C,A,20200101,2020,52,2020,704,VNM,Viet Nam,X,Export,0,W00,World,0,W00,World,H5,HS,True,86,"Railway, tramway locomotives, rolling-stock and parts thereof; railway or tramway track fixtures and fittings and parts thereof; mechanical (including electro-mechanical) traffic signalling equipment of all kinds",2,False,C00,TOTAL CPC,0,0,TOTAL MOT,-1,N/A,0.0,False,-1,N/A,0.0,False,0.0,True,0.0,False,0.0,4436246.101,4436246.101,4,False,True
C,A,20200101,2020,52,2020,704,VNM,Viet Nam,X,Export,0,W00,World,0,W00,World,H5,HS,True,88,"Aircraft, spacecraft and parts thereof",2,False,C00,TOTAL CPC,0,0,TOTAL MOT,-1,N/A,0.0,False,-1,N/A,0.0,False,0.0,True,0.0,False,0.0,449558050.319,449558050.319,4,False,True
C,A,20200101,2020,52,2020,704,VNM,Viet Nam,X,Export,0,W00,World,0,W00,World,H5,HS,True,89,"Ships, boats and floating structures",2,False,C00,TOTAL CPC,0,0,TOTAL MOT,-1,N/A,0.0,False,-1,N/A,0.0,False,0.0,True,0.0,False,0.0,953242367.25,953242367.25,4,False,True
C,A,20200101,2020,52,2020,704,VNM,Viet Nam,X,Export,0,W00,World,0,W00,World,H5,HS,True,90,"Optical, photographic, cinematographic, measuring, checking, medical or surgical instruments and apparatus; parts and accessories",2,False,C00,TOTAL CPC,0,0,TOTAL MOT,-1,N/A,0.0,False,-1,N/A,0.0,False,0.0,True,0.0,False,0.0,3557464555.007,3557464555.007,4,False,True
C,A,20200101,2020,52,2020,704,VNM,Viet Nam,X,Export,0,W00,World,0,W00,World,H5,HS,True,91,Clocks and watches and parts thereof,2,False,C00,TOTAL CPC,0,0,TOTAL MOT,-1,N/A,0.0,False,-1,N/A,0.0,False,0.0,True,0.0,False,0.0,39697182.628,39697182.628,4,False,True
C,A,20200101,2020,52,2020,704,VNM,Viet Nam,X,Export,0,W00,World,0,W00,World,H5,HS,True,96,Miscellaneous manufactured articles,2,False,C00,TOTAL CPC,0,0,TOTAL MOT,-1,N/A,0.0,False,-1,N/A,0.0,False,0.0,True,0.0,False,0.0,515936038.652,515936038.652,4,False,True
C,A,20200101,2020,52,2020,704,VNM,Viet Nam,X,Export,0,W00,World,0,W00,World,H5,HS,True,97,Works of art; collectors' pieces and antiques,2,False,C00,TOTAL CPC,0,0,TOTAL MOT,-1,N/A,0.0,False,-1,N/A,0.0,False,0.0,True,0.0,False,0.0,4324779.095,4324779.095,4,False,True
C,A,20200101,2020,52,2020,699,IND,India,X,Export,0,W00,World,0,W00,World,H5,HS,True,01,Animals; live,2,False,C00,TOTAL CPC,0,0,TOTAL MOT,-1,N/A,0.0,False,-1,N/A,0.0,False,0.0,True,0.0,False,0.0,5349619.944,5349619.944,4,False,True
C,A,20200101,2020,52,2020,699,IND,India,X,Export,0,W00,World,0,W00,World,H5,HS,True,05,Animal originated products; not elsewhere specified or included,2,False,C00,TOTAL CPC,0,0,TOTAL MOT,-1,N/A,0.0,False,-1,N/A,0.0,False,0.0,True,0.0,False,0.0,97367476.32,97367476.32,4,False,True
C,A,20200101,2020,52,2020,699,IND,India,X,Export,0,W00,World,0,W00,World,H5,HS,True,22,"Beverages, spirits and vinegar",2,False,C00,TOTAL CPC,0,0,TOTAL MOT,-1,N/A,0.0,False,-1,N/A,0.0,False,0.0,True,0.0,False,0.0,331467720.109,331467720.109,4,False,True
C,A,20200101,2020,52,2020,699,IND,India,X,Export,0,W00,World,0,W00,World,H5,HS,True,24,Tobacco and manufactured tobacco substitutes,2,False,C00,TOTAL CPC,0,0,TOTAL MOT,-1,N/A,0.0,False,-1,N/A,0.0,False,0.0,True,0.0,False,0.0,847752922.441,847752922.441,4,False,True
C,A,20200101,2020,52,2020,699,IND,India,X,Export,0,W00,World,0,W00,World,H5,HS,True,37,Photographic or cinematographic goods,2,False,C00,TOTAL CPC,0,0,TOTAL MOT,-1,N/A,0.0,False,-1,N/A,0.0,False,0.0,True,0.0,False,0.0,10650278.767,10650278.767,4,False,True
C,A,20200101,2020,52,2020,699,IND,India,X,Export,0,W00,World,0,W00,World,H5,HS,True,42,"Articles of leather; saddlery and harness; travel goods, handbags and similar containers; articles of animal gut (other than silk-worm gut)",2,False,C00,TOTAL CPC,0,0,TOTAL MOT,-1,N/A,0.0,False,-1,N/A,0.0,False,0.0,True,0.0,False,0.0,1855789897.416,1855789897.416,4,False,True
C,A,20200101,2020,52,2020,699,IND,India,X,Export,0,W00,World,0,W00,World,H5,HS,True,53,Vegetable textile fibres; paper yarn and woven fabrics of paper yarn,2,False,C00,TOTAL CPC,0,0,TOTAL MOT,-1,N/A,0.0,False,-1,N/A,0.0,False,0.0,True,0.0,False,0.0,478077022.38,478077022.38,4,False,True
C,A,20200101,2020,52,2020,699,IND,India,X,Export,0,W00,World,0,W00,World,H5,HS,True,54,Man-made filaments; strip and the like of man-made textile materials,2,False,C00,TOTAL CPC,0,0,TOTAL MOT,-1,N/A,0.0,False,-1,N/A,0.0,False,0.0,True,0.0,False,0.0,1634717650.281,1634717650.281,4,False,True
C,A,20200101,2020,52,2020,699,IND,India,X,Export,0,W00,World,0,W00,World,H5,HS,True,57,Carpets and other textile floor coverings,2,False,C00,TOTAL CPC,0,0,TOTAL MOT,-1,N/A,0.0,False,-1,N/A,0.0,False,0.0,True,0.0,False,0.0,1689060036.02,1689060036.02,4,False,True
C,A,20200101,2020,52,2020,699,IND,India,X,Export,0,W00,World,0,W00,World,H5,HS,True,82,"Tools, implements, cutlery, spoons and forks, of base metal; parts thereof, of base metal",2,False,C00,TOTAL CPC,0,0,TOTAL MOT,-1,N/A,0.0,False,-1,N/A,0.0,False,0.0,True,0.0,False,0.0,775577385.984,775577385.984,4,False,True
C,A,20200101,2020,52,2020,699,IND,India,X,Export,0,W00,World,0,W00,World,H5,HS,True,83,Metal; miscellaneous products of base metal,2,False,C00,TOTAL CPC,0,0,TOTAL MOT,-1,N/A,0.0,False,-1,N/A,0.0,False,0.0,True,0.0,False,0.0,610883421.699,610883421.699,4,False,True
C,A,20200101,2020,52,2020,699,IND,India,X,Export,0,W00,World,0,W00,World,H5,HS,True,85,"Electrical machinery and equipment and parts thereof; sound recorders and reproducers; television image and sound recorders and reproducers, parts and accessories of such articles",2,False,C00,TOTAL CPC,0,0,TOTAL MOT,-1,N/A,0.0,False,-1,N/A,0.0,False,0.0,True,0.0,False,0.0,13464975521.829,13464975521.829,4,False,True
C,A,20200101,2020,52,2020,699,IND,India,X,Export,0,W00,World,0,W00,World,H5,HS,True,86,"Railway, tramway locomotives, rolling-stock and parts thereof; railway or tramway track fixtures and fittings and parts thereof; mechanical (including electro-mechanical) traffic signalling equipment of all kinds",2,False,C00,TOTAL CPC,0,0,TOTAL MOT,-1,N/A,0.0,False,-1,N/A,0.0,False,0.0,True,0.0,False,0.0,109590761.614,109590761.614,4,False,True
C,A,20200101,2020,52,2020,699,IND,India,X,Export,0,W00,World,0,W00,World,H5,HS,True,88,"Aircraft, spacecraft and parts thereof",2,False,C00,TOTAL CPC,0,0,TOTAL MOT,-1,N/A,0.0,False,-1,N/A,0.0,False,0.0,True,0.0,False,0.0,1219689988.287,1219689988.287,4,False,True
C,A,20200101,2020,52,2020,699,IND,India,X,Export,0,W00,World,0,W00,World,H5,HS,True,89,"Ships, boats and floating structures",2,False,C00,TOTAL CPC,0,0,TOTAL MOT,-1,N/A,0.0,False,-1,N/A,0.0,False,0.0,True,0.0,False,0.0,4389576439.354,4389576439.354,4,False,True
C,A,20200101,2020,52,2020,699,IND,India,X,Export,0,W00,World,0,W00,World,H5,HS,True,90,"Optical, photographic, cinematographic, measuring, checking, medical or surgical instruments and apparatus; parts and accessories",2,False,C00,TOTAL CPC,0,0,TOTAL MOT,-1,N/A,0.0,False,-1,N/A,0.0,False,0.0,True,0.0,False,0.0,3103411200.031,3103411200.031,4,False,True
C,A,20200101,2020,52,2020,699,IND,India,X,Export,0,W00,World,0,W00,World,H5,HS,True,91,Clocks and watches and parts thereof,2,False,C00,TOTAL CPC,0,0,TOTAL MOT,-1,N/A,0.0,False,-1,N/A,0.0,False,0.0,True,0.0,False,0.0,71224303.509,71224303.509,4,False,True
C,A,20200101,2020,52,2020,699,IND,India,X,Export,0,W00,World,0,W00,World,H5,HS,True,92,Musical instruments; parts and accessories of such articles,2,False,C00,TOTAL CPC,0,0,TOTAL MOT,-1,N/A,0.0,False,-1,N/A,0.0,False,0.0,True,0.0,False,0.0,22999212.69,22999212.69,4,False,True
C,A,20200101,2020,52,2020,699,IND,India,X,Export,0,W00,World,0,W00,World,H5,HS,True,93,Arms and ammunition; parts and accessories thereof,2,False,C00,TOTAL CPC,0,0,TOTAL MOT,-1,N/A,0.0,False,-1,N/A,0.0,False,0.0,True,0.0,False,0.0,220911639.511,220911639.511,4,False,True
C,A,20200101,2020,52,2020,699,IND,India,X,Export,0,W00,World,0,W00,World,H5,HS,True,97,Works of art; collectors' pieces and antiques,2,False,C00,TOTAL CPC,0,0,TOTAL MOT,-1,N/A,0.0,False,-1,N/A,0.0,False,0.0,True,0.0,False,0.0,53673979.373,53673979.373,4,False,True
C,A,20200101,2020,52,2020,699,IND,India,X,Export,0,W00,World,0,W00,World,H5,HS,True,02,Meat and edible meat offal,2,False,C00,TOTAL CPC,0,0,TOTAL MOT,-1,N/A,0.0,False,-1,N/A,0.0,False,0.0,False,0.0,False,0.0,3106055895.238,3106055895.238,0,False,True
C,A,20200101,2020,52,2020,699,IND,India,X,Export,0,W00,World,0,W00,World,H5,HS,True,99,Commodities not specified according to kind,2,False,C00,TOTAL CPC,0,0,TOTAL MOT,-1,N/A,0.0,False,-1,N/A,0.0,False,0.0,False,0.0,False,0.0,99582162.036,99582162.036,0,False,True
C,A,20200101,2020,52,2020,699,IND,India,X,Export,0,W00,World,0,W00,World,H5,HS,True,06,"Trees and other plants, live; bulbs, roots and the like; cut flowers and ornamental foliage",2,False,C00,TOTAL CPC,0,0,TOTAL MOT,-1,N/A,0.0,False,-1,N/A,0.0,False,0.0,True,0.0,False,0.0,73232482.772,73232482.772,4,False,True
C,A,20200101,2020,52,2020,699,IND,India,X,Export,0,W00,World,0,W00,World,H5,HS,True,69,Ceramic products,2,False,C00,TOTAL CPC,0,0,TOTAL MOT,-1,N/A,0.0,False,-1,N/A,0.0,False,0.0,True,0.0,False,0.0,1999112631.744,1999112631.744,4,False,True
C,A,20200101,2020,52,2020,699,IND,India,X,Export,0,W00,World,0,W00,World,H5,HS,True,03,"Fish and crustaceans, molluscs and other aquatic invertebrates",2,False,C00,TOTAL CPC,0,0,TOTAL MOT,-1,N/A,0.0,False,-1,N/A,0.0,False,0.0,True,0.0,False,0.0,5150001455.44,5150001455.44,4,False,True
C,A,20200101,2020,52,2020,699,IND,India,X,Export,0,W00,World,0,W00,World,H5,HS,True,04,"Dairy produce; birds' eggs; natural honey; edible products of animal origin, not elsewhere specified or included",2,False,C00,TOTAL CPC,0,0,TOTAL MOT,-1,N/A,0.0,False,-1,N/A,0.0,False,0.0,True,0.0,False,0.0,319229171.761,319229171.761,4,False,True
C,A,20200101,2020,52,2020,699,IND,India,X,Export,0,W00,World,0,W00,World,H5,HS,True,07,Vegetables and certain roots and tubers; edible,2,False,C00,TOTAL CPC,0,0,TOTAL MOT,-1,N/A,0.0,False,-1,N/A,0.0,False,0.0,True,0.0,False,0.0,1221587700.474,1221587700.474,4,False,True
C,A,20200101,2020,52,2020,699,IND,India,X,Export,0,W00,World,0,W00,World,H5,HS,True,08,"Fruit and nuts, edible; peel of citrus fruit or melons",2,False,C00,TOTAL CPC,0,0,TOTAL MOT,-1,N/A,0.0,False,-1,N/A,0.0,False,0.0,True,0.0,False,0.0,1313527204.278,1313527204.278,4,False,True
C,A,20200101,2020,52,2020,699,IND,India,X,Export,0,W00,World,0,W00,World,H5,HS,True,09,"Coffee, tea, mate and spices",2,False,C00,TOTAL CPC,0,0,TOTAL MOT,-1,N/A,0.0,False,-1,N/A,0.0,False,0.0,True,0.0,False,0.0,3657425552.899,3657425552.899,4,False,True
C,A,20200101,2020,52,2020,699,IND,India,X,Export,0,W00,World,0,W00,World,H5,HS,True,10,Cereals,2,False,C00,TOTAL CPC,0,0,TOTAL MOT,-1,N/A,0.0,False,-1,N/A,0.0,False,0.0,True,0.0,False,0.0,8671983640.815,8671983640.815,4,False,True
C,A,20200101,2020,52,2020,699,IND,India,X,Export,0,W00,World,0,W00,World,H5,HS,True,11,"Products of the milling industry; malt, starches, inulin, wheat gluten",2,False,C00,TOTAL CPC,0,0,TOTAL MOT,-1,N/A,0.0,False,-1,N/A,0.0,False,0.0,True,0.0,False,0.0,382601394.04,382601394.04,4,False,True
C,A,20200101,2020,52,2020,699,IND,India,X,Export,0,W00,World,0,W00,World,H5,HS,True,12,"Oil seeds and oleaginous fruits; miscellaneous grains, seeds and fruit, industrial or medicinal plants; straw and fodder",2,False,C00,TOTAL CPC,0,0,TOTAL MOT,-1,N/A,0.0,False,-1,N/A,0.0,False,0.0,True,0.0,False,0.0,1824145535.977,1824145535.977,4,False,True
C,A,20200101,2020,52,2020,699,IND,India,X,Export,0,W00,World,0,W00,World,H5,HS,True,13,"Lac; gums, resins and other vegetable saps and extracts",2,False,C00,TOTAL CPC,0,0,TOTAL MOT,-1,N/A,0.0,False,-1,N/A,0.0,False,0.0,True,0.0,False,0.0,724650785.036,724650785.036,4,False,True
C,A,20200101,2020,52,2020,699,IND,India,X,Export,0,W00,World,0,W00,World,H5,HS,True,14,Vegetable plaiting materials; vegetable products not elsewhere specified or included,2,False,C00,TOTAL CPC,0,0,TOTAL MOT,-1,N/A,0.0,False,-1,N/A,0.0,False,0.0,True,0.0,False,0.0,41978501.274,41978501.274,4,False,True
C,A,20200101,2020,52,2020,699,IND,India,X,Export,0,W00,World,0,W00,World,H5,HS,True,15,Animal or vegetable fats and oils and their cleavage products; prepared animal fats; animal or vegetable waxes,2,False,C00,TOTAL CPC,0,0,TOTAL MOT,-1,N/A,0.0,False,-1,N/A,0.0,False,0.0,True,0.0,False,0.0,1411056198.906,1411056198.906,4,False,True
C,A,20200101,2020,52,2020,699,IND,India,X,Export,0,W00,World,0,W00,World,H5,HS,True,16,"Meat, fish or crustaceans, molluscs or other aquatic invertebrates; preparations thereof",2,False,C00,TOTAL CPC,0,0,TOTAL MOT,-1,N/A,0.0,False,-1,N/A,0.0,False,0.0,True,0.0,False,0.0,598251389.771,598251389.771,4,False,True
C,A,20200101,2020,52,2020,699,IND,India,X,Export,0,W00,World,0,W00,World,H5,HS,True,17,Sugars and sugar confectionery,2,False,C00,TOTAL CPC,0,0,TOTAL MOT,-1,N/A,0.0,False,-1,N/A,0.0,False,0.0,True,0.0,False,0.0,2763937519.159,2763937519.159,4,False,True
C,A,20200101,2020,52,2020,699,IND,India,X,Export,0,W00,World,0,W00,World,H5,HS,True,18,Cocoa and cocoa preparations,2,False,C00,TOTAL CPC,0,0,TOTAL MOT,-1,N/A,0.0,False,-1,N/A,0.0,False,0.0,True,0.0,False,0.0,143549103.445,143549103.445,4,False,True
C,A,20200101,2020,52,2020,699,IND,India,X,Export,0,W00,World,0,W00,World,H5,HS,True,19,"Preparations of cereals, flour, starch or milk; pastrycooks' products",2,False,C00,TOTAL CPC,0,0,TOTAL MOT,-1,N/A,0.0,False,-1,N/A,0.0,False,0.0,True,0.0,False,0.0,567460447.783,567460447.783,4,False,True
C,A,20200101,2020,52,2020,699,IND,India,X,Export,0,W00,World,0,W00,World,H5,HS,True,20,"Preparations of vegetables, fruit, nuts or other parts of plants",2,False,C00,TOTAL CPC,0,0,TOTAL MOT,-1,N/A,0.0,False,-1,N/A,0.0,False,0.0,True,0.0,False,0.0,677097078.612,677097078.612,4,False,True
C,A,20200101,2020,52,2020,699,IND,India,X,Export,0,W00,World,0,W00,World,H5,HS,True,21,Miscellaneous edible preparations,2,False,C00,TOTAL CPC,0,0,TOTAL MOT,-1,N/A,0.0,False,-1,N/A,0.0,False,0.0,True,0.0,False,0.0,862490877.93,862490877.93,4,False,True
C,A,20200101,2020,52,2020,699,IND,India,X,Export,0,W00,World,0,W00,World,H5,HS,True,23,"Food industries, residues and wastes thereof; prepared animal fodder",2,False,C00,TOTAL CPC,0,0,TOTAL MOT,-1,N/A,0.0,False,-1,N/A,0.0,False,0.0,True,0.0,False,0.0,1474218635.6,1474218635.6,4,False,True
C,A,20200101,2020,52,2020,699,IND,India,X,Export,0,W00,World,0,W00,World,H5,HS,True,25,"Salt; sulphur; earths, stone; plastering materials, lime and cement",2,False,C00,TOTAL CPC,0,0,TOTAL MOT,-1,N/A,0.0,False,-1,N/A,0.0,False,0.0,True,0.0,False,0.0,1835618908.956,1835618908.956,4,False,True
C,A,20200101,2020,52,2020,699,IND,India,X,Export,0,W00,World,0,W00,World,H5,HS,True,26,"Ores, slag and ash",2,False,C00,TOTAL CPC,0,0,TOTAL MOT,-1,N/A,0.0,False,-1,N/A,0.0,False,0.0,True,0.0,False,0.0,4205513248.751,4205513248.751,4,False,True
C,A,20200101,2020,52,2020,699,IND,India,X,Export,0,W00,World,0,W00,World,H5,HS,True,27,"Mineral fuels, mineral oils and products of their distillation; bituminous substances; mineral waxes",2,False,C00,TOTAL CPC,0,0,TOTAL MOT,-1,N/A,0.0,False,-1,N/A,0.0,False,0.0,True,0.0,False,0.0,27634362826.602,27634362826.602,4,False,True
C,A,20200101,2020,52,2020,699,IND,India,X,Export,0,W00,World,0,W00,World,H5,HS,True,28,"Inorganic chemicals; organic and inorganic compounds of precious metals; of rare earth metals, of radio-active elements and of isotopes",2,False,C00,TOTAL CPC,0,0,TOTAL MOT,-1,N/A,0.0,False,-1,N/A,0.0,False,0.0,True,0.0,False,0.0,1612300323.177,1612300323.177,4,False,True
C,A,20200101,2020,52,2020,699,IND,India,X,Export,0,W00,World,0,W00,World,H5,HS,True,29,Organic chemicals,2,False,C00,TOTAL CPC,0,0,TOTAL MOT,-1,N/A,0.0,False,-1,N/A,0.0,False,0.0,True,0.0,False,0.0,17426849883.152,17426849883.152,4,False,True
C,A,20200101,2020,52,2020,699,IND,India,X,Export,0,W00,World,0,W00,World,H5,HS,True,30,Pharmaceutical products,2,False,C00,TOTAL CPC,0,0,TOTAL MOT,-1,N/A,0.0,False,-1,N/A,0.0,False,0.0,True,0.0,False,0.0,18426747733.93,18426747733.93,4,False,True
C,A,20200101,2020,52,2020,699,IND,India,X,Export,0,W00,World,0,W00,World,H5,HS,True,31,Fertilizers,2,False,C00,TOTAL CPC,0,0,TOTAL MOT,-1,N/A,0.0,False,-1,N/A,0.0,False,0.0,True,0.0,False,0.0,117841381.641,117841381.641,4,False,True
C,A,20200101,2020,52,2020,699,IND,India,X,Export,0,W00,World,0,W00,World,H5,HS,True,32,"Tanning or dyeing extracts; tannins and their derivatives; dyes, pigments and other colouring matter; paints, varnishes; putty, other mastics; inks",2,False,C00,TOTAL CPC,0,0,TOTAL MOT,-1,N/A,0.0,False,-1,N/A,0.0,False,0.0,True,0.0,False,0.0,2924224187.109,2924224187.109,4,False,True
C,A,20200101,2020,52,2020,699,IND,India,X,Export,0,W00,World,0,W00,World,H5,HS,True,33,"Essential oils and resinoids; perfumery, cosmetic or toilet preparations",2,False,C00,TOTAL CPC,0,0,TOTAL MOT,-1,N/A,0.0,False,-1,N/A,0.0,False,0.0,True,0.0,False,0.0,1841514555.525,1841514555.525,4,False,True
C,A,20200101,2020,52,2020,699,IND,India,X,Export,0,W00,World,0,W00,World,H5,HS,True,34,"Soap, organic surface-active agents; washing, lubricating, polishing or scouring preparations; artificial or prepared waxes, candles and similar articles, modelling pastes, dental waxes and dental preparations with a basis of plaster",2,False,C00,TOTAL CPC,0,0,TOTAL MOT,-1,N/A,0.0,False,-1,N/A,0.0,False,0.0,True,0.0,False,0.0,665918356.639,665918356.639,4,False,True
C,A,20200101,2020,52,2020,699,IND,India,X,Export,0,W00,World,0,W00,World,H5,HS,True,35,Albuminoidal substances; modified starches; glues; enzymes,2,False,C00,TOTAL CPC,0,0,TOTAL MOT,-1,N/A,0.0,False,-1,N/A,0.0,False,0.0,True,0.0,False,0.0,229235969.624,229235969.624,4,False,True
C,A,20200101,2020,52,2020,699,IND,India,X,Export,0,W00,World,0,W00,World,H5,HS,True,36,Explosives; pyrotechnic products; matches; pyrophoric alloys; certain combustible preparations,2,False,C00,TOTAL CPC,0,0,TOTAL MOT,-1,N/A,0.0,False,-1,N/A,0.0,False,0.0,True,0.0,False,0.0,119262644.72,119262644.72,4,False,True
C,A,20200101,2020,52,2020,699,IND,India,X,Export,0,W00,World,0,W00,World,H5,HS,True,38,Chemical products n.e.c.,2,False,C00,TOTAL CPC,0,0,TOTAL MOT,-1,N/A,0.0,False,-1,N/A,0.0,False,0.0,True,0.0,False,0.0,4888870765.831,4888870765.831,4,False,True
C,A,20200101,2020,52,2020,699,IND,India,X,Export,0,W00,World,0,W00,World,H5,HS,True,39,Plastics and articles thereof,2,False,C00,TOTAL CPC,0,0,TOTAL MOT,-1,N/A,0.0,False,-1,N/A,0.0,False,0.0,True,0.0,False,0.0,6598432485.367,6598432485.367,4,False,True
C,A,20200101,2020,52,2020,699,IND,India,X,Export,0,W00,World,0,W00,World,H5,HS,True,40,Rubber and articles thereof,2,False,C00,TOTAL CPC,0,0,TOTAL MOT,-1,N/A,0.0,False,-1,N/A,0.0,False,0.0,True,0.0,False,0.0,2976005439.217,2976005439.217,4,False,True
C,A,20200101,2020,52,2020,699,IND,India,X,Export,0,W00,World,0,W00,World,H5,HS,True,41,Raw hides and skins (other than furskins) and leather,2,False,C00,TOTAL CPC,0,0,TOTAL MOT,-1,N/A,0.0,False,-1,N/A,0.0,False,0.0,True,0.0,False,0.0,374600677.169,374600677.169,4,False,True
C,A,20200101,2020,52,2020,699,IND,India,X,Export,0,W00,World,0,W00,World,H5,HS,True,43,Furskins and artificial fur; manufactures thereof,2,False,C00,TOTAL CPC,0,0,TOTAL MOT,-1,N/A,0.0,False,-1,N/A,0.0,False,0.0,True,0.0,False,0.0,12220401.865,12220401.865,4,False,True
C,A,20200101,2020,52,2020,699,IND,India,X,Export,0,W00,World,0,W00,World,H5,HS,True,44,Wood and articles of wood; wood charcoal,2,False,C00,TOTAL CPC,0,0,TOTAL MOT,-1,N/A,0.0,False,-1,N/A,0.0,False,0.0,True,0.0,False,0.0,423848626.677,423848626.677,4,False,True
C,A,20200101,2020,52,2020,699,IND,India,X,Export,0,W00,World,0,W00,World,H5,HS,True,45,Cork and articles of cork,2,False,C00,TOTAL CPC,0,0,TOTAL MOT,-1,N/A,0.0,False,-1,N/A,0.0,False,0.0,True,0.0,False,0.0,3299272.18,3299272.18,4,False,True
C,A,20200101,2020,52,2020,699,IND,India,X,Export,0,W00,World,0,W00,World,H5,HS,True,46,"Manufactures of straw, esparto or other plaiting materials; basketware and wickerwork",2,False,C00,TOTAL CPC,0,0,TOTAL MOT,-1,N/A,0.0,False,-1,N/A,0.0,False,0.0,True,0.0,False,0.0,44870184.89,44870184.89,4,False,True
C,A,20200101,2020,52,2020,699,IND,India,X,Export,0,W00,World,0,W00,World,H5,HS,True,47,Pulp of wood or other fibrous cellulosic material; recovered (waste and scrap) paper or paperboard,2,False,C00,TOTAL CPC,0,0,TOTAL MOT,-1,N/A,0.0,False,-1,N/A,0.0,False,0.0,True,0.0,False,0.0,9614374.53,9614374.53,4,False,True
C,A,20200101,2020,52,2020,699,IND,India,X,Export,0,W00,World,0,W00,World,H5,HS,True,48,"Paper and paperboard; articles of paper pulp, of paper or paperboard",2,False,C00,TOTAL CPC,0,0,TOTAL MOT,-1,N/A,0.0,False,-1,N/A,0.0,False,0.0,True,0.0,False,0.0,1750552402.374,1750552402.374,4,False,True
C,A,20200101,2020,52,2020,699,IND,India,X,Export,0,W00,World,0,W00,World,H5,HS,True,49,"Printed books, newspapers, pictures and other products of the printing industry; manuscripts, typescripts and plans",2,False,C00,TOTAL CPC,0,0,TOTAL MOT,-1,N/A,0.0,False,-1,N/A,0.0,False,0.0,True,0.0,False,0.0,252164411.429,252164411.429,4,False,True
C,A,20200101,2020,52,2020,699,IND,India,X,Export,0,W00,World,0,W00,World,H5,HS,True,50,Silk,2,False,C00,TOTAL CPC,0,0,TOTAL MOT,-1,N/A,0.0,False,-1,N/A,0.0,False,0.0,True,0.0,False,0.0,81642233.358,81642233.358,4,False,True
C,A,20200101,2020,52,2020,699,IND,India,X,Export,0,W00,World,0,W00,World,H5,HS,True,51,"Wool, fine or coarse animal hair; horsehair yarn and woven fabric",2,False,C00,TOTAL CPC,0,0,TOTAL MOT,-1,N/A,0.0,False,-1,N/A,0.0,False,0.0,True,0.0,False,0.0,100799948.001,100799948.001,4,False,True
C,A,20200101,2020,52,2020,699,IND,India,X,Export,0,W00,World,0,W00,World,H5,HS,True,52,Cotton,2,False,C00,TOTAL CPC,0,0,TOTAL MOT,-1,N/A,0.0,False,-1,N/A,0.0,False,0.0,True,0.0,False,0.0,5809189929.985,5809189929.985,4,False,True
C,A,20200101,2020,52,2020,699,IND,India,X,Export,0,W00,World,0,W00,World,H5,HS,True,55,Man-made staple fibres,2,False,C00,TOTAL CPC,0,0,TOTAL MOT,-1,N/A,0.0,False,-1,N/A,0.0,False,0.0,True,0.0,False,0.0,1276574636.0,1276574636.0,4,False,True
C,A,20200101,2020,52,2020,699,IND,India,X,Export,0,W00,World,0,W00,World,H5,HS,True,56,"Wadding, felt and nonwovens, special yarns; twine, cordage, ropes and cables and articles thereof",2,False,C00,TOTAL CPC,0,0,TOTAL MOT,-1,N/A,0.0,False,-1,N/A,0.0,False,0.0,True,0.0,False,0.0,447221632.311,447221632.311,4,False,True
C,A,20200101,2020,52,2020,699,IND,India,X,Export,0,W00,World,0,W00,World,H5,HS,True,58,"Fabrics; special woven fabrics, tufted textile fabrics, lace, tapestries, trimmings, embroidery",2,False,C00,TOTAL CPC,0,0,TOTAL MOT,-1,N/A,0.0,False,-1,N/A,0.0,False,0.0,True,0.0,False,0.0,321652618.057,321652618.057,4,False,True
C,A,20200101,2020,52,2020,699,IND,India,X,Export,0,W00,World,0,W00,World,H5,HS,True,59,"Textile fabrics; impregnated, coated, covered or laminated; textile articles of a kind suitable for industrial use",2,False,C00,TOTAL CPC,0,0,TOTAL MOT,-1,N/A,0.0,False,-1,N/A,0.0,False,0.0,True,0.0,False,0.0,332375826.571,332375826.571,4,False,True
C,A,20200101,2020,52,2020,699,IND,India,X,Export,0,W00,World,0,W00,World,H5,HS,True,60,Fabrics; knitted or crocheted,2,False,C00,TOTAL CPC,0,0,TOTAL MOT,-1,N/A,0.0,False,-1,N/A,0.0,False,0.0,True,0.0,False,0.0,438680498.03,438680498.03,4,False,True
C,A,20200101,2020,52,2020,699,IND,India,X,Export,0,W00,World,0,W00,World,H5,HS,True,61,Apparel and clothing accessories; knitted or crocheted,2,False,C00,TOTAL CPC,0,0,TOTAL MOT,-1,N/A,0.0,False,-1,N/A,0.0,False,0.0,True,0.0,False,0.0,6120311449.326,6120311449.326,4,False,True
C,A,20200101,2020,52,2020,699,IND,India,X,Export,0,W00,World,0,W00,World,H5,HS,True,62,Apparel and clothing accessories; not knitted or crocheted,2,False,C00,TOTAL CPC,0,0,TOTAL MOT,-1,N/A,0.0,False,-1,N/A,0.0,False,0.0,True,0.0,False,0.0,6104558852.85,6104558852.85,4,False,True
C,A,20200101,2020,52,2020,699,IND,India,X,Export,0,W00,World,0,W00,World,H5,HS,True,63,"Textiles, made up articles; sets; worn clothing and worn textile articles; rags",2,False,C00,TOTAL CPC,0,0,TOTAL MOT,-1,N/A,0.0,False,-1,N/A,0.0,False,0.0,True,0.0,False,0.0,4771034704.713,4771034704.713,4,False,True
C,A,20200101,2020,52,2020,699,IND,India,X,Export,0,W00,World,0,W00,World,H5,HS,True,64,Footwear; gaiters and the like; parts of such articles,2,False,C00,TOTAL CPC,0,0,TOTAL MOT,-1,N/A,0.0,False,-1,N/A,0.0,False,0.0,True,0.0,False,0.0,1915121650.775,1915121650.775,4,False,True
C,A,20200101,2020,52,2020,699,IND,India,X,Export,0,W00,World,0,W00,World,H5,HS,True,65,Headgear and parts thereof,2,False,C00,TOTAL CPC,0,0,TOTAL MOT,-1,N/A,0.0,False,-1,N/A,0.0,False,0.0,True,0.0,False,0.0,60268334.281,60268334.281,4,False,True
C,A,20200101,2020,52,2020,699,IND,India,X,Export,0,W00,World,0,W00,World,H5,HS,True,66,"Umbrellas, sun umbrellas, walking-sticks, seat sticks, whips, riding crops; and parts thereof",2,False,C00,TOTAL CPC,0,0,TOTAL MOT,-1,N/A,0.0,False,-1,N/A,0.0,False,0.0,True,0.0,False,0.0,2593524.957,2593524.957,4,False,True
C,A,20200101,2020,52,2020,699,IND,India,X,Export,0,W00,World,0,W00,World,H5,HS,True,67,"Feathers and down, prepared; and articles made of feather or of down; artificial flowers; articles of human hair",2,False,C00,TOTAL CPC,0,0,TOTAL MOT,-1,N/A,0.0,False,-1,N/A,0.0,False,0.0,True,0.0,False,0.0,305370023.259,305370023.259,4,False,True
C,A,20200101,2020,52,2020,699,IND,India,X,Export,0,W00,World,0,W00,World,H5,HS,True,68,"Stone, plaster, cement, asbestos, mica or similar materials; articles thereof",2,False,C00,TOTAL CPC,0,0,TOTAL MOT,-1,N/A,0.0,False,-1,N/A,0.0,False,0.0,True,0.0,False,0.0,1695215557.998,1695215557.998,4,False,True
C,A,20200101,2020,52,2020,699,IND,India,X,Export,0,W00,World,0,W00,World,H5,HS,True,70,Glass and glassware,2,False,C00,TOTAL CPC,0,0,TOTAL MOT,-1,N/A,0.0,False,-1,N/A,0.0,False,0.0,True,0.0,False,0.0,761965477.988,761965477.988,4,False,True
C,A,20200101,2020,52,2020,699,IND,India,X,Export,0,W00,World,0,W00,World,H5,HS,True,71,"Natural, cultured pearls; precious, semi-precious stones; precious metals, metals clad with precious metal, and articles thereof; imitation jewellery; coin",2,False,C00,TOTAL CPC,0,0,TOTAL MOT,-1,N/A,0.0,False,-1,N/A,0.0,False,0.0,True,0.0,False,0.0,24455527295.869,24455527295.869,4,False,True
C,A,20200101,2020,52,2020,699,IND,India,X,Export,0,W00,World,0,W00,World,H5,HS,True,72,Iron and steel,2,False,C00,TOTAL CPC,0,0,TOTAL MOT,-1,N/A,0.0,False,-1,N/A,0.0,False,0.0,True,0.0,False,0.0,10632043828.555,10632043828.555,4,False,True
C,A,20200101,2020,52,2020,699,IND,India,X,Export,0,W00,World,0,W00,World,H5,HS,True,73,Iron or steel articles,2,False,C00,TOTAL CPC,0,0,TOTAL MOT,-1,N/A,0.0,False,-1,N/A,0.0,False,0.0,True,0.0,False,0.0,6251306048.158,6251306048.158,4,False,True
C,A,20200101,2020,52,2020,699,IND,India,X,Export,0,W00,World,0,W00,World,H5,HS,True,74,Copper and articles thereof,2,False,C00,TOTAL CPC,0,0,TOTAL MOT,-1,N/A,0.0,False,-1,N/A,0.0,False,0.0,True,0.0,False,0.0,1047078019.115,1047078019.115,4,False,True
C,A,20200101,2020,52,2020,699,IND,India,X,Export,0,W00,World,0,W00,World,H5,HS,True,75,Nickel and articles thereof,2,False,C00,TOTAL CPC,0,0,TOTAL MOT,-1,N/A,0.0,False,-1,N/A,0.0,False,0.0,True,0.0,False,0.0,52275383.255,52275383.255,4,False,True
C,A,20200101,2020,52,2020,699,IND,India,X,Export,0,W00,World,0,W00,World,H5,HS,True,76,Aluminium and articles thereof,2,False,C00,TOTAL CPC,0,0,TOTAL MOT,-1,N/A,0.0,False,-1,N/A,0.0,False,0.0,True,0.0,False,0.0,5285080101.955,5285080101.955,4,False,True
C,A,20200101,2020,52,2020,699,IND,India,X,Export,0,W00,World,0,W00,World,H5,HS,True,78,Lead and articles thereof,2,False,C00,TOTAL CPC,0,0,TOTAL MOT,-1,N/A,0.0,False,-1,N/A,0.0,False,0.0,True,0.0,False,0.0,337697851.461,337697851.461,4,False,True
C,A,20200101,2020,52,2020,699,IND,India,X,Export,0,W00,World,0,W00,World,H5,HS,True,79,Zinc and articles thereof,2,False,C00,TOTAL CPC,0,0,TOTAL MOT,-1,N/A,0.0,False,-1,N/A,0.0,False,0.0,True,0.0,False,0.0,704013849.871,704013849.871,4,False,True
C,A,20200101,2020,52,2020,699,IND,India,X,Export,0,W00,World,0,W00,World,H5,HS,True,80,Tin; articles thereof,2,False,C00,TOTAL CPC,0,0,TOTAL MOT,-1,N/A,0.0,False,-1,N/A,0.0,False,0.0,True,0.0,False,0.0,9735031.416,9735031.416,4,False,True
C,A,20200101,2020,52,2020,699,IND,India,X,Export,0,W00,World,0,W00,World,H5,HS,True,81,"Metals; n.e.c., cermets and articles thereof",2,False,C00,TOTAL CPC,0,0,TOTAL MOT,-1,N/A,0.0,False,-1,N/A,0.0,False,0.0,True,0.0,False,0.0,43822975.973,43822975.973,4,False,True
C,A,20200101,2020,52,2020,699,IND,India,X,Export,0,W00,World,0,W00,World,H5,HS,True,84,"Nuclear reactors, boilers, machinery and mechanical appliances; parts thereof",2,False,C00,TOTAL CPC,0,0,TOTAL MOT,-1,N/A,0.0,False,-1,N/A,0.0,False,0.0,True,0.0,False,0.0,17970883162.959,17970883162.959,4,False,True
C,A,20200101,2020,52,2020,699,IND,India,X,Export,0,W00,World,0,W00,World,H5,HS,True,87,"Vehicles; other than railway or tramway rolling stock, and parts and accessories thereof",2,False,C00,TOTAL CPC,0,0,TOTAL MOT,-1,N/A,0.0,False,-1,N/A,0.0,False,0.0,True,0.0,False,0.0,12996847737.225,12996847737.225,4,False,True
C,A,20200101,2020,52,2020,699,IND,India,X,Export,0,W00,World,0,W00,World,H5,HS,True,94,"Furniture; bedding, mattresses, mattress supports, cushions and similar stuffed furnishings; lamps and lighting fittings, n.e.c.; illuminated signs, illuminated name-plates and the like; prefabricated buildings",2,False,C00,TOTAL CPC,0,0,TOTAL MOT,-1,N/A,0.0,False,-1,N/A,0.0,False,0.0,True,0.0,False,0.0,1813387545.938,1813387545.938,4,False,True
C,A,20200101,2020,52,2020,699,IND,India,X,Export,0,W00,World,0,W00,World,H5,HS,True,95,"Toys, games and sports requisites; parts and accessories thereof",2,False,C00,TOTAL CPC,0,0,TOTAL MOT,-1,N/A,0.0,False,-1,N/A,0.0,False,0.0,True,0.0,False,0.0,379807735.036,379807735.036,4,False,True
C,A,20200101,2020,52,2020,699,IND,India,X,Export,0,W00,World,0,W00,World,H5,HS,True,96,Miscellaneous manufactured articles,2,False,C00,TOTAL CPC,0,0,TOTAL MOT,-1,N/A,0.0,False,-1,N/A,0.0,False,0.0,True,0.0,False,0.0,514870558.395,514870558.395,4,False,True
C,A,20210101,2021,52,2021,156,CHN,China,X,Export,0,W00,World,0,W00,World,H5,HS,True,80,Tin; articles thereof,2,False,C00,TOTAL CPC,0,0,TOTAL MOT,-1,N/A,0.0,False,-1,N/A,0.0,False,,False,0.0,False,,471960482.0,471960482.0,0,False,True
C,A,20210101,2021,52,2021,156,CHN,China,X,Export,0,W00,World,0,W00,World,H5,HS,True,85,"Electrical machinery and equipment and parts thereof; sound recorders and reproducers; television image and sound recorders and reproducers, parts and accessories of such articles",2,False,C00,TOTAL CPC,0,0,TOTAL MOT,-1,N/A,0.0,False,-1,N/A,0.0,False,0.0,True,0.0,False,,890226492067.0,890226492067.0,4,False,True
C,A,20210101,2021,52,2021,156,CHN,China,X,Export,0,W00,World,0,W00,World,H5,HS,True,90,"Optical, photographic, cinematographic, measuring, checking, medical or surgical instruments and apparatus; parts and accessories",2,False,C00,TOTAL CPC,0,0,TOTAL MOT,-1,N/A,0.0,False,-1,N/A,0.0,False,0.0,True,0.0,False,,96556398633.0,96556398633.0,4,False,True
C,A,20210101,2021,52,2021,156,CHN,China,X,Export,0,W00,World,0,W00,World,H5,HS,True,84,"Nuclear reactors, boilers, machinery and mechanical appliances; parts thereof",2,False,C00,TOTAL CPC,0,0,TOTAL MOT,-1,N/A,0.0,False,-1,N/A,0.0,False,0.0,True,0.0,False,,544333917026.0,544333917026.0,4,False,True
C,A,20210101,2021,52,2021,156,CHN,China,X,Export,0,W00,World,0,W00,World,H5,HS,True,40,Rubber and articles thereof,2,False,C00,TOTAL CPC,0,0,TOTAL MOT,-1,N/A,0.0,False,-1,N/A,0.0,False,0.0,True,0.0,False,,30956109966.0,30956109966.0,4,False,True
C,A,20210101,2021,52,2021,156,CHN,China,X,Export,0,W00,World,0,W00,World,H5,HS,True,73,Iron or steel articles,2,False,C00,TOTAL CPC,0,0,TOTAL MOT,-1,N/A,0.0,False,-1,N/A,0.0,False,0.0,True,0.0,False,,92706259106.0,92706259106.0,4,False,True
C,A,20210101,2021,52,2021,156,CHN,China,X,Export,0,W00,World,0,W00,World,H5,HS,True,62,Apparel and clothing accessories; not knitted or crocheted,2,False,C00,TOTAL CPC,0,0,TOTAL MOT,-1,N/A,0.0,False,-1,N/A,0.0,False,0.0,True,0.0,False,,68397091380.0,68397091380.0,4,False,True
C,A,20210101,2021,52,2021,156,CHN,China,X,Export,0,W00,World,0,W00,World,H5,HS,True,30,Pharmaceutical products,2,False,C00,TOTAL CPC,0,0,TOTAL MOT,-1,N/A,0.0,False,-1,N/A,0.0,False,0.0,True,0.0,False,,38545057952.0,38545057952.0,4,False,True
C,A,20210101,2021,52,2021,156,CHN,China,X,Export,0,W00,World,0,W00,World,H5,HS,True,39,Plastics and articles thereof,2,False,C00,TOTAL CPC,0,0,TOTAL MOT,-1,N/A,0.0,False,-1,N/A,0.0,False,0.0,True,0.0,False,,128223547237.0,128223547237.0,4,False,True
C,A,20210101,2021,52,2021,156,CHN,China,X,Export,0,W00,World,0,W00,World,H5,HS,True,49,"Printed books, newspapers, pictures and other products of the printing industry; manuscripts, typescripts and plans",2,False,C00,TOTAL CPC,0,0,TOTAL MOT,-1,N/A,0.0,False,-1,N/A,0.0,False,0.0,True,0.0,False,,4298800720.0,4298800720.0,4,False,True
C,A,20210101,2021,52,2021,156,CHN,China,X,Export,0,W00,World,0,W00,World,H5,HS,True,48,"Paper and paperboard; articles of paper pulp, of paper or paperboard",2,False,C00,TOTAL CPC,0,0,TOTAL MOT,-1,N/A,0.0,False,-1,N/A,0.0,False,0.0,True,0.0,False,,23289723207.0,23289723207.0,4,False,True
C,A,20210101,2021,52,2021,156,CHN,China,X,Export,0,W00,World,0,W00,World,H5,HS,True,82,"Tools, implements, cutlery, spoons and forks, of base metal; parts thereof, of base metal",2,False,C00,TOTAL CPC,0,0,TOTAL MOT,-1,N/A,0.0,False,-1,N/A,0.0,False,0.0,True,0.0,False,,22771884811.0,22771884811.0,4,False,True
C,A,20210101,2021,52,2021,156,CHN,China,X,Export,0,W00,World,0,W00,World,H5,HS,True,61,Apparel and clothing accessories; knitted or crocheted,2,False,C00,TOTAL CPC,0,0,TOTAL MOT,-1,N/A,0.0,False,-1,N/A,0.0,False,0.0,True,0.0,False,,85155932577.0,85155932577.0,4,False,True
C,A,20210101,2021,52,2021,156,CHN,China,X,Export,0,W00,World,0,W00,World,H5,HS,True,29,Organic chemicals,2,False,C00,TOTAL CPC,0,0,TOTAL MOT,-1,N/A,0.0,False,-1,N/A,0.0,False,0.0,True,0.0,False,,82518698360.0,82518698360.0,4,False,True
C,A,20210101,2021,52,2021,156,CHN,China,X,Export,0,W00,World,0,W00,World,H5,HS,True,74,Copper and articles thereof,2,False,C00,TOTAL CPC,0,0,TOTAL MOT,-1,N/A,0.0,False,-1,N/A,0.0,False,0.0,True,0.0,False,,10445270967.0,10445270967.0,4,False,True
C,A,20210101,2021,52,2021,156,CHN,China,X,Export,0,W00,World,0,W00,World,H5,HS,True,96,Miscellaneous manufactured articles,2,False,C00,TOTAL CPC,0,0,TOTAL MOT,-1,N/A,0.0,False,-1,N/A,0.0,False,0.0,True,0.0,False,,22771975608.0,22771975608.0,4,False,True
C,A,20210101,2021,52,2021,156,CHN,China,X,Export,0,W00,World,0,W00,World,H5,HS,True,83,Metal; miscellaneous products of base metal,2,False,C00,TOTAL CPC,0,0,TOTAL MOT,-1,N/A,0.0,False,-1,N/A,0.0,False,0.0,True,0.0,False,,26224698715.0,26224698715.0,4,False,True
C,A,20210101,2021,52,2021,156,CHN,China,X,Export,0,W00,World,0,W00,World,H5,HS,True,28,"Inorganic chemicals; organic and inorganic compounds of precious metals; of rare earth metals, of radio-active elements and of isotopes",2,False,C00,TOTAL CPC,0,0,TOTAL MOT,-1,N/A,0.0,False,-1,N/A,0.0,False,0.0,True,0.0,False,,23140018958.0,23140018958.0,4,False,True
C,A,20210101,2021,52,2021,156,CHN,China,X,Export,0,W00,World,0,W00,World,H5,HS,True,08,"Fruit and nuts, edible; peel of citrus fruit or melons",2,False,C00,TOTAL CPC,0,0,TOTAL MOT,-1,N/A,0.0,False,-1,N/A,0.0,False,0.0,True,0.0,False,,6332805669.0,6332805669.0,4,False,True
C,A,20210101,2021,52,2021,156,CHN,China,X,Export,0,W00,World,0,W00,World,H5,HS,True,18,Cocoa and cocoa preparations,2,False,C00,TOTAL CPC,0,0,TOTAL MOT,-1,N/A,0.0,False,-1,N/A,0.0,False,0.0,True,0.0,False,,436457661.0,436457661.0,4,False,True
C,A,20210101,2021,52,2021,156,CHN,China,X,Export,0,W00,World,0,W00,World,H5,HS,True,07,Vegetables and certain roots and tubers; edible,2,False,C00,TOTAL CPC,0,0,TOTAL MOT,-1,N/A,0.0,False,-1,N/A,0.0,False,0.0,True,0.0,False,,10032607561.0,10032607561.0,4,False,True
C,A,20210101,2021,52,2021,156,CHN,China,X,Export,0,W00,World,0,W00,World,H5,HS,True,31,Fertilizers,2,False,C00,TOTAL CPC,0,0,TOTAL MOT,-1,N/A,0.0,False,-1,N/A,0.0,False,0.0,True,0.0,False,,11445650349.0,11445650349.0,4,False,True
C,A,20210101,2021,52,2021,156,CHN,China,X,Export,0,W00,World,0,W00,World,H5,HS,True,92,Musical instruments; parts and accessories of such articles,2,False,C00,TOTAL CPC,0,0,TOTAL MOT,-1,N/A,0.0,False,-1,N/A,0.0,False,0.0,True,0.0,False,,2283585581.0,2283585581.0,4,False,True
C,A,20210101,2021,52,2021,156,CHN,China,X,Export,0,W00,World,0,W00,World,H5,HS,True,63,"Textiles, made up articles; sets; worn clothing and worn textile articles; rags",2,False,C00,TOTAL CPC,0,0,TOTAL MOT,-1,N/A,0.0,False,-1,N/A,0.0,False,0.0,True,0.0,False,,41203783851.0,41203783851.0,4,False,True
C,A,20210101,2021,52,2021,156,CHN,China,X,Export,0,W00,World,0,W00,World,H5,HS,True,21,Miscellaneous edible preparations,2,False,C00,TOTAL CPC,0,0,TOTAL MOT,-1,N/A,0.0,False,-1,N/A,0.0,False,0.0,True,0.0,False,,5705861681.0,5705861681.0,4,False,True
C,A,20210101,2021,52,2021,156,CHN,China,X,Export,0,W00,World,0,W00,World,H5,HS,True,26,"Ores, slag and ash",2,False,C00,TOTAL CPC,0,0,TOTAL MOT,-1,N/A,0.0,False,-1,N/A,0.0,False,0.0,True,0.0,False,,4539029751.0,4539029751.0,4,False,True
C,A,20210101,2021,52,2021,156,CHN,China,X,Export,0,W00,World,0,W00,World,H5,HS,True,52,Cotton,2,False,C00,TOTAL CPC,0,0,TOTAL MOT,-1,N/A,0.0,False,-1,N/A,0.0,False,0.0,True,0.0,False,,13669782157.0,13669782157.0,4,False,True
C,A,20210101,2021,52,2021,156,CHN,China,X,Export,0,W00,World,0,W00,World,H5,HS,True,03,"Fish and crustaceans, molluscs and other aquatic invertebrates",2,False,C00,TOTAL CPC,0,0,TOTAL MOT,-1,N/A,0.0,False,-1,N/A,0.0,False,0.0,True,0.0,False,,11018990483.0,11018990483.0,4,False,True
C,A,20210101,2021,52,2021,156,CHN,China,X,Export,0,W00,World,0,W00,World,H5,HS,True,13,"Lac; gums, resins and other vegetable saps and extracts",2,False,C00,TOTAL CPC,0,0,TOTAL MOT,-1,N/A,0.0,False,-1,N/A,0.0,False,0.0,True,0.0,False,,2107566577.0,2107566577.0,4,False,True
C,A,20210101,2021,52,2021,156,CHN,China,X,Export,0,W00,World,0,W00,World,H5,HS,True,54,Man-made filaments; strip and the like of man-made textile materials,2,False,C00,TOTAL CPC,0,0,TOTAL MOT,-1,N/A,0.0,False,-1,N/A,0.0,False,0.0,True,0.0,False,,25520345193.0,25520345193.0,4,False,True
C,A,20210101,2021,52,2021,156,CHN,China,X,Export,0,W00,World,0,W00,World,H5,HS,True,32,"Tanning or dyeing extracts; tannins and their derivatives; dyes, pigments and other colouring matter; paints, varnishes; putty, other mastics; inks",2,False,C00,TOTAL CPC,0,0,TOTAL MOT,-1,N/A,0.0,False,-1,N/A,0.0,False,0.0,True,0.0,False,,10314344644.0,10314344644.0,4,False,True
C,A,20210101,2021,52,2021,156,CHN,China,X,Export,0,W00,World,0,W00,World,H5,HS,True,91,Clocks and watches and parts thereof,2,False,C00,TOTAL CPC,0,0,TOTAL MOT,-1,N/A,0.0,False,-1,N/A,0.0,False,0.0,True,0.0,False,,4577899323.0,4577899323.0,4,False,True
C,A,20210101,2021,52,2021,156,CHN,China,X,Export,0,W00,World,0,W00,World,H5,HS,True,94,"Furniture; bedding, mattresses, mattress supports, cushions and similar stuffed furnishings; lamps and lighting fittings, n.e.c.; illuminated signs, illuminated name-plates and the like; prefabricated buildings",2,False,C00,TOTAL CPC,0,0,TOTAL MOT,-1,N/A,0.0,False,-1,N/A,0.0,False,0.0,True,0.0,False,,134550338070.0,134550338070.0,4,False,True
C,A,20210101,2021,52,2021,156,CHN,China,X,Export,0,W00,World,0,W00,World,H5,HS,True,19,"Preparations of cereals, flour, starch or milk; pastrycooks' products",2,False,C00,TOTAL CPC,0,0,TOTAL MOT,-1,N/A,0.0,False,-1,N/A,0.0,False,0.0,True,0.0,False,,2345271423.0,2345271423.0,4,False,True
C,A,20210101,2021,52,2021,156,CHN,China,X,Export,0,W00,World,0,W00,World,H5,HS,True,69,Ceramic products,2,False,C00,TOTAL CPC,0,0,TOTAL MOT,-1,N/A,0.0,False,-1,N/A,0.0,False,0.0,True,0.0,False,,29012712790.0,29012712790.0,4,False,True
C,A,20210101,2021,52,2021,156,CHN,China,X,Export,0,W00,World,0,W00,World,H5,HS,True,05,Animal originated products; not elsewhere specified or included,2,False,C00,TOTAL CPC,0,0,TOTAL MOT,-1,N/A,0.0,False,-1,N/A,0.0,False,0.0,True,0.0,False,,1957224068.0,1957224068.0,4,False,True
C,A,20210101,2021,52,2021,156,CHN,China,X,Export,0,W00,World,0,W00,World,H5,HS,True,35,Albuminoidal substances; modified starches; glues; enzymes,2,False,C00,TOTAL CPC,0,0,TOTAL MOT,-1,N/A,0.0,False,-1,N/A,0.0,False,0.0,True,0.0,False,,4264451389.0,4264451389.0,4,False,True
C,A,20210101,2021,52,2021,156,CHN,China,X,Export,0,W00,World,0,W00,World,H5,HS,True,41,Raw hides and skins (other than furskins) and leather,2,False,C00,TOTAL CPC,0,0,TOTAL MOT,-1,N/A,0.0,False,-1,N/A,0.0,False,0.0,True,0.0,False,,976966149.0,976966149.0,4,False,True
C,A,20210101,2021,52,2021,156,CHN,China,X,Export,0,W00,World,0,W00,World,H5,HS,True,95,"Toys, games and sports requisites; parts and accessories thereof",2,False,C00,TOTAL CPC,0,0,TOTAL MOT,-1,N/A,0.0,False,-1,N/A,0.0,False,0.0,True,0.0,False,,97507551576.0,97507551576.0,4,False,True
C,A,20210101,2021,52,2021,156,CHN,China,X,Export,0,W00,World,0,W00,World,H5,HS,True,27,"Mineral fuels, mineral oils and products of their distillation; bituminous substances; mineral waxes",2,False,C00,TOTAL CPC,0,0,TOTAL MOT,-1,N/A,0.0,False,-1,N/A,0.0,False,0.0,True,0.0,False,,42834476915.0,42834476915.0,4,False,True
C,A,20210101,2021,52,2021,156,CHN,China,X,Export,0,W00,World,0,W00,World,H5,HS,True,55,Man-made staple fibres,2,False,C00,TOTAL CPC,0,0,TOTAL MOT,-1,N/A,0.0,False,-1,N/A,0.0,False,0.0,True,0.0,False,,12890819157.0,12890819157.0,4,False,True
C,A,20210101,2021,52,2021,156,CHN,China,X,Export,0,W00,World,0,W00,World,H5,HS,True,70,Glass and glassware,2,False,C00,TOTAL CPC,0,0,TOTAL MOT,-1,N/A,0.0,False,-1,N/A,0.0,False,0.0,True,0.0,False,,23150160964.0,23150160964.0,4,False,True
C,A,20210101,2021,52,2021,156,CHN,China,X,Export,0,W00,World,0,W00,World,H5,HS,True,42,"Articles of leather; saddlery and harness; travel goods, handbags and similar containers; articles of animal gut (other than silk-worm gut)",2,False,C00,TOTAL CPC,0,0,TOTAL MOT,-1,N/A,0.0,False,-1,N/A,0.0,False,0.0,True,0.0,False,,29725640912.0,29725640912.0,4,False,True
C,A,20210101,2021,52,2021,156,CHN,China,X,Export,0,W00,World,0,W00,World,H5,HS,True,59,"Textile fabrics; impregnated, coated, covered or laminated; textile articles of a kind suitable for industrial use",2,False,C00,TOTAL CPC,0,0,TOTAL MOT,-1,N/A,0.0,False,-1,N/A,0.0,False,0.0,True,0.0,False,,9230868371.0,9230868371.0,4,False,True
C,A,20210101,2021,52,2021,156,CHN,China,X,Export,0,W00,World,0,W00,World,H5,HS,True,43,Furskins and artificial fur; manufactures thereof,2,False,C00,TOTAL CPC,0,0,TOTAL MOT,-1,N/A,0.0,False,-1,N/A,0.0,False,0.0,True,0.0,False,,2725647868.0,2725647868.0,4,False,True
C,A,20210101,2021,52,2021,156,CHN,China,X,Export,0,W00,World,0,W00,World,H5,HS,True,09,"Coffee, tea, mate and spices",2,False,C00,TOTAL CPC,0,0,TOTAL MOT,-1,N/A,0.0,False,-1,N/A,0.0,False,0.0,True,0.0,False,,4188803916.0,4188803916.0,4,False,True
C,A,20210101,2021,52,2021,156,CHN,China,X,Export,0,W00,World,0,W00,World,H5,HS,True,60,Fabrics; knitted or crocheted,2,False,C00,TOTAL CPC,0,0,TOTAL MOT,-1,N/A,0.0,False,-1,N/A,0.0,False,0.0,True,0.0,False,,23012069510.0,23012069510.0,4,False,True
C,A,20210101,2021,52,2021,156,CHN,China,X,Export,0,W00,World,0,W00,World,H5,HS,True,72,Iron and steel,2,False,C00,TOTAL CPC,0,0,TOTAL MOT,-1,N/A,0.0,False,-1,N/A,0.0,False,0.0,True,0.0,False,,65008616725.0,65008616725.0,4,False,True
C,A,20210101,2021,52,2021,156,CHN,China,X,Export,0,W00,World,0,W00,World,H5,HS,True,78,Lead and articles thereof,2,False,C00,TOTAL CPC,0,0,TOTAL MOT,-1,N/A,0.0,False,-1,N/A,0.0,False,0.0,True,0.0,False,,271436207.0,271436207.0,4,False,True
C,A,20210101,2021,52,2021,156,CHN,China,X,Export,0,W00,World,0,W00,World,H5,HS,True,36,Explosives; pyrotechnic products; matches; pyrophoric alloys; certain combustible preparations,2,False,C00,TOTAL CPC,0,0,TOTAL MOT,-1,N/A,0.0,False,-1,N/A,0.0,False,0.0,True,0.0,False,,883381807.0,883381807.0,4,False,True
C,A,20210101,2021,52,2021,156,CHN,China,X,Export,0,W00,World,0,W00,World,H5,HS,True,12,"Oil seeds and oleaginous fruits; miscellaneous grains, seeds and fruit, industrial or medicinal plants; straw and fodder",2,False,C00,TOTAL CPC,0,0,TOTAL MOT,-1,N/A,0.0,False,-1,N/A,0.0,False,0.0,True,0.0,False,,2953545757.0,2953545757.0,4,False,True
C,A,20210101,2021,52,2021,156,CHN,China,X,Export,0,W00,World,0,W00,World,H5,HS,True,04,"Dairy produce; birds' eggs; natural honey; edible products of animal origin, not elsewhere specified or included",2,False,C00,TOTAL CPC,0,0,TOTAL MOT,-1,N/A,0.0,False,-1,N/A,0.0,False,0.0,True,0.0,False,,619832976.0,619832976.0,4,False,True
C,A,20210101,2021,52,2021,156,CHN,China,X,Export,0,W00,World,0,W00,World,H5,HS,True,53,Vegetable textile fibres; paper yarn and woven fabrics of paper yarn,2,False,C00,TOTAL CPC,0,0,TOTAL MOT,-1,N/A,0.0,False,-1,N/A,0.0,False,0.0,True,0.0,False,,1383365854.0,1383365854.0,4,False,True
C,A,20210101,2021,52,2021,156,CHN,China,X,Export,0,W00,World,0,W00,World,H5,HS,True,15,Animal or vegetable fats and oils and their cleavage products; prepared animal fats; animal or vegetable waxes,2,False,C00,TOTAL CPC,0,0,TOTAL MOT,-1,N/A,0.0,False,-1,N/A,0.0,False,0.0,True,0.0,False,,2364370596.0,2364370596.0,4,False,True
C,A,20210101,2021,52,2021,156,CHN,China,X,Export,0,W00,World,0,W00,World,H5,HS,True,22,"Beverages, spirits and vinegar",2,False,C00,TOTAL CPC,0,0,TOTAL MOT,-1,N/A,0.0,False,-1,N/A,0.0,False,0.0,True,0.0,False,,2066955549.0,2066955549.0,4,False,True
C,A,20210101,2021,52,2021,156,CHN,China,X,Export,0,W00,World,0,W00,World,H5,HS,True,57,Carpets and other textile floor coverings,2,False,C00,TOTAL CPC,0,0,TOTAL MOT,-1,N/A,0.0,False,-1,N/A,0.0,False,0.0,True,0.0,False,,3708651136.0,3708651136.0,4,False,True
C,A,20210101,2021,52,2021,156,CHN,China,X,Export,0,W00,World,0,W00,World,H5,HS,True,34,"Soap, organic surface-active agents; washing, lubricating, polishing or scouring preparations; artificial or prepared waxes, candles and similar articles, modelling pastes, dental waxes and dental preparations with a basis of plaster",2,False,C00,TOTAL CPC,0,0,TOTAL MOT,-1,N/A,0.0,False,-1,N/A,0.0,False,0.0,True,0.0,False,,5797820235.0,5797820235.0,4,False,True
C,A,20210101,2021,52,2021,156,CHN,China,X,Export,0,W00,World,0,W00,World,H5,HS,True,38,Chemical products n.e.c.,2,False,C00,TOTAL CPC,0,0,TOTAL MOT,-1,N/A,0.0,False,-1,N/A,0.0,False,0.0,True,0.0,False,,28251712042.0,28251712042.0,4,False,True
C,A,20210101,2021,52,2021,156,CHN,China,X,Export,0,W00,World,0,W00,World,H5,HS,True,24,Tobacco and manufactured tobacco substitutes,2,False,C00,TOTAL CPC,0,0,TOTAL MOT,-1,N/A,0.0,False,-1,N/A,0.0,False,0.0,True,0.0,False,,710844300.0,710844300.0,4,False,True
C,A,20210101,2021,52,2021,156,CHN,China,X,Export,0,W00,World,0,W00,World,H5,HS,True,16,"Meat, fish or crustaceans, molluscs or other aquatic invertebrates; preparations thereof",2,False,C00,TOTAL CPC,0,0,TOTAL MOT,-1,N/A,0.0,False,-1,N/A,0.0,False,0.0,True,0.0,False,,11715488905.0,11715488905.0,4,False,True
C,A,20210101,2021,52,2021,156,CHN,China,X,Export,0,W00,World,0,W00,World,H5,HS,True,76,Aluminium and articles thereof,2,False,C00,TOTAL CPC,0,0,TOTAL MOT,-1,N/A,0.0,False,-1,N/A,0.0,False,0.0,True,0.0,False,,34498295304.0,34498295304.0,4,False,True
C,A,20210101,2021,52,2021,156,CHN,China,X,Export,0,W00,World,0,W00,World,H5,HS,True,75,Nickel and articles thereof,2,False,C00,TOTAL CPC,0,0,TOTAL MOT,-1,N/A,0.0,False,-1,N/A,0.0,False,0.0,True,0.0,False,,501727747.0,501727747.0,4,False,True
C,A,20210101,2021,52,2021,156,CHN,China,X,Export,0,W00,World,0,W00,World,H5,HS,True,67,"Feathers and down, prepared; and articles made of feather or of down; artificial flowers; articles of human hair",2,False,C00,TOTAL CPC,0,0,TOTAL MOT,-1,N/A,0.0,False,-1,N/A,0.0,False,0.0,True,0.0,False,,12231415860.0,12231415860.0,4,False,True
C,A,20210101,2021,52,2021,156,CHN,China,X,Export,0,W00,World,0,W00,World,H5,HS,True,64,Footwear; gaiters and the like; parts of such articles,2,False,C00,TOTAL CPC,0,0,TOTAL MOT,-1,N/A,0.0,False,-1,N/A,0.0,False,0.0,True,0.0,False,,50715154532.0,50715154532.0,4,False,True
C,A,20210101,2021,52,2021,156,CHN,China,X,Export,0,W00,World,0,W00,World,H5,HS,True,46,"Manufactures of straw, esparto or other plaiting materials; basketware and wickerwork",2,False,C00,TOTAL CPC,0,0,TOTAL MOT,-1,N/A,0.0,False,-1,N/A,0.0,False,0.0,True,0.0,False,,2126188119.0,2126188119.0,4,False,True
C,A,20210101,2021,52,2021,156,CHN,China,X,Export,0,W00,World,0,W00,World,H5,HS,True,17,Sugars and sugar confectionery,2,False,C00,TOTAL CPC,0,0,TOTAL MOT,-1,N/A,0.0,False,-1,N/A,0.0,False,0.0,True,0.0,False,,1931020780.0,1931020780.0,4,False,True
C,A,20210101,2021,52,2021,156,CHN,China,X,Export,0,W00,World,0,W00,World,H5,HS,True,71,"Natural, cultured pearls; precious, semi-precious stones; precious metals, metals clad with precious metal, and articles thereof; imitation jewellery; coin",2,False,C00,TOTAL CPC,0,0,TOTAL MOT,-1,N/A,0.0,False,-1,N/A,0.0,False,0.0,True,0.0,False,,28884744388.0,28884744388.0,4,False,True
C,A,20210101,2021,52,2021,156,CHN,China,X,Export,0,W00,World,0,W00,World,H5,HS,True,56,"Wadding, felt and nonwovens, special yarns; twine, cordage, ropes and cables and articles thereof",2,False,C00,TOTAL CPC,0,0,TOTAL MOT,-1,N/A,0.0,False,-1,N/A,0.0,False,0.0,True,0.0,False,,8239327984.0,8239327984.0,4,False,True
C,A,20210101,2021,52,2021,156,CHN,China,X,Export,0,W00,World,0,W00,World,H5,HS,True,89,"Ships, boats and floating structures",2,False,C00,TOTAL CPC,0,0,TOTAL MOT,-1,N/A,0.0,False,-1,N/A,0.0,False,0.0,True,0.0,False,,24158752726.0,24158752726.0,4,False,True
C,A,20210101,2021,52,2021,156,CHN,China,X,Export,0,W00,World,0,W00,World,H5,HS,True,88,"Aircraft, spacecraft and parts thereof",2,False,C00,TOTAL CPC,0,0,TOTAL MOT,-1,N/A,0.0,False,-1,N/A,0.0,False,0.0,True,0.0,False,,2432242944.0,2432242944.0,4,False,True
C,A,20210101,2021,52,2021,156,CHN,China,X,Export,0,W00,World,0,W00,World,H5,HS,True,66,"Umbrellas, sun umbrellas, walking-sticks, seat sticks, whips, riding crops; and parts thereof",2,False,C00,TOTAL CPC,0,0,TOTAL MOT,-1,N/A,0.0,False,-1,N/A,0.0,False,0.0,True,0.0,False,,2991191827.0,2991191827.0,4,False,True
C,A,20210101,2021,52,2021,156,CHN,China,X,Export,0,W00,World,0,W00,World,H5,HS,True,23,"Food industries, residues and wastes thereof; prepared animal fodder",2,False,C00,TOTAL CPC,0,0,TOTAL MOT,-1,N/A,0.0,False,-1,N/A,0.0,False,0.0,True,0.0,False,,3681594084.0,3681594084.0,4,False,True
C,A,20210101,2021,52,2021,156,CHN,China,X,Export,0,W00,World,0,W00,World,H5,HS,True,20,"Preparations of vegetables, fruit, nuts or other parts of plants",2,False,C00,TOTAL CPC,0,0,TOTAL MOT,-1,N/A,0.0,False,-1,N/A,0.0,False,0.0,True,0.0,False,,8272862576.0,8272862576.0,4,False,True
C,A,20210101,2021,52,2021,156,CHN,China,X,Export,0,W00,World,0,W00,World,H5,HS,True,37,Photographic or cinematographic goods,2,False,C00,TOTAL CPC,0,0,TOTAL MOT,-1,N/A,0.0,False,-1,N/A,0.0,False,0.0,True,0.0,False,,1225415308.0,1225415308.0,4,False,True
C,A,20210101,2021,52,2021,156,CHN,China,X,Export,0,W00,World,0,W00,World,H5,HS,True,87,"Vehicles; other than railway or tramway rolling stock, and parts and accessories thereof",2,False,C00,TOTAL CPC,0,0,TOTAL MOT,-1,N/A,0.0,False,-1,N/A,0.0,False,0.0,True,0.0,False,,119339096936.0,119339096936.0,4,False,True
C,A,20210101,2021,52,2021,156,CHN,China,X,Export,0,W00,World,0,W00,World,H5,HS,True,65,Headgear and parts thereof,2,False,C00,TOTAL CPC,0,0,TOTAL MOT,-1,N/A,0.0,False,-1,N/A,0.0,False,0.0,True,0.0,False,,5479349175.0,5479349175.0,4,False,True
C,A,20210101,2021,52,2021,156,CHN,China,X,Export,0,W00,World,0,W00,World,H5,HS,True,11,"Products of the milling industry; malt, starches, inulin, wheat gluten",2,False,C00,TOTAL CPC,0,0,TOTAL MOT,-1,N/A,0.0,False,-1,N/A,0.0,False,0.0,True,0.0,False,,653111514.0,653111514.0,4,False,True
C,A,20210101,2021,52,2021,156,CHN,China,X,Export,0,W00,World,0,W00,World,H5,HS,True,86,"Railway, tramway locomotives, rolling-stock and parts thereof; railway or tramway track fixtures and fittings and parts thereof; mechanical (including electro-mechanical) traffic signalling equipment of all kinds",2,False,C00,TOTAL CPC,0,0,TOTAL MOT,-1,N/A,0.0,False,-1,N/A,0.0,False,0.0,True,0.0,False,,26081411683.0,26081411683.0,4,False,True
C,A,20210101,2021,52,2021,156,CHN,China,X,Export,0,W00,World,0,W00,World,H5,HS,True,10,Cereals,2,False,C00,TOTAL CPC,0,0,TOTAL MOT,-1,N/A,0.0,False,-1,N/A,0.0,False,0.0,True,0.0,False,,1076267931.0,1076267931.0,4,False,True
C,A,20210101,2021,52,2021,156,CHN,China,X,Export,0,W00,World,0,W00,World,H5,HS,True,79,Zinc and articles thereof,2,False,C00,TOTAL CPC,0,0,TOTAL MOT,-1,N/A,0.0,False,-1,N/A,0.0,False,0.0,True,0.0,False,,215951326.0,215951326.0,4,False,True
C,A,20210101,2021,52,2021,156,CHN,China,X,Export,0,W00,World,0,W00,World,H5,HS,True,44,Wood and articles of wood; wood charcoal,2,False,C00,TOTAL CPC,0,0,TOTAL MOT,-1,N/A,0.0,False,-1,N/A,0.0,False,0.0,True,0.0,False,,18368373194.0,18368373194.0,4,False,True
C,A,20210101,2021,52,2021,156,CHN,China,X,Export,0,W00,World,0,W00,World,H5,HS,True,51,"Wool, fine or coarse animal hair; horsehair yarn and woven fabric",2,False,C00,TOTAL CPC,0,0,TOTAL MOT,-1,N/A,0.0,False,-1,N/A,0.0,False,0.0,True,0.0,False,,1932383632.0,1932383632.0,4,False,True
C,A,20210101,2021,52,2021,156,CHN,China,X,Export,0,W00,World,0,W00,World,H5,HS,True,50,Silk,2,False,C00,TOTAL CPC,0,0,TOTAL MOT,-1,N/A,0.0,False,-1,N/A,0.0,False,0.0,True,0.0,False,,654612066.0,654612066.0,4,False,True
C,A,20210101,2021,52,2021,156,CHN,China,X,Export,0,W00,World,0,W00,World,H5,HS,True,01,Animals; live,2,False,C00,TOTAL CPC,0,0,TOTAL MOT,-1,N/A,0.0,False,-1,N/A,0.0,False,0.0,True,0.0,False,,560872167.0,560872167.0,4,False,True
C,A,20210101,2021,52,2021,156,CHN,China,X,Export,0,W00,World,0,W00,World,H5,HS,True,25,"Salt; sulphur; earths, stone; plastering materials, lime and cement",2,False,C00,TOTAL CPC,0,0,TOTAL MOT,-1,N/A,0.0,False,-1,N/A,0.0,False,0.0,True,0.0,False,,3747928925.0,3747928925.0,4,False,True
C,A,20210101,2021,52,2021,156,CHN,China,X,Export,0,W00,World,0,W00,World,H5,HS,True,68,"Stone, plaster, cement, asbestos, mica or similar materials; articles thereof",2,False,C00,TOTAL CPC,0,0,TOTAL MOT,-1,N/A,0.0,False,-1,N/A,0.0,False,0.0,True,0.0,False,,13343472729.0,13343472729.0,4,False,True
C,A,20210101,2021,52,2021,156,CHN,China,X,Export,0,W00,World,0,W00,World,H5,HS,True,81,"Metals; n.e.c., cermets and articles thereof",2,False,C00,TOTAL CPC,0,0,TOTAL MOT,-1,N/A,0.0,False,-1,N/A,0.0,False,0.0,True,0.0,False,,4810069462.0,4810069462.0,4,False,True
C,A,20210101,2021,52,2021,156,CHN,China,X,Export,0,W00,World,0,W00,World,H5,HS,True,45,Cork and articles of cork,2,False,C00,TOTAL CPC,0,0,TOTAL MOT,-1,N/A,0.0,False,-1,N/A,0.0,False,0.0,True,0.0,False,,39637158.0,39637158.0,4,False,True
C,A,20210101,2021,52,2021,156,CHN,China,X,Export,0,W00,World,0,W00,World,H5,HS,True,58,"Fabrics; special woven fabrics, tufted textile fabrics, lace, tapestries, trimmings, embroidery",2,False,C00,TOTAL CPC,0,0,TOTAL MOT,-1,N/A,0.0,False,-1,N/A,0.0,False,0.0,True,0.0,False,,5561592821.0,5561592821.0,4,False,True
C,A,20210101,2021,52,2021,156,CHN,China,X,Export,0,W00,World,0,W00,World,H5,HS,True,33,"Essential oils and resinoids; perfumery, cosmetic or toilet preparations",2,False,C00,TOTAL CPC,0,0,TOTAL MOT,-1,N/A,0.0,False,-1,N/A,0.0,False,0.0,True,0.0,False,,6260783830.0,6260783830.0,4,False,True
C,A,20210101,2021,52,2021,156,CHN,China,X,Export,0,W00,World,0,W00,World,H5,HS,True,06,"Trees and other plants, live; bulbs, roots and the like; cut flowers and ornamental foliage",2,False,C00,TOTAL CPC,0,0,TOTAL MOT,-1,N/A,0.0,False,-1,N/A,0.0,False,0.0,True,0.0,False,,566522266.0,566522266.0,4,False,True
C,A,20210101,2021,52,2021,156,CHN,China,X,Export,0,W00,World,0,W00,World,H5,HS,True,97,Works of art; collectors' pieces and antiques,2,False,C00,TOTAL CPC,0,0,TOTAL MOT,-1,N/A,0.0,False,-1,N/A,0.0,False,0.0,True,0.0,False,,2305208524.0,2305208524.0,4,False,True
C,A,20210101,2021,52,2021,156,CHN,China,X,Export,0,W00,World,0,W00,World,H5,HS,True,47,Pulp of wood or other fibrous cellulosic material; recovered (waste and scrap) paper or paperboard,2,False,C00,TOTAL CPC,0,0,TOTAL MOT,-1,N/A,0.0,False,-1,N/A,0.0,False,0.0,False,0.0,False,,188953077.0,188953077.0,0,False,True
C,A,20210101,2021,52,2021,156,CHN,China,X,Export,0,W00,World,0,W00,World,H5,HS,True,02,Meat and edible meat offal,2,False,C00,TOTAL CPC,0,0,TOTAL MOT,-1,N/A,0.0,False,-1,N/A,0.0,False,0.0,False,0.0,False,,872320069.0,872320069.0,0,False,True
C,A,20210101,2021,52,2021,156,CHN,China,X,Export,0,W00,World,0,W00,World,H5,HS,True,14,Vegetable plaiting materials; vegetable products not elsewhere specified or included,2,False,C00,TOTAL CPC,0,0,TOTAL MOT,-1,N/A,0.0,False,-1,N/A,0.0,False,0.0,False,0.0,False,,198131102.0,198131102.0,0,False,True
C,A,20210101,2021,52,2021,156,CHN,China,X,Export,0,W00,World,0,W00,World,H5,HS,True,93,Arms and ammunition; parts and accessories thereof,2,False,C00,TOTAL CPC,0,0,TOTAL MOT,-1,N/A,0.0,False,-1,N/A,0.0,False,0.0,False,0.0,False,,313773805.0,313773805.0,0,False,True
C,A,20210101,2021,52,2021,156,CHN,China,X,Export,0,W00,World,0,W00,World,H5,HS,True,99,Commodities not specified according to kind,2,False,C00,TOTAL CPC,0,0,TOTAL MOT,-1,N/A,0.0,False,-1,N/A,0.0,False,0.0,False,0.0,False,,37230802994.0,37230802994.0,0,False,True
C,A,20210101,2021,52,2021,704,VNM,Viet Nam,X,Export,0,W00,World,0,W00,World,H5,HS,True,71,"Natural, cultured pearls; precious, semi-precious stones; precious metals, metals clad with precious metal, and articles thereof; imitation jewellery; coin",2,False,C00,TOTAL CPC,0,0,TOTAL MOT,-1,N/A,0.0,False,-1,N/A,0.0,False,0.0,False,0.0,False,0.0,925128494.446,925128494.446,0,False,True
C,A,20210101,2021,52,2021,704,VNM,Viet Nam,X,Export,0,W00,World,0,W00,World,H5,HS,True,75,Nickel and articles thereof,2,False,C00,TOTAL CPC,0,0,TOTAL MOT,-1,N/A,0.0,False,-1,N/A,0.0,False,0.0,False,0.0,False,0.0,33924831.784,33924831.784,0,False,True
C,A,20210101,2021,52,2021,704,VNM,Viet Nam,X,Export,0,W00,World,0,W00,World,H5,HS,True,76,Aluminium and articles thereof,2,False,C00,TOTAL CPC,0,0,TOTAL MOT,-1,N/A,0.0,False,-1,N/A,0.0,False,0.0,False,0.0,False,0.0,2039212367.146,2039212367.146,0,False,True
C,A,20210101,2021,52,2021,704,VNM,Viet Nam,X,Export,0,W00,World,0,W00,World,H5,HS,True,78,Lead and articles thereof,2,False,C00,TOTAL CPC,0,0,TOTAL MOT,-1,N/A,0.0,False,-1,N/A,0.0,False,0.0,False,0.0,False,0.0,43394409.838,43394409.838,0,False,True
C,A,20210101,2021,52,2021,704,VNM,Viet Nam,X,Export,0,W00,World,0,W00,World,H5,HS,True,80,Tin; articles thereof,2,False,C00,TOTAL CPC,0,0,TOTAL MOT,-1,N/A,0.0,False,-1,N/A,0.0,False,0.0,False,0.0,False,0.0,15366378.452,15366378.452,0,False,True
C,A,20210101,2021,52,2021,704,VNM,Viet Nam,X,Export,0,W00,World,0,W00,World,H5,HS,True,81,"Metals; n.e.c., cermets and articles thereof",2,False,C00,TOTAL CPC,0,0,TOTAL MOT,-1,N/A,0.0,False,-1,N/A,0.0,False,0.0,False,0.0,False,0.0,68395905.918,68395905.918,0,False,True
C,A,20210101,2021,52,2021,704,VNM,Viet Nam,X,Export,0,W00,World,0,W00,World,H5,HS,True,82,"Tools, implements, cutlery, spoons and forks, of base metal; parts thereof, of base metal",2,False,C00,TOTAL CPC,0,0,TOTAL MOT,-1,N/A,0.0,False,-1,N/A,0.0,False,0.0,False,0.0,False,0.0,942101541.886,942101541.886,0,False,True
C,A,20210101,2021,52,2021,704,VNM,Viet Nam,X,Export,0,W00,World,0,W00,World,H5,HS,True,83,Metal; miscellaneous products of base metal,2,False,C00,TOTAL CPC,0,0,TOTAL MOT,-1,N/A,0.0,False,-1,N/A,0.0,False,0.0,False,0.0,False,0.0,886771774.137,886771774.137,0,False,True
C,A,20210101,2021,52,2021,704,VNM,Viet Nam,X,Export,0,W00,World,0,W00,World,H5,HS,True,87,"Vehicles; other than railway or tramway rolling stock, and parts and accessories thereof",2,False,C00,TOTAL CPC,0,0,TOTAL MOT,-1,N/A,0.0,False,-1,N/A,0.0,False,0.0,False,0.0,False,0.0,4027589062.624,4027589062.624,0,False,True
C,A,20210101,2021,52,2021,704,VNM,Viet Nam,X,Export,0,W00,World,0,W00,World,H5,HS,True,89,"Ships, boats and floating structures",2,False,C00,TOTAL CPC,0,0,TOTAL MOT,-1,N/A,0.0,False,-1,N/A,0.0,False,0.0,False,0.0,False,0.0,628571748.217,628571748.217,0,False,True
C,A,20210101,2021,52,2021,704,VNM,Viet Nam,X,Export,0,W00,World,0,W00,World,H5,HS,True,90,"Optical, photographic, cinematographic, measuring, checking, medical or surgical instruments and apparatus; parts and accessories",2,False,C00,TOTAL CPC,0,0,TOTAL MOT,-1,N/A,0.0,False,-1,N/A,0.0,False,0.0,False,0.0,False,0.0,3950133198.944,3950133198.944,0,False,True
C,A,20210101,2021,52,2021,704,VNM,Viet Nam,X,Export,0,W00,World,0,W00,World,H5,HS,True,91,Clocks and watches and parts thereof,2,False,C00,TOTAL CPC,0,0,TOTAL MOT,-1,N/A,0.0,False,-1,N/A,0.0,False,0.0,False,0.0,False,0.0,43956777.373,43956777.373,0,False,True
C,A,20210101,2021,52,2021,704,VNM,Viet Nam,X,Export,0,W00,World,0,W00,World,H5,HS,True,92,Musical instruments; parts and accessories of such articles,2,False,C00,TOTAL CPC,0,0,TOTAL MOT,-1,N/A,0.0,False,-1,N/A,0.0,False,0.0,False,0.0,False,0.0,27797784.865,27797784.865,0,False,True
C,A,20210101,2021,52,2021,704,VNM,Viet Nam,X,Export,0,W00,World,0,W00,World,H5,HS,True,96,Miscellaneous manufactured articles,2,False,C00,TOTAL CPC,0,0,TOTAL MOT,-1,N/A,0.0,False,-1,N/A,0.0,False,0.0,False,0.0,False,0.0,539142987.976,539142987.976,0,False,True
C,A,20210101,2021,52,2021,704,VNM,Viet Nam,X,Export,0,W00,World,0,W00,World,H5,HS,True,97,Works of art; collectors' pieces and antiques,2,False,C00,TOTAL CPC,0,0,TOTAL MOT,-1,N/A,0.0,False,-1,N/A,0.0,False,0.0,False,0.0,False,0.0,1277189.625,1277189.625,0,False,True
C,A,20210101,2021,52,2021,704,VNM,Viet Nam,X,Export,0,W00,World,0,W00,World,H5,HS,True,01,Animals; live,2,False,C00,TOTAL CPC,0,0,TOTAL MOT,-1,N/A,0.0,False,-1,N/A,0.0,False,0.0,False,0.0,False,0.0,13437882.431,13437882.431,0,False,True
C,A,20210101,2021,52,2021,704,VNM,Viet Nam,X,Export,0,W00,World,0,W00,World,H5,HS,True,04,"Dairy produce; birds' eggs; natural honey; edible products of animal origin, not elsewhere specified or included",2,False,C00,TOTAL CPC,0,0,TOTAL MOT,-1,N/A,0.0,False,-1,N/A,0.0,False,0.0,False,0.0,False,0.0,203332008.037,203332008.037,0,False,True
C,A,20210101,2021,52,2021,704,VNM,Viet Nam,X,Export,0,W00,World,0,W00,World,H5,HS,True,05,Animal originated products; not elsewhere specified or included,2,False,C00,TOTAL CPC,0,0,TOTAL MOT,-1,N/A,0.0,False,-1,N/A,0.0,False,0.0,False,0.0,False,0.0,107677084.463,107677084.463,0,False,True
C,A,20210101,2021,52,2021,704,VNM,Viet Nam,X,Export,0,W00,World,0,W00,World,H5,HS,True,06,"Trees and other plants, live; bulbs, roots and the like; cut flowers and ornamental foliage",2,False,C00,TOTAL CPC,0,0,TOTAL MOT,-1,N/A,0.0,False,-1,N/A,0.0,False,0.0,False,0.0,False,0.0,93883056.045,93883056.045,0,False,True
C,A,20210101,2021,52,2021,704,VNM,Viet Nam,X,Export,0,W00,World,0,W00,World,H5,HS,True,12,"Oil seeds and oleaginous fruits; miscellaneous grains, seeds and fruit, industrial or medicinal plants; straw and fodder",2,False,C00,TOTAL CPC,0,0,TOTAL MOT,-1,N/A,0.0,False,-1,N/A,0.0,False,0.0,False,0.0,False,0.0,250869006.456,250869006.456,0,False,True
C,A,20210101,2021,52,2021,704,VNM,Viet Nam,X,Export,0,W00,World,0,W00,World,H5,HS,True,13,"Lac; gums, resins and other vegetable saps and extracts",2,False,C00,TOTAL CPC,0,0,TOTAL MOT,-1,N/A,0.0,False,-1,N/A,0.0,False,0.0,False,0.0,False,0.0,71665378.114,71665378.114,0,False,True
C,A,20210101,2021,52,2021,704,VNM,Viet Nam,X,Export,0,W00,World,0,W00,World,H5,HS,True,14,Vegetable plaiting materials; vegetable products not elsewhere specified or included,2,False,C00,TOTAL CPC,0,0,TOTAL MOT,-1,N/A,0.0,False,-1,N/A,0.0,False,0.0,False,0.0,False,0.0,28202455.894,28202455.894,0,False,True
C,A,20210101,2021,52,2021,704,VNM,Viet Nam,X,Export,0,W00,World,0,W00,World,H5,HS,True,15,Animal or vegetable fats and oils and their cleavage products; prepared animal fats; animal or vegetable waxes,2,False,C00,TOTAL CPC,0,0,TOTAL MOT,-1,N/A,0.0,False,-1,N/A,0.0,False,0.0,False,0.0,False,0.0,414671205.352,414671205.352,0,False,True
C,A,20210101,2021,52,2021,704,VNM,Viet Nam,X,Export,0,W00,World,0,W00,World,H5,HS,True,18,Cocoa and cocoa preparations,2,False,C00,TOTAL CPC,0,0,TOTAL MOT,-1,N/A,0.0,False,-1,N/A,0.0,False,0.0,False,0.0,False,0.0,27650007.965,27650007.965,0,False,True
C,A,20210101,2021,52,2021,704,VNM,Viet Nam,X,Export,0,W00,World,0,W00,World,H5,HS,True,25,"Salt; sulphur; earths, stone; plastering materials, lime and cement",2,False,C00,TOTAL CPC,0,0,TOTAL MOT,-1,N/A,0.0,False,-1,N/A,0.0,False,0.0,False,0.0,False,0.0,2012828938.727,2012828938.727,0,False,True
C,A,20210101,2021,52,2021,704,VNM,Viet Nam,X,Export,0,W00,World,0,W00,World,H5,HS,True,26,"Ores, slag and ash",2,False,C00,TOTAL CPC,0,0,TOTAL MOT,-1,N/A,0.0,False,-1,N/A,0.0,False,0.0,False,0.0,False,0.0,113604161.758,113604161.758,0,False,True
C,A,20210101,2021,52,2021,704,VNM,Viet Nam,X,Export,0,W00,World,0,W00,World,H5,HS,True,28,"Inorganic chemicals; organic and inorganic compounds of precious metals; of rare earth metals, of radio-active elements and of isotopes",2,False,C00,TOTAL CPC,0,0,TOTAL MOT,-1,N/A,0.0,False,-1,N/A,0.0,False,0.0,False,0.0,False,0.0,1539236597.986,1539236597.986,0,False,True
C,A,20210101,2021,52,2021,704,VNM,Viet Nam,X,Export,0,W00,World,0,W00,World,H5,HS,True,29,Organic chemicals,2,False,C00,TOTAL CPC,0,0,TOTAL MOT,-1,N/A,0.0,False,-1,N/A,0.0,False,0.0,False,0.0,False,0.0,747907590.423,747907590.423,0,False,True
C,A,20210101,2021,52,2021,704,VNM,Viet Nam,X,Export,0,W00,World,0,W00,World,H5,HS,True,30,Pharmaceutical products,2,False,C00,TOTAL CPC,0,0,TOTAL MOT,-1,N/A,0.0,False,-1,N/A,0.0,False,0.0,False,0.0,False,0.0,174047595.209,174047595.209,0,False,True
C,A,20210101,2021,52,2021,704,VNM,Viet Nam,X,Export,0,W00,World,0,W00,World,H5,HS,True,36,Explosives; pyrotechnic products; matches; pyrophoric alloys; certain combustible preparations,2,False,C00,TOTAL CPC,0,0,TOTAL MOT,-1,N/A,0.0,False,-1,N/A,0.0,False,0.0,False,0.0,False,0.0,1643816.86,1643816.86,0,False,True
C,A,20210101,2021,52,2021,704,VNM,Viet Nam,X,Export,0,W00,World,0,W00,World,H5,HS,True,37,Photographic or cinematographic goods,2,False,C00,TOTAL CPC,0,0,TOTAL MOT,-1,N/A,0.0,False,-1,N/A,0.0,False,0.0,False,0.0,False,0.0,306124.16,306124.16,0,False,True
C,A,20210101,2021,52,2021,704,VNM,Viet Nam,X,Export,0,W00,World,0,W00,World,H5,HS,True,42,"Articles of leather; saddlery and harness; travel goods, handbags and similar containers; articles of animal gut (other than silk-worm gut)",2,False,C00,TOTAL CPC,0,0,TOTAL MOT,-1,N/A,0.0,False,-1,N/A,0.0,False,0.0,False,0.0,False,0.0,2629289803.946,2629289803.946,0,False,True
C,A,20210101,2021,52,2021,704,VNM,Viet Nam,X,Export,0,W00,World,0,W00,World,H5,HS,True,49,"Printed books, newspapers, pictures and other products of the printing industry; manuscripts, typescripts and plans",2,False,C00,TOTAL CPC,0,0,TOTAL MOT,-1,N/A,0.0,False,-1,N/A,0.0,False,0.0,False,0.0,False,0.0,117835630.305,117835630.305,0,False,True
C,A,20210101,2021,52,2021,704,VNM,Viet Nam,X,Export,0,W00,World,0,W00,World,H5,HS,True,51,"Wool, fine or coarse animal hair; horsehair yarn and woven fabric",2,False,C00,TOTAL CPC,0,0,TOTAL MOT,-1,N/A,0.0,False,-1,N/A,0.0,False,0.0,False,0.0,False,0.0,24332046.447,24332046.447,0,False,True
C,A,20210101,2021,52,2021,704,VNM,Viet Nam,X,Export,0,W00,World,0,W00,World,H5,HS,True,56,"Wadding, felt and nonwovens, special yarns; twine, cordage, ropes and cables and articles thereof",2,False,C00,TOTAL CPC,0,0,TOTAL MOT,-1,N/A,0.0,False,-1,N/A,0.0,False,0.0,False,0.0,False,0.0,483619686.666,483619686.666,0,False,True
C,A,20210101,2021,52,2021,704,VNM,Viet Nam,X,Export,0,W00,World,0,W00,World,H5,HS,True,64,Footwear; gaiters and the like; parts of such articles,2,False,C00,TOTAL CPC,0,0,TOTAL MOT,-1,N/A,0.0,False,-1,N/A,0.0,False,0.0,False,0.0,False,0.0,18235774621.957,18235774621.957,0,False,True
C,A,20210101,2021,52,2021,704,VNM,Viet Nam,X,Export,0,W00,World,0,W00,World,H5,HS,True,65,Headgear and parts thereof,2,False,C00,TOTAL CPC,0,0,TOTAL MOT,-1,N/A,0.0,False,-1,N/A,0.0,False,0.0,False,0.0,False,0.0,536525487.93,536525487.93,0,False,True
C,A,20210101,2021,52,2021,704,VNM,Viet Nam,X,Export,0,W00,World,0,W00,World,H5,HS,True,66,"Umbrellas, sun umbrellas, walking-sticks, seat sticks, whips, riding crops; and parts thereof",2,False,C00,TOTAL CPC,0,0,TOTAL MOT,-1,N/A,0.0,False,-1,N/A,0.0,False,0.0,False,0.0,False,0.0,19003408.438,19003408.438,0,False,True
C,A,20210101,2021,52,2021,704,VNM,Viet Nam,X,Export,0,W00,World,0,W00,World,H5,HS,True,67,"Feathers and down, prepared; and articles made of feather or of down; artificial flowers; articles of human hair",2,False,C00,TOTAL CPC,0,0,TOTAL MOT,-1,N/A,0.0,False,-1,N/A,0.0,False,0.0,False,0.0,False,0.0,75475701.941,75475701.941,0,False,True
C,A,20210101,2021,52,2021,704,VNM,Viet Nam,X,Export,0,W00,World,0,W00,World,H5,HS,True,68,"Stone, plaster, cement, asbestos, mica or similar materials; articles thereof",2,False,C00,TOTAL CPC,0,0,TOTAL MOT,-1,N/A,0.0,False,-1,N/A,0.0,False,0.0,False,0.0,False,0.0,813664058.102,813664058.102,0,False,True
C,A,20210101,2021,52,2021,704,VNM,Viet Nam,X,Export,0,W00,World,0,W00,World,H5,HS,True,69,Ceramic products,2,False,C00,TOTAL CPC,0,0,TOTAL MOT,-1,N/A,0.0,False,-1,N/A,0.0,False,0.0,False,0.0,False,0.0,663013856.002,663013856.002,0,False,True
C,A,20210101,2021,52,2021,704,VNM,Viet Nam,X,Export,0,W00,World,0,W00,World,H5,HS,True,70,Glass and glassware,2,False,C00,TOTAL CPC,0,0,TOTAL MOT,-1,N/A,0.0,False,-1,N/A,0.0,False,0.0,False,0.0,False,0.0,1165743589.258,1165743589.258,0,False,True
C,A,20210101,2021,52,2021,704,VNM,Viet Nam,X,Export,0,W00,World,0,W00,World,H5,HS,True,99,Commodities not specified according to kind,2,False,C00,TOTAL CPC,0,0,TOTAL MOT,-1,N/A,0.0,False,-1,N/A,0.0,False,0.0,False,0.0,False,0.0,4915838369.996,4915838369.996,0,False,True
C,A,20210101,2021,52,2021,704,VNM,Viet Nam,X,Export,0,W00,World,0,W00,World,H5,HS,True,72,Iron and steel,2,False,C00,TOTAL CPC,0,0,TOTAL MOT,-1,N/A,0.0,False,-1,N/A,0.0,False,0.0,True,0.0,False,0.0,11935412188.576,11935412188.576,4,False,True
C,A,20210101,2021,52,2021,704,VNM,Viet Nam,X,Export,0,W00,World,0,W00,World,H5,HS,True,73,Iron or steel articles,2,False,C00,TOTAL CPC,0,0,TOTAL MOT,-1,N/A,0.0,False,-1,N/A,0.0,False,0.0,True,0.0,False,0.0,3952844215.914,3952844215.914,4,False,True
C,A,20210101,2021,52,2021,704,VNM,Viet Nam,X,Export,0,W00,World,0,W00,World,H5,HS,True,74,Copper and articles thereof,2,False,C00,TOTAL CPC,0,0,TOTAL MOT,-1,N/A,0.0,False,-1,N/A,0.0,False,0.0,True,0.0,False,0.0,1687967042.324,1687967042.324,4,False,True
C,A,20210101,2021,52,2021,704,VNM,Viet Nam,X,Export,0,W00,World,0,W00,World,H5,HS,True,79,Zinc and articles thereof,2,False,C00,TOTAL CPC,0,0,TOTAL MOT,-1,N/A,0.0,False,-1,N/A,0.0,False,0.0,True,0.0,False,0.0,24384632.24,24384632.24,4,False,True
C,A,20210101,2021,52,2021,704,VNM,Viet Nam,X,Export,0,W00,World,0,W00,World,H5,HS,True,84,"Nuclear reactors, boilers, machinery and mechanical appliances; parts thereof",2,False,C00,TOTAL CPC,0,0,TOTAL MOT,-1,N/A,0.0,False,-1,N/A,0.0,False,0.0,True,0.0,False,0.0,24102144716.203,24102144716.203,4,False,True
C,A,20210101,2021,52,2021,704,VNM,Viet Nam,X,Export,0,W00,World,0,W00,World,H5,HS,True,85,"Electrical machinery and equipment and parts thereof; sound recorders and reproducers; television image and sound recorders and reproducers, parts and accessories of such articles",2,False,C00,TOTAL CPC,0,0,TOTAL MOT,-1,N/A,0.0,False,-1,N/A,0.0,False,0.0,True,0.0,False,0.0,131385178104.869,131385178104.869,4,False,True
C,A,20210101,2021,52,2021,704,VNM,Viet Nam,X,Export,0,W00,World,0,W00,World,H5,HS,True,86,"Railway, tramway locomotives, rolling-stock and parts thereof; railway or tramway track fixtures and fittings and parts thereof; mechanical (including electro-mechanical) traffic signalling equipment of all kinds",2,False,C00,TOTAL CPC,0,0,TOTAL MOT,-1,N/A,0.0,False,-1,N/A,0.0,False,0.0,True,0.0,False,0.0,9131230.095,9131230.095,4,False,True
C,A,20210101,2021,52,2021,704,VNM,Viet Nam,X,Export,0,W00,World,0,W00,World,H5,HS,True,88,"Aircraft, spacecraft and parts thereof",2,False,C00,TOTAL CPC,0,0,TOTAL MOT,-1,N/A,0.0,False,-1,N/A,0.0,False,0.0,True,0.0,False,0.0,632721023.603,632721023.603,4,False,True
C,A,20210101,2021,52,2021,704,VNM,Viet Nam,X,Export,0,W00,World,0,W00,World,H5,HS,True,93,Arms and ammunition; parts and accessories thereof,2,False,C00,TOTAL CPC,0,0,TOTAL MOT,-1,N/A,0.0,False,-1,N/A,0.0,False,0.0,True,0.0,False,0.0,5525.0,5525.0,4,False,True
C,A,20210101,2021,52,2021,704,VNM,Viet Nam,X,Export,0,W00,World,0,W00,World,H5,HS,True,94,"Furniture; bedding, mattresses, mattress supports, cushions and similar stuffed furnishings; lamps and lighting fittings, n.e.c.; illuminated signs, illuminated name-plates and the like; prefabricated buildings",2,False,C00,TOTAL CPC,0,0,TOTAL MOT,-1,N/A,0.0,False,-1,N/A,0.0,False,0.0,True,0.0,False,0.0,13833399275.055,13833399275.055,4,False,True
C,A,20210101,2021,52,2021,704,VNM,Viet Nam,X,Export,0,W00,World,0,W00,World,H5,HS,True,95,"Toys, games and sports requisites; parts and accessories thereof",2,False,C00,TOTAL CPC,0,0,TOTAL MOT,-1,N/A,0.0,False,-1,N/A,0.0,False,0.0,True,0.0,False,0.0,2913854840.193,2913854840.193,4,False,True
C,A,20210101,2021,52,2021,704,VNM,Viet Nam,X,Export,0,W00,World,0,W00,World,H5,HS,True,02,Meat and edible meat offal,2,False,C00,TOTAL CPC,0,0,TOTAL MOT,-1,N/A,0.0,False,-1,N/A,0.0,False,0.0,True,0.0,False,0.0,80753472.592,80753472.592,4,False,True
C,A,20210101,2021,52,2021,704,VNM,Viet Nam,X,Export,0,W00,World,0,W00,World,H5,HS,True,03,"Fish and crustaceans, molluscs and other aquatic invertebrates",2,False,C00,TOTAL CPC,0,0,TOTAL MOT,-1,N/A,0.0,False,-1,N/A,0.0,False,0.0,True,0.0,False,0.0,6304923224.261,6304923224.261,4,False,True
C,A,20210101,2021,52,2021,704,VNM,Viet Nam,X,Export,0,W00,World,0,W00,World,H5,HS,True,07,Vegetables and certain roots and tubers; edible,2,False,C00,TOTAL CPC,0,0,TOTAL MOT,-1,N/A,0.0,False,-1,N/A,0.0,False,0.0,True,0.0,False,0.0,486370042.946,486370042.946,4,False,True
C,A,20210101,2021,52,2021,704,VNM,Viet Nam,X,Export,0,W00,World,0,W00,World,H5,HS,True,08,"Fruit and nuts, edible; peel of citrus fruit or melons",2,False,C00,TOTAL CPC,0,0,TOTAL MOT,-1,N/A,0.0,False,-1,N/A,0.0,False,0.0,True,0.0,False,0.0,5504656242.693,5504656242.693,4,False,True
C,A,20210101,2021,52,2021,704,VNM,Viet Nam,X,Export,0,W00,World,0,W00,World,H5,HS,True,09,"Coffee, tea, mate and spices",2,False,C00,TOTAL CPC,0,0,TOTAL MOT,-1,N/A,0.0,False,-1,N/A,0.0,False,0.0,True,0.0,False,0.0,3718533898.695,3718533898.695,4,False,True
C,A,20210101,2021,52,2021,704,VNM,Viet Nam,X,Export,0,W00,World,0,W00,World,H5,HS,True,10,Cereals,2,False,C00,TOTAL CPC,0,0,TOTAL MOT,-1,N/A,0.0,False,-1,N/A,0.0,False,0.0,True,0.0,False,0.0,3104725006.314,3104725006.314,4,False,True
C,A,20210101,2021,52,2021,704,VNM,Viet Nam,X,Export,0,W00,World,0,W00,World,H5,HS,True,11,"Products of the milling industry; malt, starches, inulin, wheat gluten",2,False,C00,TOTAL CPC,0,0,TOTAL MOT,-1,N/A,0.0,False,-1,N/A,0.0,False,0.0,True,0.0,False,0.0,1083527678.691,1083527678.691,4,False,True
C,A,20210101,2021,52,2021,704,VNM,Viet Nam,X,Export,0,W00,World,0,W00,World,H5,HS,True,16,"Meat, fish or crustaceans, molluscs or other aquatic invertebrates; preparations thereof",2,False,C00,TOTAL CPC,0,0,TOTAL MOT,-1,N/A,0.0,False,-1,N/A,0.0,False,0.0,True,0.0,False,0.0,2496993885.488,2496993885.488,4,False,True
C,A,20210101,2021,52,2021,704,VNM,Viet Nam,X,Export,0,W00,World,0,W00,World,H5,HS,True,17,Sugars and sugar confectionery,2,False,C00,TOTAL CPC,0,0,TOTAL MOT,-1,N/A,0.0,False,-1,N/A,0.0,False,0.0,True,0.0,False,0.0,144226723.125,144226723.125,4,False,True
C,A,20210101,2021,52,2021,704,VNM,Viet Nam,X,Export,0,W00,World,0,W00,World,H5,HS,True,19,"Preparations of cereals, flour, starch or milk; pastrycooks' products",2,False,C00,TOTAL CPC,0,0,TOTAL MOT,-1,N/A,0.0,False,-1,N/A,0.0,False,0.0,True,0.0,False,0.0,803145405.187,803145405.187,4,False,True
C,A,20210101,2021,52,2021,704,VNM,Viet Nam,X,Export,0,W00,World,0,W00,World,H5,HS,True,20,"Preparations of vegetables, fruit, nuts or other parts of plants",2,False,C00,TOTAL CPC,0,0,TOTAL MOT,-1,N/A,0.0,False,-1,N/A,0.0,False,0.0,True,0.0,False,0.0,1186788893.236,1186788893.236,4,False,True
C,A,20210101,2021,52,2021,704,VNM,Viet Nam,X,Export,0,W00,World,0,W00,World,H5,HS,True,21,Miscellaneous edible preparations,2,False,C00,TOTAL CPC,0,0,TOTAL MOT,-1,N/A,0.0,False,-1,N/A,0.0,False,0.0,True,0.0,False,0.0,942145262.934,942145262.934,4,False,True
C,A,20210101,2021,52,2021,704,VNM,Viet Nam,X,Export,0,W00,World,0,W00,World,H5,HS,True,22,"Beverages, spirits and vinegar",2,False,C00,TOTAL CPC,0,0,TOTAL MOT,-1,N/A,0.0,False,-1,N/A,0.0,False,0.0,True,0.0,False,0.0,277541796.289,277541796.289,4,False,True
C,A,20210101,2021,52,2021,704,VNM,Viet Nam,X,Export,0,W00,World,0,W00,World,H5,HS,True,23,"Food industries, residues and wastes thereof; prepared animal fodder",2,False,C00,TOTAL CPC,0,0,TOTAL MOT,-1,N/A,0.0,False,-1,N/A,0.0,False,0.0,True,0.0,False,0.0,1103265720.295,1103265720.295,4,False,True
C,A,20210101,2021,52,2021,704,VNM,Viet Nam,X,Export,0,W00,World,0,W00,World,H5,HS,True,24,Tobacco and manufactured tobacco substitutes,2,False,C00,TOTAL CPC,0,0,TOTAL MOT,-1,N/A,0.0,False,-1,N/A,0.0,False,0.0,True,0.0,False,0.0,212087167.609,212087167.609,4,False,True
C,A,20210101,2021,52,2021,704,VNM,Viet Nam,X,Export,0,W00,World,0,W00,World,H5,HS,True,27,"Mineral fuels, mineral oils and products of their distillation; bituminous substances; mineral waxes",2,False,C00,TOTAL CPC,0,0,TOTAL MOT,-1,N/A,0.0,False,-1,N/A,0.0,False,0.0,True,0.0,False,0.0,3292658736.134,3292658736.134,4,False,True
C,A,20210101,2021,52,2021,704,VNM,Viet Nam,X,Export,0,W00,World,0,W00,World,H5,HS,True,31,Fertilizers,2,False,C00,TOTAL CPC,0,0,TOTAL MOT,-1,N/A,0.0,False,-1,N/A,0.0,False,0.0,True,0.0,False,0.0,549157083.484,549157083.484,4,False,True
C,A,20210101,2021,52,2021,704,VNM,Viet Nam,X,Export,0,W00,World,0,W00,World,H5,HS,True,32,"Tanning or dyeing extracts; tannins and their derivatives; dyes, pigments and other colouring matter; paints, varnishes; putty, other mastics; inks",2,False,C00,TOTAL CPC,0,0,TOTAL MOT,-1,N/A,0.0,False,-1,N/A,0.0,False,0.0,True,0.0,False,0.0,218060031.573,218060031.573,4,False,True
C,A,20210101,2021,52,2021,704,VNM,Viet Nam,X,Export,0,W00,World,0,W00,World,H5,HS,True,33,"Essential oils and resinoids; perfumery, cosmetic or toilet preparations",2,False,C00,TOTAL CPC,0,0,TOTAL MOT,-1,N/A,0.0,False,-1,N/A,0.0,False,0.0,True,0.0,False,0.0,302378332.033,302378332.033,4,False,True
C,A,20210101,2021,52,2021,704,VNM,Viet Nam,X,Export,0,W00,World,0,W00,World,H5,HS,True,34,"Soap, organic surface-active agents; washing, lubricating, polishing or scouring preparations; artificial or prepared waxes, candles and similar articles, modelling pastes, dental waxes and dental preparations with a basis of plaster",2,False,C00,TOTAL CPC,0,0,TOTAL MOT,-1,N/A,0.0,False,-1,N/A,0.0,False,0.0,True,0.0,False,0.0,929228350.873,929228350.873,4,False,True
C,A,20210101,2021,52,2021,704,VNM,Viet Nam,X,Export,0,W00,World,0,W00,World,H5,HS,True,35,Albuminoidal substances; modified starches; glues; enzymes,2,False,C00,TOTAL CPC,0,0,TOTAL MOT,-1,N/A,0.0,False,-1,N/A,0.0,False,0.0,True,0.0,False,0.0,259566761.839,259566761.839,4,False,True
C,A,20210101,2021,52,2021,704,VNM,Viet Nam,X,Export,0,W00,World,0,W00,World,H5,HS,True,38,Chemical products n.e.c.,2,False,C00,TOTAL CPC,0,0,TOTAL MOT,-1,N/A,0.0,False,-1,N/A,0.0,False,0.0,True,0.0,False,0.0,1298419080.508,1298419080.508,4,False,True
C,A,20210101,2021,52,2021,704,VNM,Viet Nam,X,Export,0,W00,World,0,W00,World,H5,HS,True,39,Plastics and articles thereof,2,False,C00,TOTAL CPC,0,0,TOTAL MOT,-1,N/A,0.0,False,-1,N/A,0.0,False,0.0,True,0.0,False,0.0,7297438595.753,7297438595.753,4,False,True
C,A,20210101,2021,52,2021,704,VNM,Viet Nam,X,Export,0,W00,World,0,W00,World,H5,HS,True,40,Rubber and articles thereof,2,False,C00,TOTAL CPC,0,0,TOTAL MOT,-1,N/A,0.0,False,-1,N/A,0.0,False,0.0,True,0.0,False,0.0,6139289461.216,6139289461.216,4,False,True
C,A,20210101,2021,52,2021,704,VNM,Viet Nam,X,Export,0,W00,World,0,W00,World,H5,HS,True,41,Raw hides and skins (other than furskins) and leather,2,False,C00,TOTAL CPC,0,0,TOTAL MOT,-1,N/A,0.0,False,-1,N/A,0.0,False,0.0,True,0.0,False,0.0,414027461.175,414027461.175,4,False,True
C,A,20210101,2021,52,2021,704,VNM,Viet Nam,X,Export,0,W00,World,0,W00,World,H5,HS,True,43,Furskins and artificial fur; manufactures thereof,2,False,C00,TOTAL CPC,0,0,TOTAL MOT,-1,N/A,0.0,False,-1,N/A,0.0,False,0.0,True,0.0,False,0.0,24636579.015,24636579.015,4,False,True
C,A,20210101,2021,52,2021,704,VNM,Viet Nam,X,Export,0,W00,World,0,W00,World,H5,HS,True,44,Wood and articles of wood; wood charcoal,2,False,C00,TOTAL CPC,0,0,TOTAL MOT,-1,N/A,0.0,False,-1,N/A,0.0,False,0.0,True,0.0,False,0.0,4557381767.566,4557381767.566,4,False,True
C,A,20210101,2021,52,2021,704,VNM,Viet Nam,X,Export,0,W00,World,0,W00,World,H5,HS,True,45,Cork and articles of cork,2,False,C00,TOTAL CPC,0,0,TOTAL MOT,-1,N/A,0.0,False,-1,N/A,0.0,False,0.0,True,0.0,False,0.0,1544731.938,1544731.938,4,False,True
C,A,20210101,2021,52,2021,704,VNM,Viet Nam,X,Export,0,W00,World,0,W00,World,H5,HS,True,46,"Manufactures of straw, esparto or other plaiting materials; basketware and wickerwork",2,False,C00,TOTAL CPC,0,0,TOTAL MOT,-1,N/A,0.0,False,-1,N/A,0.0,False,0.0,True,0.0,False,0.0,441020705.278,441020705.278,4,False,True
C,A,20210101,2021,52,2021,704,VNM,Viet Nam,X,Export,0,W00,World,0,W00,World,H5,HS,True,47,Pulp of wood or other fibrous cellulosic material; recovered (waste and scrap) paper or paperboard,2,False,C00,TOTAL CPC,0,0,TOTAL MOT,-1,N/A,0.0,False,-1,N/A,0.0,False,0.0,True,0.0,False,0.0,8393102.637,8393102.637,4,False,True
C,A,20210101,2021,52,2021,704,VNM,Viet Nam,X,Export,0,W00,World,0,W00,World,H5,HS,True,48,"Paper and paperboard; articles of paper pulp, of paper or paperboard",2,False,C00,TOTAL CPC,0,0,TOTAL MOT,-1,N/A,0.0,False,-1,N/A,0.0,False,0.0,True,0.0,False,0.0,1695362424.027,1695362424.027,4,False,True
C,A,20210101,2021,52,2021,704,VNM,Viet Nam,X,Export,0,W00,World,0,W00,World,H5,HS,True,50,Silk,2,False,C00,TOTAL CPC,0,0,TOTAL MOT,-1,N/A,0.0,False,-1,N/A,0.0,False,0.0,True,0.0,False,0.0,111835337.46,111835337.46,4,False,True
C,A,20210101,2021,52,2021,704,VNM,Viet Nam,X,Export,0,W00,World,0,W00,World,H5,HS,True,52,Cotton,2,False,C00,TOTAL CPC,0,0,TOTAL MOT,-1,N/A,0.0,False,-1,N/A,0.0,False,0.0,True,0.0,False,0.0,3837920799.809,3837920799.809,4,False,True
C,A,20210101,2021,52,2021,704,VNM,Viet Nam,X,Export,0,W00,World,0,W00,World,H5,HS,True,53,Vegetable textile fibres; paper yarn and woven fabrics of paper yarn,2,False,C00,TOTAL CPC,0,0,TOTAL MOT,-1,N/A,0.0,False,-1,N/A,0.0,False,0.0,True,0.0,False,0.0,29224459.36,29224459.36,4,False,True
C,A,20210101,2021,52,2021,704,VNM,Viet Nam,X,Export,0,W00,World,0,W00,World,H5,HS,True,54,Man-made filaments; strip and the like of man-made textile materials,2,False,C00,TOTAL CPC,0,0,TOTAL MOT,-1,N/A,0.0,False,-1,N/A,0.0,False,0.0,True,0.0,False,0.0,1788593101.478,1788593101.478,4,False,True
C,A,20210101,2021,52,2021,704,VNM,Viet Nam,X,Export,0,W00,World,0,W00,World,H5,HS,True,55,Man-made staple fibres,2,False,C00,TOTAL CPC,0,0,TOTAL MOT,-1,N/A,0.0,False,-1,N/A,0.0,False,0.0,True,0.0,False,0.0,612544802.292,612544802.292,4,False,True
C,A,20210101,2021,52,2021,704,VNM,Viet Nam,X,Export,0,W00,World,0,W00,World,H5,HS,True,57,Carpets and other textile floor coverings,2,False,C00,TOTAL CPC,0,0,TOTAL MOT,-1,N/A,0.0,False,-1,N/A,0.0,False,0.0,True,0.0,False,0.0,414436608.817,414436608.817,4,False,True
C,A,20210101,2021,52,2021,704,VNM,Viet Nam,X,Export,0,W00,World,0,W00,World,H5,HS,True,58,"Fabrics; special woven fabrics, tufted textile fabrics, lace, tapestries, trimmings, embroidery",2,False,C00,TOTAL CPC,0,0,TOTAL MOT,-1,N/A,0.0,False,-1,N/A,0.0,False,0.0,True,0.0,False,0.0,159740578.11,159740578.11,4,False,True
C,A,20210101,2021,52,2021,704,VNM,Viet Nam,X,Export,0,W00,World,0,W00,World,H5,HS,True,59,"Textile fabrics; impregnated, coated, covered or laminated; textile articles of a kind suitable for industrial use",2,False,C00,TOTAL CPC,0,0,TOTAL MOT,-1,N/A,0.0,False,-1,N/A,0.0,False,0.0,True,0.0,False,0.0,944303210.236,944303210.236,4,False,True
C,A,20210101,2021,52,2021,704,VNM,Viet Nam,X,Export,0,W00,World,0,W00,World,H5,HS,True,60,Fabrics; knitted or crocheted,2,False,C00,TOTAL CPC,0,0,TOTAL MOT,-1,N/A,0.0,False,-1,N/A,0.0,False,0.0,True,0.0,False,0.0,1451873009.24,1451873009.24,4,False,True
C,A,20210101,2021,52,2021,704,VNM,Viet Nam,X,Export,0,W00,World,0,W00,World,H5,HS,True,61,Apparel and clothing accessories; knitted or crocheted,2,False,C00,TOTAL CPC,0,0,TOTAL MOT,-1,N/A,0.0,False,-1,N/A,0.0,False,0.0,True,0.0,False,0.0,15734486761.805,15734486761.805,4,False,True
C,A,20210101,2021,52,2021,704,VNM,Viet Nam,X,Export,0,W00,World,0,W00,World,H5,HS,True,62,Apparel and clothing accessories; not knitted or crocheted,2,False,C00,TOTAL CPC,0,0,TOTAL MOT,-1,N/A,0.0,False,-1,N/A,0.0,False,0.0,True,0.0,False,0.0,13659989827.092,13659989827.092,4,False,True
C,A,20210101,2021,52,2021,704,VNM,Viet Nam,X,Export,0,W00,World,0,W00,World,H5,HS,True,63,"Textiles, made up articles; sets; worn clothing and worn textile articles; rags",2,False,C00,TOTAL CPC,0,0,TOTAL MOT,-1,N/A,0.0,False,-1,N/A,0.0,False,0.0,True,0.0,False,0.0,2038515270.722,2038515270.722,4,False,True
C,A,20210101,2021,52,2021,699,IND,India,X,Export,0,W00,World,0,W00,World,H5,HS,True,01,Animals; live,2,False,C00,TOTAL CPC,0,0,TOTAL MOT,-1,N/A,0.0,False,-1,N/A,0.0,False,0.0,True,0.0,False,0.0,10803673.547,10803673.547,4,False,True
C,A,20210101,2021,52,2021,699,IND,India,X,Export,0,W00,World,0,W00,World,H5,HS,True,05,Animal originated products; not elsewhere specified or included,2,False,C00,TOTAL CPC,0,0,TOTAL MOT,-1,N/A,0.0,False,-1,N/A,0.0,False,0.0,True,0.0,False,0.0,261264083.707,261264083.707,4,False,True
C,A,20210101,2021,52,2021,699,IND,India,X,Export,0,W00,World,0,W00,World,H5,HS,True,37,Photographic or cinematographic goods,2,False,C00,TOTAL CPC,0,0,TOTAL MOT,-1,N/A,0.0,False,-1,N/A,0.0,False,0.0,True,0.0,False,0.0,10255534.734,10255534.734,4,False,True
C,A,20210101,2021,52,2021,699,IND,India,X,Export,0,W00,World,0,W00,World,H5,HS,True,42,"Articles of leather; saddlery and harness; travel goods, handbags and similar containers; articles of animal gut (other than silk-worm gut)",2,False,C00,TOTAL CPC,0,0,TOTAL MOT,-1,N/A,0.0,False,-1,N/A,0.0,False,0.0,True,0.0,False,0.0,2366631724.866,2366631724.866,4,False,True
C,A,20210101,2021,52,2021,699,IND,India,X,Export,0,W00,World,0,W00,World,H5,HS,True,50,Silk,2,False,C00,TOTAL CPC,0,0,TOTAL MOT,-1,N/A,0.0,False,-1,N/A,0.0,False,0.0,True,0.0,False,0.0,117093635.015,117093635.015,4,False,True
C,A,20210101,2021,52,2021,699,IND,India,X,Export,0,W00,World,0,W00,World,H5,HS,True,51,"Wool, fine or coarse animal hair; horsehair yarn and woven fabric",2,False,C00,TOTAL CPC,0,0,TOTAL MOT,-1,N/A,0.0,False,-1,N/A,0.0,False,0.0,True,0.0,False,0.0,119258183.664,119258183.664,4,False,True
C,A,20210101,2021,52,2021,699,IND,India,X,Export,0,W00,World,0,W00,World,H5,HS,True,53,Vegetable textile fibres; paper yarn and woven fabrics of paper yarn,2,False,C00,TOTAL CPC,0,0,TOTAL MOT,-1,N/A,0.0,False,-1,N/A,0.0,False,0.0,True,0.0,False,0.0,674611976.455,674611976.455,4,False,True
C,A,20210101,2021,52,2021,699,IND,India,X,Export,0,W00,World,0,W00,World,H5,HS,True,54,Man-made filaments; strip and the like of man-made textile materials,2,False,C00,TOTAL CPC,0,0,TOTAL MOT,-1,N/A,0.0,False,-1,N/A,0.0,False,0.0,True,0.0,False,0.0,2340843550.871,2340843550.871,4,False,True
C,A,20210101,2021,52,2021,699,IND,India,X,Export,0,W00,World,0,W00,World,H5,HS,True,57,Carpets and other textile floor coverings,2,False,C00,TOTAL CPC,0,0,TOTAL MOT,-1,N/A,0.0,False,-1,N/A,0.0,False,0.0,True,0.0,False,0.0,2263926059.357,2263926059.357,4,False,True
C,A,20210101,2021,52,2021,699,IND,India,X,Export,0,W00,World,0,W00,World,H5,HS,True,61,Apparel and clothing accessories; knitted or crocheted,2,False,C00,TOTAL CPC,0,0,TOTAL MOT,-1,N/A,0.0,False,-1,N/A,0.0,False,0.0,True,0.0,False,0.0,7870323034.401,7870323034.401,4,False,True
C,A,20210101,2021,52,2021,699,IND,India,X,Export,0,W00,World,0,W00,World,H5,HS,True,62,Apparel and clothing accessories; not knitted or crocheted,2,False,C00,TOTAL CPC,0,0,TOTAL MOT,-1,N/A,0.0,False,-1,N/A,0.0,False,0.0,True,0.0,False,0.0,7332885448.126,7332885448.126,4,False,True
C,A,20210101,2021,52,2021,699,IND,India,X,Export,0,W00,World,0,W00,World,H5,HS,True,64,Footwear; gaiters and the like; parts of such articles,2,False,C00,TOTAL CPC,0,0,TOTAL MOT,-1,N/A,0.0,False,-1,N/A,0.0,False,0.0,True,0.0,False,0.0,2337822446.578,2337822446.578,4,False,True
C,A,20210101,2021,52,2021,699,IND,India,X,Export,0,W00,World,0,W00,World,H5,HS,True,84,"Nuclear reactors, boilers, machinery and mechanical appliances; parts thereof",2,False,C00,TOTAL CPC,0,0,TOTAL MOT,-1,N/A,0.0,False,-1,N/A,0.0,False,0.0,True,0.0,False,0.0,24165782192.1,24165782192.1,4,False,True
C,A,20210101,2021,52,2021,699,IND,India,X,Export,0,W00,World,0,W00,World,H5,HS,True,87,"Vehicles; other than railway or tramway rolling stock, and parts and accessories thereof",2,False,C00,TOTAL CPC,0,0,TOTAL MOT,-1,N/A,0.0,False,-1,N/A,0.0,False,0.0,True,0.0,False,0.0,18897162043.048,18897162043.048,4,False,True
C,A,20210101,2021,52,2021,699,IND,India,X,Export,0,W00,World,0,W00,World,H5,HS,True,88,"Aircraft, spacecraft and parts thereof",2,False,C00,TOTAL CPC,0,0,TOTAL MOT,-1,N/A,0.0,False,-1,N/A,0.0,False,0.0,True,0.0,False,0.0,1135573385.754,1135573385.754,4,False,True
C,A,20210101,2021,52,2021,699,IND,India,X,Export,0,W00,World,0,W00,World,H5,HS,True,89,"Ships, boats and floating structures",2,False,C00,TOTAL CPC,0,0,TOTAL MOT,-1,N/A,0.0,False,-1,N/A,0.0,False,0.0,True,0.0,False,0.0,4289883787.023,4289883787.023,4,False,True
C,A,20210101,2021,52,2021,699,IND,India,X,Export,0,W00,World,0,W00,World,H5,HS,True,91,Clocks and watches and parts thereof,2,False,C00,TOTAL CPC,0,0,TOTAL MOT,-1,N/A,0.0,False,-1,N/A,0.0,False,0.0,True,0.0,False,0.0,90524840.154,90524840.154,4,False,True
C,A,20210101,2021,52,2021,699,IND,India,X,Export,0,W00,World,0,W00,World,H5,HS,True,92,Musical instruments; parts and accessories of such articles,2,False,C00,TOTAL CPC,0,0,TOTAL MOT,-1,N/A,0.0,False,-1,N/A,0.0,False,0.0,True,0.0,False,0.0,35546279.081,35546279.081,4,False,True
C,A,20210101,2021,52,2021,699,IND,India,X,Export,0,W00,World,0,W00,World,H5,HS,True,93,Arms and ammunition; parts and accessories thereof,2,False,C00,TOTAL CPC,0,0,TOTAL MOT,-1,N/A,0.0,False,-1,N/A,0.0,False,0.0,True,0.0,False,0.0,252547088.252,252547088.252,4,False,True
C,A,20210101,2021,52,2021,699,IND,India,X,Export,0,W00,World,0,W00,World,H5,HS,True,97,Works of art; collectors' pieces and antiques,2,False,C00,TOTAL CPC,0,0,TOTAL MOT,-1,N/A,0.0,False,-1,N/A,0.0,False,0.0,True,0.0,False,0.0,70259430.532,70259430.532,4,False,True
C,A,20210101,2021,52,2021,699,IND,India,X,Export,0,W00,World,0,W00,World,H5,HS,True,99,Commodities not specified according to kind,2,False,C00,TOTAL CPC,0,0,TOTAL MOT,-1,N/A,0.0,False,-1,N/A,0.0,False,0.0,False,0.0,False,0.0,88617080.516,88617080.516,0,False,True
C,A,20210101,2021,52,2021,699,IND,India,X,Export,0,W00,World,0,W00,World,H5,HS,True,82,"Tools, implements, cutlery, spoons and forks, of base metal; parts thereof, of base metal",2,False,C00,TOTAL CPC,0,0,TOTAL MOT,-1,N/A,0.0,False,-1,N/A,0.0,False,0.0,True,0.0,False,0.0,1120803079.978,1120803079.978,4,False,True
C,A,20210101,2021,52,2021,699,IND,India,X,Export,0,W00,World,0,W00,World,H5,HS,True,02,Meat and edible meat offal,2,False,C00,TOTAL CPC,0,0,TOTAL MOT,-1,N/A,0.0,False,-1,N/A,0.0,False,0.0,True,0.0,False,0.0,3384030600.885,3384030600.885,4,False,True
C,A,20210101,2021,52,2021,699,IND,India,X,Export,0,W00,World,0,W00,World,H5,HS,True,03,"Fish and crustaceans, molluscs and other aquatic invertebrates",2,False,C00,TOTAL CPC,0,0,TOTAL MOT,-1,N/A,0.0,False,-1,N/A,0.0,False,0.0,True,0.0,False,0.0,6734828526.347,6734828526.347,4,False,True
C,A,20210101,2021,52,2021,699,IND,India,X,Export,0,W00,World,0,W00,World,H5,HS,True,04,"Dairy produce; birds' eggs; natural honey; edible products of animal origin, not elsewhere specified or included",2,False,C00,TOTAL CPC,0,0,TOTAL MOT,-1,N/A,0.0,False,-1,N/A,0.0,False,0.0,True,0.0,False,0.0,498944400.73,498944400.73,4,False,True
C,A,20210101,2021,52,2021,699,IND,India,X,Export,0,W00,World,0,W00,World,H5,HS,True,06,"Trees and other plants, live; bulbs, roots and the like; cut flowers and ornamental foliage",2,False,C00,TOTAL CPC,0,0,TOTAL MOT,-1,N/A,0.0,False,-1,N/A,0.0,False,0.0,True,0.0,False,0.0,98099531.26,98099531.26,4,False,True
C,A,20210101,2021,52,2021,699,IND,India,X,Export,0,W00,World,0,W00,World,H5,HS,True,07,Vegetables and certain roots and tubers; edible,2,False,C00,TOTAL CPC,0,0,TOTAL MOT,-1,N/A,0.0,False,-1,N/A,0.0,False,0.0,True,0.0,False,0.0,1397719508.321,1397719508.321,4,False,True
C,A,20210101,2021,52,2021,699,IND,India,X,Export,0,W00,World,0,W00,World,H5,HS,True,08,"Fruit and nuts, edible; peel of citrus fruit or melons",2,False,C00,TOTAL CPC,0,0,TOTAL MOT,-1,N/A,0.0,False,-1,N/A,0.0,False,0.0,True,0.0,False,0.0,1526831406.75,1526831406.75,4,False,True
C,A,20210101,2021,52,2021,699,IND,India,X,Export,0,W00,World,0,W00,World,H5,HS,True,09,"Coffee, tea, mate and spices",2,False,C00,TOTAL CPC,0,0,TOTAL MOT,-1,N/A,0.0,False,-1,N/A,0.0,False,0.0,True,0.0,False,0.0,4066065814.313,4066065814.313,4,False,True
C,A,20210101,2021,52,2021,699,IND,India,X,Export,0,W00,World,0,W00,World,H5,HS,True,10,Cereals,2,False,C00,TOTAL CPC,0,0,TOTAL MOT,-1,N/A,0.0,False,-1,N/A,0.0,False,0.0,True,0.0,False,0.0,12350066605.784,12350066605.784,4,False,True
C,A,20210101,2021,52,2021,699,IND,India,X,Export,0,W00,World,0,W00,World,H5,HS,True,11,"Products of the milling industry; malt, starches, inulin, wheat gluten",2,False,C00,TOTAL CPC,0,0,TOTAL MOT,-1,N/A,0.0,False,-1,N/A,0.0,False,0.0,True,0.0,False,0.0,576000722.433,576000722.433,4,False,True
C,A,20210101,2021,52,2021,699,IND,India,X,Export,0,W00,World,0,W00,World,H5,HS,True,12,"Oil seeds and oleaginous fruits; miscellaneous grains, seeds and fruit, industrial or medicinal plants; straw and fodder",2,False,C00,TOTAL CPC,0,0,TOTAL MOT,-1,N/A,0.0,False,-1,N/A,0.0,False,0.0,True,0.0,False,0.0,1780539477.512,1780539477.512,4,False,True
C,A,20210101,2021,52,2021,699,IND,India,X,Export,0,W00,World,0,W00,World,H5,HS,True,13,"Lac; gums, resins and other vegetable saps and extracts",2,False,C00,TOTAL CPC,0,0,TOTAL MOT,-1,N/A,0.0,False,-1,N/A,0.0,False,0.0,True,0.0,False,0.0,867029010.195,867029010.195,4,False,True
C,A,20210101,2021,52,2021,699,IND,India,X,Export,0,W00,World,0,W00,World,H5,HS,True,14,Vegetable plaiting materials; vegetable products not elsewhere specified or included,2,False,C00,TOTAL CPC,0,0,TOTAL MOT,-1,N/A,0.0,False,-1,N/A,0.0,False,0.0,True,0.0,False,0.0,57180969.004,57180969.004,4,False,True
C,A,20210101,2021,52,2021,699,IND,India,X,Export,0,W00,World,0,W00,World,H5,HS,True,15,Animal or vegetable fats and oils and their cleavage products; prepared animal fats; animal or vegetable waxes,2,False,C00,TOTAL CPC,0,0,TOTAL MOT,-1,N/A,0.0,False,-1,N/A,0.0,False,0.0,True,0.0,False,0.0,1652354774.285,1652354774.285,4,False,True
C,A,20210101,2021,52,2021,699,IND,India,X,Export,0,W00,World,0,W00,World,H5,HS,True,16,"Meat, fish or crustaceans, molluscs or other aquatic invertebrates; preparations thereof",2,False,C00,TOTAL CPC,0,0,TOTAL MOT,-1,N/A,0.0,False,-1,N/A,0.0,False,0.0,True,0.0,False,0.0,720506816.98,720506816.98,4,False,True
C,A,20210101,2021,52,2021,699,IND,India,X,Export,0,W00,World,0,W00,World,H5,HS,True,17,Sugars and sugar confectionery,2,False,C00,TOTAL CPC,0,0,TOTAL MOT,-1,N/A,0.0,False,-1,N/A,0.0,False,0.0,True,0.0,False,0.0,4310232209.431,4310232209.431,4,False,True
C,A,20210101,2021,52,2021,699,IND,India,X,Export,0,W00,World,0,W00,World,H5,HS,True,18,Cocoa and cocoa preparations,2,False,C00,TOTAL CPC,0,0,TOTAL MOT,-1,N/A,0.0,False,-1,N/A,0.0,False,0.0,True,0.0,False,0.0,159348018.172,159348018.172,4,False,True
C,A,20210101,2021,52,2021,699,IND,India,X,Export,0,W00,World,0,W00,World,H5,HS,True,19,"Preparations of cereals, flour, starch or milk; pastrycooks' products",2,False,C00,TOTAL CPC,0,0,TOTAL MOT,-1,N/A,0.0,False,-1,N/A,0.0,False,0.0,True,0.0,False,0.0,631359451.566,631359451.566,4,False,True
C,A,20210101,2021,52,2021,699,IND,India,X,Export,0,W00,World,0,W00,World,H5,HS,True,20,"Preparations of vegetables, fruit, nuts or other parts of plants",2,False,C00,TOTAL CPC,0,0,TOTAL MOT,-1,N/A,0.0,False,-1,N/A,0.0,False,0.0,True,0.0,False,0.0,753603831.886,753603831.886,4,False,True
C,A,20210101,2021,52,2021,699,IND,India,X,Export,0,W00,World,0,W00,World,H5,HS,True,21,Miscellaneous edible preparations,2,False,C00,TOTAL CPC,0,0,TOTAL MOT,-1,N/A,0.0,False,-1,N/A,0.0,False,0.0,True,0.0,False,0.0,1070247391.654,1070247391.654,4,False,True
C,A,20210101,2021,52,2021,699,IND,India,X,Export,0,W00,World,0,W00,World,H5,HS,True,22,"Beverages, spirits and vinegar",2,False,C00,TOTAL CPC,0,0,TOTAL MOT,-1,N/A,0.0,False,-1,N/A,0.0,False,0.0,True,0.0,False,0.0,332114431.858,332114431.858,4,False,True
C,A,20210101,2021,52,2021,699,IND,India,X,Export,0,W00,World,0,W00,World,H5,HS,True,23,"Food industries, residues and wastes thereof; prepared animal fodder",2,False,C00,TOTAL CPC,0,0,TOTAL MOT,-1,N/A,0.0,False,-1,N/A,0.0,False,0.0,True,0.0,False,0.0,1896918985.014,1896918985.014,4,False,True
C,A,20210101,2021,52,2021,699,IND,India,X,Export,0,W00,World,0,W00,World,H5,HS,True,24,Tobacco and manufactured tobacco substitutes,2,False,C00,TOTAL CPC,0,0,TOTAL MOT,-1,N/A,0.0,False,-1,N/A,0.0,False,0.0,True,0.0,False,0.0,911912475.848,911912475.848,4,False,True
C,A,20210101,2021,52,2021,699,IND,India,X,Export,0,W00,World,0,W00,World,H5,HS,True,25,"Salt; sulphur; earths, stone; plastering materials, lime and cement",2,False,C00,TOTAL CPC,0,0,TOTAL MOT,-1,N/A,0.0,False,-1,N/A,0.0,False,0.0,True,0.0,False,0.0,2087095388.68,2087095388.68,4,False,True
C,A,20210101,2021,52,2021,699,IND,India,X,Export,0,W00,World,0,W00,World,H5,HS,True,26,"Ores, slag and ash",2,False,C00,TOTAL CPC,0,0,TOTAL MOT,-1,N/A,0.0,False,-1,N/A,0.0,False,0.0,True,0.0,False,0.0,4519783149.412,4519783149.412,4,False,True
C,A,20210101,2021,52,2021,699,IND,India,X,Export,0,W00,World,0,W00,World,H5,HS,True,27,"Mineral fuels, mineral oils and products of their distillation; bituminous substances; mineral waxes",2,False,C00,TOTAL CPC,0,0,TOTAL MOT,-1,N/A,0.0,False,-1,N/A,0.0,False,0.0,True,0.0,False,0.0,56400638754.019,56400638754.019,4,False,True
C,A,20210101,2021,52,2021,699,IND,India,X,Export,0,W00,World,0,W00,World,H5,HS,True,28,"Inorganic chemicals; organic and inorganic compounds of precious metals; of rare earth metals, of radio-active elements and of isotopes",2,False,C00,TOTAL CPC,0,0,TOTAL MOT,-1,N/A,0.0,False,-1,N/A,0.0,False,0.0,True,0.0,False,0.0,2409661782.828,2409661782.828,4,False,True
C,A,20210101,2021,52,2021,699,IND,India,X,Export,0,W00,World,0,W00,World,H5,HS,True,29,Organic chemicals,2,False,C00,TOTAL CPC,0,0,TOTAL MOT,-1,N/A,0.0,False,-1,N/A,0.0,False,0.0,True,0.0,False,0.0,21184105253.017,21184105253.017,4,False,True
C,A,20210101,2021,52,2021,699,IND,India,X,Export,0,W00,World,0,W00,World,H5,HS,True,30,Pharmaceutical products,2,False,C00,TOTAL CPC,0,0,TOTAL MOT,-1,N/A,0.0,False,-1,N/A,0.0,False,0.0,True,0.0,False,0.0,19460516245.117,19460516245.117,4,False,True
C,A,20210101,2021,52,2021,699,IND,India,X,Export,0,W00,World,0,W00,World,H5,HS,True,31,Fertilizers,2,False,C00,TOTAL CPC,0,0,TOTAL MOT,-1,N/A,0.0,False,-1,N/A,0.0,False,0.0,True,0.0,False,0.0,84985159.89,84985159.89,4,False,True
C,A,20210101,2021,52,2021,699,IND,India,X,Export,0,W00,World,0,W00,World,H5,HS,True,32,"Tanning or dyeing extracts; tannins and their derivatives; dyes, pigments and other colouring matter; paints, varnishes; putty, other mastics; inks",2,False,C00,TOTAL CPC,0,0,TOTAL MOT,-1,N/A,0.0,False,-1,N/A,0.0,False,0.0,True,0.0,False,0.0,3843156686.46,3843156686.46,4,False,True
C,A,20210101,2021,52,2021,699,IND,India,X,Export,0,W00,World,0,W00,World,H5,HS,True,33,"Essential oils and resinoids; perfumery, cosmetic or toilet preparations",2,False,C00,TOTAL CPC,0,0,TOTAL MOT,-1,N/A,0.0,False,-1,N/A,0.0,False,0.0,True,0.0,False,0.0,2158791491.368,2158791491.368,4,False,True
C,A,20210101,2021,52,2021,699,IND,India,X,Export,0,W00,World,0,W00,World,H5,HS,True,34,"Soap, organic surface-active agents; washing, lubricating, polishing or scouring preparations; artificial or prepared waxes, candles and similar articles, modelling pastes, dental waxes and dental preparations with a basis of plaster",2,False,C00,TOTAL CPC,0,0,TOTAL MOT,-1,N/A,0.0,False,-1,N/A,0.0,False,0.0,True,0.0,False,0.0,823806072.849,823806072.849,4,False,True
C,A,20210101,2021,52,2021,699,IND,India,X,Export,0,W00,World,0,W00,World,H5,HS,True,35,Albuminoidal substances; modified starches; glues; enzymes,2,False,C00,TOTAL CPC,0,0,TOTAL MOT,-1,N/A,0.0,False,-1,N/A,0.0,False,0.0,True,0.0,False,0.0,332817006.519,332817006.519,4,False,True
C,A,20210101,2021,52,2021,699,IND,India,X,Export,0,W00,World,0,W00,World,H5,HS,True,36,Explosives; pyrotechnic products; matches; pyrophoric alloys; certain combustible preparations,2,False,C00,TOTAL CPC,0,0,TOTAL MOT,-1,N/A,0.0,False,-1,N/A,0.0,False,0.0,True,0.0,False,0.0,147114144.65,147114144.65,4,False,True
C,A,20210101,2021,52,2021,699,IND,India,X,Export,0,W00,World,0,W00,World,H5,HS,True,38,Chemical products n.e.c.,2,False,C00,TOTAL CPC,0,0,TOTAL MOT,-1,N/A,0.0,False,-1,N/A,0.0,False,0.0,True,0.0,False,0.0,6473710958.083,6473710958.083,4,False,True
C,A,20210101,2021,52,2021,699,IND,India,X,Export,0,W00,World,0,W00,World,H5,HS,True,39,Plastics and articles thereof,2,False,C00,TOTAL CPC,0,0,TOTAL MOT,-1,N/A,0.0,False,-1,N/A,0.0,False,0.0,True,0.0,False,0.0,8555158212.267,8555158212.267,4,False,True
C,A,20210101,2021,52,2021,699,IND,India,X,Export,0,W00,World,0,W00,World,H5,HS,True,40,Rubber and articles thereof,2,False,C00,TOTAL CPC,0,0,TOTAL MOT,-1,N/A,0.0,False,-1,N/A,0.0,False,0.0,True,0.0,False,0.0,4451962297.527,4451962297.527,4,False,True
C,A,20210101,2021,52,2021,699,IND,India,X,Export,0,W00,World,0,W00,World,H5,HS,True,41,Raw hides and skins (other than furskins) and leather,2,False,C00,TOTAL CPC,0,0,TOTAL MOT,-1,N/A,0.0,False,-1,N/A,0.0,False,0.0,True,0.0,False,0.0,449676834.465,449676834.465,4,False,True
C,A,20210101,2021,52,2021,699,IND,India,X,Export,0,W00,World,0,W00,World,H5,HS,True,43,Furskins and artificial fur; manufactures thereof,2,False,C00,TOTAL CPC,0,0,TOTAL MOT,-1,N/A,0.0,False,-1,N/A,0.0,False,0.0,True,0.0,False,0.0,22908072.09,22908072.09,4,False,True
C,A,20210101,2021,52,2021,699,IND,India,X,Export,0,W00,World,0,W00,World,H5,HS,True,44,Wood and articles of wood; wood charcoal,2,False,C00,TOTAL CPC,0,0,TOTAL MOT,-1,N/A,0.0,False,-1,N/A,0.0,False,0.0,True,0.0,False,0.0,707241704.362,707241704.362,4,False,True
C,A,20210101,2021,52,2021,699,IND,India,X,Export,0,W00,World,0,W00,World,H5,HS,True,45,Cork and articles of cork,2,False,C00,TOTAL CPC,0,0,TOTAL MOT,-1,N/A,0.0,False,-1,N/A,0.0,False,0.0,True,0.0,False,0.0,4497884.07,4497884.07,4,False,True
C,A,20210101,2021,52,2021,699,IND,India,X,Export,0,W00,World,0,W00,World,H5,HS,True,46,"Manufactures of straw, esparto or other plaiting materials; basketware and wickerwork",2,False,C00,TOTAL CPC,0,0,TOTAL MOT,-1,N/A,0.0,False,-1,N/A,0.0,False,0.0,True,0.0,False,0.0,66397230.106,66397230.106,4,False,True
C,A,20210101,2021,52,2021,699,IND,India,X,Export,0,W00,World,0,W00,World,H5,HS,True,47,Pulp of wood or other fibrous cellulosic material; recovered (waste and scrap) paper or paperboard,2,False,C00,TOTAL CPC,0,0,TOTAL MOT,-1,N/A,0.0,False,-1,N/A,0.0,False,0.0,True,0.0,False,0.0,4147764.949,4147764.949,4,False,True
C,A,20210101,2021,52,2021,699,IND,India,X,Export,0,W00,World,0,W00,World,H5,HS,True,48,"Paper and paperboard; articles of paper pulp, of paper or paperboard",2,False,C00,TOTAL CPC,0,0,TOTAL MOT,-1,N/A,0.0,False,-1,N/A,0.0,False,0.0,True,0.0,False,0.0,2954692595.238,2954692595.238,4,False,True
C,A,20210101,2021,52,2021,699,IND,India,X,Export,0,W00,World,0,W00,World,H5,HS,True,49,"Printed books, newspapers, pictures and other products of the printing industry; manuscripts, typescripts and plans",2,False,C00,TOTAL CPC,0,0,TOTAL MOT,-1,N/A,0.0,False,-1,N/A,0.0,False,0.0,True,0.0,False,0.0,330240889.804,330240889.804,4,False,True
C,A,20210101,2021,52,2021,699,IND,India,X,Export,0,W00,World,0,W00,World,H5,HS,True,52,Cotton,2,False,C00,TOTAL CPC,0,0,TOTAL MOT,-1,N/A,0.0,False,-1,N/A,0.0,False,0.0,True,0.0,False,0.0,10028336566.106,10028336566.106,4,False,True
C,A,20210101,2021,52,2021,699,IND,India,X,Export,0,W00,World,0,W00,World,H5,HS,True,55,Man-made staple fibres,2,False,C00,TOTAL CPC,0,0,TOTAL MOT,-1,N/A,0.0,False,-1,N/A,0.0,False,0.0,True,0.0,False,0.0,1904618318.791,1904618318.791,4,False,True
C,A,20210101,2021,52,2021,699,IND,India,X,Export,0,W00,World,0,W00,World,H5,HS,True,56,"Wadding, felt and nonwovens, special yarns; twine, cordage, ropes and cables and articles thereof",2,False,C00,TOTAL CPC,0,0,TOTAL MOT,-1,N/A,0.0,False,-1,N/A,0.0,False,0.0,True,0.0,False,0.0,559758247.349,559758247.349,4,False,True
C,A,20210101,2021,52,2021,699,IND,India,X,Export,0,W00,World,0,W00,World,H5,HS,True,58,"Fabrics; special woven fabrics, tufted textile fabrics, lace, tapestries, trimmings, embroidery",2,False,C00,TOTAL CPC,0,0,TOTAL MOT,-1,N/A,0.0,False,-1,N/A,0.0,False,0.0,True,0.0,False,0.0,373651770.875,373651770.875,4,False,True
C,A,20210101,2021,52,2021,699,IND,India,X,Export,0,W00,World,0,W00,World,H5,HS,True,59,"Textile fabrics; impregnated, coated, covered or laminated; textile articles of a kind suitable for industrial use",2,False,C00,TOTAL CPC,0,0,TOTAL MOT,-1,N/A,0.0,False,-1,N/A,0.0,False,0.0,True,0.0,False,0.0,440795707.692,440795707.692,4,False,True
C,A,20210101,2021,52,2021,699,IND,India,X,Export,0,W00,World,0,W00,World,H5,HS,True,60,Fabrics; knitted or crocheted,2,False,C00,TOTAL CPC,0,0,TOTAL MOT,-1,N/A,0.0,False,-1,N/A,0.0,False,0.0,True,0.0,False,0.0,764111456.649,764111456.649,4,False,True
C,A,20210101,2021,52,2021,699,IND,India,X,Export,0,W00,World,0,W00,World,H5,HS,True,63,"Textiles, made up articles; sets; worn clothing and worn textile articles; rags",2,False,C00,TOTAL CPC,0,0,TOTAL MOT,-1,N/A,0.0,False,-1,N/A,0.0,False,0.0,True,0.0,False,0.0,6677317604.967,6677317604.967,4,False,True
C,A,20210101,2021,52,2021,699,IND,India,X,Export,0,W00,World,0,W00,World,H5,HS,True,65,Headgear and parts thereof,2,False,C00,TOTAL CPC,0,0,TOTAL MOT,-1,N/A,0.0,False,-1,N/A,0.0,False,0.0,True,0.0,False,0.0,92138426.042,92138426.042,4,False,True
C,A,20210101,2021,52,2021,699,IND,India,X,Export,0,W00,World,0,W00,World,H5,HS,True,66,"Umbrellas, sun umbrellas, walking-sticks, seat sticks, whips, riding crops; and parts thereof",2,False,C00,TOTAL CPC,0,0,TOTAL MOT,-1,N/A,0.0,False,-1,N/A,0.0,False,0.0,True,0.0,False,0.0,3794901.034,3794901.034,4,False,True
C,A,20210101,2021,52,2021,699,IND,India,X,Export,0,W00,World,0,W00,World,H5,HS,True,67,"Feathers and down, prepared; and articles made of feather or of down; artificial flowers; articles of human hair",2,False,C00,TOTAL CPC,0,0,TOTAL MOT,-1,N/A,0.0,False,-1,N/A,0.0,False,0.0,True,0.0,False,0.0,610142477.701,610142477.701,4,False,True
C,A,20210101,2021,52,2021,699,IND,India,X,Export,0,W00,World,0,W00,World,H5,HS,True,68,"Stone, plaster, cement, asbestos, mica or similar materials; articles thereof",2,False,C00,TOTAL CPC,0,0,TOTAL MOT,-1,N/A,0.0,False,-1,N/A,0.0,False,0.0,True,0.0,False,0.0,2260391857.741,2260391857.741,4,False,True
C,A,20210101,2021,52,2021,699,IND,India,X,Export,0,W00,World,0,W00,World,H5,HS,True,69,Ceramic products,2,False,C00,TOTAL CPC,0,0,TOTAL MOT,-1,N/A,0.0,False,-1,N/A,0.0,False,0.0,True,0.0,False,0.0,2314625213.902,2314625213.902,4,False,True
C,A,20210101,2021,52,2021,699,IND,India,X,Export,0,W00,World,0,W00,World,H5,HS,True,70,Glass and glassware,2,False,C00,TOTAL CPC,0,0,TOTAL MOT,-1,N/A,0.0,False,-1,N/A,0.0,False,0.0,True,0.0,False,0.0,1039175641.953,1039175641.953,4,False,True
C,A,20210101,2021,52,2021,699,IND,India,X,Export,0,W00,World,0,W00,World,H5,HS,True,71,"Natural, cultured pearls; precious, semi-precious stones; precious metals, metals clad with precious metal, and articles thereof; imitation jewellery; coin",2,False,C00,TOTAL CPC,0,0,TOTAL MOT,-1,N/A,0.0,False,-1,N/A,0.0,False,0.0,True,0.0,False,0.0,38155137708.047,38155137708.047,4,False,True
C,A,20210101,2021,52,2021,699,IND,India,X,Export,0,W00,World,0,W00,World,H5,HS,True,72,Iron and steel,2,False,C00,TOTAL CPC,0,0,TOTAL MOT,-1,N/A,0.0,False,-1,N/A,0.0,False,0.0,True,0.0,False,0.0,21199484527.253,21199484527.253,4,False,True
C,A,20210101,2021,52,2021,699,IND,India,X,Export,0,W00,World,0,W00,World,H5,HS,True,73,Iron or steel articles,2,False,C00,TOTAL CPC,0,0,TOTAL MOT,-1,N/A,0.0,False,-1,N/A,0.0,False,0.0,True,0.0,False,0.0,8361219192.441,8361219192.441,4,False,True
C,A,20210101,2021,52,2021,699,IND,India,X,Export,0,W00,World,0,W00,World,H5,HS,True,74,Copper and articles thereof,2,False,C00,TOTAL CPC,0,0,TOTAL MOT,-1,N/A,0.0,False,-1,N/A,0.0,False,0.0,True,0.0,False,0.0,2336997456.186,2336997456.186,4,False,True
C,A,20210101,2021,52,2021,699,IND,India,X,Export,0,W00,World,0,W00,World,H5,HS,True,75,Nickel and articles thereof,2,False,C00,TOTAL CPC,0,0,TOTAL MOT,-1,N/A,0.0,False,-1,N/A,0.0,False,0.0,True,0.0,False,0.0,86458771.064,86458771.064,4,False,True
C,A,20210101,2021,52,2021,699,IND,India,X,Export,0,W00,World,0,W00,World,H5,HS,True,76,Aluminium and articles thereof,2,False,C00,TOTAL CPC,0,0,TOTAL MOT,-1,N/A,0.0,False,-1,N/A,0.0,False,0.0,True,0.0,False,0.0,9063865904.947,9063865904.947,4,False,True
C,A,20210101,2021,52,2021,699,IND,India,X,Export,0,W00,World,0,W00,World,H5,HS,True,78,Lead and articles thereof,2,False,C00,TOTAL CPC,0,0,TOTAL MOT,-1,N/A,0.0,False,-1,N/A,0.0,False,0.0,True,0.0,False,0.0,460560381.749,460560381.749,4,False,True
C,A,20210101,2021,52,2021,699,IND,India,X,Export,0,W00,World,0,W00,World,H5,HS,True,79,Zinc and articles thereof,2,False,C00,TOTAL CPC,0,0,TOTAL MOT,-1,N/A,0.0,False,-1,N/A,0.0,False,0.0,True,0.0,False,0.0,860175432.16,860175432.16,4,False,True
C,A,20210101,2021,52,2021,699,IND,India,X,Export,0,W00,World,0,W00,World,H5,HS,True,80,Tin; articles thereof,2,False,C00,TOTAL CPC,0,0,TOTAL MOT,-1,N/A,0.0,False,-1,N/A,0.0,False,0.0,True,0.0,False,0.0,17983265.228,17983265.228,4,False,True
C,A,20210101,2021,52,2021,699,IND,India,X,Export,0,W00,World,0,W00,World,H5,HS,True,81,"Metals; n.e.c., cermets and articles thereof",2,False,C00,TOTAL CPC,0,0,TOTAL MOT,-1,N/A,0.0,False,-1,N/A,0.0,False,0.0,True,0.0,False,0.0,91299093.477,91299093.477,4,False,True
C,A,20210101,2021,52,2021,699,IND,India,X,Export,0,W00,World,0,W00,World,H5,HS,True,83,Metal; miscellaneous products of base metal,2,False,C00,TOTAL CPC,0,0,TOTAL MOT,-1,N/A,0.0,False,-1,N/A,0.0,False,0.0,True,0.0,False,0.0,915651693.71,915651693.71,4,False,True
C,A,20210101,2021,52,2021,699,IND,India,X,Export,0,W00,World,0,W00,World,H5,HS,True,85,"Electrical machinery and equipment and parts thereof; sound recorders and reproducers; television image and sound recorders and reproducers, parts and accessories of such articles",2,False,C00,TOTAL CPC,0,0,TOTAL MOT,-1,N/A,0.0,False,-1,N/A,0.0,False,0.0,True,0.0,False,0.0,18836214300.156,18836214300.156,4,False,True
C,A,20210101,2021,52,2021,699,IND,India,X,Export,0,W00,World,0,W00,World,H5,HS,True,86,"Railway, tramway locomotives, rolling-stock and parts thereof; railway or tramway track fixtures and fittings and parts thereof; mechanical (including electro-mechanical) traffic signalling equipment of all kinds",2,False,C00,TOTAL CPC,0,0,TOTAL MOT,-1,N/A,0.0,False,-1,N/A,0.0,False,0.0,True,0.0,False,0.0,393211717.87,393211717.87,4,False,True
C,A,20210101,2021,52,2021,699,IND,India,X,Export,0,W00,World,0,W00,World,H5,HS,True,90,"Optical, photographic, cinematographic, measuring, checking, medical or surgical instruments and apparatus; parts and accessories",2,False,C00,TOTAL CPC,0,0,TOTAL MOT,-1,N/A,0.0,False,-1,N/A,0.0,False,0.0,True,0.0,False,0.0,3912878037.658,3912878037.658,4,False,True
C,A,20210101,2021,52,2021,699,IND,India,X,Export,0,W00,World,0,W00,World,H5,HS,True,94,"Furniture; bedding, mattresses, mattress supports, cushions and similar stuffed furnishings; lamps and lighting fittings, n.e.c.; illuminated signs, illuminated name-plates and the like; prefabricated buildings",2,False,C00,TOTAL CPC,0,0,TOTAL MOT,-1,N/A,0.0,False,-1,N/A,0.0,False,0.0,True,0.0,False,0.0,2785512427.764,2785512427.764,4,False,True
C,A,20210101,2021,52,2021,699,IND,India,X,Export,0,W00,World,0,W00,World,H5,HS,True,95,"Toys, games and sports requisites; parts and accessories thereof",2,False,C00,TOTAL CPC,0,0,TOTAL MOT,-1,N/A,0.0,False,-1,N/A,0.0,False,0.0,True,0.0,False,0.0,521460653.886,521460653.886,4,False,True
C,A,20210101,2021,52,2021,699,IND,India,X,Export,0,W00,World,0,W00,World,H5,HS,True,96,Miscellaneous manufactured articles,2,False,C00,TOTAL CPC,0,0,TOTAL MOT,-1,N/A,0.0,False,-1,N/A,0.0,False,0.0,True,0.0,False,0.0,645245497.144,645245497.144,4,False,True
C,A,20220101,2022,52,2022,156,CHN,China,X,Export,0,W00,World,0,W00,World,H6,HS,True,43,Furskins and artificial fur; manufactures thereof,2,False,C00,TOTAL CPC,0,0,TOTAL MOT,-1,N/A,0.0,False,-1,N/A,0.0,False,,False,0.0,False,,2048251302.0,2048251302.0,0,False,True
C,A,20220101,2022,52,2022,156,CHN,China,X,Export,0,W00,World,0,W00,World,H6,HS,True,75,Nickel and articles thereof,2,False,C00,TOTAL CPC,0,0,TOTAL MOT,-1,N/A,0.0,False,-1,N/A,0.0,False,,False,0.0,False,,1184718953.0,1184718953.0,0,False,True
C,A,20220101,2022,52,2022,156,CHN,China,X,Export,0,W00,World,0,W00,World,H6,HS,True,50,Silk,2,False,C00,TOTAL CPC,0,0,TOTAL MOT,-1,N/A,0.0,False,-1,N/A,0.0,False,,False,0.0,False,,932981845.0,932981845.0,0,False,True
C,A,20220101,2022,52,2022,156,CHN,China,X,Export,0,W00,World,0,W00,World,H6,HS,True,02,Meat and edible meat offal,2,False,C00,TOTAL CPC,0,0,TOTAL MOT,-1,N/A,0.0,False,-1,N/A,0.0,False,0.0,False,0.0,False,,992785854.0,992785854.0,0,False,True
C,A,20220101,2022,52,2022,156,CHN,China,X,Export,0,W00,World,0,W00,World,H6,HS,True,99,Commodities not specified according to kind,2,False,C00,TOTAL CPC,0,0,TOTAL MOT,-1,N/A,0.0,False,-1,N/A,0.0,False,0.0,False,0.0,False,,45926981607.0,45926981607.0,0,False,True
C,A,20220101,2022,52,2022,156,CHN,China,X,Export,0,W00,World,0,W00,World,H6,HS,True,39,Plastics and articles thereof,2,False,C00,TOTAL CPC,0,0,TOTAL MOT,-1,N/A,0.0,False,-1,N/A,0.0,False,0.0,True,0.0,False,,143529367598.0,143529367598.0,4,False,True
C,A,20220101,2022,52,2022,156,CHN,China,X,Export,0,W00,World,0,W00,World,H6,HS,True,84,"Machinery and mechanical appliances, boilers, nuclear reactors; parts thereof",2,False,C00,TOTAL CPC,0,0,TOTAL MOT,-1,N/A,0.0,False,-1,N/A,0.0,False,0.0,True,0.0,False,,551950811471.0,551950811471.0,4,False,True
C,A,20220101,2022,52,2022,156,CHN,China,X,Export,0,W00,World,0,W00,World,H6,HS,True,73,Iron or steel articles,2,False,C00,TOTAL CPC,0,0,TOTAL MOT,-1,N/A,0.0,False,-1,N/A,0.0,False,0.0,True,0.0,False,,110312642489.0,110312642489.0,4,False,True
C,A,20220101,2022,52,2022,156,CHN,China,X,Export,0,W00,World,0,W00,World,H6,HS,True,62,Apparel and clothing accessories; not knitted or crocheted,2,False,C00,TOTAL CPC,0,0,TOTAL MOT,-1,N/A,0.0,False,-1,N/A,0.0,False,0.0,True,0.0,False,,76874393698.0,76874393698.0,4,False,True
C,A,20220101,2022,52,2022,156,CHN,China,X,Export,0,W00,World,0,W00,World,H6,HS,True,61,Apparel and clothing accessories; knitted or crocheted,2,False,C00,TOTAL CPC,0,0,TOTAL MOT,-1,N/A,0.0,False,-1,N/A,0.0,False,0.0,True,0.0,False,,90942323926.0,90942323926.0,4,False,True
C,A,20220101,2022,52,2022,156,CHN,China,X,Export,0,W00,World,0,W00,World,H6,HS,True,40,Rubber and articles thereof,2,False,C00,TOTAL CPC,0,0,TOTAL MOT,-1,N/A,0.0,False,-1,N/A,0.0,False,0.0,True,0.0,False,,31472697515.0,31472697515.0,4,False,True
C,A,20220101,2022,52,2022,156,CHN,China,X,Export,0,W00,World,0,W00,World,H6,HS,True,96,Miscellaneous manufactured articles,2,False,C00,TOTAL CPC,0,0,TOTAL MOT,-1,N/A,0.0,False,-1,N/A,0.0,False,0.0,True,0.0,False,,26839425882.0,26839425882.0,4,False,True
C,A,20220101,2022,52,2022,156,CHN,China,X,Export,0,W00,World,0,W00,World,H6,HS,True,48,"Paper and paperboard; articles of paper pulp, of paper or paperboard",2,False,C00,TOTAL CPC,0,0,TOTAL MOT,-1,N/A,0.0,False,-1,N/A,0.0,False,0.0,True,0.0,False,,31632175495.0,31632175495.0,4,False,True
C,A,20220101,2022,52,2022,156,CHN,China,X,Export,0,W00,World,0,W00,World,H6,HS,True,83,Metal; miscellaneous products of base metal,2,False,C00,TOTAL CPC,0,0,TOTAL MOT,-1,N/A,0.0,False,-1,N/A,0.0,False,0.0,True,0.0,False,,28718689077.0,28718689077.0,4,False,True
C,A,20220101,2022,52,2022,156,CHN,China,X,Export,0,W00,World,0,W00,World,H6,HS,True,49,"Printed books, newspapers, pictures and other products of the printing industry; manuscripts, typescripts and plans",2,False,C00,TOTAL CPC,0,0,TOTAL MOT,-1,N/A,0.0,False,-1,N/A,0.0,False,0.0,True,0.0,False,,4350034733.0,4350034733.0,4,False,True
C,A,20220101,2022,52,2022,156,CHN,China,X,Export,0,W00,World,0,W00,World,H6,HS,True,82,"Tools, implements, cutlery, spoons and forks, of base metal; parts thereof, of base metal",2,False,C00,TOTAL CPC,0,0,TOTAL MOT,-1,N/A,0.0,False,-1,N/A,0.0,False,0.0,True,0.0,False,,24088182737.0,24088182737.0,4,False,True
C,A,20220101,2022,52,2022,156,CHN,China,X,Export,0,W00,World,0,W00,World,H6,HS,True,67,"Feathers and down, prepared; and articles made of feather or of down; artificial flowers; articles of human hair",2,False,C00,TOTAL CPC,0,0,TOTAL MOT,-1,N/A,0.0,False,-1,N/A,0.0,False,0.0,True,0.0,False,,12454437083.0,12454437083.0,4,False,True
C,A,20220101,2022,52,2022,156,CHN,China,X,Export,0,W00,World,0,W00,World,H6,HS,True,63,"Textiles, made up articles; sets; worn clothing and worn textile articles; rags",2,False,C00,TOTAL CPC,0,0,TOTAL MOT,-1,N/A,0.0,False,-1,N/A,0.0,False,0.0,True,0.0,False,,37667401164.0,37667401164.0,4,False,True
C,A,20220101,2022,52,2022,156,CHN,China,X,Export,0,W00,World,0,W00,World,H6,HS,True,29,Organic chemicals,2,False,C00,TOTAL CPC,0,0,TOTAL MOT,-1,N/A,0.0,False,-1,N/A,0.0,False,0.0,True,0.0,False,,101887171164.0,101887171164.0,4,False,True
C,A,20220101,2022,52,2022,156,CHN,China,X,Export,0,W00,World,0,W00,World,H6,HS,True,30,Pharmaceutical products,2,False,C00,TOTAL CPC,0,0,TOTAL MOT,-1,N/A,0.0,False,-1,N/A,0.0,False,0.0,True,0.0,False,,14004896410.0,14004896410.0,4,False,True
C,A,20220101,2022,52,2022,156,CHN,China,X,Export,0,W00,World,0,W00,World,H6,HS,True,58,"Fabrics; special woven fabrics, tufted textile fabrics, lace, tapestries, trimmings, embroidery",2,False,C00,TOTAL CPC,0,0,TOTAL MOT,-1,N/A,0.0,False,-1,N/A,0.0,False,0.0,True,0.0,False,,6101394545.0,6101394545.0,4,False,True
C,A,20220101,2022,52,2022,156,CHN,China,X,Export,0,W00,World,0,W00,World,H6,HS,True,42,"Articles of leather; saddlery and harness; travel goods, handbags and similar containers; articles of animal gut (other than silk-worm gut)",2,False,C00,TOTAL CPC,0,0,TOTAL MOT,-1,N/A,0.0,False,-1,N/A,0.0,False,0.0,True,0.0,False,,38712702342.0,38712702342.0,4,False,True
C,A,20220101,2022,52,2022,156,CHN,China,X,Export,0,W00,World,0,W00,World,H6,HS,True,52,Cotton,2,False,C00,TOTAL CPC,0,0,TOTAL MOT,-1,N/A,0.0,False,-1,N/A,0.0,False,0.0,True,0.0,False,,13264147561.0,13264147561.0,4,False,True
C,A,20220101,2022,52,2022,156,CHN,China,X,Export,0,W00,World,0,W00,World,H6,HS,True,70,Glass and glassware,2,False,C00,TOTAL CPC,0,0,TOTAL MOT,-1,N/A,0.0,False,-1,N/A,0.0,False,0.0,True,0.0,False,,26656231997.0,26656231997.0,4,False,True
C,A,20220101,2022,52,2022,156,CHN,China,X,Export,0,W00,World,0,W00,World,H6,HS,True,71,"Natural, cultured pearls; precious, semi-precious stones; precious metals, metals clad with precious metal, and articles thereof; imitation jewellery; coin",2,False,C00,TOTAL CPC,0,0,TOTAL MOT,-1,N/A,0.0,False,-1,N/A,0.0,False,0.0,True,0.0,False,,30096734411.0,30096734411.0,4,False,True
C,A,20220101,2022,52,2022,156,CHN,China,X,Export,0,W00,World,0,W00,World,H6,HS,True,87,"Vehicles; other than railway or tramway rolling stock, and parts and accessories thereof",2,False,C00,TOTAL CPC,0,0,TOTAL MOT,-1,N/A,0.0,False,-1,N/A,0.0,False,0.0,True,0.0,False,,150235439612.0,150235439612.0,4,False,True
C,A,20220101,2022,52,2022,156,CHN,China,X,Export,0,W00,World,0,W00,World,H6,HS,True,56,"Wadding, felt and nonwovens, special yarns; twine, cordage, ropes and cables and articles thereof",2,False,C00,TOTAL CPC,0,0,TOTAL MOT,-1,N/A,0.0,False,-1,N/A,0.0,False,0.0,True,0.0,False,,7949130820.0,7949130820.0,4,False,True
C,A,20220101,2022,52,2022,156,CHN,China,X,Export,0,W00,World,0,W00,World,H6,HS,True,38,Chemical products n.e.c.,2,False,C00,TOTAL CPC,0,0,TOTAL MOT,-1,N/A,0.0,False,-1,N/A,0.0,False,0.0,True,0.0,False,,47496012826.0,47496012826.0,4,False,True
C,A,20220101,2022,52,2022,156,CHN,China,X,Export,0,W00,World,0,W00,World,H6,HS,True,94,"Furniture; bedding, mattresses, mattress supports, cushions and similar stuffed furnishings; lamps and lighting fittings, n.e.c.; illuminated signs, illuminated name-plates and the like; prefabricated buildings",2,False,C00,TOTAL CPC,0,0,TOTAL MOT,-1,N/A,0.0,False,-1,N/A,0.0,False,0.0,True,0.0,False,,130893406578.0,130893406578.0,4,False,True
C,A,20220101,2022,52,2022,156,CHN,China,X,Export,0,W00,World,0,W00,World,H6,HS,True,76,Aluminium and articles thereof,2,False,C00,TOTAL CPC,0,0,TOTAL MOT,-1,N/A,0.0,False,-1,N/A,0.0,False,0.0,True,0.0,False,,42109007243.0,42109007243.0,4,False,True
C,A,20220101,2022,52,2022,156,CHN,China,X,Export,0,W00,World,0,W00,World,H6,HS,True,95,"Toys, games and sports requisites; parts and accessories thereof",2,False,C00,TOTAL CPC,0,0,TOTAL MOT,-1,N/A,0.0,False,-1,N/A,0.0,False,0.0,True,0.0,False,,103325605447.0,103325605447.0,4,False,True
C,A,20220101,2022,52,2022,156,CHN,China,X,Export,0,W00,World,0,W00,World,H6,HS,True,65,Headgear and parts thereof,2,False,C00,TOTAL CPC,0,0,TOTAL MOT,-1,N/A,0.0,False,-1,N/A,0.0,False,0.0,True,0.0,False,,6890792382.0,6890792382.0,4,False,True
C,A,20220101,2022,52,2022,156,CHN,China,X,Export,0,W00,World,0,W00,World,H6,HS,True,55,Man-made staple fibres,2,False,C00,TOTAL CPC,0,0,TOTAL MOT,-1,N/A,0.0,False,-1,N/A,0.0,False,0.0,True,0.0,False,,14512693833.0,14512693833.0,4,False,True
C,A,20220101,2022,52,2022,156,CHN,China,X,Export,0,W00,World,0,W00,World,H6,HS,True,74,Copper and articles thereof,2,False,C00,TOTAL CPC,0,0,TOTAL MOT,-1,N/A,0.0,False,-1,N/A,0.0,False,0.0,True,0.0,False,,10679716282.0,10679716282.0,4,False,True
C,A,20220101,2022,52,2022,156,CHN,China,X,Export,0,W00,World,0,W00,World,H6,HS,True,69,Ceramic products,2,False,C00,TOTAL CPC,0,0,TOTAL MOT,-1,N/A,0.0,False,-1,N/A,0.0,False,0.0,True,0.0,False,,32475449088.0,32475449088.0,4,False,True
C,A,20220101,2022,52,2022,156,CHN,China,X,Export,0,W00,World,0,W00,World,H6,HS,True,91,Clocks and watches and parts thereof,2,False,C00,TOTAL CPC,0,0,TOTAL MOT,-1,N/A,0.0,False,-1,N/A,0.0,False,0.0,True,0.0,False,,4819790977.0,4819790977.0,4,False,True
C,A,20220101,2022,52,2022,156,CHN,China,X,Export,0,W00,World,0,W00,World,H6,HS,True,64,Footwear; gaiters and the like; parts of such articles,2,False,C00,TOTAL CPC,0,0,TOTAL MOT,-1,N/A,0.0,False,-1,N/A,0.0,False,0.0,True,0.0,False,,62020064449.0,62020064449.0,4,False,True
C,A,20220101,2022,52,2022,156,CHN,China,X,Export,0,W00,World,0,W00,World,H6,HS,True,35,Albuminoidal substances; modified starches; glues; enzymes,2,False,C00,TOTAL CPC,0,0,TOTAL MOT,-1,N/A,0.0,False,-1,N/A,0.0,False,0.0,True,0.0,False,,4888332275.0,4888332275.0,4,False,True
C,A,20220101,2022,52,2022,156,CHN,China,X,Export,0,W00,World,0,W00,World,H6,HS,True,68,"Stone, plaster, cement, asbestos, mica or similar materials; articles thereof",2,False,C00,TOTAL CPC,0,0,TOTAL MOT,-1,N/A,0.0,False,-1,N/A,0.0,False,0.0,True,0.0,False,,15572472102.0,15572472102.0,4,False,True
C,A,20220101,2022,52,2022,156,CHN,China,X,Export,0,W00,World,0,W00,World,H6,HS,True,32,"Tanning or dyeing extracts; tannins and their derivatives; dyes, pigments and other colouring matter; paints, varnishes; putty, other mastics; inks",2,False,C00,TOTAL CPC,0,0,TOTAL MOT,-1,N/A,0.0,False,-1,N/A,0.0,False,0.0,True,0.0,False,,10522085283.0,10522085283.0,4,False,True
C,A,20220101,2022,52,2022,156,CHN,China,X,Export,0,W00,World,0,W00,World,H6,HS,True,54,Man-made filaments; strip and the like of man-made textile materials,2,False,C00,TOTAL CPC,0,0,TOTAL MOT,-1,N/A,0.0,False,-1,N/A,0.0,False,0.0,True,0.0,False,,29583671940.0,29583671940.0,4,False,True
C,A,20220101,2022,52,2022,156,CHN,China,X,Export,0,W00,World,0,W00,World,H6,HS,True,17,Sugars and sugar confectionery,2,False,C00,TOTAL CPC,0,0,TOTAL MOT,-1,N/A,0.0,False,-1,N/A,0.0,False,0.0,True,0.0,False,,2560217542.0,2560217542.0,4,False,True
C,A,20220101,2022,52,2022,156,CHN,China,X,Export,0,W00,World,0,W00,World,H6,HS,True,07,Vegetables and certain roots and tubers; edible,2,False,C00,TOTAL CPC,0,0,TOTAL MOT,-1,N/A,0.0,False,-1,N/A,0.0,False,0.0,True,0.0,False,,10166535635.0,10166535635.0,4,False,True
C,A,20220101,2022,52,2022,156,CHN,China,X,Export,0,W00,World,0,W00,World,H6,HS,True,88,"Aircraft, spacecraft, and parts thereof",2,False,C00,TOTAL CPC,0,0,TOTAL MOT,-1,N/A,0.0,False,-1,N/A,0.0,False,0.0,True,0.0,False,,5565281703.0,5565281703.0,4,False,True
C,A,20220101,2022,52,2022,156,CHN,China,X,Export,0,W00,World,0,W00,World,H6,HS,True,23,"Food industries, residues and wastes thereof; prepared animal fodder",2,False,C00,TOTAL CPC,0,0,TOTAL MOT,-1,N/A,0.0,False,-1,N/A,0.0,False,0.0,True,0.0,False,,3904667355.0,3904667355.0,4,False,True
C,A,20220101,2022,52,2022,156,CHN,China,X,Export,0,W00,World,0,W00,World,H6,HS,True,05,Animal originated products; not elsewhere specified or included,2,False,C00,TOTAL CPC,0,0,TOTAL MOT,-1,N/A,0.0,False,-1,N/A,0.0,False,0.0,True,0.0,False,,2033749699.0,2033749699.0,4,False,True
C,A,20220101,2022,52,2022,156,CHN,China,X,Export,0,W00,World,0,W00,World,H6,HS,True,47,Pulp of wood or other fibrous cellulosic material; recovered (waste and scrap) paper or paperboard,2,False,C00,TOTAL CPC,0,0,TOTAL MOT,-1,N/A,0.0,False,-1,N/A,0.0,False,0.0,True,0.0,False,,417369784.0,417369784.0,4,False,True
C,A,20220101,2022,52,2022,156,CHN,China,X,Export,0,W00,World,0,W00,World,H6,HS,True,19,"Preparations of cereals, flour, starch or milk; pastrycooks' products",2,False,C00,TOTAL CPC,0,0,TOTAL MOT,-1,N/A,0.0,False,-1,N/A,0.0,False,0.0,True,0.0,False,,2448258847.0,2448258847.0,4,False,True
C,A,20220101,2022,52,2022,156,CHN,China,X,Export,0,W00,World,0,W00,World,H6,HS,True,24,"Tobacco and manufactured tobacco substitutes; products, whether or not containing nicotine, intended for inhalation without combustion; other nicotine containing products intended for the intake of nicotine into the human body",2,False,C00,TOTAL CPC,0,0,TOTAL MOT,-1,N/A,0.0,False,-1,N/A,0.0,False,0.0,True,0.0,False,,7540466498.0,7540466498.0,4,False,True
C,A,20220101,2022,52,2022,156,CHN,China,X,Export,0,W00,World,0,W00,World,H6,HS,True,22,"Beverages, spirits and vinegar",2,False,C00,TOTAL CPC,0,0,TOTAL MOT,-1,N/A,0.0,False,-1,N/A,0.0,False,0.0,True,0.0,False,,2340457746.0,2340457746.0,4,False,True
C,A,20220101,2022,52,2022,156,CHN,China,X,Export,0,W00,World,0,W00,World,H6,HS,True,46,"Manufactures of straw, esparto or other plaiting materials; basketware and wickerwork",2,False,C00,TOTAL CPC,0,0,TOTAL MOT,-1,N/A,0.0,False,-1,N/A,0.0,False,0.0,True,0.0,False,,1903030142.0,1903030142.0,4,False,True
C,A,20220101,2022,52,2022,156,CHN,China,X,Export,0,W00,World,0,W00,World,H6,HS,True,03,"Fish and crustaceans, molluscs and other aquatic invertebrates",2,False,C00,TOTAL CPC,0,0,TOTAL MOT,-1,N/A,0.0,False,-1,N/A,0.0,False,0.0,True,0.0,False,,12200591554.0,12200591554.0,4,False,True
C,A,20220101,2022,52,2022,156,CHN,China,X,Export,0,W00,World,0,W00,World,H6,HS,True,08,"Fruit and nuts, edible; peel of citrus fruit or melons",2,False,C00,TOTAL CPC,0,0,TOTAL MOT,-1,N/A,0.0,False,-1,N/A,0.0,False,0.0,True,0.0,False,,5480917770.0,5480917770.0,4,False,True
C,A,20220101,2022,52,2022,156,CHN,China,X,Export,0,W00,World,0,W00,World,H6,HS,True,27,"Mineral fuels, mineral oils and products of their distillation; bituminous substances; mineral waxes",2,False,C00,TOTAL CPC,0,0,TOTAL MOT,-1,N/A,0.0,False,-1,N/A,0.0,False,0.0,True,0.0,False,,64367715872.0,64367715872.0,4,False,True
C,A,20220101,2022,52,2022,156,CHN,China,X,Export,0,W00,World,0,W00,World,H6,HS,True,51,"Wool, fine or coarse animal hair; horsehair yarn and woven fabric",2,False,C00,TOTAL CPC,0,0,TOTAL MOT,-1,N/A,0.0,False,-1,N/A,0.0,False,0.0,True,0.0,False,,2259768633.0,2259768633.0,4,False,True
C,A,20220101,2022,52,2022,156,CHN,China,X,Export,0,W00,World,0,W00,World,H6,HS,True,18,Cocoa and cocoa preparations,2,False,C00,TOTAL CPC,0,0,TOTAL MOT,-1,N/A,0.0,False,-1,N/A,0.0,False,0.0,True,0.0,False,,432724895.0,432724895.0,4,False,True
C,A,20220101,2022,52,2022,156,CHN,China,X,Export,0,W00,World,0,W00,World,H6,HS,True,41,Raw hides and skins (other than furskins) and leather,2,False,C00,TOTAL CPC,0,0,TOTAL MOT,-1,N/A,0.0,False,-1,N/A,0.0,False,0.0,True,0.0,False,,978606960.0,978606960.0,4,False,True
C,A,20220101,2022,52,2022,156,CHN,China,X,Export,0,W00,World,0,W00,World,H6,HS,True,80,Tin; articles thereof,2,False,C00,TOTAL CPC,0,0,TOTAL MOT,-1,N/A,0.0,False,-1,N/A,0.0,False,0.0,True,0.0,False,,401282134.0,401282134.0,4,False,True
C,A,20220101,2022,52,2022,156,CHN,China,X,Export,0,W00,World,0,W00,World,H6,HS,True,44,Wood and articles of wood; wood charcoal,2,False,C00,TOTAL CPC,0,0,TOTAL MOT,-1,N/A,0.0,False,-1,N/A,0.0,False,0.0,True,0.0,False,,18276958574.0,18276958574.0,4,False,True
C,A,20220101,2022,52,2022,156,CHN,China,X,Export,0,W00,World,0,W00,World,H6,HS,True,13,"Lac; gums, resins and other vegetable saps and extracts",2,False,C00,TOTAL CPC,0,0,TOTAL MOT,-1,N/A,0.0,False,-1,N/A,0.0,False,0.0,True,0.0,False,,2766284671.0,2766284671.0,4,False,True
C,A,20220101,2022,52,2022,156,CHN,China,X,Export,0,W00,World,0,W00,World,H6,HS,True,01,Animals; live,2,False,C00,TOTAL CPC,0,0,TOTAL MOT,-1,N/A,0.0,False,-1,N/A,0.0,False,0.0,True,0.0,False,,542359625.0,542359625.0,4,False,True
C,A,20220101,2022,52,2022,156,CHN,China,X,Export,0,W00,World,0,W00,World,H6,HS,True,53,Vegetable textile fibres; paper yarn and woven fabrics of paper yarn,2,False,C00,TOTAL CPC,0,0,TOTAL MOT,-1,N/A,0.0,False,-1,N/A,0.0,False,0.0,True,0.0,False,,1616666015.0,1616666015.0,4,False,True
C,A,20220101,2022,52,2022,156,CHN,China,X,Export,0,W00,World,0,W00,World,H6,HS,True,57,Carpets and other textile floor coverings,2,False,C00,TOTAL CPC,0,0,TOTAL MOT,-1,N/A,0.0,False,-1,N/A,0.0,False,0.0,True,0.0,False,,3854097642.0,3854097642.0,4,False,True
C,A,20220101,2022,52,2022,156,CHN,China,X,Export,0,W00,World,0,W00,World,H6,HS,True,28,"Inorganic chemicals; organic and inorganic compounds of precious metals; of rare earth metals, of radio-active elements and of isotopes",2,False,C00,TOTAL CPC,0,0,TOTAL MOT,-1,N/A,0.0,False,-1,N/A,0.0,False,0.0,True,0.0,False,,39407462291.0,39407462291.0,4,False,True
C,A,20220101,2022,52,2022,156,CHN,China,X,Export,0,W00,World,0,W00,World,H6,HS,True,89,"Ships, boats and floating structures",2,False,C00,TOTAL CPC,0,0,TOTAL MOT,-1,N/A,0.0,False,-1,N/A,0.0,False,0.0,True,0.0,False,,26416702897.0,26416702897.0,4,False,True
C,A,20220101,2022,52,2022,156,CHN,China,X,Export,0,W00,World,0,W00,World,H6,HS,True,93,Arms and ammunition; parts and accessories thereof,2,False,C00,TOTAL CPC,0,0,TOTAL MOT,-1,N/A,0.0,False,-1,N/A,0.0,False,0.0,True,0.0,False,,271353122.0,271353122.0,4,False,True
C,A,20220101,2022,52,2022,156,CHN,China,X,Export,0,W00,World,0,W00,World,H6,HS,True,04,"Dairy produce; birds' eggs; natural honey; edible products of animal origin, not elsewhere specified or included",2,False,C00,TOTAL CPC,0,0,TOTAL MOT,-1,N/A,0.0,False,-1,N/A,0.0,False,0.0,True,0.0,False,,712153910.0,712153910.0,4,False,True
C,A,20220101,2022,52,2022,156,CHN,China,X,Export,0,W00,World,0,W00,World,H6,HS,True,97,Works of art; collectors' pieces and antiques,2,False,C00,TOTAL CPC,0,0,TOTAL MOT,-1,N/A,0.0,False,-1,N/A,0.0,False,0.0,True,0.0,False,,1694419029.0,1694419029.0,4,False,True
C,A,20220101,2022,52,2022,156,CHN,China,X,Export,0,W00,World,0,W00,World,H6,HS,True,37,Photographic or cinematographic goods,2,False,C00,TOTAL CPC,0,0,TOTAL MOT,-1,N/A,0.0,False,-1,N/A,0.0,False,0.0,True,0.0,False,,1429238925.0,1429238925.0,4,False,True
C,A,20220101,2022,52,2022,156,CHN,China,X,Export,0,W00,World,0,W00,World,H6,HS,True,15,"Animal, vegetable or microbial fats and oils and their cleavage products; prepared edible fats; animal or vegetable waxes",2,False,C00,TOTAL CPC,0,0,TOTAL MOT,-1,N/A,0.0,False,-1,N/A,0.0,False,0.0,True,0.0,False,,3604173817.0,3604173817.0,4,False,True
C,A,20220101,2022,52,2022,156,CHN,China,X,Export,0,W00,World,0,W00,World,H6,HS,True,11,"Products of the milling industry; malt, starches, inulin, wheat gluten",2,False,C00,TOTAL CPC,0,0,TOTAL MOT,-1,N/A,0.0,False,-1,N/A,0.0,False,0.0,True,0.0,False,,1061708950.0,1061708950.0,4,False,True
C,A,20220101,2022,52,2022,156,CHN,China,X,Export,0,W00,World,0,W00,World,H6,HS,True,36,Explosives; pyrotechnic products; matches; pyrophoric alloys; certain combustible preparations,2,False,C00,TOTAL CPC,0,0,TOTAL MOT,-1,N/A,0.0,False,-1,N/A,0.0,False,0.0,True,0.0,False,,1228632761.0,1228632761.0,4,False,True
C,A,20220101,2022,52,2022,156,CHN,China,X,Export,0,W00,World,0,W00,World,H6,HS,True,86,"Railway, tramway locomotives, rolling-stock and parts thereof; railway or tramway track fixtures and fittings and parts thereof; mechanical (including electro-mechanical) traffic signalling equipment of all kinds",2,False,C00,TOTAL CPC,0,0,TOTAL MOT,-1,N/A,0.0,False,-1,N/A,0.0,False,0.0,True,0.0,False,,18431311587.0,18431311587.0,4,False,True
C,A,20220101,2022,52,2022,156,CHN,China,X,Export,0,W00,World,0,W00,World,H6,HS,True,81,"Metals; n.e.c., cermets and articles thereof",2,False,C00,TOTAL CPC,0,0,TOTAL MOT,-1,N/A,0.0,False,-1,N/A,0.0,False,0.0,True,0.0,False,,6588383228.0,6588383228.0,4,False,True
C,A,20220101,2022,52,2022,156,CHN,China,X,Export,0,W00,World,0,W00,World,H6,HS,True,59,"Textile fabrics; impregnated, coated, covered or laminated; textile articles of a kind suitable for industrial use",2,False,C00,TOTAL CPC,0,0,TOTAL MOT,-1,N/A,0.0,False,-1,N/A,0.0,False,0.0,True,0.0,False,,10239267557.0,10239267557.0,4,False,True
C,A,20220101,2022,52,2022,156,CHN,China,X,Export,0,W00,World,0,W00,World,H6,HS,True,06,"Trees and other plants, live; bulbs, roots and the like; cut flowers and ornamental foliage",2,False,C00,TOTAL CPC,0,0,TOTAL MOT,-1,N/A,0.0,False,-1,N/A,0.0,False,0.0,True,0.0,False,,573510190.0,573510190.0,4,False,True
C,A,20220101,2022,52,2022,156,CHN,China,X,Export,0,W00,World,0,W00,World,H6,HS,True,60,Fabrics; knitted or crocheted,2,False,C00,TOTAL CPC,0,0,TOTAL MOT,-1,N/A,0.0,False,-1,N/A,0.0,False,0.0,True,0.0,False,,23898299855.0,23898299855.0,4,False,True
C,A,20220101,2022,52,2022,156,CHN,China,X,Export,0,W00,World,0,W00,World,H6,HS,True,78,Lead and articles thereof,2,False,C00,TOTAL CPC,0,0,TOTAL MOT,-1,N/A,0.0,False,-1,N/A,0.0,False,0.0,True,0.0,False,,313445771.0,313445771.0,4,False,True
C,A,20220101,2022,52,2022,156,CHN,China,X,Export,0,W00,World,0,W00,World,H6,HS,True,09,"Coffee, tea, mate and spices",2,False,C00,TOTAL CPC,0,0,TOTAL MOT,-1,N/A,0.0,False,-1,N/A,0.0,False,0.0,True,0.0,False,,3819512241.0,3819512241.0,4,False,True
C,A,20220101,2022,52,2022,156,CHN,China,X,Export,0,W00,World,0,W00,World,H6,HS,True,16,"Meat, fish, crustaceans, molluscs or other aquatic invertebrates, or insects; preparations thereof",2,False,C00,TOTAL CPC,0,0,TOTAL MOT,-1,N/A,0.0,False,-1,N/A,0.0,False,0.0,True,0.0,False,,11794927644.0,11794927644.0,4,False,True
C,A,20220101,2022,52,2022,156,CHN,China,X,Export,0,W00,World,0,W00,World,H6,HS,True,45,Cork and articles of cork,2,False,C00,TOTAL CPC,0,0,TOTAL MOT,-1,N/A,0.0,False,-1,N/A,0.0,False,0.0,True,0.0,False,,39043206.0,39043206.0,4,False,True
C,A,20220101,2022,52,2022,156,CHN,China,X,Export,0,W00,World,0,W00,World,H6,HS,True,14,Vegetable plaiting materials; vegetable products not elsewhere specified or included,2,False,C00,TOTAL CPC,0,0,TOTAL MOT,-1,N/A,0.0,False,-1,N/A,0.0,False,0.0,True,0.0,False,,262077433.0,262077433.0,4,False,True
C,A,20220101,2022,52,2022,156,CHN,China,X,Export,0,W00,World,0,W00,World,H6,HS,True,21,Miscellaneous edible preparations,2,False,C00,TOTAL CPC,0,0,TOTAL MOT,-1,N/A,0.0,False,-1,N/A,0.0,False,0.0,True,0.0,False,,6335773306.0,6335773306.0,4,False,True
C,A,20220101,2022,52,2022,156,CHN,China,X,Export,0,W00,World,0,W00,World,H6,HS,True,92,Musical instruments; parts and accessories of such articles,2,False,C00,TOTAL CPC,0,0,TOTAL MOT,-1,N/A,0.0,False,-1,N/A,0.0,False,0.0,True,0.0,False,,2190005180.0,2190005180.0,4,False,True
C,A,20220101,2022,52,2022,156,CHN,China,X,Export,0,W00,World,0,W00,World,H6,HS,True,12,"Oil seeds and oleaginous fruits; miscellaneous grains, seeds and fruit, industrial or medicinal plants; straw and fodder",2,False,C00,TOTAL CPC,0,0,TOTAL MOT,-1,N/A,0.0,False,-1,N/A,0.0,False,0.0,True,0.0,False,,3170636721.0,3170636721.0,4,False,True
C,A,20220101,2022,52,2022,156,CHN,China,X,Export,0,W00,World,0,W00,World,H6,HS,True,20,"Preparations of vegetables, fruit, nuts or other parts of plants",2,False,C00,TOTAL CPC,0,0,TOTAL MOT,-1,N/A,0.0,False,-1,N/A,0.0,False,0.0,True,0.0,False,,9968523788.0,9968523788.0,4,False,True
C,A,20220101,2022,52,2022,156,CHN,China,X,Export,0,W00,World,0,W00,World,H6,HS,True,79,Zinc and articles thereof,2,False,C00,TOTAL CPC,0,0,TOTAL MOT,-1,N/A,0.0,False,-1,N/A,0.0,False,0.0,True,0.0,False,,490395999.0,490395999.0,4,False,True
C,A,20220101,2022,52,2022,156,CHN,China,X,Export,0,W00,World,0,W00,World,H6,HS,True,66,"Umbrellas, sun umbrellas, walking-sticks, seat sticks, whips, riding crops; and parts thereof",2,False,C00,TOTAL CPC,0,0,TOTAL MOT,-1,N/A,0.0,False,-1,N/A,0.0,False,0.0,True,0.0,False,,3605495858.0,3605495858.0,4,False,True
C,A,20220101,2022,52,2022,156,CHN,China,X,Export,0,W00,World,0,W00,World,H6,HS,True,10,Cereals,2,False,C00,TOTAL CPC,0,0,TOTAL MOT,-1,N/A,0.0,False,-1,N/A,0.0,False,0.0,True,0.0,False,,1070328055.0,1070328055.0,4,False,True
C,A,20220101,2022,52,2022,156,CHN,China,X,Export,0,W00,World,0,W00,World,H6,HS,True,72,Iron and steel,2,False,C00,TOTAL CPC,0,0,TOTAL MOT,-1,N/A,0.0,False,-1,N/A,0.0,False,0.0,True,0.0,False,,77264814328.0,77264814328.0,4,False,True
C,A,20220101,2022,52,2022,156,CHN,China,X,Export,0,W00,World,0,W00,World,H6,HS,True,34,"Soap, organic surface-active agents; washing, lubricating, polishing or scouring preparations; artificial or prepared waxes, candles and similar articles, modelling pastes, dental waxes and dental preparations with a basis of plaster",2,False,C00,TOTAL CPC,0,0,TOTAL MOT,-1,N/A,0.0,False,-1,N/A,0.0,False,0.0,True,0.0,False,,7107367431.0,7107367431.0,4,False,True
C,A,20220101,2022,52,2022,156,CHN,China,X,Export,0,W00,World,0,W00,World,H6,HS,True,33,"Essential oils and resinoids; perfumery, cosmetic or toilet preparations",2,False,C00,TOTAL CPC,0,0,TOTAL MOT,-1,N/A,0.0,False,-1,N/A,0.0,False,0.0,True,0.0,False,,7287619341.0,7287619341.0,4,False,True
C,A,20220101,2022,52,2022,156,CHN,China,X,Export,0,W00,World,0,W00,World,H6,HS,True,25,"Salt; sulphur; earths, stone; plastering materials, lime and cement",2,False,C00,TOTAL CPC,0,0,TOTAL MOT,-1,N/A,0.0,False,-1,N/A,0.0,False,0.0,True,0.0,False,,4291821769.0,4291821769.0,4,False,True
C,A,20220101,2022,52,2022,156,CHN,China,X,Export,0,W00,World,0,W00,World,H6,HS,True,26,"Ores, slag and ash",2,False,C00,TOTAL CPC,0,0,TOTAL MOT,-1,N/A,0.0,False,-1,N/A,0.0,False,0.0,True,0.0,False,,3938161586.0,3938161586.0,4,False,True
C,A,20220101,2022,52,2022,156,CHN,China,X,Export,0,W00,World,0,W00,World,H6,HS,True,31,Fertilizers,2,False,C00,TOTAL CPC,0,0,TOTAL MOT,-1,N/A,0.0,False,-1,N/A,0.0,False,0.0,True,0.0,False,,11380037256.0,11380037256.0,4,False,True
C,A,20220101,2022,52,2022,156,CHN,China,X,Export,0,W00,World,0,W00,World,H6,HS,True,90,"Optical, photographic, cinematographic, measuring, checking, medical or surgical instruments and apparatus; parts and accessories",2,False,C00,TOTAL CPC,0,0,TOTAL MOT,-1,N/A,0.0,False,-1,N/A,0.0,False,0.0,True,0.0,False,,70257757598.0,70257757598.0,4,False,True
C,A,20220101,2022,52,2022,156,CHN,China,X,Export,0,W00,World,0,W00,World,H6,HS,True,85,"Electrical machinery and equipment and parts thereof; sound recorders and reproducers; television image and sound recorders and reproducers, parts and accessories of such articles",2,False,C00,TOTAL CPC,0,0,TOTAL MOT,-1,N/A,0.0,False,-1,N/A,0.0,False,0.0,True,0.0,False,,954783811680.0,954783811680.0,4,False,True
C,A,20220101,2022,52,2022,704,VNM,Viet Nam,X,Export,0,W00,World,0,W00,World,H6,HS,True,99,Commodities not specified according to kind,2,False,C00,TOTAL CPC,0,0,TOTAL MOT,-1,N/A,0.0,False,-1,N/A,0.0,False,0.0,False,0.0,False,,5710533240.578,5710533240.578,0,False,True
C,A,20220101,2022,52,2022,704,VNM,Viet Nam,X,Export,0,W00,World,0,W00,World,H6,HS,True,11,"Products of the milling industry; malt, starches, inulin, wheat gluten",2,False,C00,TOTAL CPC,0,0,TOTAL MOT,-1,N/A,0.0,False,-1,N/A,0.0,False,0.0,True,0.0,False,,1359701500.705,1359701500.705,4,False,True
C,A,20220101,2022,52,2022,704,VNM,Viet Nam,X,Export,0,W00,World,0,W00,World,H6,HS,True,36,Explosives; pyrotechnic products; matches; pyrophoric alloys; certain combustible preparations,2,False,C00,TOTAL CPC,0,0,TOTAL MOT,-1,N/A,0.0,False,-1,N/A,0.0,False,0.0,True,0.0,False,,2526265.33,2526265.33,4,False,True
C,A,20220101,2022,52,2022,704,VNM,Viet Nam,X,Export,0,W00,World,0,W00,World,H6,HS,True,06,"Trees and other plants, live; bulbs, roots and the like; cut flowers and ornamental foliage",2,False,C00,TOTAL CPC,0,0,TOTAL MOT,-1,N/A,0.0,False,-1,N/A,0.0,False,0.0,True,0.0,False,,99454838.113,99454838.113,4,False,True
C,A,20220101,2022,52,2022,704,VNM,Viet Nam,X,Export,0,W00,World,0,W00,World,H6,HS,True,24,"Tobacco and manufactured tobacco substitutes; products, whether or not containing nicotine, intended for inhalation without combustion; other nicotine containing products intended for the intake of nicotine into the human body",2,False,C00,TOTAL CPC,0,0,TOTAL MOT,-1,N/A,0.0,False,-1,N/A,0.0,False,0.0,True,0.0,False,,199966434.714,199966434.714,4,False,True
C,A,20220101,2022,52,2022,704,VNM,Viet Nam,X,Export,0,W00,World,0,W00,World,H6,HS,True,19,"Preparations of cereals, flour, starch or milk; pastrycooks' products",2,False,C00,TOTAL CPC,0,0,TOTAL MOT,-1,N/A,0.0,False,-1,N/A,0.0,False,0.0,True,0.0,False,,942022645.821,942022645.821,4,False,True
C,A,20220101,2022,52,2022,704,VNM,Viet Nam,X,Export,0,W00,World,0,W00,World,H6,HS,True,63,"Textiles, made up articles; sets; worn clothing and worn textile articles; rags",2,False,C00,TOTAL CPC,0,0,TOTAL MOT,-1,N/A,0.0,False,-1,N/A,0.0,False,0.0,True,0.0,False,,2086877354.628,2086877354.628,4,False,True
C,A,20220101,2022,52,2022,704,VNM,Viet Nam,X,Export,0,W00,World,0,W00,World,H6,HS,True,60,Fabrics; knitted or crocheted,2,False,C00,TOTAL CPC,0,0,TOTAL MOT,-1,N/A,0.0,False,-1,N/A,0.0,False,0.0,True,0.0,False,,1466654296.37,1466654296.37,4,False,True
C,A,20220101,2022,52,2022,704,VNM,Viet Nam,X,Export,0,W00,World,0,W00,World,H6,HS,True,21,Miscellaneous edible preparations,2,False,C00,TOTAL CPC,0,0,TOTAL MOT,-1,N/A,0.0,False,-1,N/A,0.0,False,0.0,True,0.0,False,,1117517806.149,1117517806.149,4,False,True
C,A,20220101,2022,52,2022,704,VNM,Viet Nam,X,Export,0,W00,World,0,W00,World,H6,HS,True,20,"Preparations of vegetables, fruit, nuts or other parts of plants",2,False,C00,TOTAL CPC,0,0,TOTAL MOT,-1,N/A,0.0,False,-1,N/A,0.0,False,0.0,True,0.0,False,,1344535831.195,1344535831.195,4,False,True
C,A,20220101,2022,52,2022,704,VNM,Viet Nam,X,Export,0,W00,World,0,W00,World,H6,HS,True,10,Cereals,2,False,C00,TOTAL CPC,0,0,TOTAL MOT,-1,N/A,0.0,False,-1,N/A,0.0,False,0.0,True,0.0,False,,3256901869.401,3256901869.401,4,False,True
C,A,20220101,2022,52,2022,704,VNM,Viet Nam,X,Export,0,W00,World,0,W00,World,H6,HS,True,54,Man-made filaments; strip and the like of man-made textile materials,2,False,C00,TOTAL CPC,0,0,TOTAL MOT,-1,N/A,0.0,False,-1,N/A,0.0,False,0.0,True,0.0,False,,1553867576.229,1553867576.229,4,False,True
C,A,20220101,2022,52,2022,704,VNM,Viet Nam,X,Export,0,W00,World,0,W00,World,H6,HS,True,17,Sugars and sugar confectionery,2,False,C00,TOTAL CPC,0,0,TOTAL MOT,-1,N/A,0.0,False,-1,N/A,0.0,False,0.0,True,0.0,False,,192009832.862,192009832.862,4,False,True
C,A,20220101,2022,52,2022,704,VNM,Viet Nam,X,Export,0,W00,World,0,W00,World,H6,HS,True,09,"Coffee, tea, mate and spices",2,False,C00,TOTAL CPC,0,0,TOTAL MOT,-1,N/A,0.0,False,-1,N/A,0.0,False,0.0,True,0.0,False,,4521036115.148,4521036115.148,4,False,True
C,A,20220101,2022,52,2022,704,VNM,Viet Nam,X,Export,0,W00,World,0,W00,World,H6,HS,True,48,"Paper and paperboard; articles of paper pulp, of paper or paperboard",2,False,C00,TOTAL CPC,0,0,TOTAL MOT,-1,N/A,0.0,False,-1,N/A,0.0,False,0.0,True,0.0,False,,1898813392.718,1898813392.718,4,False,True
C,A,20220101,2022,52,2022,704,VNM,Viet Nam,X,Export,0,W00,World,0,W00,World,H6,HS,True,31,Fertilizers,2,False,C00,TOTAL CPC,0,0,TOTAL MOT,-1,N/A,0.0,False,-1,N/A,0.0,False,0.0,True,0.0,False,,1078260967.131,1078260967.131,4,False,True
C,A,20220101,2022,52,2022,704,VNM,Viet Nam,X,Export,0,W00,World,0,W00,World,H6,HS,True,52,Cotton,2,False,C00,TOTAL CPC,0,0,TOTAL MOT,-1,N/A,0.0,False,-1,N/A,0.0,False,0.0,True,0.0,False,,3303363437.786,3303363437.786,4,False,True
C,A,20220101,2022,52,2022,704,VNM,Viet Nam,X,Export,0,W00,World,0,W00,World,H6,HS,True,47,Pulp of wood or other fibrous cellulosic material; recovered (waste and scrap) paper or paperboard,2,False,C00,TOTAL CPC,0,0,TOTAL MOT,-1,N/A,0.0,False,-1,N/A,0.0,False,0.0,True,0.0,False,,35848100.807,35848100.807,4,False,True
C,A,20220101,2022,52,2022,704,VNM,Viet Nam,X,Export,0,W00,World,0,W00,World,H6,HS,True,64,Footwear; gaiters and the like; parts of such articles,2,False,C00,TOTAL CPC,0,0,TOTAL MOT,-1,N/A,0.0,False,-1,N/A,0.0,False,0.0,True,0.0,False,,24553245995.376,24553245995.376,4,False,True
C,A,20220101,2022,52,2022,704,VNM,Viet Nam,X,Export,0,W00,World,0,W00,World,H6,HS,True,50,Silk,2,False,C00,TOTAL CPC,0,0,TOTAL MOT,-1,N/A,0.0,False,-1,N/A,0.0,False,0.0,True,0.0,False,,143235616.59,143235616.59,4,False,True
C,A,20220101,2022,52,2022,704,VNM,Viet Nam,X,Export,0,W00,World,0,W00,World,H6,HS,True,34,"Soap, organic surface-active agents; washing, lubricating, polishing or scouring preparations; artificial or prepared waxes, candles and similar articles, modelling pastes, dental waxes and dental preparations with a basis of plaster",2,False,C00,TOTAL CPC,0,0,TOTAL MOT,-1,N/A,0.0,False,-1,N/A,0.0,False,0.0,True,0.0,False,,841943076.408,841943076.408,4,False,True
C,A,20220101,2022,52,2022,704,VNM,Viet Nam,X,Export,0,W00,World,0,W00,World,H6,HS,True,56,"Wadding, felt and nonwovens, special yarns; twine, cordage, ropes and cables and articles thereof",2,False,C00,TOTAL CPC,0,0,TOTAL MOT,-1,N/A,0.0,False,-1,N/A,0.0,False,0.0,True,0.0,False,,494856449.388,494856449.388,4,False,True
C,A,20220101,2022,52,2022,704,VNM,Viet Nam,X,Export,0,W00,World,0,W00,World,H6,HS,True,76,Aluminium and articles thereof,2,False,C00,TOTAL CPC,0,0,TOTAL MOT,-1,N/A,0.0,False,-1,N/A,0.0,False,0.0,True,0.0,False,,2510002340.645,2510002340.645,4,False,True
C,A,20220101,2022,52,2022,704,VNM,Viet Nam,X,Export,0,W00,World,0,W00,World,H6,HS,True,08,"Fruit and nuts, edible; peel of citrus fruit or melons",2,False,C00,TOTAL CPC,0,0,TOTAL MOT,-1,N/A,0.0,False,-1,N/A,0.0,False,0.0,True,0.0,False,,4621455971.527,4621455971.527,4,False,True
C,A,20220101,2022,52,2022,704,VNM,Viet Nam,X,Export,0,W00,World,0,W00,World,H6,HS,True,55,Man-made staple fibres,2,False,C00,TOTAL CPC,0,0,TOTAL MOT,-1,N/A,0.0,False,-1,N/A,0.0,False,0.0,True,0.0,False,,650899088.422,650899088.422,4,False,True
C,A,20220101,2022,52,2022,704,VNM,Viet Nam,X,Export,0,W00,World,0,W00,World,H6,HS,True,79,Zinc and articles thereof,2,False,C00,TOTAL CPC,0,0,TOTAL MOT,-1,N/A,0.0,False,-1,N/A,0.0,False,0.0,True,0.0,False,,23653089.124,23653089.124,4,False,True
C,A,20220101,2022,52,2022,704,VNM,Viet Nam,X,Export,0,W00,World,0,W00,World,H6,HS,True,23,"Food industries, residues and wastes thereof; prepared animal fodder",2,False,C00,TOTAL CPC,0,0,TOTAL MOT,-1,N/A,0.0,False,-1,N/A,0.0,False,0.0,True,0.0,False,,1112334623.057,1112334623.057,4,False,True
C,A,20220101,2022,52,2022,704,VNM,Viet Nam,X,Export,0,W00,World,0,W00,World,H6,HS,True,59,"Textile fabrics; impregnated, coated, covered or laminated; textile articles of a kind suitable for industrial use",2,False,C00,TOTAL CPC,0,0,TOTAL MOT,-1,N/A,0.0,False,-1,N/A,0.0,False,0.0,True,0.0,False,,1049543309.671,1049543309.671,4,False,True
C,A,20220101,2022,52,2022,704,VNM,Viet Nam,X,Export,0,W00,World,0,W00,World,H6,HS,True,07,Vegetables and certain roots and tubers; edible,2,False,C00,TOTAL CPC,0,0,TOTAL MOT,-1,N/A,0.0,False,-1,N/A,0.0,False,0.0,True,0.0,False,,466238974.23,466238974.23,4,False,True
C,A,20220101,2022,52,2022,704,VNM,Viet Nam,X,Export,0,W00,World,0,W00,World,H6,HS,True,72,Iron and steel,2,False,C00,TOTAL CPC,0,0,TOTAL MOT,-1,N/A,0.0,False,-1,N/A,0.0,False,0.0,True,0.0,False,,8192873644.922,8192873644.922,4,False,True
C,A,20220101,2022,52,2022,704,VNM,Viet Nam,X,Export,0,W00,World,0,W00,World,H6,HS,True,46,"Manufactures of straw, esparto or other plaiting materials; basketware and wickerwork",2,False,C00,TOTAL CPC,0,0,TOTAL MOT,-1,N/A,0.0,False,-1,N/A,0.0,False,0.0,True,0.0,False,,378182762.773,378182762.773,4,False,True
C,A,20220101,2022,52,2022,704,VNM,Viet Nam,X,Export,0,W00,World,0,W00,World,H6,HS,True,18,Cocoa and cocoa preparations,2,False,C00,TOTAL CPC,0,0,TOTAL MOT,-1,N/A,0.0,False,-1,N/A,0.0,False,0.0,True,0.0,False,,31685979.343,31685979.343,4,False,True
C,A,20220101,2022,52,2022,704,VNM,Viet Nam,X,Export,0,W00,World,0,W00,World,H6,HS,True,35,Albuminoidal substances; modified starches; glues; enzymes,2,False,C00,TOTAL CPC,0,0,TOTAL MOT,-1,N/A,0.0,False,-1,N/A,0.0,False,0.0,True,0.0,False,,344915683.1,344915683.1,4,False,True
C,A,20220101,2022,52,2022,704,VNM,Viet Nam,X,Export,0,W00,World,0,W00,World,H6,HS,True,51,"Wool, fine or coarse animal hair; horsehair yarn and woven fabric",2,False,C00,TOTAL CPC,0,0,TOTAL MOT,-1,N/A,0.0,False,-1,N/A,0.0,False,,False,0.0,False,,27500231.501,27500231.501,0,False,True
C,A,20220101,2022,52,2022,704,VNM,Viet Nam,X,Export,0,W00,World,0,W00,World,H6,HS,True,26,"Ores, slag and ash",2,False,C00,TOTAL CPC,0,0,TOTAL MOT,-1,N/A,0.0,False,-1,N/A,0.0,False,,False,0.0,False,,79209468.704,79209468.704,0,False,True
C,A,20220101,2022,52,2022,704,VNM,Viet Nam,X,Export,0,W00,World,0,W00,World,H6,HS,True,04,"Dairy produce; birds' eggs; natural honey; edible products of animal origin, not elsewhere specified or included",2,False,C00,TOTAL CPC,0,0,TOTAL MOT,-1,N/A,0.0,False,-1,N/A,0.0,False,,False,0.0,False,,175648551.19,175648551.19,0,False,True
C,A,20220101,2022,52,2022,704,VNM,Viet Nam,X,Export,0,W00,World,0,W00,World,H6,HS,True,42,"Articles of leather; saddlery and harness; travel goods, handbags and similar containers; articles of animal gut (other than silk-worm gut)",2,False,C00,TOTAL CPC,0,0,TOTAL MOT,-1,N/A,0.0,False,-1,N/A,0.0,False,,False,0.0,False,,3502192305.774,3502192305.774,0,False,True
C,A,20220101,2022,52,2022,704,VNM,Viet Nam,X,Export,0,W00,World,0,W00,World,H6,HS,True,61,Apparel and clothing accessories; knitted or crocheted,2,False,C00,TOTAL CPC,0,0,TOTAL MOT,-1,N/A,0.0,False,-1,N/A,0.0,False,,False,0.0,False,,17320344735.458,17320344735.458,0,False,True
C,A,20220101,2022,52,2022,704,VNM,Viet Nam,X,Export,0,W00,World,0,W00,World,H6,HS,True,65,Headgear and parts thereof,2,False,C00,TOTAL CPC,0,0,TOTAL MOT,-1,N/A,0.0,False,-1,N/A,0.0,False,,False,0.0,False,,770855766.366,770855766.366,0,False,True
C,A,20220101,2022,52,2022,704,VNM,Viet Nam,X,Export,0,W00,World,0,W00,World,H6,HS,True,16,"Meat, fish, crustaceans, molluscs or other aquatic invertebrates, or insects; preparations thereof",2,False,C00,TOTAL CPC,0,0,TOTAL MOT,-1,N/A,0.0,False,-1,N/A,0.0,False,,False,0.0,False,,2818182916.154,2818182916.154,0,False,True
C,A,20220101,2022,52,2022,704,VNM,Viet Nam,X,Export,0,W00,World,0,W00,World,H6,HS,True,62,Apparel and clothing accessories; not knitted or crocheted,2,False,C00,TOTAL CPC,0,0,TOTAL MOT,-1,N/A,0.0,False,-1,N/A,0.0,False,,False,0.0,False,,16693637657.745,16693637657.745,0,False,True
C,A,20220101,2022,52,2022,704,VNM,Viet Nam,X,Export,0,W00,World,0,W00,World,H6,HS,True,45,Cork and articles of cork,2,False,C00,TOTAL CPC,0,0,TOTAL MOT,-1,N/A,0.0,False,-1,N/A,0.0,False,,False,0.0,False,,1441382.838,1441382.838,0,False,True
C,A,20220101,2022,52,2022,704,VNM,Viet Nam,X,Export,0,W00,World,0,W00,World,H6,HS,True,02,Meat and edible meat offal,2,False,C00,TOTAL CPC,0,0,TOTAL MOT,-1,N/A,0.0,False,-1,N/A,0.0,False,,False,0.0,False,,83662419.009,83662419.009,0,False,True
C,A,20220101,2022,52,2022,704,VNM,Viet Nam,X,Export,0,W00,World,0,W00,World,H6,HS,True,89,"Ships, boats and floating structures",2,False,C00,TOTAL CPC,0,0,TOTAL MOT,-1,N/A,0.0,False,-1,N/A,0.0,False,,False,0.0,False,,748932136.473,748932136.473,0,False,True
C,A,20220101,2022,52,2022,704,VNM,Viet Nam,X,Export,0,W00,World,0,W00,World,H6,HS,True,32,"Tanning or dyeing extracts; tannins and their derivatives; dyes, pigments and other colouring matter; paints, varnishes; putty, other mastics; inks",2,False,C00,TOTAL CPC,0,0,TOTAL MOT,-1,N/A,0.0,False,-1,N/A,0.0,False,,False,0.0,False,,237149604.289,237149604.289,0,False,True
C,A,20220101,2022,52,2022,704,VNM,Viet Nam,X,Export,0,W00,World,0,W00,World,H6,HS,True,13,"Lac; gums, resins and other vegetable saps and extracts",2,False,C00,TOTAL CPC,0,0,TOTAL MOT,-1,N/A,0.0,False,-1,N/A,0.0,False,,False,0.0,False,,81935951.221,81935951.221,0,False,True
C,A,20220101,2022,52,2022,704,VNM,Viet Nam,X,Export,0,W00,World,0,W00,World,H6,HS,True,12,"Oil seeds and oleaginous fruits; miscellaneous grains, seeds and fruit, industrial or medicinal plants; straw and fodder",2,False,C00,TOTAL CPC,0,0,TOTAL MOT,-1,N/A,0.0,False,-1,N/A,0.0,False,,False,0.0,False,,214277393.736,214277393.736,0,False,True
C,A,20220101,2022,52,2022,704,VNM,Viet Nam,X,Export,0,W00,World,0,W00,World,H6,HS,True,33,"Essential oils and resinoids; perfumery, cosmetic or toilet preparations",2,False,C00,TOTAL CPC,0,0,TOTAL MOT,-1,N/A,0.0,False,-1,N/A,0.0,False,,False,0.0,False,,305985368.459,305985368.459,0,False,True
C,A,20220101,2022,52,2022,704,VNM,Viet Nam,X,Export,0,W00,World,0,W00,World,H6,HS,True,67,"Feathers and down, prepared; and articles made of feather or of down; artificial flowers; articles of human hair",2,False,C00,TOTAL CPC,0,0,TOTAL MOT,-1,N/A,0.0,False,-1,N/A,0.0,False,,False,0.0,False,,81998888.418,81998888.418,0,False,True
C,A,20220101,2022,52,2022,704,VNM,Viet Nam,X,Export,0,W00,World,0,W00,World,H6,HS,True,01,Animals; live,2,False,C00,TOTAL CPC,0,0,TOTAL MOT,-1,N/A,0.0,False,-1,N/A,0.0,False,,False,0.0,False,,16941995.665,16941995.665,0,False,True
C,A,20220101,2022,52,2022,704,VNM,Viet Nam,X,Export,0,W00,World,0,W00,World,H6,HS,True,93,Arms and ammunition; parts and accessories thereof,2,False,C00,TOTAL CPC,0,0,TOTAL MOT,-1,N/A,0.0,False,-1,N/A,0.0,False,,False,0.0,False,,2556.0,2556.0,0,False,True
C,A,20220101,2022,52,2022,704,VNM,Viet Nam,X,Export,0,W00,World,0,W00,World,H6,HS,True,44,Wood and articles of wood; wood charcoal,2,False,C00,TOTAL CPC,0,0,TOTAL MOT,-1,N/A,0.0,False,-1,N/A,0.0,False,,False,0.0,False,,5848971160.852,5848971160.852,0,False,True
C,A,20220101,2022,52,2022,704,VNM,Viet Nam,X,Export,0,W00,World,0,W00,World,H6,HS,True,82,"Tools, implements, cutlery, spoons and forks, of base metal; parts thereof, of base metal",2,False,C00,TOTAL CPC,0,0,TOTAL MOT,-1,N/A,0.0,False,-1,N/A,0.0,False,,False,0.0,False,,1038705635.83,1038705635.83,0,False,True
C,A,20220101,2022,52,2022,704,VNM,Viet Nam,X,Export,0,W00,World,0,W00,World,H6,HS,True,75,Nickel and articles thereof,2,False,C00,TOTAL CPC,0,0,TOTAL MOT,-1,N/A,0.0,False,-1,N/A,0.0,False,,False,0.0,False,,42884885.618,42884885.618,0,False,True
C,A,20220101,2022,52,2022,704,VNM,Viet Nam,X,Export,0,W00,World,0,W00,World,H6,HS,True,83,Metal; miscellaneous products of base metal,2,False,C00,TOTAL CPC,0,0,TOTAL MOT,-1,N/A,0.0,False,-1,N/A,0.0,False,,False,0.0,False,,1018356032.169,1018356032.169,0,False,True
C,A,20220101,2022,52,2022,704,VNM,Viet Nam,X,Export,0,W00,World,0,W00,World,H6,HS,True,43,Furskins and artificial fur; manufactures thereof,2,False,C00,TOTAL CPC,0,0,TOTAL MOT,-1,N/A,0.0,False,-1,N/A,0.0,False,,False,0.0,False,,4446238.768,4446238.768,0,False,True
C,A,20220101,2022,52,2022,704,VNM,Viet Nam,X,Export,0,W00,World,0,W00,World,H6,HS,True,94,"Furniture; bedding, mattresses, mattress supports, cushions and similar stuffed furnishings; lamps and lighting fittings, n.e.c.; illuminated signs, illuminated name-plates and the like; prefabricated buildings",2,False,C00,TOTAL CPC,0,0,TOTAL MOT,-1,N/A,0.0,False,-1,N/A,0.0,False,,False,0.0,False,,13901442479.257,13901442479.257,0,False,True
C,A,20220101,2022,52,2022,704,VNM,Viet Nam,X,Export,0,W00,World,0,W00,World,H6,HS,True,58,"Fabrics; special woven fabrics, tufted textile fabrics, lace, tapestries, trimmings, embroidery",2,False,C00,TOTAL CPC,0,0,TOTAL MOT,-1,N/A,0.0,False,-1,N/A,0.0,False,,False,0.0,False,,189450475.652,189450475.652,0,False,True
C,A,20220101,2022,52,2022,704,VNM,Viet Nam,X,Export,0,W00,World,0,W00,World,H6,HS,True,74,Copper and articles thereof,2,False,C00,TOTAL CPC,0,0,TOTAL MOT,-1,N/A,0.0,False,-1,N/A,0.0,False,,False,0.0,False,,1991829222.919,1991829222.919,0,False,True
C,A,20220101,2022,52,2022,704,VNM,Viet Nam,X,Export,0,W00,World,0,W00,World,H6,HS,True,40,Rubber and articles thereof,2,False,C00,TOTAL CPC,0,0,TOTAL MOT,-1,N/A,0.0,False,-1,N/A,0.0,False,,False,0.0,False,,6513593208.835,6513593208.835,0,False,True
C,A,20220101,2022,52,2022,704,VNM,Viet Nam,X,Export,0,W00,World,0,W00,World,H6,HS,True,03,"Fish and crustaceans, molluscs and other aquatic invertebrates",2,False,C00,TOTAL CPC,0,0,TOTAL MOT,-1,N/A,0.0,False,-1,N/A,0.0,False,,False,0.0,False,,7979123881.104,7979123881.104,0,False,True
C,A,20220101,2022,52,2022,704,VNM,Viet Nam,X,Export,0,W00,World,0,W00,World,H6,HS,True,29,Organic chemicals,2,False,C00,TOTAL CPC,0,0,TOTAL MOT,-1,N/A,0.0,False,-1,N/A,0.0,False,,False,0.0,False,,865771530.5,865771530.5,0,False,True
C,A,20220101,2022,52,2022,704,VNM,Viet Nam,X,Export,0,W00,World,0,W00,World,H6,HS,True,69,Ceramic products,2,False,C00,TOTAL CPC,0,0,TOTAL MOT,-1,N/A,0.0,False,-1,N/A,0.0,False,,False,0.0,False,,703795167.853,703795167.853,0,False,True
C,A,20220101,2022,52,2022,704,VNM,Viet Nam,X,Export,0,W00,World,0,W00,World,H6,HS,True,73,Iron or steel articles,2,False,C00,TOTAL CPC,0,0,TOTAL MOT,-1,N/A,0.0,False,-1,N/A,0.0,False,,False,0.0,False,,4637931268.397,4637931268.397,0,False,True
C,A,20220101,2022,52,2022,704,VNM,Viet Nam,X,Export,0,W00,World,0,W00,World,H6,HS,True,92,Musical instruments; parts and accessories of such articles,2,False,C00,TOTAL CPC,0,0,TOTAL MOT,-1,N/A,0.0,False,-1,N/A,0.0,False,,False,0.0,False,,26706649.467,26706649.467,0,False,True
C,A,20220101,2022,52,2022,704,VNM,Viet Nam,X,Export,0,W00,World,0,W00,World,H6,HS,True,66,"Umbrellas, sun umbrellas, walking-sticks, seat sticks, whips, riding crops; and parts thereof",2,False,C00,TOTAL CPC,0,0,TOTAL MOT,-1,N/A,0.0,False,-1,N/A,0.0,False,,False,0.0,False,,20004949.452,20004949.452,0,False,True
C,A,20220101,2022,52,2022,704,VNM,Viet Nam,X,Export,0,W00,World,0,W00,World,H6,HS,True,88,"Aircraft, spacecraft, and parts thereof",2,False,C00,TOTAL CPC,0,0,TOTAL MOT,-1,N/A,0.0,False,-1,N/A,0.0,False,,False,0.0,False,,535642568.091,535642568.091,0,False,True
C,A,20220101,2022,52,2022,704,VNM,Viet Nam,X,Export,0,W00,World,0,W00,World,H6,HS,True,41,Raw hides and skins (other than furskins) and leather,2,False,C00,TOTAL CPC,0,0,TOTAL MOT,-1,N/A,0.0,False,-1,N/A,0.0,False,,False,0.0,False,,420463973.34,420463973.34,0,False,True
C,A,20220101,2022,52,2022,704,VNM,Viet Nam,X,Export,0,W00,World,0,W00,World,H6,HS,True,71,"Natural, cultured pearls; precious, semi-precious stones; precious metals, metals clad with precious metal, and articles thereof; imitation jewellery; coin",2,False,C00,TOTAL CPC,0,0,TOTAL MOT,-1,N/A,0.0,False,-1,N/A,0.0,False,,False,0.0,False,,1187582698.766,1187582698.766,0,False,True
C,A,20220101,2022,52,2022,704,VNM,Viet Nam,X,Export,0,W00,World,0,W00,World,H6,HS,True,27,"Mineral fuels, mineral oils and products of their distillation; bituminous substances; mineral waxes",2,False,C00,TOTAL CPC,0,0,TOTAL MOT,-1,N/A,0.0,False,-1,N/A,0.0,False,,False,0.0,False,,4330294484.756,4330294484.756,0,False,True
C,A,20220101,2022,52,2022,704,VNM,Viet Nam,X,Export,0,W00,World,0,W00,World,H6,HS,True,81,"Metals; n.e.c., cermets and articles thereof",2,False,C00,TOTAL CPC,0,0,TOTAL MOT,-1,N/A,0.0,False,-1,N/A,0.0,False,,False,0.0,False,,70682986.713,70682986.713,0,False,True
C,A,20220101,2022,52,2022,704,VNM,Viet Nam,X,Export,0,W00,World,0,W00,World,H6,HS,True,90,"Optical, photographic, cinematographic, measuring, checking, medical or surgical instruments and apparatus; parts and accessories",2,False,C00,TOTAL CPC,0,0,TOTAL MOT,-1,N/A,0.0,False,-1,N/A,0.0,False,,False,0.0,False,,4085910860.593,4085910860.593,0,False,True
C,A,20220101,2022,52,2022,704,VNM,Viet Nam,X,Export,0,W00,World,0,W00,World,H6,HS,True,14,Vegetable plaiting materials; vegetable products not elsewhere specified or included,2,False,C00,TOTAL CPC,0,0,TOTAL MOT,-1,N/A,0.0,False,-1,N/A,0.0,False,,False,0.0,False,,40430264.345,40430264.345,0,False,True
C,A,20220101,2022,52,2022,704,VNM,Viet Nam,X,Export,0,W00,World,0,W00,World,H6,HS,True,91,Clocks and watches and parts thereof,2,False,C00,TOTAL CPC,0,0,TOTAL MOT,-1,N/A,0.0,False,-1,N/A,0.0,False,,False,0.0,False,,41590247.755,41590247.755,0,False,True
C,A,20220101,2022,52,2022,704,VNM,Viet Nam,X,Export,0,W00,World,0,W00,World,H6,HS,True,53,Vegetable textile fibres; paper yarn and woven fabrics of paper yarn,2,False,C00,TOTAL CPC,0,0,TOTAL MOT,-1,N/A,0.0,False,-1,N/A,0.0,False,,False,0.0,False,,28877022.929,28877022.929,0,False,True
C,A,20220101,2022,52,2022,704,VNM,Viet Nam,X,Export,0,W00,World,0,W00,World,H6,HS,True,96,Miscellaneous manufactured articles,2,False,C00,TOTAL CPC,0,0,TOTAL MOT,-1,N/A,0.0,False,-1,N/A,0.0,False,,False,0.0,False,,657855839.186,657855839.186,0,False,True
C,A,20220101,2022,52,2022,704,VNM,Viet Nam,X,Export,0,W00,World,0,W00,World,H6,HS,True,49,"Printed books, newspapers, pictures and other products of the printing industry; manuscripts, typescripts and plans",2,False,C00,TOTAL CPC,0,0,TOTAL MOT,-1,N/A,0.0,False,-1,N/A,0.0,False,,False,0.0,False,,125547932.922,125547932.922,0,False,True
C,A,20220101,2022,52,2022,704,VNM,Viet Nam,X,Export,0,W00,World,0,W00,World,H6,HS,True,87,"Vehicles; other than railway or tramway rolling stock, and parts and accessories thereof",2,False,C00,TOTAL CPC,0,0,TOTAL MOT,-1,N/A,0.0,False,-1,N/A,0.0,False,,False,0.0,False,,4974462765.229,4974462765.229,0,False,True
C,A,20220101,2022,52,2022,704,VNM,Viet Nam,X,Export,0,W00,World,0,W00,World,H6,HS,True,95,"Toys, games and sports requisites; parts and accessories thereof",2,False,C00,TOTAL CPC,0,0,TOTAL MOT,-1,N/A,0.0,False,-1,N/A,0.0,False,,False,0.0,False,,4202294212.915,4202294212.915,0,False,True
C,A,20220101,2022,52,2022,704,VNM,Viet Nam,X,Export,0,W00,World,0,W00,World,H6,HS,True,05,Animal originated products; not elsewhere specified or included,2,False,C00,TOTAL CPC,0,0,TOTAL MOT,-1,N/A,0.0,False,-1,N/A,0.0,False,,False,0.0,False,,117620081.126,117620081.126,0,False,True
C,A,20220101,2022,52,2022,704,VNM,Viet Nam,X,Export,0,W00,World,0,W00,World,H6,HS,True,22,"Beverages, spirits and vinegar",2,False,C00,TOTAL CPC,0,0,TOTAL MOT,-1,N/A,0.0,False,-1,N/A,0.0,False,,False,0.0,False,,349512098.724,349512098.724,0,False,True
C,A,20220101,2022,52,2022,704,VNM,Viet Nam,X,Export,0,W00,World,0,W00,World,H6,HS,True,84,"Machinery and mechanical appliances, boilers, nuclear reactors; parts thereof",2,False,C00,TOTAL CPC,0,0,TOTAL MOT,-1,N/A,0.0,False,-1,N/A,0.0,False,,False,0.0,False,,29505373275.469,29505373275.469,0,False,True
C,A,20220101,2022,52,2022,704,VNM,Viet Nam,X,Export,0,W00,World,0,W00,World,H6,HS,True,70,Glass and glassware,2,False,C00,TOTAL CPC,0,0,TOTAL MOT,-1,N/A,0.0,False,-1,N/A,0.0,False,,False,0.0,False,,914647232.669,914647232.669,0,False,True
C,A,20220101,2022,52,2022,704,VNM,Viet Nam,X,Export,0,W00,World,0,W00,World,H6,HS,True,38,Chemical products n.e.c.,2,False,C00,TOTAL CPC,0,0,TOTAL MOT,-1,N/A,0.0,False,-1,N/A,0.0,False,,False,0.0,False,,1663882124.458,1663882124.458,0,False,True
C,A,20220101,2022,52,2022,704,VNM,Viet Nam,X,Export,0,W00,World,0,W00,World,H6,HS,True,39,Plastics and articles thereof,2,False,C00,TOTAL CPC,0,0,TOTAL MOT,-1,N/A,0.0,False,-1,N/A,0.0,False,,False,0.0,False,,7943015150.203,7943015150.203,0,False,True
C,A,20220101,2022,52,2022,704,VNM,Viet Nam,X,Export,0,W00,World,0,W00,World,H6,HS,True,28,"Inorganic chemicals; organic and inorganic compounds of precious metals; of rare earth metals, of radio-active elements and of isotopes",2,False,C00,TOTAL CPC,0,0,TOTAL MOT,-1,N/A,0.0,False,-1,N/A,0.0,False,,False,0.0,False,,1956745052.719,1956745052.719,0,False,True
C,A,20220101,2022,52,2022,704,VNM,Viet Nam,X,Export,0,W00,World,0,W00,World,H6,HS,True,30,Pharmaceutical products,2,False,C00,TOTAL CPC,0,0,TOTAL MOT,-1,N/A,0.0,False,-1,N/A,0.0,False,,False,0.0,False,,261295670.634,261295670.634,0,False,True
C,A,20220101,2022,52,2022,704,VNM,Viet Nam,X,Export,0,W00,World,0,W00,World,H6,HS,True,68,"Stone, plaster, cement, asbestos, mica or similar materials; articles thereof",2,False,C00,TOTAL CPC,0,0,TOTAL MOT,-1,N/A,0.0,False,-1,N/A,0.0,False,,False,0.0,False,,754169794.851,754169794.851,0,False,True
C,A,20220101,2022,52,2022,704,VNM,Viet Nam,X,Export,0,W00,World,0,W00,World,H6,HS,True,37,Photographic or cinematographic goods,2,False,C00,TOTAL CPC,0,0,TOTAL MOT,-1,N/A,0.0,False,-1,N/A,0.0,False,,False,0.0,False,,620659.856,620659.856,0,False,True
C,A,20220101,2022,52,2022,704,VNM,Viet Nam,X,Export,0,W00,World,0,W00,World,H6,HS,True,80,Tin; articles thereof,2,False,C00,TOTAL CPC,0,0,TOTAL MOT,-1,N/A,0.0,False,-1,N/A,0.0,False,,False,0.0,False,,10935145.613,10935145.613,0,False,True
C,A,20220101,2022,52,2022,704,VNM,Viet Nam,X,Export,0,W00,World,0,W00,World,H6,HS,True,97,Works of art; collectors' pieces and antiques,2,False,C00,TOTAL CPC,0,0,TOTAL MOT,-1,N/A,0.0,False,-1,N/A,0.0,False,,False,0.0,False,,1223199.556,1223199.556,0,False,True
C,A,20220101,2022,52,2022,704,VNM,Viet Nam,X,Export,0,W00,World,0,W00,World,H6,HS,True,25,"Salt; sulphur; earths, stone; plastering materials, lime and cement",2,False,C00,TOTAL CPC,0,0,TOTAL MOT,-1,N/A,0.0,False,-1,N/A,0.0,False,,False,0.0,False,,1674015415.371,1674015415.371,0,False,True
C,A,20220101,2022,52,2022,704,VNM,Viet Nam,X,Export,0,W00,World,0,W00,World,H6,HS,True,85,"Electrical machinery and equipment and parts thereof; sound recorders and reproducers; television image and sound recorders and reproducers, parts and accessories of such articles",2,False,C00,TOTAL CPC,0,0,TOTAL MOT,-1,N/A,0.0,False,-1,N/A,0.0,False,,False,0.0,False,,140341805989.326,140341805989.326,0,False,True
C,A,20220101,2022,52,2022,704,VNM,Viet Nam,X,Export,0,W00,World,0,W00,World,H6,HS,True,86,"Railway, tramway locomotives, rolling-stock and parts thereof; railway or tramway track fixtures and fittings and parts thereof; mechanical (including electro-mechanical) traffic signalling equipment of all kinds",2,False,C00,TOTAL CPC,0,0,TOTAL MOT,-1,N/A,0.0,False,-1,N/A,0.0,False,,False,0.0,False,,19545295.727,19545295.727,0,False,True
C,A,20220101,2022,52,2022,704,VNM,Viet Nam,X,Export,0,W00,World,0,W00,World,H6,HS,True,78,Lead and articles thereof,2,False,C00,TOTAL CPC,0,0,TOTAL MOT,-1,N/A,0.0,False,-1,N/A,0.0,False,,False,0.0,False,,42829627.495,42829627.495,0,False,True
C,A,20220101,2022,52,2022,704,VNM,Viet Nam,X,Export,0,W00,World,0,W00,World,H6,HS,True,15,"Animal, vegetable or microbial fats and oils and their cleavage products; prepared edible fats; animal or vegetable waxes",2,False,C00,TOTAL CPC,0,0,TOTAL MOT,-1,N/A,0.0,False,-1,N/A,0.0,False,,False,0.0,False,,708396845.961,708396845.961,0,False,True
C,A,20220101,2022,52,2022,704,VNM,Viet Nam,X,Export,0,W00,World,0,W00,World,H6,HS,True,57,Carpets and other textile floor coverings,2,False,C00,TOTAL CPC,0,0,TOTAL MOT,-1,N/A,0.0,False,-1,N/A,0.0,False,,False,0.0,False,,414018695.762,414018695.762,0,False,True
C,A,20220101,2022,52,2022,699,IND,India,X,Export,0,W00,World,0,W00,World,H6,HS,True,59,"Textile fabrics; impregnated, coated, covered or laminated; textile articles of a kind suitable for industrial use",2,False,C00,TOTAL CPC,0,0,TOTAL MOT,-1,N/A,0.0,False,-1,N/A,0.0,False,0.0,True,0.0,False,,394352143.444,394352143.444,4,False,True
C,A,20220101,2022,52,2022,699,IND,India,X,Export,0,W00,World,0,W00,World,H6,HS,True,86,"Railway, tramway locomotives, rolling-stock and parts thereof; railway or tramway track fixtures and fittings and parts thereof; mechanical (including electro-mechanical) traffic signalling equipment of all kinds",2,False,C00,TOTAL CPC,0,0,TOTAL MOT,-1,N/A,0.0,False,-1,N/A,0.0,False,,False,0.0,False,,398514108.814,398514108.814,0,False,True
C,A,20220101,2022,52,2022,699,IND,India,X,Export,0,W00,World,0,W00,World,H6,HS,True,74,Copper and articles thereof,2,False,C00,TOTAL CPC,0,0,TOTAL MOT,-1,N/A,0.0,False,-1,N/A,0.0,False,0.0,True,0.0,False,,1622323425.453,1622323425.453,4,False,True
C,A,20220101,2022,52,2022,699,IND,India,X,Export,0,W00,World,0,W00,World,H6,HS,True,57,Carpets and other textile floor coverings,2,False,C00,TOTAL CPC,0,0,TOTAL MOT,-1,N/A,0.0,False,-1,N/A,0.0,False,,False,0.0,False,,1945728385.421,1945728385.421,0,False,True
C,A,20220101,2022,52,2022,699,IND,India,X,Export,0,W00,World,0,W00,World,H6,HS,True,16,"Meat, fish, crustaceans, molluscs or other aquatic invertebrates, or insects; preparations thereof",2,False,C00,TOTAL CPC,0,0,TOTAL MOT,-1,N/A,0.0,False,-1,N/A,0.0,False,0.0,True,0.0,False,,860448091.661,860448091.661,4,False,True
C,A,20220101,2022,52,2022,699,IND,India,X,Export,0,W00,World,0,W00,World,H6,HS,True,02,Meat and edible meat offal,2,False,C00,TOTAL CPC,0,0,TOTAL MOT,-1,N/A,0.0,False,-1,N/A,0.0,False,0.0,True,0.0,False,,3251884746.486,3251884746.486,4,False,True
C,A,20220101,2022,52,2022,699,IND,India,X,Export,0,W00,World,0,W00,World,H6,HS,True,42,"Articles of leather; saddlery and harness; travel goods, handbags and similar containers; articles of animal gut (other than silk-worm gut)",2,False,C00,TOTAL CPC,0,0,TOTAL MOT,-1,N/A,0.0,False,-1,N/A,0.0,False,,False,0.0,False,,2735834157.774,2735834157.774,0,False,True
C,A,20220101,2022,52,2022,699,IND,India,X,Export,0,W00,World,0,W00,World,H6,HS,True,22,"Beverages, spirits and vinegar",2,False,C00,TOTAL CPC,0,0,TOTAL MOT,-1,N/A,0.0,False,-1,N/A,0.0,False,0.0,True,0.0,False,,374350534.453,374350534.453,4,False,True
C,A,20220101,2022,52,2022,699,IND,India,X,Export,0,W00,World,0,W00,World,H6,HS,True,39,Plastics and articles thereof,2,False,C00,TOTAL CPC,0,0,TOTAL MOT,-1,N/A,0.0,False,-1,N/A,0.0,False,0.0,True,0.0,False,,8235825280.102,8235825280.102,4,False,True
C,A,20220101,2022,52,2022,699,IND,India,X,Export,0,W00,World,0,W00,World,H6,HS,True,80,Tin; articles thereof,2,False,C00,TOTAL CPC,0,0,TOTAL MOT,-1,N/A,0.0,False,-1,N/A,0.0,False,0.0,True,0.0,False,,14332579.487,14332579.487,4,False,True
C,A,20220101,2022,52,2022,699,IND,India,X,Export,0,W00,World,0,W00,World,H6,HS,True,54,Man-made filaments; strip and the like of man-made textile materials,2,False,C00,TOTAL CPC,0,0,TOTAL MOT,-1,N/A,0.0,False,-1,N/A,0.0,False,0.0,True,0.0,False,,2060833170.054,2060833170.054,4,False,True
C,A,20220101,2022,52,2022,699,IND,India,X,Export,0,W00,World,0,W00,World,H6,HS,True,17,Sugars and sugar confectionery,2,False,C00,TOTAL CPC,0,0,TOTAL MOT,-1,N/A,0.0,False,-1,N/A,0.0,False,0.0,True,0.0,False,,6327112946.811,6327112946.811,4,False,True
C,A,20220101,2022,52,2022,699,IND,India,X,Export,0,W00,World,0,W00,World,H6,HS,True,08,"Fruit and nuts, edible; peel of citrus fruit or melons",2,False,C00,TOTAL CPC,0,0,TOTAL MOT,-1,N/A,0.0,False,-1,N/A,0.0,False,0.0,True,0.0,False,,1448372499.319,1448372499.319,4,False,True
C,A,20220101,2022,52,2022,699,IND,India,X,Export,0,W00,World,0,W00,World,H6,HS,True,26,"Ores, slag and ash",2,False,C00,TOTAL CPC,0,0,TOTAL MOT,-1,N/A,0.0,False,-1,N/A,0.0,False,0.0,True,0.0,False,,1944597526.456,1944597526.456,4,False,True
C,A,20220101,2022,52,2022,699,IND,India,X,Export,0,W00,World,0,W00,World,H6,HS,True,65,Headgear and parts thereof,2,False,C00,TOTAL CPC,0,0,TOTAL MOT,-1,N/A,0.0,False,-1,N/A,0.0,False,0.0,True,0.0,False,,97097760.739,97097760.739,4,False,True
C,A,20220101,2022,52,2022,699,IND,India,X,Export,0,W00,World,0,W00,World,H6,HS,True,52,Cotton,2,False,C00,TOTAL CPC,0,0,TOTAL MOT,-1,N/A,0.0,False,-1,N/A,0.0,False,0.0,True,0.0,False,,6942547287.323,6942547287.323,4,False,True
C,A,20220101,2022,52,2022,699,IND,India,X,Export,0,W00,World,0,W00,World,H6,HS,True,87,"Vehicles; other than railway or tramway rolling stock, and parts and accessories thereof",2,False,C00,TOTAL CPC,0,0,TOTAL MOT,-1,N/A,0.0,False,-1,N/A,0.0,False,0.0,True,0.0,False,,21256873198.915,21256873198.915,4,False,True
C,A,20220101,2022,52,2022,699,IND,India,X,Export,0,W00,World,0,W00,World,H6,HS,True,03,"Fish and crustaceans, molluscs and other aquatic invertebrates",2,False,C00,TOTAL CPC,0,0,TOTAL MOT,-1,N/A,0.0,False,-1,N/A,0.0,False,0.0,True,0.0,False,,6771667016.762,6771667016.762,4,False,True
C,A,20220101,2022,52,2022,699,IND,India,X,Export,0,W00,World,0,W00,World,H6,HS,True,28,"Inorganic chemicals; organic and inorganic compounds of precious metals; of rare earth metals, of radio-active elements and of isotopes",2,False,C00,TOTAL CPC,0,0,TOTAL MOT,-1,N/A,0.0,False,-1,N/A,0.0,False,0.0,True,0.0,False,,3179967296.964,3179967296.964,4,False,True
C,A,20220101,2022,52,2022,699,IND,India,X,Export,0,W00,World,0,W00,World,H6,HS,True,25,"Salt; sulphur; earths, stone; plastering materials, lime and cement",2,False,C00,TOTAL CPC,0,0,TOTAL MOT,-1,N/A,0.0,False,-1,N/A,0.0,False,0.0,True,0.0,False,,2413260338.562,2413260338.562,4,False,True
C,A,20220101,2022,52,2022,699,IND,India,X,Export,0,W00,World,0,W00,World,H6,HS,True,63,"Textiles, made up articles; sets; worn clothing and worn textile articles; rags",2,False,C00,TOTAL CPC,0,0,TOTAL MOT,-1,N/A,0.0,False,-1,N/A,0.0,False,0.0,True,0.0,False,,6020982045.802,6020982045.802,4,False,True
C,A,20220101,2022,52,2022,699,IND,India,X,Export,0,W00,World,0,W00,World,H6,HS,True,32,"Tanning or dyeing extracts; tannins and their derivatives; dyes, pigments and other colouring matter; paints, varnishes; putty, other mastics; inks",2,False,C00,TOTAL CPC,0,0,TOTAL MOT,-1,N/A,0.0,False,-1,N/A,0.0,False,0.0,True,0.0,False,,3607863333.614,3607863333.614,4,False,True
C,A,20220101,2022,52,2022,699,IND,India,X,Export,0,W00,World,0,W00,World,H6,HS,True,67,"Feathers and down, prepared; and articles made of feather or of down; artificial flowers; articles of human hair",2,False,C00,TOTAL CPC,0,0,TOTAL MOT,-1,N/A,0.0,False,-1,N/A,0.0,False,0.0,True,0.0,False,,487747174.29,487747174.29,4,False,True
C,A,20220101,2022,52,2022,699,IND,India,X,Export,0,W00,World,0,W00,World,H6,HS,True,85,"Electrical machinery and equipment and parts thereof; sound recorders and reproducers; television image and sound recorders and reproducers, parts and accessories of such articles",2,False,C00,TOTAL CPC,0,0,TOTAL MOT,-1,N/A,0.0,False,-1,N/A,0.0,False,,False,0.0,False,,26573154178.006,26573154178.006,0,False,True
C,A,20220101,2022,52,2022,699,IND,India,X,Export,0,W00,World,0,W00,World,H6,HS,True,27,"Mineral fuels, mineral oils and products of their distillation; bituminous substances; mineral waxes",2,False,C00,TOTAL CPC,0,0,TOTAL MOT,-1,N/A,0.0,False,-1,N/A,0.0,False,0.0,True,0.0,False,,98472280095.222,98472280095.222,4,False,True
C,A,20220101,2022,52,2022,699,IND,India,X,Export,0,W00,World,0,W00,World,H6,HS,True,47,Pulp of wood or other fibrous cellulosic material; recovered (waste and scrap) paper or paperboard,2,False,C00,TOTAL CPC,0,0,TOTAL MOT,-1,N/A,0.0,False,-1,N/A,0.0,False,0.0,True,0.0,False,,2045484.277,2045484.277,4,False,True
C,A,20220101,2022,52,2022,699,IND,India,X,Export,0,W00,World,0,W00,World,H6,HS,True,07,Vegetables and certain roots and tubers; edible,2,False,C00,TOTAL CPC,0,0,TOTAL MOT,-1,N/A,0.0,False,-1,N/A,0.0,False,0.0,True,0.0,False,,1726217994.096,1726217994.096,4,False,True
C,A,20220101,2022,52,2022,699,IND,India,X,Export,0,W00,World,0,W00,World,H6,HS,True,81,"Metals; n.e.c., cermets and articles thereof",2,False,C00,TOTAL CPC,0,0,TOTAL MOT,-1,N/A,0.0,False,-1,N/A,0.0,False,,False,0.0,False,,131412915.326,131412915.326,0,False,True
C,A,20220101,2022,52,2022,699,IND,India,X,Export,0,W00,World,0,W00,World,H6,HS,True,11,"Products of the milling industry; malt, starches, inulin, wheat gluten",2,False,C00,TOTAL CPC,0,0,TOTAL MOT,-1,N/A,0.0,False,-1,N/A,0.0,False,0.0,True,0.0,False,,826440416.739,826440416.739,4,False,True
C,A,20220101,2022,52,2022,699,IND,India,X,Export,0,W00,World,0,W00,World,H6,HS,True,64,Footwear; gaiters and the like; parts of such articles,2,False,C00,TOTAL CPC,0,0,TOTAL MOT,-1,N/A,0.0,False,-1,N/A,0.0,False,0.0,True,0.0,False,,3021671811.933,3021671811.933,4,False,True
C,A,20220101,2022,52,2022,699,IND,India,X,Export,0,W00,World,0,W00,World,H6,HS,True,44,Wood and articles of wood; wood charcoal,2,False,C00,TOTAL CPC,0,0,TOTAL MOT,-1,N/A,0.0,False,-1,N/A,0.0,False,0.0,True,0.0,False,,679265819.699,679265819.699,4,False,True
C,A,20220101,2022,52,2022,699,IND,India,X,Export,0,W00,World,0,W00,World,H6,HS,True,31,Fertilizers,2,False,C00,TOTAL CPC,0,0,TOTAL MOT,-1,N/A,0.0,False,-1,N/A,0.0,False,0.0,True,0.0,False,,117346549.897,117346549.897,4,False,True
C,A,20220101,2022,52,2022,699,IND,India,X,Export,0,W00,World,0,W00,World,H6,HS,True,34,"Soap, organic surface-active agents; washing, lubricating, polishing or scouring preparations; artificial or prepared waxes, candles and similar articles, modelling pastes, dental waxes and dental preparations with a basis of plaster",2,False,C00,TOTAL CPC,0,0,TOTAL MOT,-1,N/A,0.0,False,-1,N/A,0.0,False,0.0,True,0.0,False,,924833203.275,924833203.275,4,False,True
C,A,20220101,2022,52,2022,699,IND,India,X,Export,0,W00,World,0,W00,World,H6,HS,True,37,Photographic or cinematographic goods,2,False,C00,TOTAL CPC,0,0,TOTAL MOT,-1,N/A,0.0,False,-1,N/A,0.0,False,,False,0.0,False,,11450926.703,11450926.703,0,False,True
C,A,20220101,2022,52,2022,699,IND,India,X,Export,0,W00,World,0,W00,World,H6,HS,True,78,Lead and articles thereof,2,False,C00,TOTAL CPC,0,0,TOTAL MOT,-1,N/A,0.0,False,-1,N/A,0.0,False,0.0,True,0.0,False,,470844221.827,470844221.827,4,False,True
C,A,20220101,2022,52,2022,699,IND,India,X,Export,0,W00,World,0,W00,World,H6,HS,True,95,"Toys, games and sports requisites; parts and accessories thereof",2,False,C00,TOTAL CPC,0,0,TOTAL MOT,-1,N/A,0.0,False,-1,N/A,0.0,False,0.0,True,0.0,False,,553840927.671,553840927.671,4,False,True
C,A,20220101,2022,52,2022,699,IND,India,X,Export,0,W00,World,0,W00,World,H6,HS,True,14,Vegetable plaiting materials; vegetable products not elsewhere specified or included,2,False,C00,TOTAL CPC,0,0,TOTAL MOT,-1,N/A,0.0,False,-1,N/A,0.0,False,0.0,True,0.0,False,,42054026.948,42054026.948,4,False,True
C,A,20220101,2022,52,2022,699,IND,India,X,Export,0,W00,World,0,W00,World,H6,HS,True,04,"Dairy produce; birds' eggs; natural honey; edible products of animal origin, not elsewhere specified or included",2,False,C00,TOTAL CPC,0,0,TOTAL MOT,-1,N/A,0.0,False,-1,N/A,0.0,False,0.0,True,0.0,False,,711494936.424,711494936.424,4,False,True
C,A,20220101,2022,52,2022,699,IND,India,X,Export,0,W00,World,0,W00,World,H6,HS,True,21,Miscellaneous edible preparations,2,False,C00,TOTAL CPC,0,0,TOTAL MOT,-1,N/A,0.0,False,-1,N/A,0.0,False,0.0,True,0.0,False,,1231887750.034,1231887750.034,4,False,True
C,A,20220101,2022,52,2022,699,IND,India,X,Export,0,W00,World,0,W00,World,H6,HS,True,01,Animals; live,2,False,C00,TOTAL CPC,0,0,TOTAL MOT,-1,N/A,0.0,False,-1,N/A,0.0,False,,False,0.0,False,,4404771.738,4404771.738,0,False,True
C,A,20220101,2022,52,2022,699,IND,India,X,Export,0,W00,World,0,W00,World,H6,HS,True,24,"Tobacco and manufactured tobacco substitutes; products, whether or not containing nicotine, intended for inhalation without combustion; other nicotine containing products intended for the intake of nicotine into the human body",2,False,C00,TOTAL CPC,0,0,TOTAL MOT,-1,N/A,0.0,False,-1,N/A,0.0,False,0.0,True,0.0,False,,1216262004.832,1216262004.832,4,False,True
C,A,20220101,2022,52,2022,699,IND,India,X,Export,0,W00,World,0,W00,World,H6,HS,True,88,"Aircraft, spacecraft, and parts thereof",2,False,C00,TOTAL CPC,0,0,TOTAL MOT,-1,N/A,0.0,False,-1,N/A,0.0,False,,False,0.0,False,,1376616994.237,1376616994.237,0,False,True
C,A,20220101,2022,52,2022,699,IND,India,X,Export,0,W00,World,0,W00,World,H6,HS,True,46,"Manufactures of straw, esparto or other plaiting materials; basketware and wickerwork",2,False,C00,TOTAL CPC,0,0,TOTAL MOT,-1,N/A,0.0,False,-1,N/A,0.0,False,0.0,True,0.0,False,,72690304.216,72690304.216,4,False,True
C,A,20220101,2022,52,2022,699,IND,India,X,Export,0,W00,World,0,W00,World,H6,HS,True,60,Fabrics; knitted or crocheted,2,False,C00,TOTAL CPC,0,0,TOTAL MOT,-1,N/A,0.0,False,-1,N/A,0.0,False,0.0,True,0.0,False,,697109808.359,697109808.359,4,False,True
C,A,20220101,2022,52,2022,699,IND,India,X,Export,0,W00,World,0,W00,World,H6,HS,True,71,"Natural, cultured pearls; precious, semi-precious stones; precious metals, metals clad with precious metal, and articles thereof; imitation jewellery; coin",2,False,C00,TOTAL CPC,0,0,TOTAL MOT,-1,N/A,0.0,False,-1,N/A,0.0,False,0.0,True,0.0,False,,39274606100.0,39274606100.0,4,False,True
C,A,20220101,2022,52,2022,699,IND,India,X,Export,0,W00,World,0,W00,World,H6,HS,True,93,Arms and ammunition; parts and accessories thereof,2,False,C00,TOTAL CPC,0,0,TOTAL MOT,-1,N/A,0.0,False,-1,N/A,0.0,False,,False,0.0,False,,252956102.273,252956102.273,0,False,True
C,A,20220101,2022,52,2022,699,IND,India,X,Export,0,W00,World,0,W00,World,H6,HS,True,89,"Ships, boats and floating structures",2,False,C00,TOTAL CPC,0,0,TOTAL MOT,-1,N/A,0.0,False,-1,N/A,0.0,False,,False,0.0,False,,3347083580.337,3347083580.337,0,False,True
C,A,20220101,2022,52,2022,699,IND,India,X,Export,0,W00,World,0,W00,World,H6,HS,True,58,"Fabrics; special woven fabrics, tufted textile fabrics, lace, tapestries, trimmings, embroidery",2,False,C00,TOTAL CPC,0,0,TOTAL MOT,-1,N/A,0.0,False,-1,N/A,0.0,False,,False,0.0,False,,345560925.408,345560925.408,0,False,True
C,A,20220101,2022,52,2022,699,IND,India,X,Export,0,W00,World,0,W00,World,H6,HS,True,56,"Wadding, felt and nonwovens, special yarns; twine, cordage, ropes and cables and articles thereof",2,False,C00,TOTAL CPC,0,0,TOTAL MOT,-1,N/A,0.0,False,-1,N/A,0.0,False,0.0,True,0.0,False,,533446520.471,533446520.471,4,False,True
C,A,20220101,2022,52,2022,699,IND,India,X,Export,0,W00,World,0,W00,World,H6,HS,True,15,"Animal, vegetable or microbial fats and oils and their cleavage products; prepared edible fats; animal or vegetable waxes",2,False,C00,TOTAL CPC,0,0,TOTAL MOT,-1,N/A,0.0,False,-1,N/A,0.0,False,0.0,True,0.0,False,,1831715099.933,1831715099.933,4,False,True
C,A,20220101,2022,52,2022,699,IND,India,X,Export,0,W00,World,0,W00,World,H6,HS,True,61,Apparel and clothing accessories; knitted or crocheted,2,False,C00,TOTAL CPC,0,0,TOTAL MOT,-1,N/A,0.0,False,-1,N/A,0.0,False,0.0,True,0.0,False,,8203849778.837,8203849778.837,4,False,True
C,A,20220101,2022,52,2022,699,IND,India,X,Export,0,W00,World,0,W00,World,H6,HS,True,18,Cocoa and cocoa preparations,2,False,C00,TOTAL CPC,0,0,TOTAL MOT,-1,N/A,0.0,False,-1,N/A,0.0,False,0.0,True,0.0,False,,154230318.323,154230318.323,4,False,True
C,A,20220101,2022,52,2022,699,IND,India,X,Export,0,W00,World,0,W00,World,H6,HS,True,82,"Tools, implements, cutlery, spoons and forks, of base metal; parts thereof, of base metal",2,False,C00,TOTAL CPC,0,0,TOTAL MOT,-1,N/A,0.0,False,-1,N/A,0.0,False,0.0,True,0.0,False,,1132131549.251,1132131549.251,4,False,True
C,A,20220101,2022,52,2022,699,IND,India,X,Export,0,W00,World,0,W00,World,H6,HS,True,36,Explosives; pyrotechnic products; matches; pyrophoric alloys; certain combustible preparations,2,False,C00,TOTAL CPC,0,0,TOTAL MOT,-1,N/A,0.0,False,-1,N/A,0.0,False,0.0,True,0.0,False,,165321240.945,165321240.945,4,False,True
C,A,20220101,2022,52,2022,699,IND,India,X,Export,0,W00,World,0,W00,World,H6,HS,True,73,Iron or steel articles,2,False,C00,TOTAL CPC,0,0,TOTAL MOT,-1,N/A,0.0,False,-1,N/A,0.0,False,,False,0.0,False,,9898013604.994,9898013604.994,0,False,True
C,A,20220101,2022,52,2022,699,IND,India,X,Export,0,W00,World,0,W00,World,H6,HS,True,94,"Furniture; bedding, mattresses, mattress supports, cushions and similar stuffed furnishings; lamps and lighting fittings, n.e.c.; illuminated signs, illuminated name-plates and the like; prefabricated buildings",2,False,C00,TOTAL CPC,0,0,TOTAL MOT,-1,N/A,0.0,False,-1,N/A,0.0,False,0.0,True,0.0,False,,2605897804.519,2605897804.519,4,False,True
C,A,20220101,2022,52,2022,699,IND,India,X,Export,0,W00,World,0,W00,World,H6,HS,True,50,Silk,2,False,C00,TOTAL CPC,0,0,TOTAL MOT,-1,N/A,0.0,False,-1,N/A,0.0,False,,False,0.0,False,,94767181.419,94767181.419,0,False,True
C,A,20220101,2022,52,2022,699,IND,India,X,Export,0,W00,World,0,W00,World,H6,HS,True,33,"Essential oils and resinoids; perfumery, cosmetic or toilet preparations",2,False,C00,TOTAL CPC,0,0,TOTAL MOT,-1,N/A,0.0,False,-1,N/A,0.0,False,0.0,True,0.0,False,,2355626995.719,2355626995.719,4,False,True
C,A,20220101,2022,52,2022,699,IND,India,X,Export,0,W00,World,0,W00,World,H6,HS,True,10,Cereals,2,False,C00,TOTAL CPC,0,0,TOTAL MOT,-1,N/A,0.0,False,-1,N/A,0.0,False,0.0,True,0.0,False,,14087763977.023,14087763977.023,4,False,True
C,A,20220101,2022,52,2022,699,IND,India,X,Export,0,W00,World,0,W00,World,H6,HS,True,69,Ceramic products,2,False,C00,TOTAL CPC,0,0,TOTAL MOT,-1,N/A,0.0,False,-1,N/A,0.0,False,0.0,True,0.0,False,,2443913964.571,2443913964.571,4,False,True
C,A,20220101,2022,52,2022,699,IND,India,X,Export,0,W00,World,0,W00,World,H6,HS,True,53,Vegetable textile fibres; paper yarn and woven fabrics of paper yarn,2,False,C00,TOTAL CPC,0,0,TOTAL MOT,-1,N/A,0.0,False,-1,N/A,0.0,False,,False,0.0,False,,543322304.644,543322304.644,0,False,True
C,A,20220101,2022,52,2022,699,IND,India,X,Export,0,W00,World,0,W00,World,H6,HS,True,62,Apparel and clothing accessories; not knitted or crocheted,2,False,C00,TOTAL CPC,0,0,TOTAL MOT,-1,N/A,0.0,False,-1,N/A,0.0,False,,False,0.0,False,,8473393494.19,8473393494.19,0,False,True
C,A,20220101,2022,52,2022,699,IND,India,X,Export,0,W00,World,0,W00,World,H6,HS,True,19,"Preparations of cereals, flour, starch or milk; pastrycooks' products",2,False,C00,TOTAL CPC,0,0,TOTAL MOT,-1,N/A,0.0,False,-1,N/A,0.0,False,0.0,True,0.0,False,,715641739.285,715641739.285,4,False,True
C,A,20220101,2022,52,2022,699,IND,India,X,Export,0,W00,World,0,W00,World,H6,HS,True,13,"Lac; gums, resins and other vegetable saps and extracts",2,False,C00,TOTAL CPC,0,0,TOTAL MOT,-1,N/A,0.0,False,-1,N/A,0.0,False,0.0,True,0.0,False,,1087479117.035,1087479117.035,4,False,True
C,A,20220101,2022,52,2022,699,IND,India,X,Export,0,W00,World,0,W00,World,H6,HS,True,72,Iron and steel,2,False,C00,TOTAL CPC,0,0,TOTAL MOT,-1,N/A,0.0,False,-1,N/A,0.0,False,0.0,True,0.0,False,,15198276918.302,15198276918.302,4,False,True
C,A,20220101,2022,52,2022,699,IND,India,X,Export,0,W00,World,0,W00,World,H6,HS,True,23,"Food industries, residues and wastes thereof; prepared animal fodder",2,False,C00,TOTAL CPC,0,0,TOTAL MOT,-1,N/A,0.0,False,-1,N/A,0.0,False,0.0,True,0.0,False,,2015014181.186,2015014181.186,4,False,True
C,A,20220101,2022,52,2022,699,IND,India,X,Export,0,W00,World,0,W00,World,H6,HS,True,43,Furskins and artificial fur; manufactures thereof,2,False,C00,TOTAL CPC,0,0,TOTAL MOT,-1,N/A,0.0,False,-1,N/A,0.0,False,0.0,True,0.0,False,,17507645.896,17507645.896,4,False,True
C,A,20220101,2022,52,2022,699,IND,India,X,Export,0,W00,World,0,W00,World,H6,HS,True,83,Metal; miscellaneous products of base metal,2,False,C00,TOTAL CPC,0,0,TOTAL MOT,-1,N/A,0.0,False,-1,N/A,0.0,False,0.0,True,0.0,False,,886773246.786,886773246.786,4,False,True
C,A,20220101,2022,52,2022,699,IND,India,X,Export,0,W00,World,0,W00,World,H6,HS,True,41,Raw hides and skins (other than furskins) and leather,2,False,C00,TOTAL CPC,0,0,TOTAL MOT,-1,N/A,0.0,False,-1,N/A,0.0,False,0.0,True,0.0,False,,448157190.68,448157190.68,4,False,True
C,A,20220101,2022,52,2022,699,IND,India,X,Export,0,W00,World,0,W00,World,H6,HS,True,70,Glass and glassware,2,False,C00,TOTAL CPC,0,0,TOTAL MOT,-1,N/A,0.0,False,-1,N/A,0.0,False,0.0,True,0.0,False,,1074623000.86,1074623000.86,4,False,True
C,A,20220101,2022,52,2022,699,IND,India,X,Export,0,W00,World,0,W00,World,H6,HS,True,91,Clocks and watches and parts thereof,2,False,C00,TOTAL CPC,0,0,TOTAL MOT,-1,N/A,0.0,False,-1,N/A,0.0,False,,False,0.0,False,,79889947.524,79889947.524,0,False,True
C,A,20220101,2022,52,2022,699,IND,India,X,Export,0,W00,World,0,W00,World,H6,HS,True,76,Aluminium and articles thereof,2,False,C00,TOTAL CPC,0,0,TOTAL MOT,-1,N/A,0.0,False,-1,N/A,0.0,False,0.0,True,0.0,False,,9597945033.11,9597945033.11,4,False,True
C,A,20220101,2022,52,2022,699,IND,India,X,Export,0,W00,World,0,W00,World,H6,HS,True,97,Works of art; collectors' pieces and antiques,2,False,C00,TOTAL CPC,0,0,TOTAL MOT,-1,N/A,0.0,False,-1,N/A,0.0,False,,False,0.0,False,,98910500.73,98910500.73,0,False,True
C,A,20220101,2022,52,2022,699,IND,India,X,Export,0,W00,World,0,W00,World,H6,HS,True,30,Pharmaceutical products,2,False,C00,TOTAL CPC,0,0,TOTAL MOT,-1,N/A,0.0,False,-1,N/A,0.0,False,0.0,True,0.0,False,,19752791624.23,19752791624.23,4,False,True
C,A,20220101,2022,52,2022,699,IND,India,X,Export,0,W00,World,0,W00,World,H6,HS,True,79,Zinc and articles thereof,2,False,C00,TOTAL CPC,0,0,TOTAL MOT,-1,N/A,0.0,False,-1,N/A,0.0,False,0.0,True,0.0,False,,1355648072.38,1355648072.38,4,False,True
C,A,20220101,2022,52,2022,699,IND,India,X,Export,0,W00,World,0,W00,World,H6,HS,True,55,Man-made staple fibres,2,False,C00,TOTAL CPC,0,0,TOTAL MOT,-1,N/A,0.0,False,-1,N/A,0.0,False,0.0,True,0.0,False,,1887141246.399,1887141246.399,4,False,True
C,A,20220101,2022,52,2022,699,IND,India,X,Export,0,W00,World,0,W00,World,H6,HS,True,92,Musical instruments; parts and accessories of such articles,2,False,C00,TOTAL CPC,0,0,TOTAL MOT,-1,N/A,0.0,False,-1,N/A,0.0,False,,False,0.0,False,,46262479.758,46262479.758,0,False,True
C,A,20220101,2022,52,2022,699,IND,India,X,Export,0,W00,World,0,W00,World,H6,HS,True,51,"Wool, fine or coarse animal hair; horsehair yarn and woven fabric",2,False,C00,TOTAL CPC,0,0,TOTAL MOT,-1,N/A,0.0,False,-1,N/A,0.0,False,,False,0.0,False,,163720186.129,163720186.129,0,False,True
C,A,20220101,2022,52,2022,699,IND,India,X,Export,0,W00,World,0,W00,World,H6,HS,True,90,"Optical, photographic, cinematographic, measuring, checking, medical or surgical instruments and apparatus; parts and accessories",2,False,C00,TOTAL CPC,0,0,TOTAL MOT,-1,N/A,0.0,False,-1,N/A,0.0,False,,False,0.0,False,,4598724368.041,4598724368.041,0,False,True
C,A,20220101,2022,52,2022,699,IND,India,X,Export,0,W00,World,0,W00,World,H6,HS,True,35,Albuminoidal substances; modified starches; glues; enzymes,2,False,C00,TOTAL CPC,0,0,TOTAL MOT,-1,N/A,0.0,False,-1,N/A,0.0,False,0.0,True,0.0,False,,438694905.767,438694905.767,4,False,True
C,A,20220101,2022,52,2022,699,IND,India,X,Export,0,W00,World,0,W00,World,H6,HS,True,38,Chemical products n.e.c.,2,False,C00,TOTAL CPC,0,0,TOTAL MOT,-1,N/A,0.0,False,-1,N/A,0.0,False,0.0,True,0.0,False,,8068059228.372,8068059228.372,4,False,True
C,A,20220101,2022,52,2022,699,IND,India,X,Export,0,W00,World,0,W00,World,H6,HS,True,75,Nickel and articles thereof,2,False,C00,TOTAL CPC,0,0,TOTAL MOT,-1,N/A,0.0,False,-1,N/A,0.0,False,0.0,True,0.0,False,,210146439.39,210146439.39,4,False,True
C,A,20220101,2022,52,2022,699,IND,India,X,Export,0,W00,World,0,W00,World,H6,HS,True,09,"Coffee, tea, mate and spices",2,False,C00,TOTAL CPC,0,0,TOTAL MOT,-1,N/A,0.0,False,-1,N/A,0.0,False,0.0,True,0.0,False,,4018448352.192,4018448352.192,4,False,True
C,A,20220101,2022,52,2022,699,IND,India,X,Export,0,W00,World,0,W00,World,H6,HS,True,84,"Machinery and mechanical appliances, boilers, nuclear reactors; parts thereof",2,False,C00,TOTAL CPC,0,0,TOTAL MOT,-1,N/A,0.0,False,-1,N/A,0.0,False,0.0,True,0.0,False,,27502753831.486,27502753831.486,4,False,True
C,A,20220101,2022,52,2022,699,IND,India,X,Export,0,W00,World,0,W00,World,H6,HS,True,99,Commodities not specified according to kind,2,False,C00,TOTAL CPC,0,0,TOTAL MOT,-1,N/A,0.0,False,-1,N/A,0.0,False,0.0,False,0.0,False,,101321297.949,101321297.949,0,False,True
C,A,20220101,2022,52,2022,699,IND,India,X,Export,0,W00,World,0,W00,World,H6,HS,True,49,"Printed books, newspapers, pictures and other products of the printing industry; manuscripts, typescripts and plans",2,False,C00,TOTAL CPC,0,0,TOTAL MOT,-1,N/A,0.0,False,-1,N/A,0.0,False,0.0,True,0.0,False,,388610904.632,388610904.632,4,False,True
C,A,20220101,2022,52,2022,699,IND,India,X,Export,0,W00,World,0,W00,World,H6,HS,True,20,"Preparations of vegetables, fruit, nuts or other parts of plants",2,False,C00,TOTAL CPC,0,0,TOTAL MOT,-1,N/A,0.0,False,-1,N/A,0.0,False,0.0,True,0.0,False,,872069669.587,872069669.587,4,False,True
C,A,20220101,2022,52,2022,699,IND,India,X,Export,0,W00,World,0,W00,World,H6,HS,True,68,"Stone, plaster, cement, asbestos, mica or similar materials; articles thereof",2,False,C00,TOTAL CPC,0,0,TOTAL MOT,-1,N/A,0.0,False,-1,N/A,0.0,False,0.0,True,0.0,False,,2228836277.373,2228836277.373,4,False,True
C,A,20220101,2022,52,2022,699,IND,India,X,Export,0,W00,World,0,W00,World,H6,HS,True,66,"Umbrellas, sun umbrellas, walking-sticks, seat sticks, whips, riding crops; and parts thereof",2,False,C00,TOTAL CPC,0,0,TOTAL MOT,-1,N/A,0.0,False,-1,N/A,0.0,False,0.0,True,0.0,False,,4434401.505,4434401.505,4,False,True
C,A,20220101,2022,52,2022,699,IND,India,X,Export,0,W00,World,0,W00,World,H6,HS,True,96,Miscellaneous manufactured articles,2,False,C00,TOTAL CPC,0,0,TOTAL MOT,-1,N/A,0.0,False,-1,N/A,0.0,False,,False,0.0,False,,768805217.287,768805217.287,0,False,True
C,A,20220101,2022,52,2022,699,IND,India,X,Export,0,W00,World,0,W00,World,H6,HS,True,48,"Paper and paperboard; articles of paper pulp, of paper or paperboard",2,False,C00,TOTAL CPC,0,0,TOTAL MOT,-1,N/A,0.0,False,-1,N/A,0.0,False,0.0,True,0.0,False,,3142276013.806,3142276013.806,4,False,True
C,A,20220101,2022,52,2022,699,IND,India,X,Export,0,W00,World,0,W00,World,H6,HS,True,05,Animal originated products; not elsewhere specified or included,2,False,C00,TOTAL CPC,0,0,TOTAL MOT,-1,N/A,0.0,False,-1,N/A,0.0,False,0.0,True,0.0,False,,219087878.689,219087878.689,4,False,True
C,A,20220101,2022,52,2022,699,IND,India,X,Export,0,W00,World,0,W00,World,H6,HS,True,40,Rubber and articles thereof,2,False,C00,TOTAL CPC,0,0,TOTAL MOT,-1,N/A,0.0,False,-1,N/A,0.0,False,0.0,True,0.0,False,,4826758633.522,4826758633.522,4,False,True
C,A,20220101,2022,52,2022,699,IND,India,X,Export,0,W00,World,0,W00,World,H6,HS,True,12,"Oil seeds and oleaginous fruits; miscellaneous grains, seeds and fruit, industrial or medicinal plants; straw and fodder",2,False,C00,TOTAL CPC,0,0,TOTAL MOT,-1,N/A,0.0,False,-1,N/A,0.0,False,0.0,True,0.0,False,,1893117864.035,1893117864.035,4,False,True
C,A,20220101,2022,52,2022,699,IND,India,X,Export,0,W00,World,0,W00,World,H6,HS,True,45,Cork and articles of cork,2,False,C00,TOTAL CPC,0,0,TOTAL MOT,-1,N/A,0.0,False,-1,N/A,0.0,False,0.0,True,0.0,False,,4610419.39,4610419.39,4,False,True
C,A,20220101,2022,52,2022,699,IND,India,X,Export,0,W00,World,0,W00,World,H6,HS,True,29,Organic chemicals,2,False,C00,TOTAL CPC,0,0,TOTAL MOT,-1,N/A,0.0,False,-1,N/A,0.0,False,0.0,True,0.0,False,,21876532115.163,21876532115.163,4,False,True
C,A,20220101,2022,52,2022,699,IND,India,X,Export,0,W00,World,0,W00,World,H6,HS,True,06,"Trees and other plants, live; bulbs, roots and the like; cut flowers and ornamental foliage",2,False,C00,TOTAL CPC,0,0,TOTAL MOT,-1,N/A,0.0,False,-1,N/A,0.0,False,0.0,True,0.0,False,,95702965.248,95702965.248,4,False,True
C,A,20230101,2023,52,2023,156,CHN,China,X,Export,0,W00,World,0,W00,World,H6,HS,True,97,Works of art; collectors' pieces and antiques,2,False,C00,TOTAL CPC,0,0,TOTAL MOT,-1,N/A,0.0,False,-1,N/A,0.0,False,,False,0.0,False,,1156613330.0,1156613330.0,0,False,True
C,A,20230101,2023,52,2023,156,CHN,China,X,Export,0,W00,World,0,W00,World,H6,HS,True,11,"Products of the milling industry; malt, starches, inulin, wheat gluten",2,False,C00,TOTAL CPC,0,0,TOTAL MOT,-1,N/A,0.0,False,-1,N/A,0.0,False,0.0,True,0.0,False,,900931502.0,900931502.0,4,False,True
C,A,20230101,2023,52,2023,156,CHN,China,X,Export,0,W00,World,0,W00,World,H6,HS,True,14,Vegetable plaiting materials; vegetable products not elsewhere specified or included,2,False,C00,TOTAL CPC,0,0,TOTAL MOT,-1,N/A,0.0,False,-1,N/A,0.0,False,0.0,True,0.0,False,,266528059.0,266528059.0,4,False,True
C,A,20230101,2023,52,2023,156,CHN,China,X,Export,0,W00,World,0,W00,World,H6,HS,True,17,Sugars and sugar confectionery,2,False,C00,TOTAL CPC,0,0,TOTAL MOT,-1,N/A,0.0,False,-1,N/A,0.0,False,0.0,True,0.0,False,,3009818445.0,3009818445.0,4,False,True
C,A,20230101,2023,52,2023,156,CHN,China,X,Export,0,W00,World,0,W00,World,H6,HS,True,31,Fertilizers,2,False,C00,TOTAL CPC,0,0,TOTAL MOT,-1,N/A,0.0,False,-1,N/A,0.0,False,0.0,True,0.0,False,,9706271527.0,9706271527.0,4,False,True
C,A,20230101,2023,52,2023,156,CHN,China,X,Export,0,W00,World,0,W00,World,H6,HS,True,34,"Soap, organic surface-active agents; washing, lubricating, polishing or scouring preparations; artificial or prepared waxes, candles and similar articles, modelling pastes, dental waxes and dental preparations with a basis of plaster",2,False,C00,TOTAL CPC,0,0,TOTAL MOT,-1,N/A,0.0,False,-1,N/A,0.0,False,0.0,True,0.0,False,,7026876107.0,7026876107.0,4,False,True
C,A,20230101,2023,52,2023,156,CHN,China,X,Export,0,W00,World,0,W00,World,H6,HS,True,37,Photographic or cinematographic goods,2,False,C00,TOTAL CPC,0,0,TOTAL MOT,-1,N/A,0.0,False,-1,N/A,0.0,False,0.0,True,0.0,False,,1266855012.0,1266855012.0,4,False,True
C,A,20230101,2023,52,2023,156,CHN,China,X,Export,0,W00,World,0,W00,World,H6,HS,True,54,Man-made filaments; strip and the like of man-made textile materials,2,False,C00,TOTAL CPC,0,0,TOTAL MOT,-1,N/A,0.0,False,-1,N/A,0.0,False,0.0,True,0.0,False,,28632181097.0,28632181097.0,4,False,True
C,A,20230101,2023,52,2023,156,CHN,China,X,Export,0,W00,World,0,W00,World,H6,HS,True,57,Carpets and other textile floor coverings,2,False,C00,TOTAL CPC,0,0,TOTAL MOT,-1,N/A,0.0,False,-1,N/A,0.0,False,0.0,True,0.0,False,,4001459420.0,4001459420.0,4,False,True
C,A,20230101,2023,52,2023,156,CHN,China,X,Export,0,W00,World,0,W00,World,H6,HS,True,78,Lead and articles thereof,2,False,C00,TOTAL CPC,0,0,TOTAL MOT,-1,N/A,0.0,False,-1,N/A,0.0,False,0.0,True,0.0,False,,471892638.0,471892638.0,4,False,True
C,A,20230101,2023,52,2023,156,CHN,China,X,Export,0,W00,World,0,W00,World,H6,HS,True,81,"Metals; n.e.c., cermets and articles thereof",2,False,C00,TOTAL CPC,0,0,TOTAL MOT,-1,N/A,0.0,False,-1,N/A,0.0,False,0.0,True,0.0,False,,4905036505.0,4905036505.0,4,False,True
C,A,20230101,2023,52,2023,156,CHN,China,X,Export,0,W00,World,0,W00,World,H6,HS,True,95,"Toys, games and sports requisites; parts and accessories thereof",2,False,C00,TOTAL CPC,0,0,TOTAL MOT,-1,N/A,0.0,False,-1,N/A,0.0,False,0.0,True,0.0,False,,88499265966.0,88499265966.0,4,False,True
C,A,20230101,2023,52,2023,156,CHN,China,X,Export,0,W00,World,0,W00,World,H6,HS,True,01,Animals; live,2,False,C00,TOTAL CPC,0,0,TOTAL MOT,-1,N/A,0.0,False,-1,N/A,0.0,False,0.0,True,0.0,False,,496131924.0,496131924.0,4,False,True
C,A,20230101,2023,52,2023,156,CHN,China,X,Export,0,W00,World,0,W00,World,H6,HS,True,04,"Dairy produce; birds' eggs; natural honey; edible products of animal origin, not elsewhere specified or included",2,False,C00,TOTAL CPC,0,0,TOTAL MOT,-1,N/A,0.0,False,-1,N/A,0.0,False,0.0,True,0.0,False,,752674087.0,752674087.0,4,False,True
C,A,20230101,2023,52,2023,156,CHN,China,X,Export,0,W00,World,0,W00,World,H6,HS,True,07,Vegetables and certain roots and tubers; edible,2,False,C00,TOTAL CPC,0,0,TOTAL MOT,-1,N/A,0.0,False,-1,N/A,0.0,False,0.0,True,0.0,False,,10985708536.0,10985708536.0,4,False,True
C,A,20230101,2023,52,2023,156,CHN,China,X,Export,0,W00,World,0,W00,World,H6,HS,True,21,Miscellaneous edible preparations,2,False,C00,TOTAL CPC,0,0,TOTAL MOT,-1,N/A,0.0,False,-1,N/A,0.0,False,0.0,True,0.0,False,,6940250383.0,6940250383.0,4,False,True
C,A,20230101,2023,52,2023,156,CHN,China,X,Export,0,W00,World,0,W00,World,H6,HS,True,24,"Tobacco and manufactured tobacco substitutes; products, whether or not containing nicotine, intended for inhalation without combustion; other nicotine containing products intended for the intake of nicotine into the human body",2,False,C00,TOTAL CPC,0,0,TOTAL MOT,-1,N/A,0.0,False,-1,N/A,0.0,False,0.0,True,0.0,False,,9173187769.0,9173187769.0,4,False,True
C,A,20230101,2023,52,2023,156,CHN,China,X,Export,0,W00,World,0,W00,World,H6,HS,True,27,"Mineral fuels, mineral oils and products of their distillation; bituminous substances; mineral waxes",2,False,C00,TOTAL CPC,0,0,TOTAL MOT,-1,N/A,0.0,False,-1,N/A,0.0,False,0.0,True,0.0,False,,61092825863.0,61092825863.0,4,False,True
C,A,20230101,2023,52,2023,156,CHN,China,X,Export,0,W00,World,0,W00,World,H6,HS,True,44,Wood and articles of wood; wood charcoal,2,False,C00,TOTAL CPC,0,0,TOTAL MOT,-1,N/A,0.0,False,-1,N/A,0.0,False,0.0,True,0.0,False,,15705627912.0,15705627912.0,4,False,True
C,A,20230101,2023,52,2023,156,CHN,China,X,Export,0,W00,World,0,W00,World,H6,HS,True,64,Footwear; gaiters and the like; parts of such articles,2,False,C00,TOTAL CPC,0,0,TOTAL MOT,-1,N/A,0.0,False,-1,N/A,0.0,False,0.0,True,0.0,False,,53007553349.0,53007553349.0,4,False,True
C,A,20230101,2023,52,2023,156,CHN,China,X,Export,0,W00,World,0,W00,World,H6,HS,True,67,"Feathers and down, prepared; and articles made of feather or of down; artificial flowers; articles of human hair",2,False,C00,TOTAL CPC,0,0,TOTAL MOT,-1,N/A,0.0,False,-1,N/A,0.0,False,0.0,True,0.0,False,,10335552745.0,10335552745.0,4,False,True
C,A,20230101,2023,52,2023,156,CHN,China,X,Export,0,W00,World,0,W00,World,H6,HS,True,88,"Aircraft, spacecraft, and parts thereof",2,False,C00,TOTAL CPC,0,0,TOTAL MOT,-1,N/A,0.0,False,-1,N/A,0.0,False,0.0,True,0.0,False,,6810925475.0,6810925475.0,4,False,True
C,A,20230101,2023,52,2023,156,CHN,China,X,Export,0,W00,World,0,W00,World,H6,HS,True,10,Cereals,2,False,C00,TOTAL CPC,0,0,TOTAL MOT,-1,N/A,0.0,False,-1,N/A,0.0,False,0.0,True,0.0,False,,1027506075.0,1027506075.0,4,False,True
C,A,20230101,2023,52,2023,156,CHN,China,X,Export,0,W00,World,0,W00,World,H6,HS,True,13,"Lac; gums, resins and other vegetable saps and extracts",2,False,C00,TOTAL CPC,0,0,TOTAL MOT,-1,N/A,0.0,False,-1,N/A,0.0,False,0.0,True,0.0,False,,2319639134.0,2319639134.0,4,False,True
C,A,20230101,2023,52,2023,156,CHN,China,X,Export,0,W00,World,0,W00,World,H6,HS,True,33,"Essential oils and resinoids; perfumery, cosmetic or toilet preparations",2,False,C00,TOTAL CPC,0,0,TOTAL MOT,-1,N/A,0.0,False,-1,N/A,0.0,False,0.0,True,0.0,False,,7594964049.0,7594964049.0,4,False,True
C,A,20230101,2023,52,2023,156,CHN,China,X,Export,0,W00,World,0,W00,World,H6,HS,True,36,Explosives; pyrotechnic products; matches; pyrophoric alloys; certain combustible preparations,2,False,C00,TOTAL CPC,0,0,TOTAL MOT,-1,N/A,0.0,False,-1,N/A,0.0,False,0.0,True,0.0,False,,1126142094.0,1126142094.0,4,False,True
C,A,20230101,2023,52,2023,156,CHN,China,X,Export,0,W00,World,0,W00,World,H6,HS,True,50,Silk,2,False,C00,TOTAL CPC,0,0,TOTAL MOT,-1,N/A,0.0,False,-1,N/A,0.0,False,0.0,True,0.0,False,,801580581.0,801580581.0,4,False,True
C,A,20230101,2023,52,2023,156,CHN,China,X,Export,0,W00,World,0,W00,World,H6,HS,True,53,Vegetable textile fibres; paper yarn and woven fabrics of paper yarn,2,False,C00,TOTAL CPC,0,0,TOTAL MOT,-1,N/A,0.0,False,-1,N/A,0.0,False,0.0,True,0.0,False,,1589203468.0,1589203468.0,4,False,True
C,A,20230101,2023,52,2023,156,CHN,China,X,Export,0,W00,World,0,W00,World,H6,HS,True,56,"Wadding, felt and nonwovens, special yarns; twine, cordage, ropes and cables and articles thereof",2,False,C00,TOTAL CPC,0,0,TOTAL MOT,-1,N/A,0.0,False,-1,N/A,0.0,False,0.0,True,0.0,False,,7553226887.0,7553226887.0,4,False,True
C,A,20230101,2023,52,2023,156,CHN,China,X,Export,0,W00,World,0,W00,World,H6,HS,True,76,Aluminium and articles thereof,2,False,C00,TOTAL CPC,0,0,TOTAL MOT,-1,N/A,0.0,False,-1,N/A,0.0,False,0.0,True,0.0,False,,34897014451.0,34897014451.0,4,False,True
C,A,20230101,2023,52,2023,156,CHN,China,X,Export,0,W00,World,0,W00,World,H6,HS,True,94,"Furniture; bedding, mattresses, mattress supports, cushions and similar stuffed furnishings; lamps and lighting fittings, n.e.c.; illuminated signs, illuminated name-plates and the like; prefabricated buildings",2,False,C00,TOTAL CPC,0,0,TOTAL MOT,-1,N/A,0.0,False,-1,N/A,0.0,False,0.0,True,0.0,False,,121467533649.0,121467533649.0,4,False,True
C,A,20230101,2023,52,2023,156,CHN,China,X,Export,0,W00,World,0,W00,World,H6,HS,True,03,"Fish and crustaceans, molluscs and other aquatic invertebrates",2,False,C00,TOTAL CPC,0,0,TOTAL MOT,-1,N/A,0.0,False,-1,N/A,0.0,False,0.0,True,0.0,False,,10424115855.0,10424115855.0,4,False,True
C,A,20230101,2023,52,2023,156,CHN,China,X,Export,0,W00,World,0,W00,World,H6,HS,True,05,Animal originated products; not elsewhere specified or included,2,False,C00,TOTAL CPC,0,0,TOTAL MOT,-1,N/A,0.0,False,-1,N/A,0.0,False,0.0,True,0.0,False,,1744446279.0,1744446279.0,4,False,True
C,A,20230101,2023,52,2023,156,CHN,China,X,Export,0,W00,World,0,W00,World,H6,HS,True,06,"Trees and other plants, live; bulbs, roots and the like; cut flowers and ornamental foliage",2,False,C00,TOTAL CPC,0,0,TOTAL MOT,-1,N/A,0.0,False,-1,N/A,0.0,False,0.0,True,0.0,False,,526233707.0,526233707.0,4,False,True
C,A,20230101,2023,52,2023,156,CHN,China,X,Export,0,W00,World,0,W00,World,H6,HS,True,08,"Fruit and nuts, edible; peel of citrus fruit or melons",2,False,C00,TOTAL CPC,0,0,TOTAL MOT,-1,N/A,0.0,False,-1,N/A,0.0,False,0.0,True,0.0,False,,5929751831.0,5929751831.0,4,False,True
C,A,20230101,2023,52,2023,156,CHN,China,X,Export,0,W00,World,0,W00,World,H6,HS,True,09,"Coffee, tea, mate and spices",2,False,C00,TOTAL CPC,0,0,TOTAL MOT,-1,N/A,0.0,False,-1,N/A,0.0,False,0.0,True,0.0,False,,3786072234.0,3786072234.0,4,False,True
C,A,20230101,2023,52,2023,156,CHN,China,X,Export,0,W00,World,0,W00,World,H6,HS,True,12,"Oil seeds and oleaginous fruits; miscellaneous grains, seeds and fruit, industrial or medicinal plants; straw and fodder",2,False,C00,TOTAL CPC,0,0,TOTAL MOT,-1,N/A,0.0,False,-1,N/A,0.0,False,0.0,True,0.0,False,,3301493340.0,3301493340.0,4,False,True
C,A,20230101,2023,52,2023,156,CHN,China,X,Export,0,W00,World,0,W00,World,H6,HS,True,16,"Meat, fish, crustaceans, molluscs or other aquatic invertebrates, or insects; preparations thereof",2,False,C00,TOTAL CPC,0,0,TOTAL MOT,-1,N/A,0.0,False,-1,N/A,0.0,False,0.0,True,0.0,False,,10780327612.0,10780327612.0,4,False,True
C,A,20230101,2023,52,2023,156,CHN,China,X,Export,0,W00,World,0,W00,World,H6,HS,True,19,"Preparations of cereals, flour, starch or milk; pastrycooks' products",2,False,C00,TOTAL CPC,0,0,TOTAL MOT,-1,N/A,0.0,False,-1,N/A,0.0,False,0.0,True,0.0,False,,2631899212.0,2631899212.0,4,False,True
C,A,20230101,2023,52,2023,156,CHN,China,X,Export,0,W00,World,0,W00,World,H6,HS,True,20,"Preparations of vegetables, fruit, nuts or other parts of plants",2,False,C00,TOTAL CPC,0,0,TOTAL MOT,-1,N/A,0.0,False,-1,N/A,0.0,False,0.0,True,0.0,False,,9904655833.0,9904655833.0,4,False,True
C,A,20230101,2023,52,2023,156,CHN,China,X,Export,0,W00,World,0,W00,World,H6,HS,True,22,"Beverages, spirits and vinegar",2,False,C00,TOTAL CPC,0,0,TOTAL MOT,-1,N/A,0.0,False,-1,N/A,0.0,False,0.0,True,0.0,False,,2980489448.0,2980489448.0,4,False,True
C,A,20230101,2023,52,2023,156,CHN,China,X,Export,0,W00,World,0,W00,World,H6,HS,True,23,"Food industries, residues and wastes thereof; prepared animal fodder",2,False,C00,TOTAL CPC,0,0,TOTAL MOT,-1,N/A,0.0,False,-1,N/A,0.0,False,0.0,True,0.0,False,,3944449565.0,3944449565.0,4,False,True
C,A,20230101,2023,52,2023,156,CHN,China,X,Export,0,W00,World,0,W00,World,H6,HS,True,25,"Salt; sulphur; earths, stone; plastering materials, lime and cement",2,False,C00,TOTAL CPC,0,0,TOTAL MOT,-1,N/A,0.0,False,-1,N/A,0.0,False,0.0,True,0.0,False,,3563737925.0,3563737925.0,4,False,True
C,A,20230101,2023,52,2023,156,CHN,China,X,Export,0,W00,World,0,W00,World,H6,HS,True,26,"Ores, slag and ash",2,False,C00,TOTAL CPC,0,0,TOTAL MOT,-1,N/A,0.0,False,-1,N/A,0.0,False,0.0,True,0.0,False,,3613915811.0,3613915811.0,4,False,True
C,A,20230101,2023,52,2023,156,CHN,China,X,Export,0,W00,World,0,W00,World,H6,HS,True,28,"Inorganic chemicals; organic and inorganic compounds of precious metals; of rare earth metals, of radio-active elements and of isotopes",2,False,C00,TOTAL CPC,0,0,TOTAL MOT,-1,N/A,0.0,False,-1,N/A,0.0,False,0.0,True,0.0,False,,34279801731.0,34279801731.0,4,False,True
C,A,20230101,2023,52,2023,156,CHN,China,X,Export,0,W00,World,0,W00,World,H6,HS,True,43,Furskins and artificial fur; manufactures thereof,2,False,C00,TOTAL CPC,0,0,TOTAL MOT,-1,N/A,0.0,False,-1,N/A,0.0,False,0.0,True,0.0,False,,1386847551.0,1386847551.0,4,False,True
C,A,20230101,2023,52,2023,156,CHN,China,X,Export,0,W00,World,0,W00,World,H6,HS,True,45,Cork and articles of cork,2,False,C00,TOTAL CPC,0,0,TOTAL MOT,-1,N/A,0.0,False,-1,N/A,0.0,False,0.0,True,0.0,False,,46519695.0,46519695.0,4,False,True
C,A,20230101,2023,52,2023,156,CHN,China,X,Export,0,W00,World,0,W00,World,H6,HS,True,46,"Manufactures of straw, esparto or other plaiting materials; basketware and wickerwork",2,False,C00,TOTAL CPC,0,0,TOTAL MOT,-1,N/A,0.0,False,-1,N/A,0.0,False,0.0,True,0.0,False,,1567645797.0,1567645797.0,4,False,True
C,A,20230101,2023,52,2023,156,CHN,China,X,Export,0,W00,World,0,W00,World,H6,HS,True,51,"Wool, fine or coarse animal hair; horsehair yarn and woven fabric",2,False,C00,TOTAL CPC,0,0,TOTAL MOT,-1,N/A,0.0,False,-1,N/A,0.0,False,0.0,True,0.0,False,,2056348021.0,2056348021.0,4,False,True
C,A,20230101,2023,52,2023,156,CHN,China,X,Export,0,W00,World,0,W00,World,H6,HS,True,52,Cotton,2,False,C00,TOTAL CPC,0,0,TOTAL MOT,-1,N/A,0.0,False,-1,N/A,0.0,False,0.0,True,0.0,False,,10642997092.0,10642997092.0,4,False,True
C,A,20230101,2023,52,2023,156,CHN,China,X,Export,0,W00,World,0,W00,World,H6,HS,True,59,"Textile fabrics; impregnated, coated, covered or laminated; textile articles of a kind suitable for industrial use",2,False,C00,TOTAL CPC,0,0,TOTAL MOT,-1,N/A,0.0,False,-1,N/A,0.0,False,0.0,True,0.0,False,,9255299393.0,9255299393.0,4,False,True
C,A,20230101,2023,52,2023,156,CHN,China,X,Export,0,W00,World,0,W00,World,H6,HS,True,60,Fabrics; knitted or crocheted,2,False,C00,TOTAL CPC,0,0,TOTAL MOT,-1,N/A,0.0,False,-1,N/A,0.0,False,0.0,True,0.0,False,,21514624033.0,21514624033.0,4,False,True
C,A,20230101,2023,52,2023,156,CHN,China,X,Export,0,W00,World,0,W00,World,H6,HS,True,63,"Textiles, made up articles; sets; worn clothing and worn textile articles; rags",2,False,C00,TOTAL CPC,0,0,TOTAL MOT,-1,N/A,0.0,False,-1,N/A,0.0,False,0.0,True,0.0,False,,33175971158.0,33175971158.0,4,False,True
C,A,20230101,2023,52,2023,156,CHN,China,X,Export,0,W00,World,0,W00,World,H6,HS,True,65,Headgear and parts thereof,2,False,C00,TOTAL CPC,0,0,TOTAL MOT,-1,N/A,0.0,False,-1,N/A,0.0,False,0.0,True,0.0,False,,5988544432.0,5988544432.0,4,False,True
C,A,20230101,2023,52,2023,156,CHN,China,X,Export,0,W00,World,0,W00,World,H6,HS,True,66,"Umbrellas, sun umbrellas, walking-sticks, seat sticks, whips, riding crops; and parts thereof",2,False,C00,TOTAL CPC,0,0,TOTAL MOT,-1,N/A,0.0,False,-1,N/A,0.0,False,0.0,True,0.0,False,,3271574539.0,3271574539.0,4,False,True
C,A,20230101,2023,52,2023,156,CHN,China,X,Export,0,W00,World,0,W00,World,H6,HS,True,68,"Stone, plaster, cement, asbestos, mica or similar materials; articles thereof",2,False,C00,TOTAL CPC,0,0,TOTAL MOT,-1,N/A,0.0,False,-1,N/A,0.0,False,0.0,True,0.0,False,,13041943928.0,13041943928.0,4,False,True
C,A,20230101,2023,52,2023,156,CHN,China,X,Export,0,W00,World,0,W00,World,H6,HS,True,69,Ceramic products,2,False,C00,TOTAL CPC,0,0,TOTAL MOT,-1,N/A,0.0,False,-1,N/A,0.0,False,0.0,True,0.0,False,,26067365449.0,26067365449.0,4,False,True
C,A,20230101,2023,52,2023,156,CHN,China,X,Export,0,W00,World,0,W00,World,H6,HS,True,71,"Natural, cultured pearls; precious, semi-precious stones; precious metals, metals clad with precious metal, and articles thereof; imitation jewellery; coin",2,False,C00,TOTAL CPC,0,0,TOTAL MOT,-1,N/A,0.0,False,-1,N/A,0.0,False,0.0,True,0.0,False,,31235597494.0,31235597494.0,4,False,True
C,A,20230101,2023,52,2023,156,CHN,China,X,Export,0,W00,World,0,W00,World,H6,HS,True,72,Iron and steel,2,False,C00,TOTAL CPC,0,0,TOTAL MOT,-1,N/A,0.0,False,-1,N/A,0.0,False,0.0,True,0.0,False,,68990038763.0,68990038763.0,4,False,True
C,A,20230101,2023,52,2023,156,CHN,China,X,Export,0,W00,World,0,W00,World,H6,HS,True,75,Nickel and articles thereof,2,False,C00,TOTAL CPC,0,0,TOTAL MOT,-1,N/A,0.0,False,-1,N/A,0.0,False,0.0,True,0.0,False,,1520445048.0,1520445048.0,4,False,True
C,A,20230101,2023,52,2023,156,CHN,China,X,Export,0,W00,World,0,W00,World,H6,HS,True,80,Tin; articles thereof,2,False,C00,TOTAL CPC,0,0,TOTAL MOT,-1,N/A,0.0,False,-1,N/A,0.0,False,0.0,True,0.0,False,,351793060.0,351793060.0,4,False,True
C,A,20230101,2023,52,2023,156,CHN,China,X,Export,0,W00,World,0,W00,World,H6,HS,True,86,"Railway, tramway locomotives, rolling-stock and parts thereof; railway or tramway track fixtures and fittings and parts thereof; mechanical (including electro-mechanical) traffic signalling equipment of all kinds",2,False,C00,TOTAL CPC,0,0,TOTAL MOT,-1,N/A,0.0,False,-1,N/A,0.0,False,0.0,True,0.0,False,,11737078743.0,11737078743.0,4,False,True
C,A,20230101,2023,52,2023,156,CHN,China,X,Export,0,W00,World,0,W00,World,H6,HS,True,15,"Animal, vegetable or microbial fats and oils and their cleavage products; prepared edible fats; animal or vegetable waxes",2,False,C00,TOTAL CPC,0,0,TOTAL MOT,-1,N/A,0.0,False,-1,N/A,0.0,False,0.0,True,0.0,False,,3497025275.0,3497025275.0,4,False,True
C,A,20230101,2023,52,2023,156,CHN,China,X,Export,0,W00,World,0,W00,World,H6,HS,True,18,Cocoa and cocoa preparations,2,False,C00,TOTAL CPC,0,0,TOTAL MOT,-1,N/A,0.0,False,-1,N/A,0.0,False,0.0,True,0.0,False,,429601747.0,429601747.0,4,False,True
C,A,20230101,2023,52,2023,156,CHN,China,X,Export,0,W00,World,0,W00,World,H6,HS,True,35,Albuminoidal substances; modified starches; glues; enzymes,2,False,C00,TOTAL CPC,0,0,TOTAL MOT,-1,N/A,0.0,False,-1,N/A,0.0,False,0.0,True,0.0,False,,4509560141.0,4509560141.0,4,False,True
C,A,20230101,2023,52,2023,156,CHN,China,X,Export,0,W00,World,0,W00,World,H6,HS,True,41,Raw hides and skins (other than furskins) and leather,2,False,C00,TOTAL CPC,0,0,TOTAL MOT,-1,N/A,0.0,False,-1,N/A,0.0,False,0.0,True,0.0,False,,901185252.0,901185252.0,4,False,True
C,A,20230101,2023,52,2023,156,CHN,China,X,Export,0,W00,World,0,W00,World,H6,HS,True,55,Man-made staple fibres,2,False,C00,TOTAL CPC,0,0,TOTAL MOT,-1,N/A,0.0,False,-1,N/A,0.0,False,0.0,True,0.0,False,,13211462125.0,13211462125.0,4,False,True
C,A,20230101,2023,52,2023,156,CHN,China,X,Export,0,W00,World,0,W00,World,H6,HS,True,58,"Fabrics; special woven fabrics, tufted textile fabrics, lace, tapestries, trimmings, embroidery",2,False,C00,TOTAL CPC,0,0,TOTAL MOT,-1,N/A,0.0,False,-1,N/A,0.0,False,0.0,True,0.0,False,,5677458497.0,5677458497.0,4,False,True
C,A,20230101,2023,52,2023,156,CHN,China,X,Export,0,W00,World,0,W00,World,H6,HS,True,79,Zinc and articles thereof,2,False,C00,TOTAL CPC,0,0,TOTAL MOT,-1,N/A,0.0,False,-1,N/A,0.0,False,0.0,True,0.0,False,,176387783.0,176387783.0,4,False,True
C,A,20230101,2023,52,2023,156,CHN,China,X,Export,0,W00,World,0,W00,World,H6,HS,True,89,"Ships, boats and floating structures",2,False,C00,TOTAL CPC,0,0,TOTAL MOT,-1,N/A,0.0,False,-1,N/A,0.0,False,0.0,True,0.0,False,,31872525590.0,31872525590.0,4,False,True
C,A,20230101,2023,52,2023,156,CHN,China,X,Export,0,W00,World,0,W00,World,H6,HS,True,92,Musical instruments; parts and accessories of such articles,2,False,C00,TOTAL CPC,0,0,TOTAL MOT,-1,N/A,0.0,False,-1,N/A,0.0,False,0.0,True,0.0,False,,2079346379.0,2079346379.0,4,False,True
C,A,20230101,2023,52,2023,156,CHN,China,X,Export,0,W00,World,0,W00,World,H6,HS,True,93,Arms and ammunition; parts and accessories thereof,2,False,C00,TOTAL CPC,0,0,TOTAL MOT,-1,N/A,0.0,False,-1,N/A,0.0,False,0.0,True,0.0,False,,208356602.0,208356602.0,4,False,True
C,A,20230101,2023,52,2023,156,CHN,China,X,Export,0,W00,World,0,W00,World,H6,HS,True,32,"Tanning or dyeing extracts; tannins and their derivatives; dyes, pigments and other colouring matter; paints, varnishes; putty, other mastics; inks",2,False,C00,TOTAL CPC,0,0,TOTAL MOT,-1,N/A,0.0,False,-1,N/A,0.0,False,0.0,True,0.0,False,,9477016402.0,9477016402.0,4,False,True
C,A,20230101,2023,52,2023,156,CHN,China,X,Export,0,W00,World,0,W00,World,H6,HS,True,87,"Vehicles; other than railway or tramway rolling stock, and parts and accessories thereof",2,False,C00,TOTAL CPC,0,0,TOTAL MOT,-1,N/A,0.0,False,-1,N/A,0.0,False,0.0,True,0.0,False,,192497286190.0,192497286190.0,4,False,True
C,A,20230101,2023,52,2023,156,CHN,China,X,Export,0,W00,World,0,W00,World,H6,HS,True,70,Glass and glassware,2,False,C00,TOTAL CPC,0,0,TOTAL MOT,-1,N/A,0.0,False,-1,N/A,0.0,False,0.0,True,0.0,False,,25368094272.0,25368094272.0,4,False,True
C,A,20230101,2023,52,2023,156,CHN,China,X,Export,0,W00,World,0,W00,World,H6,HS,True,42,"Articles of leather; saddlery and harness; travel goods, handbags and similar containers; articles of animal gut (other than silk-worm gut)",2,False,C00,TOTAL CPC,0,0,TOTAL MOT,-1,N/A,0.0,False,-1,N/A,0.0,False,0.0,True,0.0,False,,38350660456.0,38350660456.0,4,False,True
C,A,20230101,2023,52,2023,156,CHN,China,X,Export,0,W00,World,0,W00,World,H6,HS,True,30,Pharmaceutical products,2,False,C00,TOTAL CPC,0,0,TOTAL MOT,-1,N/A,0.0,False,-1,N/A,0.0,False,0.0,True,0.0,False,,11283730462.0,11283730462.0,4,False,True
C,A,20230101,2023,52,2023,156,CHN,China,X,Export,0,W00,World,0,W00,World,H6,HS,True,29,Organic chemicals,2,False,C00,TOTAL CPC,0,0,TOTAL MOT,-1,N/A,0.0,False,-1,N/A,0.0,False,0.0,True,0.0,False,,77911252431.0,77911252431.0,4,False,True
C,A,20230101,2023,52,2023,156,CHN,China,X,Export,0,W00,World,0,W00,World,H6,HS,True,91,Clocks and watches and parts thereof,2,False,C00,TOTAL CPC,0,0,TOTAL MOT,-1,N/A,0.0,False,-1,N/A,0.0,False,0.0,True,0.0,False,,4793635940.0,4793635940.0,4,False,True
C,A,20230101,2023,52,2023,156,CHN,China,X,Export,0,W00,World,0,W00,World,H6,HS,True,38,Chemical products n.e.c.,2,False,C00,TOTAL CPC,0,0,TOTAL MOT,-1,N/A,0.0,False,-1,N/A,0.0,False,0.0,True,0.0,False,,32619287654.0,32619287654.0,4,False,True
C,A,20230101,2023,52,2023,156,CHN,China,X,Export,0,W00,World,0,W00,World,H6,HS,True,74,Copper and articles thereof,2,False,C00,TOTAL CPC,0,0,TOTAL MOT,-1,N/A,0.0,False,-1,N/A,0.0,False,0.0,True,0.0,False,,10046316857.0,10046316857.0,4,False,True
C,A,20230101,2023,52,2023,156,CHN,China,X,Export,0,W00,World,0,W00,World,H6,HS,True,83,Metal; miscellaneous products of base metal,2,False,C00,TOTAL CPC,0,0,TOTAL MOT,-1,N/A,0.0,False,-1,N/A,0.0,False,0.0,True,0.0,False,,26053501851.0,26053501851.0,4,False,True
C,A,20230101,2023,52,2023,156,CHN,China,X,Export,0,W00,World,0,W00,World,H6,HS,True,48,"Paper and paperboard; articles of paper pulp, of paper or paperboard",2,False,C00,TOTAL CPC,0,0,TOTAL MOT,-1,N/A,0.0,False,-1,N/A,0.0,False,0.0,True,0.0,False,,29029829010.0,29029829010.0,4,False,True
C,A,20230101,2023,52,2023,156,CHN,China,X,Export,0,W00,World,0,W00,World,H6,HS,True,61,Apparel and clothing accessories; knitted or crocheted,2,False,C00,TOTAL CPC,0,0,TOTAL MOT,-1,N/A,0.0,False,-1,N/A,0.0,False,0.0,True,0.0,False,,82310721188.0,82310721188.0,4,False,True
C,A,20230101,2023,52,2023,156,CHN,China,X,Export,0,W00,World,0,W00,World,H6,HS,True,49,"Printed books, newspapers, pictures and other products of the printing industry; manuscripts, typescripts and plans",2,False,C00,TOTAL CPC,0,0,TOTAL MOT,-1,N/A,0.0,False,-1,N/A,0.0,False,0.0,True,0.0,False,,4025949307.0,4025949307.0,4,False,True
C,A,20230101,2023,52,2023,156,CHN,China,X,Export,0,W00,World,0,W00,World,H6,HS,True,96,Miscellaneous manufactured articles,2,False,C00,TOTAL CPC,0,0,TOTAL MOT,-1,N/A,0.0,False,-1,N/A,0.0,False,0.0,True,0.0,False,,27433840307.0,27433840307.0,4,False,True
C,A,20230101,2023,52,2023,156,CHN,China,X,Export,0,W00,World,0,W00,World,H6,HS,True,62,Apparel and clothing accessories; not knitted or crocheted,2,False,C00,TOTAL CPC,0,0,TOTAL MOT,-1,N/A,0.0,False,-1,N/A,0.0,False,0.0,True,0.0,False,,70176718861.0,70176718861.0,4,False,True
C,A,20230101,2023,52,2023,156,CHN,China,X,Export,0,W00,World,0,W00,World,H6,HS,True,82,"Tools, implements, cutlery, spoons and forks, of base metal; parts thereof, of base metal",2,False,C00,TOTAL CPC,0,0,TOTAL MOT,-1,N/A,0.0,False,-1,N/A,0.0,False,0.0,True,0.0,False,,23517222467.0,23517222467.0,4,False,True
C,A,20230101,2023,52,2023,156,CHN,China,X,Export,0,W00,World,0,W00,World,H6,HS,True,39,Plastics and articles thereof,2,False,C00,TOTAL CPC,0,0,TOTAL MOT,-1,N/A,0.0,False,-1,N/A,0.0,False,0.0,True,0.0,False,,131450677813.0,131450677813.0,4,False,True
C,A,20230101,2023,52,2023,156,CHN,China,X,Export,0,W00,World,0,W00,World,H6,HS,True,40,Rubber and articles thereof,2,False,C00,TOTAL CPC,0,0,TOTAL MOT,-1,N/A,0.0,False,-1,N/A,0.0,False,0.0,True,0.0,False,,33649752367.0,33649752367.0,4,False,True
C,A,20230101,2023,52,2023,156,CHN,China,X,Export,0,W00,World,0,W00,World,H6,HS,True,73,Iron or steel articles,2,False,C00,TOTAL CPC,0,0,TOTAL MOT,-1,N/A,0.0,False,-1,N/A,0.0,False,0.0,True,0.0,False,,97180487067.0,97180487067.0,4,False,True
C,A,20230101,2023,52,2023,156,CHN,China,X,Export,0,W00,World,0,W00,World,H6,HS,True,90,"Optical, photographic, cinematographic, measuring, checking, medical or surgical instruments and apparatus; parts and accessories",2,False,C00,TOTAL CPC,0,0,TOTAL MOT,-1,N/A,0.0,False,-1,N/A,0.0,False,0.0,True,0.0,False,,69450100275.0,69450100275.0,4,False,True
C,A,20230101,2023,52,2023,156,CHN,China,X,Export,0,W00,World,0,W00,World,H6,HS,True,84,"Machinery and mechanical appliances, boilers, nuclear reactors; parts thereof",2,False,C00,TOTAL CPC,0,0,TOTAL MOT,-1,N/A,0.0,False,-1,N/A,0.0,False,0.0,True,0.0,False,,510620751739.0,510620751739.0,4,False,True
C,A,20230101,2023,52,2023,156,CHN,China,X,Export,0,W00,World,0,W00,World,H6,HS,True,85,"Electrical machinery and equipment and parts thereof; sound recorders and reproducers; television image and sound recorders and reproducers, parts and accessories of such articles",2,False,C00,TOTAL CPC,0,0,TOTAL MOT,-1,N/A,0.0,False,-1,N/A,0.0,False,0.0,True,0.0,False,,896418621480.0,896418621480.0,4,False,True
C,A,20230101,2023,52,2023,156,CHN,China,X,Export,0,W00,World,0,W00,World,H6,HS,True,47,Pulp of wood or other fibrous cellulosic material; recovered (waste and scrap) paper or paperboard,2,False,C00,TOTAL CPC,0,0,TOTAL MOT,-1,N/A,0.0,False,-1,N/A,0.0,False,0.0,False,0.0,False,,289035033.0,289035033.0,0,False,True
C,A,20230101,2023,52,2023,156,CHN,China,X,Export,0,W00,World,0,W00,World,H6,HS,True,02,Meat and edible meat offal,2,False,C00,TOTAL CPC,0,0,TOTAL MOT,-1,N/A,0.0,False,-1,N/A,0.0,False,0.0,False,0.0,False,,998692010.0,998692010.0,0,False,True
C,A,20230101,2023,52,2023,156,CHN,China,X,Export,0,W00,World,0,W00,World,H6,HS,True,99,Commodities not specified according to kind,2,False,C00,TOTAL CPC,0,0,TOTAL MOT,-1,N/A,0.0,False,-1,N/A,0.0,False,0.0,False,0.0,False,,69448741436.0,69448741436.0,0,False,True
C,A,20230101,2023,52,2023,704,VNM,Viet Nam,X,Export,0,W00,World,0,W00,World,H6,HS,True,99,Commodities not specified according to kind,2,False,C00,TOTAL CPC,0,0,TOTAL MOT,-1,N/A,0.0,False,-1,N/A,0.0,False,0.0,False,0.0,False,,5983819157.128,5983819157.128,0,False,True
C,A,20230101,2023,52,2023,704,VNM,Viet Nam,X,Export,0,W00,World,0,W00,World,H6,HS,True,79,Zinc and articles thereof,2,False,C00,TOTAL CPC,0,0,TOTAL MOT,-1,N/A,0.0,False,-1,N/A,0.0,False,0.0,True,0.0,False,,23384054.91,23384054.91,4,False,True
C,A,20230101,2023,52,2023,704,VNM,Viet Nam,X,Export,0,W00,World,0,W00,World,H6,HS,True,15,"Animal, vegetable or microbial fats and oils and their cleavage products; prepared edible fats; animal or vegetable waxes",2,False,C00,TOTAL CPC,0,0,TOTAL MOT,-1,N/A,0.0,False,-1,N/A,0.0,False,0.0,True,0.0,False,,617603456.444,617603456.444,4,False,True
C,A,20230101,2023,52,2023,704,VNM,Viet Nam,X,Export,0,W00,World,0,W00,World,H6,HS,True,18,Cocoa and cocoa preparations,2,False,C00,TOTAL CPC,0,0,TOTAL MOT,-1,N/A,0.0,False,-1,N/A,0.0,False,0.0,True,0.0,False,,37339623.584,37339623.584,4,False,True
C,A,20230101,2023,52,2023,704,VNM,Viet Nam,X,Export,0,W00,World,0,W00,World,H6,HS,True,55,Man-made staple fibres,2,False,C00,TOTAL CPC,0,0,TOTAL MOT,-1,N/A,0.0,False,-1,N/A,0.0,False,0.0,True,0.0,False,,637405354.095,637405354.095,4,False,True
C,A,20230101,2023,52,2023,704,VNM,Viet Nam,X,Export,0,W00,World,0,W00,World,H6,HS,True,02,Meat and edible meat offal,2,False,C00,TOTAL CPC,0,0,TOTAL MOT,-1,N/A,0.0,False,-1,N/A,0.0,False,0.0,True,0.0,False,,106768569.82,106768569.82,4,False,True
C,A,20230101,2023,52,2023,704,VNM,Viet Nam,X,Export,0,W00,World,0,W00,World,H6,HS,True,06,"Trees and other plants, live; bulbs, roots and the like; cut flowers and ornamental foliage",2,False,C00,TOTAL CPC,0,0,TOTAL MOT,-1,N/A,0.0,False,-1,N/A,0.0,False,0.0,True,0.0,False,,104233421.6,104233421.6,4,False,True
C,A,20230101,2023,52,2023,704,VNM,Viet Nam,X,Export,0,W00,World,0,W00,World,H6,HS,True,08,"Fruit and nuts, edible; peel of citrus fruit or melons",2,False,C00,TOTAL CPC,0,0,TOTAL MOT,-1,N/A,0.0,False,-1,N/A,0.0,False,0.0,True,0.0,False,,7018361014.728,7018361014.728,4,False,True
C,A,20230101,2023,52,2023,704,VNM,Viet Nam,X,Export,0,W00,World,0,W00,World,H6,HS,True,09,"Coffee, tea, mate and spices",2,False,C00,TOTAL CPC,0,0,TOTAL MOT,-1,N/A,0.0,False,-1,N/A,0.0,False,0.0,True,0.0,False,,4654920608.273,4654920608.273,4,False,True
C,A,20230101,2023,52,2023,704,VNM,Viet Nam,X,Export,0,W00,World,0,W00,World,H6,HS,True,16,"Meat, fish, crustaceans, molluscs or other aquatic invertebrates, or insects; preparations thereof",2,False,C00,TOTAL CPC,0,0,TOTAL MOT,-1,N/A,0.0,False,-1,N/A,0.0,False,0.0,True,0.0,False,,2398921207.295,2398921207.295,4,False,True
C,A,20230101,2023,52,2023,704,VNM,Viet Nam,X,Export,0,W00,World,0,W00,World,H6,HS,True,19,"Preparations of cereals, flour, starch or milk; pastrycooks' products",2,False,C00,TOTAL CPC,0,0,TOTAL MOT,-1,N/A,0.0,False,-1,N/A,0.0,False,0.0,True,0.0,False,,970223187.309,970223187.309,4,False,True
C,A,20230101,2023,52,2023,704,VNM,Viet Nam,X,Export,0,W00,World,0,W00,World,H6,HS,True,20,"Preparations of vegetables, fruit, nuts or other parts of plants",2,False,C00,TOTAL CPC,0,0,TOTAL MOT,-1,N/A,0.0,False,-1,N/A,0.0,False,0.0,True,0.0,False,,1673214606.484,1673214606.484,4,False,True
C,A,20230101,2023,52,2023,704,VNM,Viet Nam,X,Export,0,W00,World,0,W00,World,H6,HS,True,23,"Food industries, residues and wastes thereof; prepared animal fodder",2,False,C00,TOTAL CPC,0,0,TOTAL MOT,-1,N/A,0.0,False,-1,N/A,0.0,False,0.0,True,0.0,False,,1193137256.364,1193137256.364,4,False,True
C,A,20230101,2023,52,2023,704,VNM,Viet Nam,X,Export,0,W00,World,0,W00,World,H6,HS,True,46,"Manufactures of straw, esparto or other plaiting materials; basketware and wickerwork",2,False,C00,TOTAL CPC,0,0,TOTAL MOT,-1,N/A,0.0,False,-1,N/A,0.0,False,0.0,True,0.0,False,,323008231.317,323008231.317,4,False,True
C,A,20230101,2023,52,2023,704,VNM,Viet Nam,X,Export,0,W00,World,0,W00,World,H6,HS,True,48,"Paper and paperboard; articles of paper pulp, of paper or paperboard",2,False,C00,TOTAL CPC,0,0,TOTAL MOT,-1,N/A,0.0,False,-1,N/A,0.0,False,0.0,True,0.0,False,,2085771708.036,2085771708.036,4,False,True
C,A,20230101,2023,52,2023,704,VNM,Viet Nam,X,Export,0,W00,World,0,W00,World,H6,HS,True,51,"Wool, fine or coarse animal hair; horsehair yarn and woven fabric",2,False,C00,TOTAL CPC,0,0,TOTAL MOT,-1,N/A,0.0,False,-1,N/A,0.0,False,0.0,True,0.0,False,,33811943.118,33811943.118,4,False,True
C,A,20230101,2023,52,2023,704,VNM,Viet Nam,X,Export,0,W00,World,0,W00,World,H6,HS,True,52,Cotton,2,False,C00,TOTAL CPC,0,0,TOTAL MOT,-1,N/A,0.0,False,-1,N/A,0.0,False,0.0,True,0.0,False,,3047329099.093,3047329099.093,4,False,True
C,A,20230101,2023,52,2023,704,VNM,Viet Nam,X,Export,0,W00,World,0,W00,World,H6,HS,True,60,Fabrics; knitted or crocheted,2,False,C00,TOTAL CPC,0,0,TOTAL MOT,-1,N/A,0.0,False,-1,N/A,0.0,False,0.0,True,0.0,False,,1252387884.391,1252387884.391,4,False,True
C,A,20230101,2023,52,2023,704,VNM,Viet Nam,X,Export,0,W00,World,0,W00,World,H6,HS,True,63,"Textiles, made up articles; sets; worn clothing and worn textile articles; rags",2,False,C00,TOTAL CPC,0,0,TOTAL MOT,-1,N/A,0.0,False,-1,N/A,0.0,False,0.0,True,0.0,False,,1903412422.413,1903412422.413,4,False,True
C,A,20230101,2023,52,2023,704,VNM,Viet Nam,X,Export,0,W00,World,0,W00,World,H6,HS,True,10,Cereals,2,False,C00,TOTAL CPC,0,0,TOTAL MOT,-1,N/A,0.0,False,-1,N/A,0.0,False,0.0,True,0.0,False,,4510904312.307,4510904312.307,4,False,True
C,A,20230101,2023,52,2023,704,VNM,Viet Nam,X,Export,0,W00,World,0,W00,World,H6,HS,True,36,Explosives; pyrotechnic products; matches; pyrophoric alloys; certain combustible preparations,2,False,C00,TOTAL CPC,0,0,TOTAL MOT,-1,N/A,0.0,False,-1,N/A,0.0,False,0.0,True,0.0,False,,5093045.64,5093045.64,4,False,True
C,A,20230101,2023,52,2023,704,VNM,Viet Nam,X,Export,0,W00,World,0,W00,World,H6,HS,True,50,Silk,2,False,C00,TOTAL CPC,0,0,TOTAL MOT,-1,N/A,0.0,False,-1,N/A,0.0,False,0.0,True,0.0,False,,152962706.297,152962706.297,4,False,True
C,A,20230101,2023,52,2023,704,VNM,Viet Nam,X,Export,0,W00,World,0,W00,World,H6,HS,True,53,Vegetable textile fibres; paper yarn and woven fabrics of paper yarn,2,False,C00,TOTAL CPC,0,0,TOTAL MOT,-1,N/A,0.0,False,-1,N/A,0.0,False,0.0,True,0.0,False,,36985568.938,36985568.938,4,False,True
C,A,20230101,2023,52,2023,704,VNM,Viet Nam,X,Export,0,W00,World,0,W00,World,H6,HS,True,76,Aluminium and articles thereof,2,False,C00,TOTAL CPC,0,0,TOTAL MOT,-1,N/A,0.0,False,-1,N/A,0.0,False,0.0,True,0.0,False,,2146228558.147,2146228558.147,4,False,True
C,A,20230101,2023,52,2023,704,VNM,Viet Nam,X,Export,0,W00,World,0,W00,World,H6,HS,True,11,"Products of the milling industry; malt, starches, inulin, wheat gluten",2,False,C00,TOTAL CPC,0,0,TOTAL MOT,-1,N/A,0.0,False,-1,N/A,0.0,False,0.0,True,0.0,False,,1262082250.265,1262082250.265,4,False,True
C,A,20230101,2023,52,2023,704,VNM,Viet Nam,X,Export,0,W00,World,0,W00,World,H6,HS,True,31,Fertilizers,2,False,C00,TOTAL CPC,0,0,TOTAL MOT,-1,N/A,0.0,False,-1,N/A,0.0,False,0.0,True,0.0,False,,616862991.077,616862991.077,4,False,True
C,A,20230101,2023,52,2023,704,VNM,Viet Nam,X,Export,0,W00,World,0,W00,World,H6,HS,True,34,"Soap, organic surface-active agents; washing, lubricating, polishing or scouring preparations; artificial or prepared waxes, candles and similar articles, modelling pastes, dental waxes and dental preparations with a basis of plaster",2,False,C00,TOTAL CPC,0,0,TOTAL MOT,-1,N/A,0.0,False,-1,N/A,0.0,False,0.0,True,0.0,False,,775464873.284,775464873.284,4,False,True
C,A,20230101,2023,52,2023,704,VNM,Viet Nam,X,Export,0,W00,World,0,W00,World,H6,HS,True,21,Miscellaneous edible preparations,2,False,C00,TOTAL CPC,0,0,TOTAL MOT,-1,N/A,0.0,False,-1,N/A,0.0,False,0.0,True,0.0,False,,1215060740.911,1215060740.911,4,False,True
C,A,20230101,2023,52,2023,704,VNM,Viet Nam,X,Export,0,W00,World,0,W00,World,H6,HS,True,61,Apparel and clothing accessories; knitted or crocheted,2,False,C00,TOTAL CPC,0,0,TOTAL MOT,-1,N/A,0.0,False,-1,N/A,0.0,False,,False,0.0,False,,14763153535.708,14763153535.708,0,False,True
C,A,20230101,2023,52,2023,704,VNM,Viet Nam,X,Export,0,W00,World,0,W00,World,H6,HS,True,82,"Tools, implements, cutlery, spoons and forks, of base metal; parts thereof, of base metal",2,False,C00,TOTAL CPC,0,0,TOTAL MOT,-1,N/A,0.0,False,-1,N/A,0.0,False,,False,0.0,False,,856883583.247,856883583.247,0,False,True
C,A,20230101,2023,52,2023,704,VNM,Viet Nam,X,Export,0,W00,World,0,W00,World,H6,HS,True,35,Albuminoidal substances; modified starches; glues; enzymes,2,False,C00,TOTAL CPC,0,0,TOTAL MOT,-1,N/A,0.0,False,-1,N/A,0.0,False,,False,0.0,False,,312906819.64,312906819.64,0,False,True
C,A,20230101,2023,52,2023,704,VNM,Viet Nam,X,Export,0,W00,World,0,W00,World,H6,HS,True,38,Chemical products n.e.c.,2,False,C00,TOTAL CPC,0,0,TOTAL MOT,-1,N/A,0.0,False,-1,N/A,0.0,False,,False,0.0,False,,1667019654.441,1667019654.441,0,False,True
C,A,20230101,2023,52,2023,704,VNM,Viet Nam,X,Export,0,W00,World,0,W00,World,H6,HS,True,41,Raw hides and skins (other than furskins) and leather,2,False,C00,TOTAL CPC,0,0,TOTAL MOT,-1,N/A,0.0,False,-1,N/A,0.0,False,,False,0.0,False,,387771257.312,387771257.312,0,False,True
C,A,20230101,2023,52,2023,704,VNM,Viet Nam,X,Export,0,W00,World,0,W00,World,H6,HS,True,58,"Fabrics; special woven fabrics, tufted textile fabrics, lace, tapestries, trimmings, embroidery",2,False,C00,TOTAL CPC,0,0,TOTAL MOT,-1,N/A,0.0,False,-1,N/A,0.0,False,,False,0.0,False,,164411777.595,164411777.595,0,False,True
C,A,20230101,2023,52,2023,704,VNM,Viet Nam,X,Export,0,W00,World,0,W00,World,H6,HS,True,03,"Fish and crustaceans, molluscs and other aquatic invertebrates",2,False,C00,TOTAL CPC,0,0,TOTAL MOT,-1,N/A,0.0,False,-1,N/A,0.0,False,,False,0.0,False,,6463382524.355,6463382524.355,0,False,True
C,A,20230101,2023,52,2023,704,VNM,Viet Nam,X,Export,0,W00,World,0,W00,World,H6,HS,True,05,Animal originated products; not elsewhere specified or included,2,False,C00,TOTAL CPC,0,0,TOTAL MOT,-1,N/A,0.0,False,-1,N/A,0.0,False,,False,0.0,False,,89769465.896,89769465.896,0,False,True
C,A,20230101,2023,52,2023,704,VNM,Viet Nam,X,Export,0,W00,World,0,W00,World,H6,HS,True,12,"Oil seeds and oleaginous fruits; miscellaneous grains, seeds and fruit, industrial or medicinal plants; straw and fodder",2,False,C00,TOTAL CPC,0,0,TOTAL MOT,-1,N/A,0.0,False,-1,N/A,0.0,False,,False,0.0,False,,317756725.177,317756725.177,0,False,True
C,A,20230101,2023,52,2023,704,VNM,Viet Nam,X,Export,0,W00,World,0,W00,World,H6,HS,True,22,"Beverages, spirits and vinegar",2,False,C00,TOTAL CPC,0,0,TOTAL MOT,-1,N/A,0.0,False,-1,N/A,0.0,False,,False,0.0,False,,376400002.913,376400002.913,0,False,True
C,A,20230101,2023,52,2023,704,VNM,Viet Nam,X,Export,0,W00,World,0,W00,World,H6,HS,True,25,"Salt; sulphur; earths, stone; plastering materials, lime and cement",2,False,C00,TOTAL CPC,0,0,TOTAL MOT,-1,N/A,0.0,False,-1,N/A,0.0,False,,False,0.0,False,,1567013382.924,1567013382.924,0,False,True
C,A,20230101,2023,52,2023,704,VNM,Viet Nam,X,Export,0,W00,World,0,W00,World,H6,HS,True,26,"Ores, slag and ash",2,False,C00,TOTAL CPC,0,0,TOTAL MOT,-1,N/A,0.0,False,-1,N/A,0.0,False,,False,0.0,False,,107496094.781,107496094.781,0,False,True
C,A,20230101,2023,52,2023,704,VNM,Viet Nam,X,Export,0,W00,World,0,W00,World,H6,HS,True,28,"Inorganic chemicals; organic and inorganic compounds of precious metals; of rare earth metals, of radio-active elements and of isotopes",2,False,C00,TOTAL CPC,0,0,TOTAL MOT,-1,N/A,0.0,False,-1,N/A,0.0,False,,False,0.0,False,,1510606567.905,1510606567.905,0,False,True
C,A,20230101,2023,52,2023,704,VNM,Viet Nam,X,Export,0,W00,World,0,W00,World,H6,HS,True,29,Organic chemicals,2,False,C00,TOTAL CPC,0,0,TOTAL MOT,-1,N/A,0.0,False,-1,N/A,0.0,False,,False,0.0,False,,746038474.732,746038474.732,0,False,True
C,A,20230101,2023,52,2023,704,VNM,Viet Nam,X,Export,0,W00,World,0,W00,World,H6,HS,True,32,"Tanning or dyeing extracts; tannins and their derivatives; dyes, pigments and other colouring matter; paints, varnishes; putty, other mastics; inks",2,False,C00,TOTAL CPC,0,0,TOTAL MOT,-1,N/A,0.0,False,-1,N/A,0.0,False,,False,0.0,False,,214048740.228,214048740.228,0,False,True
C,A,20230101,2023,52,2023,704,VNM,Viet Nam,X,Export,0,W00,World,0,W00,World,H6,HS,True,39,Plastics and articles thereof,2,False,C00,TOTAL CPC,0,0,TOTAL MOT,-1,N/A,0.0,False,-1,N/A,0.0,False,,False,0.0,False,,7429230898.818,7429230898.818,0,False,True
C,A,20230101,2023,52,2023,704,VNM,Viet Nam,X,Export,0,W00,World,0,W00,World,H6,HS,True,40,Rubber and articles thereof,2,False,C00,TOTAL CPC,0,0,TOTAL MOT,-1,N/A,0.0,False,-1,N/A,0.0,False,,False,0.0,False,,6304476354.953,6304476354.953,0,False,True
C,A,20230101,2023,52,2023,704,VNM,Viet Nam,X,Export,0,W00,World,0,W00,World,H6,HS,True,42,"Articles of leather; saddlery and harness; travel goods, handbags and similar containers; articles of animal gut (other than silk-worm gut)",2,False,C00,TOTAL CPC,0,0,TOTAL MOT,-1,N/A,0.0,False,-1,N/A,0.0,False,,False,0.0,False,,3225153932.88,3225153932.88,0,False,True
C,A,20230101,2023,52,2023,704,VNM,Viet Nam,X,Export,0,W00,World,0,W00,World,H6,HS,True,43,Furskins and artificial fur; manufactures thereof,2,False,C00,TOTAL CPC,0,0,TOTAL MOT,-1,N/A,0.0,False,-1,N/A,0.0,False,,False,0.0,False,,4383135.973,4383135.973,0,False,True
C,A,20230101,2023,52,2023,704,VNM,Viet Nam,X,Export,0,W00,World,0,W00,World,H6,HS,True,45,Cork and articles of cork,2,False,C00,TOTAL CPC,0,0,TOTAL MOT,-1,N/A,0.0,False,-1,N/A,0.0,False,,False,0.0,False,,1618524.743,1618524.743,0,False,True
C,A,20230101,2023,52,2023,704,VNM,Viet Nam,X,Export,0,W00,World,0,W00,World,H6,HS,True,49,"Printed books, newspapers, pictures and other products of the printing industry; manuscripts, typescripts and plans",2,False,C00,TOTAL CPC,0,0,TOTAL MOT,-1,N/A,0.0,False,-1,N/A,0.0,False,,False,0.0,False,,133812962.131,133812962.131,0,False,True
C,A,20230101,2023,52,2023,704,VNM,Viet Nam,X,Export,0,W00,World,0,W00,World,H6,HS,True,59,"Textile fabrics; impregnated, coated, covered or laminated; textile articles of a kind suitable for industrial use",2,False,C00,TOTAL CPC,0,0,TOTAL MOT,-1,N/A,0.0,False,-1,N/A,0.0,False,,False,0.0,False,,815401321.738,815401321.738,0,False,True
C,A,20230101,2023,52,2023,704,VNM,Viet Nam,X,Export,0,W00,World,0,W00,World,H6,HS,True,62,Apparel and clothing accessories; not knitted or crocheted,2,False,C00,TOTAL CPC,0,0,TOTAL MOT,-1,N/A,0.0,False,-1,N/A,0.0,False,,False,0.0,False,,15315313547.22,15315313547.22,0,False,True
C,A,20230101,2023,52,2023,704,VNM,Viet Nam,X,Export,0,W00,World,0,W00,World,H6,HS,True,65,Headgear and parts thereof,2,False,C00,TOTAL CPC,0,0,TOTAL MOT,-1,N/A,0.0,False,-1,N/A,0.0,False,,False,0.0,False,,707134842.775,707134842.775,0,False,True
C,A,20230101,2023,52,2023,704,VNM,Viet Nam,X,Export,0,W00,World,0,W00,World,H6,HS,True,66,"Umbrellas, sun umbrellas, walking-sticks, seat sticks, whips, riding crops; and parts thereof",2,False,C00,TOTAL CPC,0,0,TOTAL MOT,-1,N/A,0.0,False,-1,N/A,0.0,False,,False,0.0,False,,14620513.603,14620513.603,0,False,True
C,A,20230101,2023,52,2023,704,VNM,Viet Nam,X,Export,0,W00,World,0,W00,World,H6,HS,True,68,"Stone, plaster, cement, asbestos, mica or similar materials; articles thereof",2,False,C00,TOTAL CPC,0,0,TOTAL MOT,-1,N/A,0.0,False,-1,N/A,0.0,False,,False,0.0,False,,685011992.771,685011992.771,0,False,True
C,A,20230101,2023,52,2023,704,VNM,Viet Nam,X,Export,0,W00,World,0,W00,World,H6,HS,True,69,Ceramic products,2,False,C00,TOTAL CPC,0,0,TOTAL MOT,-1,N/A,0.0,False,-1,N/A,0.0,False,,False,0.0,False,,611236424.49,611236424.49,0,False,True
C,A,20230101,2023,52,2023,704,VNM,Viet Nam,X,Export,0,W00,World,0,W00,World,H6,HS,True,71,"Natural, cultured pearls; precious, semi-precious stones; precious metals, metals clad with precious metal, and articles thereof; imitation jewellery; coin",2,False,C00,TOTAL CPC,0,0,TOTAL MOT,-1,N/A,0.0,False,-1,N/A,0.0,False,,False,0.0,False,,1058223324.472,1058223324.472,0,False,True
C,A,20230101,2023,52,2023,704,VNM,Viet Nam,X,Export,0,W00,World,0,W00,World,H6,HS,True,72,Iron and steel,2,False,C00,TOTAL CPC,0,0,TOTAL MOT,-1,N/A,0.0,False,-1,N/A,0.0,False,,False,0.0,False,,8511999071.407,8511999071.407,0,False,True
C,A,20230101,2023,52,2023,704,VNM,Viet Nam,X,Export,0,W00,World,0,W00,World,H6,HS,True,75,Nickel and articles thereof,2,False,C00,TOTAL CPC,0,0,TOTAL MOT,-1,N/A,0.0,False,-1,N/A,0.0,False,,False,0.0,False,,15535794.877,15535794.877,0,False,True
C,A,20230101,2023,52,2023,704,VNM,Viet Nam,X,Export,0,W00,World,0,W00,World,H6,HS,True,80,Tin; articles thereof,2,False,C00,TOTAL CPC,0,0,TOTAL MOT,-1,N/A,0.0,False,-1,N/A,0.0,False,,False,0.0,False,,11250113.941,11250113.941,0,False,True
C,A,20230101,2023,52,2023,704,VNM,Viet Nam,X,Export,0,W00,World,0,W00,World,H6,HS,True,83,Metal; miscellaneous products of base metal,2,False,C00,TOTAL CPC,0,0,TOTAL MOT,-1,N/A,0.0,False,-1,N/A,0.0,False,,False,0.0,False,,923052198.492,923052198.492,0,False,True
C,A,20230101,2023,52,2023,704,VNM,Viet Nam,X,Export,0,W00,World,0,W00,World,H6,HS,True,84,"Machinery and mechanical appliances, boilers, nuclear reactors; parts thereof",2,False,C00,TOTAL CPC,0,0,TOTAL MOT,-1,N/A,0.0,False,-1,N/A,0.0,False,,False,0.0,False,,32232797530.249,32232797530.249,0,False,True
C,A,20230101,2023,52,2023,704,VNM,Viet Nam,X,Export,0,W00,World,0,W00,World,H6,HS,True,86,"Railway, tramway locomotives, rolling-stock and parts thereof; railway or tramway track fixtures and fittings and parts thereof; mechanical (including electro-mechanical) traffic signalling equipment of all kinds",2,False,C00,TOTAL CPC,0,0,TOTAL MOT,-1,N/A,0.0,False,-1,N/A,0.0,False,,False,0.0,False,,13667376.993,13667376.993,0,False,True
C,A,20230101,2023,52,2023,704,VNM,Viet Nam,X,Export,0,W00,World,0,W00,World,H6,HS,True,87,"Vehicles; other than railway or tramway rolling stock, and parts and accessories thereof",2,False,C00,TOTAL CPC,0,0,TOTAL MOT,-1,N/A,0.0,False,-1,N/A,0.0,False,,False,0.0,False,,4867985274.763,4867985274.763,0,False,True
C,A,20230101,2023,52,2023,704,VNM,Viet Nam,X,Export,0,W00,World,0,W00,World,H6,HS,True,89,"Ships, boats and floating structures",2,False,C00,TOTAL CPC,0,0,TOTAL MOT,-1,N/A,0.0,False,-1,N/A,0.0,False,,False,0.0,False,,1134574225.18,1134574225.18,0,False,True
C,A,20230101,2023,52,2023,704,VNM,Viet Nam,X,Export,0,W00,World,0,W00,World,H6,HS,True,90,"Optical, photographic, cinematographic, measuring, checking, medical or surgical instruments and apparatus; parts and accessories",2,False,C00,TOTAL CPC,0,0,TOTAL MOT,-1,N/A,0.0,False,-1,N/A,0.0,False,,False,0.0,False,,4326198060.802,4326198060.802,0,False,True
C,A,20230101,2023,52,2023,704,VNM,Viet Nam,X,Export,0,W00,World,0,W00,World,H6,HS,True,92,Musical instruments; parts and accessories of such articles,2,False,C00,TOTAL CPC,0,0,TOTAL MOT,-1,N/A,0.0,False,-1,N/A,0.0,False,,False,0.0,False,,24817944.384,24817944.384,0,False,True
C,A,20230101,2023,52,2023,704,VNM,Viet Nam,X,Export,0,W00,World,0,W00,World,H6,HS,True,93,Arms and ammunition; parts and accessories thereof,2,False,C00,TOTAL CPC,0,0,TOTAL MOT,-1,N/A,0.0,False,-1,N/A,0.0,False,,False,0.0,False,,275892.0,275892.0,0,False,True
C,A,20230101,2023,52,2023,704,VNM,Viet Nam,X,Export,0,W00,World,0,W00,World,H6,HS,True,96,Miscellaneous manufactured articles,2,False,C00,TOTAL CPC,0,0,TOTAL MOT,-1,N/A,0.0,False,-1,N/A,0.0,False,,False,0.0,False,,602329763.031,602329763.031,0,False,True
C,A,20230101,2023,52,2023,704,VNM,Viet Nam,X,Export,0,W00,World,0,W00,World,H6,HS,True,13,"Lac; gums, resins and other vegetable saps and extracts",2,False,C00,TOTAL CPC,0,0,TOTAL MOT,-1,N/A,0.0,False,-1,N/A,0.0,False,,False,0.0,False,,94893126.407,94893126.407,0,False,True
C,A,20230101,2023,52,2023,704,VNM,Viet Nam,X,Export,0,W00,World,0,W00,World,H6,HS,True,30,Pharmaceutical products,2,False,C00,TOTAL CPC,0,0,TOTAL MOT,-1,N/A,0.0,False,-1,N/A,0.0,False,,False,0.0,False,,258648398.148,258648398.148,0,False,True
C,A,20230101,2023,52,2023,704,VNM,Viet Nam,X,Export,0,W00,World,0,W00,World,H6,HS,True,33,"Essential oils and resinoids; perfumery, cosmetic or toilet preparations",2,False,C00,TOTAL CPC,0,0,TOTAL MOT,-1,N/A,0.0,False,-1,N/A,0.0,False,,False,0.0,False,,318305058.111,318305058.111,0,False,True
C,A,20230101,2023,52,2023,704,VNM,Viet Nam,X,Export,0,W00,World,0,W00,World,H6,HS,True,56,"Wadding, felt and nonwovens, special yarns; twine, cordage, ropes and cables and articles thereof",2,False,C00,TOTAL CPC,0,0,TOTAL MOT,-1,N/A,0.0,False,-1,N/A,0.0,False,,False,0.0,False,,452399822.036,452399822.036,0,False,True
C,A,20230101,2023,52,2023,704,VNM,Viet Nam,X,Export,0,W00,World,0,W00,World,H6,HS,True,70,Glass and glassware,2,False,C00,TOTAL CPC,0,0,TOTAL MOT,-1,N/A,0.0,False,-1,N/A,0.0,False,,False,0.0,False,,839653919.763,839653919.763,0,False,True
C,A,20230101,2023,52,2023,704,VNM,Viet Nam,X,Export,0,W00,World,0,W00,World,H6,HS,True,73,Iron or steel articles,2,False,C00,TOTAL CPC,0,0,TOTAL MOT,-1,N/A,0.0,False,-1,N/A,0.0,False,,False,0.0,False,,3955258357.08,3955258357.08,0,False,True
C,A,20230101,2023,52,2023,704,VNM,Viet Nam,X,Export,0,W00,World,0,W00,World,H6,HS,True,94,"Furniture; bedding, mattresses, mattress supports, cushions and similar stuffed furnishings; lamps and lighting fittings, n.e.c.; illuminated signs, illuminated name-plates and the like; prefabricated buildings",2,False,C00,TOTAL CPC,0,0,TOTAL MOT,-1,N/A,0.0,False,-1,N/A,0.0,False,,False,0.0,False,,12076884995.61,12076884995.61,0,False,True
C,A,20230101,2023,52,2023,704,VNM,Viet Nam,X,Export,0,W00,World,0,W00,World,H6,HS,True,97,Works of art; collectors' pieces and antiques,2,False,C00,TOTAL CPC,0,0,TOTAL MOT,-1,N/A,0.0,False,-1,N/A,0.0,False,,False,0.0,False,,1313767.806,1313767.806,0,False,True
C,A,20230101,2023,52,2023,704,VNM,Viet Nam,X,Export,0,W00,World,0,W00,World,H6,HS,True,37,Photographic or cinematographic goods,2,False,C00,TOTAL CPC,0,0,TOTAL MOT,-1,N/A,0.0,False,-1,N/A,0.0,False,,False,0.0,False,,714409.781,714409.781,0,False,True
C,A,20230101,2023,52,2023,704,VNM,Viet Nam,X,Export,0,W00,World,0,W00,World,H6,HS,True,54,Man-made filaments; strip and the like of man-made textile materials,2,False,C00,TOTAL CPC,0,0,TOTAL MOT,-1,N/A,0.0,False,-1,N/A,0.0,False,,False,0.0,False,,1351303512.687,1351303512.687,0,False,True
C,A,20230101,2023,52,2023,704,VNM,Viet Nam,X,Export,0,W00,World,0,W00,World,H6,HS,True,57,Carpets and other textile floor coverings,2,False,C00,TOTAL CPC,0,0,TOTAL MOT,-1,N/A,0.0,False,-1,N/A,0.0,False,,False,0.0,False,,390198530.917,390198530.917,0,False,True
C,A,20230101,2023,52,2023,704,VNM,Viet Nam,X,Export,0,W00,World,0,W00,World,H6,HS,True,74,Copper and articles thereof,2,False,C00,TOTAL CPC,0,0,TOTAL MOT,-1,N/A,0.0,False,-1,N/A,0.0,False,,False,0.0,False,,1844287611.632,1844287611.632,0,False,True
C,A,20230101,2023,52,2023,704,VNM,Viet Nam,X,Export,0,W00,World,0,W00,World,H6,HS,True,78,Lead and articles thereof,2,False,C00,TOTAL CPC,0,0,TOTAL MOT,-1,N/A,0.0,False,-1,N/A,0.0,False,,False,0.0,False,,45939202.492,45939202.492,0,False,True
C,A,20230101,2023,52,2023,704,VNM,Viet Nam,X,Export,0,W00,World,0,W00,World,H6,HS,True,81,"Metals; n.e.c., cermets and articles thereof",2,False,C00,TOTAL CPC,0,0,TOTAL MOT,-1,N/A,0.0,False,-1,N/A,0.0,False,,False,0.0,False,,71674479.562,71674479.562,0,False,True
C,A,20230101,2023,52,2023,704,VNM,Viet Nam,X,Export,0,W00,World,0,W00,World,H6,HS,True,95,"Toys, games and sports requisites; parts and accessories thereof",2,False,C00,TOTAL CPC,0,0,TOTAL MOT,-1,N/A,0.0,False,-1,N/A,0.0,False,,False,0.0,False,,3646309382.311,3646309382.311,0,False,True
C,A,20230101,2023,52,2023,704,VNM,Viet Nam,X,Export,0,W00,World,0,W00,World,H6,HS,True,14,Vegetable plaiting materials; vegetable products not elsewhere specified or included,2,False,C00,TOTAL CPC,0,0,TOTAL MOT,-1,N/A,0.0,False,-1,N/A,0.0,False,,False,0.0,False,,31682162.977,31682162.977,0,False,True
C,A,20230101,2023,52,2023,704,VNM,Viet Nam,X,Export,0,W00,World,0,W00,World,H6,HS,True,17,Sugars and sugar confectionery,2,False,C00,TOTAL CPC,0,0,TOTAL MOT,-1,N/A,0.0,False,-1,N/A,0.0,False,,False,0.0,False,,268460403.438,268460403.438,0,False,True
C,A,20230101,2023,52,2023,704,VNM,Viet Nam,X,Export,0,W00,World,0,W00,World,H6,HS,True,01,Animals; live,2,False,C00,TOTAL CPC,0,0,TOTAL MOT,-1,N/A,0.0,False,-1,N/A,0.0,False,,False,0.0,False,,49042328.748,49042328.748,0,False,True
C,A,20230101,2023,52,2023,704,VNM,Viet Nam,X,Export,0,W00,World,0,W00,World,H6,HS,True,04,"Dairy produce; birds' eggs; natural honey; edible products of animal origin, not elsewhere specified or included",2,False,C00,TOTAL CPC,0,0,TOTAL MOT,-1,N/A,0.0,False,-1,N/A,0.0,False,,False,0.0,False,,188664548.052,188664548.052,0,False,True
C,A,20230101,2023,52,2023,704,VNM,Viet Nam,X,Export,0,W00,World,0,W00,World,H6,HS,True,07,Vegetables and certain roots and tubers; edible,2,False,C00,TOTAL CPC,0,0,TOTAL MOT,-1,N/A,0.0,False,-1,N/A,0.0,False,,False,0.0,False,,508087238.269,508087238.269,0,False,True
C,A,20230101,2023,52,2023,704,VNM,Viet Nam,X,Export,0,W00,World,0,W00,World,H6,HS,True,24,"Tobacco and manufactured tobacco substitutes; products, whether or not containing nicotine, intended for inhalation without combustion; other nicotine containing products intended for the intake of nicotine into the human body",2,False,C00,TOTAL CPC,0,0,TOTAL MOT,-1,N/A,0.0,False,-1,N/A,0.0,False,,False,0.0,False,,315713383.396,315713383.396,0,False,True
C,A,20230101,2023,52,2023,704,VNM,Viet Nam,X,Export,0,W00,World,0,W00,World,H6,HS,True,27,"Mineral fuels, mineral oils and products of their distillation; bituminous substances; mineral waxes",2,False,C00,TOTAL CPC,0,0,TOTAL MOT,-1,N/A,0.0,False,-1,N/A,0.0,False,,False,0.0,False,,3367457162.036,3367457162.036,0,False,True
C,A,20230101,2023,52,2023,704,VNM,Viet Nam,X,Export,0,W00,World,0,W00,World,H6,HS,True,44,Wood and articles of wood; wood charcoal,2,False,C00,TOTAL CPC,0,0,TOTAL MOT,-1,N/A,0.0,False,-1,N/A,0.0,False,,False,0.0,False,,5072865851.831,5072865851.831,0,False,True
C,A,20230101,2023,52,2023,704,VNM,Viet Nam,X,Export,0,W00,World,0,W00,World,H6,HS,True,47,Pulp of wood or other fibrous cellulosic material; recovered (waste and scrap) paper or paperboard,2,False,C00,TOTAL CPC,0,0,TOTAL MOT,-1,N/A,0.0,False,-1,N/A,0.0,False,,False,0.0,False,,19386983.915,19386983.915,0,False,True
C,A,20230101,2023,52,2023,704,VNM,Viet Nam,X,Export,0,W00,World,0,W00,World,H6,HS,True,64,Footwear; gaiters and the like; parts of such articles,2,False,C00,TOTAL CPC,0,0,TOTAL MOT,-1,N/A,0.0,False,-1,N/A,0.0,False,,False,0.0,False,,20768518981.547,20768518981.547,0,False,True
C,A,20230101,2023,52,2023,704,VNM,Viet Nam,X,Export,0,W00,World,0,W00,World,H6,HS,True,67,"Feathers and down, prepared; and articles made of feather or of down; artificial flowers; articles of human hair",2,False,C00,TOTAL CPC,0,0,TOTAL MOT,-1,N/A,0.0,False,-1,N/A,0.0,False,,False,0.0,False,,89673130.184,89673130.184,0,False,True
C,A,20230101,2023,52,2023,704,VNM,Viet Nam,X,Export,0,W00,World,0,W00,World,H6,HS,True,85,"Electrical machinery and equipment and parts thereof; sound recorders and reproducers; television image and sound recorders and reproducers, parts and accessories of such articles",2,False,C00,TOTAL CPC,0,0,TOTAL MOT,-1,N/A,0.0,False,-1,N/A,0.0,False,,False,0.0,False,,132718319347.343,132718319347.343,0,False,True
C,A,20230101,2023,52,2023,704,VNM,Viet Nam,X,Export,0,W00,World,0,W00,World,H6,HS,True,88,"Aircraft, spacecraft, and parts thereof",2,False,C00,TOTAL CPC,0,0,TOTAL MOT,-1,N/A,0.0,False,-1,N/A,0.0,False,,False,0.0,False,,740442661.429,740442661.429,0,False,True
C,A,20230101,2023,52,2023,704,VNM,Viet Nam,X,Export,0,W00,World,0,W00,World,H6,HS,True,91,Clocks and watches and parts thereof,2,False,C00,TOTAL CPC,0,0,TOTAL MOT,-1,N/A,0.0,False,-1,N/A,0.0,False,,False,0.0,False,,289957055.685,289957055.685,0,False,True
C,A,20230101,2023,52,2023,699,IND,India,X,Export,0,W00,World,0,W00,World,H6,HS,True,15,"Animal, vegetable or microbial fats and oils and their cleavage products; prepared edible fats; animal or vegetable waxes",2,False,C00,TOTAL CPC,0,0,TOTAL MOT,-1,N/A,0.0,False,-1,N/A,0.0,False,0.0,True,0.0,False,,1910718281.018,1910718281.018,4,False,True
C,A,20230101,2023,52,2023,699,IND,India,X,Export,0,W00,World,0,W00,World,H6,HS,True,18,Cocoa and cocoa preparations,2,False,C00,TOTAL CPC,0,0,TOTAL MOT,-1,N/A,0.0,False,-1,N/A,0.0,False,0.0,True,0.0,False,,171057755.368,171057755.368,4,False,True
C,A,20230101,2023,52,2023,699,IND,India,X,Export,0,W00,World,0,W00,World,H6,HS,True,35,Albuminoidal substances; modified starches; glues; enzymes,2,False,C00,TOTAL CPC,0,0,TOTAL MOT,-1,N/A,0.0,False,-1,N/A,0.0,False,0.0,True,0.0,False,,399474385.287,399474385.287,4,False,True
C,A,20230101,2023,52,2023,699,IND,India,X,Export,0,W00,World,0,W00,World,H6,HS,True,38,Chemical products n.e.c.,2,False,C00,TOTAL CPC,0,0,TOTAL MOT,-1,N/A,0.0,False,-1,N/A,0.0,False,0.0,True,0.0,False,,6637077786.388,6637077786.388,4,False,True
C,A,20230101,2023,52,2023,699,IND,India,X,Export,0,W00,World,0,W00,World,H6,HS,True,41,Raw hides and skins (other than furskins) and leather,2,False,C00,TOTAL CPC,0,0,TOTAL MOT,-1,N/A,0.0,False,-1,N/A,0.0,False,0.0,True,0.0,False,,447667774.533,447667774.533,4,False,True
C,A,20230101,2023,52,2023,699,IND,India,X,Export,0,W00,World,0,W00,World,H6,HS,True,55,Man-made staple fibres,2,False,C00,TOTAL CPC,0,0,TOTAL MOT,-1,N/A,0.0,False,-1,N/A,0.0,False,0.0,True,0.0,False,,1677552537.217,1677552537.217,4,False,True
C,A,20230101,2023,52,2023,699,IND,India,X,Export,0,W00,World,0,W00,World,H6,HS,True,58,"Fabrics; special woven fabrics, tufted textile fabrics, lace, tapestries, trimmings, embroidery",2,False,C00,TOTAL CPC,0,0,TOTAL MOT,-1,N/A,0.0,False,-1,N/A,0.0,False,0.0,True,0.0,False,,366904389.26,366904389.26,4,False,True
C,A,20230101,2023,52,2023,699,IND,India,X,Export,0,W00,World,0,W00,World,H6,HS,True,79,Zinc and articles thereof,2,False,C00,TOTAL CPC,0,0,TOTAL MOT,-1,N/A,0.0,False,-1,N/A,0.0,False,0.0,True,0.0,False,,888394866.322,888394866.322,4,False,True
C,A,20230101,2023,52,2023,699,IND,India,X,Export,0,W00,World,0,W00,World,H6,HS,True,61,Apparel and clothing accessories; knitted or crocheted,2,False,C00,TOTAL CPC,0,0,TOTAL MOT,-1,N/A,0.0,False,-1,N/A,0.0,False,,False,0.0,False,,6662122700.291,6662122700.291,0,False,True
C,A,20230101,2023,52,2023,699,IND,India,X,Export,0,W00,World,0,W00,World,H6,HS,True,82,"Tools, implements, cutlery, spoons and forks, of base metal; parts thereof, of base metal",2,False,C00,TOTAL CPC,0,0,TOTAL MOT,-1,N/A,0.0,False,-1,N/A,0.0,False,,False,0.0,False,,1037994224.274,1037994224.274,0,False,True
C,A,20230101,2023,52,2023,699,IND,India,X,Export,0,W00,World,0,W00,World,H6,HS,True,57,Carpets and other textile floor coverings,2,False,C00,TOTAL CPC,0,0,TOTAL MOT,-1,N/A,0.0,False,-1,N/A,0.0,False,,False,0.0,False,,1811576138.731,1811576138.731,0,False,True
C,A,20230101,2023,52,2023,699,IND,India,X,Export,0,W00,World,0,W00,World,H6,HS,True,95,"Toys, games and sports requisites; parts and accessories thereof",2,False,C00,TOTAL CPC,0,0,TOTAL MOT,-1,N/A,0.0,False,-1,N/A,0.0,False,,False,0.0,False,,501462620.022,501462620.022,0,False,True
C,A,20230101,2023,52,2023,699,IND,India,X,Export,0,W00,World,0,W00,World,H6,HS,True,01,Animals; live,2,False,C00,TOTAL CPC,0,0,TOTAL MOT,-1,N/A,0.0,False,-1,N/A,0.0,False,,False,0.0,False,,8754484.781,8754484.781,0,False,True
C,A,20230101,2023,52,2023,699,IND,India,X,Export,0,W00,World,0,W00,World,H6,HS,True,64,Footwear; gaiters and the like; parts of such articles,2,False,C00,TOTAL CPC,0,0,TOTAL MOT,-1,N/A,0.0,False,-1,N/A,0.0,False,,False,0.0,False,,2532739602.511,2532739602.511,0,False,True
C,A,20230101,2023,52,2023,699,IND,India,X,Export,0,W00,World,0,W00,World,H6,HS,True,85,"Electrical machinery and equipment and parts thereof; sound recorders and reproducers; television image and sound recorders and reproducers, parts and accessories of such articles",2,False,C00,TOTAL CPC,0,0,TOTAL MOT,-1,N/A,0.0,False,-1,N/A,0.0,False,,False,0.0,False,,32318234645.992,32318234645.992,0,False,True
C,A,20230101,2023,52,2023,699,IND,India,X,Export,0,W00,World,0,W00,World,H6,HS,True,88,"Aircraft, spacecraft, and parts thereof",2,False,C00,TOTAL CPC,0,0,TOTAL MOT,-1,N/A,0.0,False,-1,N/A,0.0,False,,False,0.0,False,,1937697343.833,1937697343.833,0,False,True
C,A,20230101,2023,52,2023,699,IND,India,X,Export,0,W00,World,0,W00,World,H6,HS,True,91,Clocks and watches and parts thereof,2,False,C00,TOTAL CPC,0,0,TOTAL MOT,-1,N/A,0.0,False,-1,N/A,0.0,False,,False,0.0,False,,91524217.287,91524217.287,0,False,True
C,A,20230101,2023,52,2023,699,IND,India,X,Export,0,W00,World,0,W00,World,H6,HS,True,42,"Articles of leather; saddlery and harness; travel goods, handbags and similar containers; articles of animal gut (other than silk-worm gut)",2,False,C00,TOTAL CPC,0,0,TOTAL MOT,-1,N/A,0.0,False,-1,N/A,0.0,False,,False,0.0,False,,2446239257.429,2446239257.429,0,False,True
C,A,20230101,2023,52,2023,699,IND,India,X,Export,0,W00,World,0,W00,World,H6,HS,True,52,Cotton,2,False,C00,TOTAL CPC,0,0,TOTAL MOT,-1,N/A,0.0,False,-1,N/A,0.0,False,,False,0.0,False,,6493757256.824,6493757256.824,0,False,True
C,A,20230101,2023,52,2023,699,IND,India,X,Export,0,W00,World,0,W00,World,H6,HS,True,62,Apparel and clothing accessories; not knitted or crocheted,2,False,C00,TOTAL CPC,0,0,TOTAL MOT,-1,N/A,0.0,False,-1,N/A,0.0,False,,False,0.0,False,,7834803144.192,7834803144.192,0,False,True
C,A,20230101,2023,52,2023,699,IND,India,X,Export,0,W00,World,0,W00,World,H6,HS,True,66,"Umbrellas, sun umbrellas, walking-sticks, seat sticks, whips, riding crops; and parts thereof",2,False,C00,TOTAL CPC,0,0,TOTAL MOT,-1,N/A,0.0,False,-1,N/A,0.0,False,,False,0.0,False,,4821405.459,4821405.459,0,False,True
C,A,20230101,2023,52,2023,699,IND,India,X,Export,0,W00,World,0,W00,World,H6,HS,True,89,"Ships, boats and floating structures",2,False,C00,TOTAL CPC,0,0,TOTAL MOT,-1,N/A,0.0,False,-1,N/A,0.0,False,,False,0.0,False,,4328368978.308,4328368978.308,0,False,True
C,A,20230101,2023,52,2023,699,IND,India,X,Export,0,W00,World,0,W00,World,H6,HS,True,90,"Optical, photographic, cinematographic, measuring, checking, medical or surgical instruments and apparatus; parts and accessories",2,False,C00,TOTAL CPC,0,0,TOTAL MOT,-1,N/A,0.0,False,-1,N/A,0.0,False,,False,0.0,False,,5052167218.177,5052167218.177,0,False,True
C,A,20230101,2023,52,2023,699,IND,India,X,Export,0,W00,World,0,W00,World,H6,HS,True,92,Musical instruments; parts and accessories of such articles,2,False,C00,TOTAL CPC,0,0,TOTAL MOT,-1,N/A,0.0,False,-1,N/A,0.0,False,,False,0.0,False,,45925146.366,45925146.366,0,False,True
C,A,20230101,2023,52,2023,699,IND,India,X,Export,0,W00,World,0,W00,World,H6,HS,True,10,Cereals,2,False,C00,TOTAL CPC,0,0,TOTAL MOT,-1,N/A,0.0,False,-1,N/A,0.0,False,,False,0.0,False,,11281621458.258,11281621458.258,0,False,True
C,A,20230101,2023,52,2023,699,IND,India,X,Export,0,W00,World,0,W00,World,H6,HS,True,94,"Furniture; bedding, mattresses, mattress supports, cushions and similar stuffed furnishings; lamps and lighting fittings, n.e.c.; illuminated signs, illuminated name-plates and the like; prefabricated buildings",2,False,C00,TOTAL CPC,0,0,TOTAL MOT,-1,N/A,0.0,False,-1,N/A,0.0,False,,False,0.0,False,,2339817684.552,2339817684.552,0,False,True
C,A,20230101,2023,52,2023,699,IND,India,X,Export,0,W00,World,0,W00,World,H6,HS,True,97,Works of art; collectors' pieces and antiques,2,False,C00,TOTAL CPC,0,0,TOTAL MOT,-1,N/A,0.0,False,-1,N/A,0.0,False,,False,0.0,False,,169640668.956,169640668.956,0,False,True
C,A,20230101,2023,52,2023,699,IND,India,X,Export,0,W00,World,0,W00,World,H6,HS,True,93,Arms and ammunition; parts and accessories thereof,2,False,C00,TOTAL CPC,0,0,TOTAL MOT,-1,N/A,0.0,False,-1,N/A,0.0,False,,False,0.0,False,,358595128.545,358595128.545,0,False,True
C,A,20230101,2023,52,2023,699,IND,India,X,Export,0,W00,World,0,W00,World,H6,HS,True,96,Miscellaneous manufactured articles,2,False,C00,TOTAL CPC,0,0,TOTAL MOT,-1,N/A,0.0,False,-1,N/A,0.0,False,,False,0.0,False,,727563640.399,727563640.399,0,False,True
C,A,20230101,2023,52,2023,699,IND,India,X,Export,0,W00,World,0,W00,World,H6,HS,True,02,Meat and edible meat offal,2,False,C00,TOTAL CPC,0,0,TOTAL MOT,-1,N/A,0.0,False,-1,N/A,0.0,False,0.0,False,0.0,False,,3650027514.956,3650027514.956,0,False,True
C,A,20230101,2023,52,2023,699,IND,India,X,Export,0,W00,World,0,W00,World,H6,HS,True,99,Commodities not specified according to kind,2,False,C00,TOTAL CPC,0,0,TOTAL MOT,-1,N/A,0.0,False,-1,N/A,0.0,False,0.0,False,0.0,False,,25685127.845,25685127.845,0,False,True
C,A,20230101,2023,52,2023,699,IND,India,X,Export,0,W00,World,0,W00,World,H6,HS,True,49,"Printed books, newspapers, pictures and other products of the printing industry; manuscripts, typescripts and plans",2,False,C00,TOTAL CPC,0,0,TOTAL MOT,-1,N/A,0.0,False,-1,N/A,0.0,False,0.0,True,0.0,False,,425640306.764,425640306.764,4,False,True
C,A,20230101,2023,52,2023,699,IND,India,X,Export,0,W00,World,0,W00,World,H6,HS,True,40,Rubber and articles thereof,2,False,C00,TOTAL CPC,0,0,TOTAL MOT,-1,N/A,0.0,False,-1,N/A,0.0,False,0.0,True,0.0,False,,4414807028.303,4414807028.303,4,False,True
C,A,20230101,2023,52,2023,699,IND,India,X,Export,0,W00,World,0,W00,World,H6,HS,True,69,Ceramic products,2,False,C00,TOTAL CPC,0,0,TOTAL MOT,-1,N/A,0.0,False,-1,N/A,0.0,False,0.0,True,0.0,False,,3054688828.631,3054688828.631,4,False,True
C,A,20230101,2023,52,2023,699,IND,India,X,Export,0,W00,World,0,W00,World,H6,HS,True,11,"Products of the milling industry; malt, starches, inulin, wheat gluten",2,False,C00,TOTAL CPC,0,0,TOTAL MOT,-1,N/A,0.0,False,-1,N/A,0.0,False,0.0,True,0.0,False,,670961651.83,670961651.83,4,False,True
C,A,20230101,2023,52,2023,699,IND,India,X,Export,0,W00,World,0,W00,World,H6,HS,True,14,Vegetable plaiting materials; vegetable products not elsewhere specified or included,2,False,C00,TOTAL CPC,0,0,TOTAL MOT,-1,N/A,0.0,False,-1,N/A,0.0,False,0.0,True,0.0,False,,41668477.997,41668477.997,4,False,True
C,A,20230101,2023,52,2023,699,IND,India,X,Export,0,W00,World,0,W00,World,H6,HS,True,17,Sugars and sugar confectionery,2,False,C00,TOTAL CPC,0,0,TOTAL MOT,-1,N/A,0.0,False,-1,N/A,0.0,False,0.0,True,0.0,False,,4274245391.256,4274245391.256,4,False,True
C,A,20230101,2023,52,2023,699,IND,India,X,Export,0,W00,World,0,W00,World,H6,HS,True,31,Fertilizers,2,False,C00,TOTAL CPC,0,0,TOTAL MOT,-1,N/A,0.0,False,-1,N/A,0.0,False,0.0,True,0.0,False,,123186400.83,123186400.83,4,False,True
C,A,20230101,2023,52,2023,699,IND,India,X,Export,0,W00,World,0,W00,World,H6,HS,True,34,"Soap, organic surface-active agents; washing, lubricating, polishing or scouring preparations; artificial or prepared waxes, candles and similar articles, modelling pastes, dental waxes and dental preparations with a basis of plaster",2,False,C00,TOTAL CPC,0,0,TOTAL MOT,-1,N/A,0.0,False,-1,N/A,0.0,False,0.0,True,0.0,False,,981863433.498,981863433.498,4,False,True
C,A,20230101,2023,52,2023,699,IND,India,X,Export,0,W00,World,0,W00,World,H6,HS,True,37,Photographic or cinematographic goods,2,False,C00,TOTAL CPC,0,0,TOTAL MOT,-1,N/A,0.0,False,-1,N/A,0.0,False,0.0,True,0.0,False,,14612964.212,14612964.212,4,False,True
C,A,20230101,2023,52,2023,699,IND,India,X,Export,0,W00,World,0,W00,World,H6,HS,True,54,Man-made filaments; strip and the like of man-made textile materials,2,False,C00,TOTAL CPC,0,0,TOTAL MOT,-1,N/A,0.0,False,-1,N/A,0.0,False,0.0,True,0.0,False,,1794284980.739,1794284980.739,4,False,True
C,A,20230101,2023,52,2023,699,IND,India,X,Export,0,W00,World,0,W00,World,H6,HS,True,74,Copper and articles thereof,2,False,C00,TOTAL CPC,0,0,TOTAL MOT,-1,N/A,0.0,False,-1,N/A,0.0,False,0.0,True,0.0,False,,2265101392.719,2265101392.719,4,False,True
C,A,20230101,2023,52,2023,699,IND,India,X,Export,0,W00,World,0,W00,World,H6,HS,True,78,Lead and articles thereof,2,False,C00,TOTAL CPC,0,0,TOTAL MOT,-1,N/A,0.0,False,-1,N/A,0.0,False,0.0,True,0.0,False,,719590858.973,719590858.973,4,False,True
C,A,20230101,2023,52,2023,699,IND,India,X,Export,0,W00,World,0,W00,World,H6,HS,True,81,"Metals; n.e.c., cermets and articles thereof",2,False,C00,TOTAL CPC,0,0,TOTAL MOT,-1,N/A,0.0,False,-1,N/A,0.0,False,0.0,True,0.0,False,,105588882.31,105588882.31,4,False,True
C,A,20230101,2023,52,2023,699,IND,India,X,Export,0,W00,World,0,W00,World,H6,HS,True,04,"Dairy produce; birds' eggs; natural honey; edible products of animal origin, not elsewhere specified or included",2,False,C00,TOTAL CPC,0,0,TOTAL MOT,-1,N/A,0.0,False,-1,N/A,0.0,False,0.0,True,0.0,False,,560666650.054,560666650.054,4,False,True
C,A,20230101,2023,52,2023,699,IND,India,X,Export,0,W00,World,0,W00,World,H6,HS,True,07,Vegetables and certain roots and tubers; edible,2,False,C00,TOTAL CPC,0,0,TOTAL MOT,-1,N/A,0.0,False,-1,N/A,0.0,False,0.0,True,0.0,False,,2081501802.379,2081501802.379,4,False,True
C,A,20230101,2023,52,2023,699,IND,India,X,Export,0,W00,World,0,W00,World,H6,HS,True,21,Miscellaneous edible preparations,2,False,C00,TOTAL CPC,0,0,TOTAL MOT,-1,N/A,0.0,False,-1,N/A,0.0,False,0.0,True,0.0,False,,1386462230.685,1386462230.685,4,False,True
C,A,20230101,2023,52,2023,699,IND,India,X,Export,0,W00,World,0,W00,World,H6,HS,True,24,"Tobacco and manufactured tobacco substitutes; products, whether or not containing nicotine, intended for inhalation without combustion; other nicotine containing products intended for the intake of nicotine into the human body",2,False,C00,TOTAL CPC,0,0,TOTAL MOT,-1,N/A,0.0,False,-1,N/A,0.0,False,0.0,True,0.0,False,,1343668522.902,1343668522.902,4,False,True
C,A,20230101,2023,52,2023,699,IND,India,X,Export,0,W00,World,0,W00,World,H6,HS,True,27,"Mineral fuels, mineral oils and products of their distillation; bituminous substances; mineral waxes",2,False,C00,TOTAL CPC,0,0,TOTAL MOT,-1,N/A,0.0,False,-1,N/A,0.0,False,0.0,True,0.0,False,,89330986218.743,89330986218.743,4,False,True
C,A,20230101,2023,52,2023,699,IND,India,X,Export,0,W00,World,0,W00,World,H6,HS,True,44,Wood and articles of wood; wood charcoal,2,False,C00,TOTAL CPC,0,0,TOTAL MOT,-1,N/A,0.0,False,-1,N/A,0.0,False,0.0,True,0.0,False,,620822201.058,620822201.058,4,False,True
C,A,20230101,2023,52,2023,699,IND,India,X,Export,0,W00,World,0,W00,World,H6,HS,True,47,Pulp of wood or other fibrous cellulosic material; recovered (waste and scrap) paper or paperboard,2,False,C00,TOTAL CPC,0,0,TOTAL MOT,-1,N/A,0.0,False,-1,N/A,0.0,False,0.0,True,0.0,False,,8916848.396,8916848.396,4,False,True
C,A,20230101,2023,52,2023,699,IND,India,X,Export,0,W00,World,0,W00,World,H6,HS,True,67,"Feathers and down, prepared; and articles made of feather or of down; artificial flowers; articles of human hair",2,False,C00,TOTAL CPC,0,0,TOTAL MOT,-1,N/A,0.0,False,-1,N/A,0.0,False,0.0,True,0.0,False,,565507603.761,565507603.761,4,False,True
C,A,20230101,2023,52,2023,699,IND,India,X,Export,0,W00,World,0,W00,World,H6,HS,True,03,"Fish and crustaceans, molluscs and other aquatic invertebrates",2,False,C00,TOTAL CPC,0,0,TOTAL MOT,-1,N/A,0.0,False,-1,N/A,0.0,False,0.0,True,0.0,False,,6305252994.34,6305252994.34,4,False,True
C,A,20230101,2023,52,2023,699,IND,India,X,Export,0,W00,World,0,W00,World,H6,HS,True,05,Animal originated products; not elsewhere specified or included,2,False,C00,TOTAL CPC,0,0,TOTAL MOT,-1,N/A,0.0,False,-1,N/A,0.0,False,0.0,True,0.0,False,,271205048.36,271205048.36,4,False,True
C,A,20230101,2023,52,2023,699,IND,India,X,Export,0,W00,World,0,W00,World,H6,HS,True,06,"Trees and other plants, live; bulbs, roots and the like; cut flowers and ornamental foliage",2,False,C00,TOTAL CPC,0,0,TOTAL MOT,-1,N/A,0.0,False,-1,N/A,0.0,False,0.0,True,0.0,False,,84739858.231,84739858.231,4,False,True
C,A,20230101,2023,52,2023,699,IND,India,X,Export,0,W00,World,0,W00,World,H6,HS,True,08,"Fruit and nuts, edible; peel of citrus fruit or melons",2,False,C00,TOTAL CPC,0,0,TOTAL MOT,-1,N/A,0.0,False,-1,N/A,0.0,False,0.0,True,0.0,False,,1506365338.777,1506365338.777,4,False,True
C,A,20230101,2023,52,2023,699,IND,India,X,Export,0,W00,World,0,W00,World,H6,HS,True,09,"Coffee, tea, mate and spices",2,False,C00,TOTAL CPC,0,0,TOTAL MOT,-1,N/A,0.0,False,-1,N/A,0.0,False,0.0,True,0.0,False,,4351846571.553,4351846571.553,4,False,True
C,A,20230101,2023,52,2023,699,IND,India,X,Export,0,W00,World,0,W00,World,H6,HS,True,12,"Oil seeds and oleaginous fruits; miscellaneous grains, seeds and fruit, industrial or medicinal plants; straw and fodder",2,False,C00,TOTAL CPC,0,0,TOTAL MOT,-1,N/A,0.0,False,-1,N/A,0.0,False,0.0,True,0.0,False,,2103198597.555,2103198597.555,4,False,True
C,A,20230101,2023,52,2023,699,IND,India,X,Export,0,W00,World,0,W00,World,H6,HS,True,16,"Meat, fish, crustaceans, molluscs or other aquatic invertebrates, or insects; preparations thereof",2,False,C00,TOTAL CPC,0,0,TOTAL MOT,-1,N/A,0.0,False,-1,N/A,0.0,False,0.0,True,0.0,False,,718915624.309,718915624.309,4,False,True
C,A,20230101,2023,52,2023,699,IND,India,X,Export,0,W00,World,0,W00,World,H6,HS,True,19,"Preparations of cereals, flour, starch or milk; pastrycooks' products",2,False,C00,TOTAL CPC,0,0,TOTAL MOT,-1,N/A,0.0,False,-1,N/A,0.0,False,0.0,True,0.0,False,,794473820.022,794473820.022,4,False,True
C,A,20230101,2023,52,2023,699,IND,India,X,Export,0,W00,World,0,W00,World,H6,HS,True,20,"Preparations of vegetables, fruit, nuts or other parts of plants",2,False,C00,TOTAL CPC,0,0,TOTAL MOT,-1,N/A,0.0,False,-1,N/A,0.0,False,0.0,True,0.0,False,,1096869859.713,1096869859.713,4,False,True
C,A,20230101,2023,52,2023,699,IND,India,X,Export,0,W00,World,0,W00,World,H6,HS,True,22,"Beverages, spirits and vinegar",2,False,C00,TOTAL CPC,0,0,TOTAL MOT,-1,N/A,0.0,False,-1,N/A,0.0,False,0.0,True,0.0,False,,431495732.891,431495732.891,4,False,True
C,A,20230101,2023,52,2023,699,IND,India,X,Export,0,W00,World,0,W00,World,H6,HS,True,23,"Food industries, residues and wastes thereof; prepared animal fodder",2,False,C00,TOTAL CPC,0,0,TOTAL MOT,-1,N/A,0.0,False,-1,N/A,0.0,False,0.0,True,0.0,False,,3008926075.359,3008926075.359,4,False,True
C,A,20230101,2023,52,2023,699,IND,India,X,Export,0,W00,World,0,W00,World,H6,HS,True,25,"Salt; sulphur; earths, stone; plastering materials, lime and cement",2,False,C00,TOTAL CPC,0,0,TOTAL MOT,-1,N/A,0.0,False,-1,N/A,0.0,False,0.0,True,0.0,False,,2226445175.993,2226445175.993,4,False,True
C,A,20230101,2023,52,2023,699,IND,India,X,Export,0,W00,World,0,W00,World,H6,HS,True,26,"Ores, slag and ash",2,False,C00,TOTAL CPC,0,0,TOTAL MOT,-1,N/A,0.0,False,-1,N/A,0.0,False,0.0,True,0.0,False,,3984330405.922,3984330405.922,4,False,True
C,A,20230101,2023,52,2023,699,IND,India,X,Export,0,W00,World,0,W00,World,H6,HS,True,28,"Inorganic chemicals; organic and inorganic compounds of precious metals; of rare earth metals, of radio-active elements and of isotopes",2,False,C00,TOTAL CPC,0,0,TOTAL MOT,-1,N/A,0.0,False,-1,N/A,0.0,False,0.0,True,0.0,False,,3244821215.306,3244821215.306,4,False,True
C,A,20230101,2023,52,2023,699,IND,India,X,Export,0,W00,World,0,W00,World,H6,HS,True,29,Organic chemicals,2,False,C00,TOTAL CPC,0,0,TOTAL MOT,-1,N/A,0.0,False,-1,N/A,0.0,False,0.0,True,0.0,False,,19475068339.53,19475068339.53,4,False,True
C,A,20230101,2023,52,2023,699,IND,India,X,Export,0,W00,World,0,W00,World,H6,HS,True,32,"Tanning or dyeing extracts; tannins and their derivatives; dyes, pigments and other colouring matter; paints, varnishes; putty, other mastics; inks",2,False,C00,TOTAL CPC,0,0,TOTAL MOT,-1,N/A,0.0,False,-1,N/A,0.0,False,0.0,True,0.0,False,,3004685944.269,3004685944.269,4,False,True
C,A,20230101,2023,52,2023,699,IND,India,X,Export,0,W00,World,0,W00,World,H6,HS,True,39,Plastics and articles thereof,2,False,C00,TOTAL CPC,0,0,TOTAL MOT,-1,N/A,0.0,False,-1,N/A,0.0,False,0.0,True,0.0,False,,7118239901.955,7118239901.955,4,False,True
C,A,20230101,2023,52,2023,699,IND,India,X,Export,0,W00,World,0,W00,World,H6,HS,True,43,Furskins and artificial fur; manufactures thereof,2,False,C00,TOTAL CPC,0,0,TOTAL MOT,-1,N/A,0.0,False,-1,N/A,0.0,False,0.0,True,0.0,False,,12751280.386,12751280.386,4,False,True
C,A,20230101,2023,52,2023,699,IND,India,X,Export,0,W00,World,0,W00,World,H6,HS,True,45,Cork and articles of cork,2,False,C00,TOTAL CPC,0,0,TOTAL MOT,-1,N/A,0.0,False,-1,N/A,0.0,False,0.0,True,0.0,False,,5143441.898,5143441.898,4,False,True
C,A,20230101,2023,52,2023,699,IND,India,X,Export,0,W00,World,0,W00,World,H6,HS,True,46,"Manufactures of straw, esparto or other plaiting materials; basketware and wickerwork",2,False,C00,TOTAL CPC,0,0,TOTAL MOT,-1,N/A,0.0,False,-1,N/A,0.0,False,0.0,True,0.0,False,,65037164.711,65037164.711,4,False,True
C,A,20230101,2023,52,2023,699,IND,India,X,Export,0,W00,World,0,W00,World,H6,HS,True,48,"Paper and paperboard; articles of paper pulp, of paper or paperboard",2,False,C00,TOTAL CPC,0,0,TOTAL MOT,-1,N/A,0.0,False,-1,N/A,0.0,False,0.0,True,0.0,False,,2647845034.335,2647845034.335,4,False,True
C,A,20230101,2023,52,2023,699,IND,India,X,Export,0,W00,World,0,W00,World,H6,HS,True,51,"Wool, fine or coarse animal hair; horsehair yarn and woven fabric",2,False,C00,TOTAL CPC,0,0,TOTAL MOT,-1,N/A,0.0,False,-1,N/A,0.0,False,0.0,True,0.0,False,,172573631.363,172573631.363,4,False,True
C,A,20230101,2023,52,2023,699,IND,India,X,Export,0,W00,World,0,W00,World,H6,HS,True,59,"Textile fabrics; impregnated, coated, covered or laminated; textile articles of a kind suitable for industrial use",2,False,C00,TOTAL CPC,0,0,TOTAL MOT,-1,N/A,0.0,False,-1,N/A,0.0,False,0.0,True,0.0,False,,463700146.872,463700146.872,4,False,True
C,A,20230101,2023,52,2023,699,IND,India,X,Export,0,W00,World,0,W00,World,H6,HS,True,60,Fabrics; knitted or crocheted,2,False,C00,TOTAL CPC,0,0,TOTAL MOT,-1,N/A,0.0,False,-1,N/A,0.0,False,0.0,True,0.0,False,,459091360.675,459091360.675,4,False,True
C,A,20230101,2023,52,2023,699,IND,India,X,Export,0,W00,World,0,W00,World,H6,HS,True,65,Headgear and parts thereof,2,False,C00,TOTAL CPC,0,0,TOTAL MOT,-1,N/A,0.0,False,-1,N/A,0.0,False,0.0,True,0.0,False,,97938085.895,97938085.895,4,False,True
C,A,20230101,2023,52,2023,699,IND,India,X,Export,0,W00,World,0,W00,World,H6,HS,True,68,"Stone, plaster, cement, asbestos, mica or similar materials; articles thereof",2,False,C00,TOTAL CPC,0,0,TOTAL MOT,-1,N/A,0.0,False,-1,N/A,0.0,False,0.0,True,0.0,False,,2052934424.343,2052934424.343,4,False,True
C,A,20230101,2023,52,2023,699,IND,India,X,Export,0,W00,World,0,W00,World,H6,HS,True,71,"Natural, cultured pearls; precious, semi-precious stones; precious metals, metals clad with precious metal, and articles thereof; imitation jewellery; coin",2,False,C00,TOTAL CPC,0,0,TOTAL MOT,-1,N/A,0.0,False,-1,N/A,0.0,False,0.0,True,0.0,False,,33431644518.916,33431644518.916,4,False,True
C,A,20230101,2023,52,2023,699,IND,India,X,Export,0,W00,World,0,W00,World,H6,HS,True,72,Iron and steel,2,False,C00,TOTAL CPC,0,0,TOTAL MOT,-1,N/A,0.0,False,-1,N/A,0.0,False,0.0,True,0.0,False,,11812868087.362,11812868087.362,4,False,True
C,A,20230101,2023,52,2023,699,IND,India,X,Export,0,W00,World,0,W00,World,H6,HS,True,75,Nickel and articles thereof,2,False,C00,TOTAL CPC,0,0,TOTAL MOT,-1,N/A,0.0,False,-1,N/A,0.0,False,0.0,True,0.0,False,,171772676.862,171772676.862,4,False,True
C,A,20230101,2023,52,2023,699,IND,India,X,Export,0,W00,World,0,W00,World,H6,HS,True,80,Tin; articles thereof,2,False,C00,TOTAL CPC,0,0,TOTAL MOT,-1,N/A,0.0,False,-1,N/A,0.0,False,0.0,True,0.0,False,,14860189.698,14860189.698,4,False,True
C,A,20230101,2023,52,2023,699,IND,India,X,Export,0,W00,World,0,W00,World,H6,HS,True,83,Metal; miscellaneous products of base metal,2,False,C00,TOTAL CPC,0,0,TOTAL MOT,-1,N/A,0.0,False,-1,N/A,0.0,False,0.0,True,0.0,False,,850346704.68,850346704.68,4,False,True
C,A,20230101,2023,52,2023,699,IND,India,X,Export,0,W00,World,0,W00,World,H6,HS,True,86,"Railway, tramway locomotives, rolling-stock and parts thereof; railway or tramway track fixtures and fittings and parts thereof; mechanical (including electro-mechanical) traffic signalling equipment of all kinds",2,False,C00,TOTAL CPC,0,0,TOTAL MOT,-1,N/A,0.0,False,-1,N/A,0.0,False,0.0,True,0.0,False,,321983211.955,321983211.955,4,False,True
C,A,20230101,2023,52,2023,699,IND,India,X,Export,0,W00,World,0,W00,World,H6,HS,True,13,"Lac; gums, resins and other vegetable saps and extracts",2,False,C00,TOTAL CPC,0,0,TOTAL MOT,-1,N/A,0.0,False,-1,N/A,0.0,False,0.0,True,0.0,False,,956871729.758,956871729.758,4,False,True
C,A,20230101,2023,52,2023,699,IND,India,X,Export,0,W00,World,0,W00,World,H6,HS,True,30,Pharmaceutical products,2,False,C00,TOTAL CPC,0,0,TOTAL MOT,-1,N/A,0.0,False,-1,N/A,0.0,False,0.0,True,0.0,False,,21300721941.724,21300721941.724,4,False,True
C,A,20230101,2023,52,2023,699,IND,India,X,Export,0,W00,World,0,W00,World,H6,HS,True,33,"Essential oils and resinoids; perfumery, cosmetic or toilet preparations",2,False,C00,TOTAL CPC,0,0,TOTAL MOT,-1,N/A,0.0,False,-1,N/A,0.0,False,0.0,True,0.0,False,,2874107710.709,2874107710.709,4,False,True
C,A,20230101,2023,52,2023,699,IND,India,X,Export,0,W00,World,0,W00,World,H6,HS,True,36,Explosives; pyrotechnic products; matches; pyrophoric alloys; certain combustible preparations,2,False,C00,TOTAL CPC,0,0,TOTAL MOT,-1,N/A,0.0,False,-1,N/A,0.0,False,0.0,True,0.0,False,,257320250.432,257320250.432,4,False,True
C,A,20230101,2023,52,2023,699,IND,India,X,Export,0,W00,World,0,W00,World,H6,HS,True,50,Silk,2,False,C00,TOTAL CPC,0,0,TOTAL MOT,-1,N/A,0.0,False,-1,N/A,0.0,False,0.0,True,0.0,False,,116738808.203,116738808.203,4,False,True
C,A,20230101,2023,52,2023,699,IND,India,X,Export,0,W00,World,0,W00,World,H6,HS,True,53,Vegetable textile fibres; paper yarn and woven fabrics of paper yarn,2,False,C00,TOTAL CPC,0,0,TOTAL MOT,-1,N/A,0.0,False,-1,N/A,0.0,False,0.0,True,0.0,False,,434136984.445,434136984.445,4,False,True
C,A,20230101,2023,52,2023,699,IND,India,X,Export,0,W00,World,0,W00,World,H6,HS,True,56,"Wadding, felt and nonwovens, special yarns; twine, cordage, ropes and cables and articles thereof",2,False,C00,TOTAL CPC,0,0,TOTAL MOT,-1,N/A,0.0,False,-1,N/A,0.0,False,0.0,True,0.0,False,,549014058.289,549014058.289,4,False,True
C,A,20230101,2023,52,2023,699,IND,India,X,Export,0,W00,World,0,W00,World,H6,HS,True,70,Glass and glassware,2,False,C00,TOTAL CPC,0,0,TOTAL MOT,-1,N/A,0.0,False,-1,N/A,0.0,False,0.0,True,0.0,False,,1081042844.06,1081042844.06,4,False,True
C,A,20230101,2023,52,2023,699,IND,India,X,Export,0,W00,World,0,W00,World,H6,HS,True,73,Iron or steel articles,2,False,C00,TOTAL CPC,0,0,TOTAL MOT,-1,N/A,0.0,False,-1,N/A,0.0,False,0.0,True,0.0,False,,9742690188.065,9742690188.065,4,False,True
C,A,20230101,2023,52,2023,699,IND,India,X,Export,0,W00,World,0,W00,World,H6,HS,True,76,Aluminium and articles thereof,2,False,C00,TOTAL CPC,0,0,TOTAL MOT,-1,N/A,0.0,False,-1,N/A,0.0,False,0.0,True,0.0,False,,7333063033.411,7333063033.411,4,False,True
C,A,20230101,2023,52,2023,699,IND,India,X,Export,0,W00,World,0,W00,World,H6,HS,True,87,"Vehicles; other than railway or tramway rolling stock, and parts and accessories thereof",2,False,C00,TOTAL CPC,0,0,TOTAL MOT,-1,N/A,0.0,False,-1,N/A,0.0,False,0.0,True,0.0,False,,20817262004.255,20817262004.255,4,False,True
C,A,20230101,2023,52,2023,699,IND,India,X,Export,0,W00,World,0,W00,World,H6,HS,True,63,"Textiles, made up articles; sets; worn clothing and worn textile articles; rags",2,False,C00,TOTAL CPC,0,0,TOTAL MOT,-1,N/A,0.0,False,-1,N/A,0.0,False,0.0,True,0.0,False,,5390477079.102,5390477079.102,4,False,True
C,A,20230101,2023,52,2023,699,IND,India,X,Export,0,W00,World,0,W00,World,H6,HS,True,84,"Machinery and mechanical appliances, boilers, nuclear reactors; parts thereof",2,False,C00,TOTAL CPC,0,0,TOTAL MOT,-1,N/A,0.0,False,-1,N/A,0.0,False,0.0,True,0.0,False,,29306400055.387,29306400055.387,4,False,True
