typeCode,freqCode,refPeriodId,refYear,refMonth,period,reporterCode,reporterISO,reporterDesc,flowCode,flowDesc,partnerCode,partnerISO,partnerDesc,partner2Code,partner2ISO,partner2Desc,classificationCode,classificationSearchCode,isOriginalClassification,cmdCode,cmdDesc,aggrLevel,isLeaf,customsCode,customsDesc,mosCode,motCode,motDesc,qtyUnitCode,qtyUnitAbbr,qty,isQtyEstimated,altQtyUnitCode,altQtyUnitAbbr,altQty,isAltQtyEstimated,netWgt,isNetWgtEstimated,grossWgt,isGrossWgtEstimated,cifvalue,fobvalue,primaryValue,legacyEstimationFlag,isReported,isAggregate
C,A,20140101,2014,52,2014,156,CHN,China,M,Import,0,W00,World,0,W00,World,H4,HS,True,90,"Optical, photographic, cinematographic, measuring, checking, medical or surgical instruments and apparatus; parts and accessories",2,False,C00,TOTAL CPC,0,0,TOTAL MOT,-1,N/A,,False,-1,N/A,,False,,False,,False,105806106704.0,,105806106704.0,0,True,False
C,A,20140101,2014,52,2014,156,CHN,China,M,Import,0,W00,World,0,W00,World,H4,HS,True,74,Copper and articles thereof,2,False,C00,TOTAL CPC,0,0,TOTAL MOT,-1,N/A,,False,-1,N/A,,False,,False,,False,47278407266.0,,47278407266.0,0,True,False
C,A,20140101,2014,52,2014,156,CHN,China,M,Import,0,W00,World,0,W00,World,H4,HS,True,39,Plastics and articles thereof,2,False,C00,TOTAL CPC,0,0,TOTAL MOT,-1,N/A,,False,-1,N/A,,False,,False,,False,75190305228.0,,75190305228.0,0,True,False
C,A,20140101,2014,52,2014,156,CHN,China,M,Import,0,W00,World,0,W00,World,H4,HS,True,84,"Nuclear reactors, boilers, machinery and mechanical appliances; parts thereof",2,False,C00,TOTAL CPC,0,0,TOTAL MOT,-1,N/A,,False,-1,N/A,,False,,False,,False,179377720776.0,,179377720776.0,0,True,False
C,A,20140101,2014,52,2014,156,CHN,China,M,Import,0,W00,World,0,W00,World,H4,HS,True,85,"Electrical machinery and equipment and parts thereof; sound recorders and reproducers; television image and sound recorders and reproducers, parts and accessories of such articles",2,False,C00,TOTAL CPC,0,0,TOTAL MOT,-1,N/A,,False,-1,N/A,,False,,False,,False,424319487541.0,,424319487541.0,0,True,False
C,A,20140101,2014,52,2014,156,CHN,China,M,Import,0,W00,World,0,W00,World,H4,HS,True,07,Vegetables and certain roots and tubers; edible,2,False,C00,TOTAL CPC,0,0,TOTAL MOT,-1,N/A,,False,-1,N/A,,False,,False,,False,2579931331.0,,2579931331.0,0,True,False
C,A,20140101,2014,52,2014,156,CHN,China,M,Import,0,W00,World,0,W00,World,H4,HS,True,08,"Fruit and nuts, edible; peel of citrus fruit or melons",2,False,C00,TOTAL CPC,0,0,TOTAL MOT,-1,N/A,,False,-1,N/A,,False,,False,,False,5144604284.0,,5144604284.0,0,True,False
C,A,20140101,2014,52,2014,156,CHN,China,M,Import,0,W00,World,0,W00,World,H4,HS,True,06,"Trees and other plants, live; bulbs, roots and the like; cut flowers and ornamental foliage",2,False,C00,TOTAL CPC,0,0,TOTAL MOT,-1,N/A,,False,-1,N/A,,False,,False,,False,189271328.0,,189271328.0,0,True,False
C,A,20140101,2014,52,2014,156,CHN,China,M,Import,0,W00,World,0,W00,World,H4,HS,True,05,Animal originated products; not elsewhere specified or included,2,False,C00,TOTAL CPC,0,0,TOTAL MOT,-1,N/A,,False,-1,N/A,,False,,False,,False,479410093.0,,479410093.0,0,True,False
C,A,20140101,2014,52,2014,156,CHN,China,M,Import,0,W00,World,0,W00,World,H4,HS,True,04,"Dairy produce; birds' eggs; natural honey; edible products of animal origin, not elsewhere specified or included",2,False,C00,TOTAL CPC,0,0,TOTAL MOT,-1,N/A,,False,-1,N/A,,False,,False,,False,6490639236.0,,6490639236.0,0,True,False
C,A,20140101,2014,52,2014,156,CHN,China,M,Import,0,W00,World,0,W00,World,H4,HS,True,03,"Fish and crustaceans, molluscs and other aquatic invertebrates",2,False,C00,TOTAL CPC,0,0,TOTAL MOT,-1,N/A,,False,-1,N/A,,False,,False,,False,6583348223.0,,6583348223.0,0,True,False
C,A,20140101,2014,52,2014,156,CHN,China,M,Import,0,W00,World,0,W00,World,H4,HS,True,02,Meat and edible meat offal,2,False,C00,TOTAL CPC,0,0,TOTAL MOT,-1,N/A,,False,-1,N/A,,False,,False,,False,5844331028.0,,5844331028.0,0,True,False
C,A,20140101,2014,52,2014,156,CHN,China,M,Import,0,W00,World,0,W00,World,H4,HS,True,09,"Coffee, tea, mate and spices",2,False,C00,TOTAL CPC,0,0,TOTAL MOT,-1,N/A,,False,-1,N/A,,False,,False,,False,342296968.0,,342296968.0,0,True,False
C,A,20140101,2014,52,2014,156,CHN,China,M,Import,0,W00,World,0,W00,World,H4,HS,True,10,Cereals,2,False,C00,TOTAL CPC,0,0,TOTAL MOT,-1,N/A,,False,-1,N/A,,False,,False,,False,6174890309.0,,6174890309.0,0,True,False
C,A,20140101,2014,52,2014,156,CHN,China,M,Import,0,W00,World,0,W00,World,H4,HS,True,11,"Products of the milling industry; malt, starches, inulin, wheat gluten",2,False,C00,TOTAL CPC,0,0,TOTAL MOT,-1,N/A,,False,-1,N/A,,False,,False,,False,963921480.0,,963921480.0,0,True,False
C,A,20140101,2014,52,2014,156,CHN,China,M,Import,0,W00,World,0,W00,World,H4,HS,True,12,"Oil seeds and oleaginous fruits; miscellaneous grains, seeds and fruit, industrial or medicinal plants; straw and fodder",2,False,C00,TOTAL CPC,0,0,TOTAL MOT,-1,N/A,,False,-1,N/A,,False,,False,,False,45887757490.0,,45887757490.0,0,True,False
C,A,20140101,2014,52,2014,156,CHN,China,M,Import,0,W00,World,0,W00,World,H4,HS,True,13,"Lac; gums, resins and other vegetable saps and extracts",2,False,C00,TOTAL CPC,0,0,TOTAL MOT,-1,N/A,,False,-1,N/A,,False,,False,,False,234636976.0,,234636976.0,0,True,False
C,A,20140101,2014,52,2014,156,CHN,China,M,Import,0,W00,World,0,W00,World,H4,HS,True,14,Vegetable plaiting materials; vegetable products not elsewhere specified or included,2,False,C00,TOTAL CPC,0,0,TOTAL MOT,-1,N/A,,False,-1,N/A,,False,,False,,False,199515987.0,,199515987.0,0,True,False
C,A,20140101,2014,52,2014,156,CHN,China,M,Import,0,W00,World,0,W00,World,H4,HS,True,15,Animal or vegetable fats and oils and their cleavage products; prepared animal fats; animal or vegetable waxes,2,False,C00,TOTAL CPC,0,0,TOTAL MOT,-1,N/A,,False,-1,N/A,,False,,False,,False,9118710879.0,,9118710879.0,0,True,False
C,A,20140101,2014,52,2014,156,CHN,China,M,Import,0,W00,World,0,W00,World,H4,HS,True,01,Animals; live,2,False,C00,TOTAL CPC,0,0,TOTAL MOT,-1,N/A,,False,-1,N/A,,False,,False,,False,835234407.0,,835234407.0,0,True,False
C,A,20140101,2014,52,2014,156,CHN,China,M,Import,0,W00,World,0,W00,World,H4,HS,True,17,Sugars and sugar confectionery,2,False,C00,TOTAL CPC,0,0,TOTAL MOT,-1,N/A,,False,-1,N/A,,False,,False,,False,1786012889.0,,1786012889.0,0,True,False
C,A,20140101,2014,52,2014,156,CHN,China,M,Import,0,W00,World,0,W00,World,H4,HS,True,27,"Mineral fuels, mineral oils and products of their distillation; bituminous substances; mineral waxes",2,False,C00,TOTAL CPC,0,0,TOTAL MOT,-1,N/A,,False,-1,N/A,,False,,False,,False,316787667435.0,,316787667435.0,0,True,False
C,A,20140101,2014,52,2014,156,CHN,China,M,Import,0,W00,World,0,W00,World,H4,HS,True,18,Cocoa and cocoa preparations,2,False,C00,TOTAL CPC,0,0,TOTAL MOT,-1,N/A,,False,-1,N/A,,False,,False,,False,870942777.0,,870942777.0,0,True,False
C,A,20140101,2014,52,2014,156,CHN,China,M,Import,0,W00,World,0,W00,World,H4,HS,True,19,"Preparations of cereals, flour, starch or milk; pastrycooks' products",2,False,C00,TOTAL CPC,0,0,TOTAL MOT,-1,N/A,,False,-1,N/A,,False,,False,,False,2814458042.0,,2814458042.0,0,True,False
C,A,20140101,2014,52,2014,156,CHN,China,M,Import,0,W00,World,0,W00,World,H4,HS,True,20,"Preparations of vegetables, fruit, nuts or other parts of plants",2,False,C00,TOTAL CPC,0,0,TOTAL MOT,-1,N/A,,False,-1,N/A,,False,,False,,False,765862204.0,,765862204.0,0,True,False
C,A,20140101,2014,52,2014,156,CHN,China,M,Import,0,W00,World,0,W00,World,H4,HS,True,21,Miscellaneous edible preparations,2,False,C00,TOTAL CPC,0,0,TOTAL MOT,-1,N/A,,False,-1,N/A,,False,,False,,False,1406881552.0,,1406881552.0,0,True,False
C,A,20140101,2014,52,2014,156,CHN,China,M,Import,0,W00,World,0,W00,World,H4,HS,True,22,"Beverages, spirits and vinegar",2,False,C00,TOTAL CPC,0,0,TOTAL MOT,-1,N/A,,False,-1,N/A,,False,,False,,False,3159323419.0,,3159323419.0,0,True,False
C,A,20140101,2014,52,2014,156,CHN,China,M,Import,0,W00,World,0,W00,World,H4,HS,True,23,"Food industries, residues and wastes thereof; prepared animal fodder",2,False,C00,TOTAL CPC,0,0,TOTAL MOT,-1,N/A,,False,-1,N/A,,False,,False,,False,3980565677.0,,3980565677.0,0,True,False
C,A,20140101,2014,52,2014,156,CHN,China,M,Import,0,W00,World,0,W00,World,H4,HS,True,24,Tobacco and manufactured tobacco substitutes,2,False,C00,TOTAL CPC,0,0,TOTAL MOT,-1,N/A,,False,-1,N/A,,False,,False,,False,2092562559.0,,2092562559.0,0,True,False
C,A,20140101,2014,52,2014,156,CHN,China,M,Import,0,W00,World,0,W00,World,H4,HS,True,29,Organic chemicals,2,False,C00,TOTAL CPC,0,0,TOTAL MOT,-1,N/A,,False,-1,N/A,,False,,False,,False,60312892494.0,,60312892494.0,0,True,False
C,A,20140101,2014,52,2014,156,CHN,China,M,Import,0,W00,World,0,W00,World,H4,HS,True,26,"Ores, slag and ash",2,False,C00,TOTAL CPC,0,0,TOTAL MOT,-1,N/A,,False,-1,N/A,,False,,False,,False,134660946685.0,,134660946685.0,0,True,False
C,A,20140101,2014,52,2014,156,CHN,China,M,Import,0,W00,World,0,W00,World,H4,HS,True,16,"Meat, fish or crustaceans, molluscs or other aquatic invertebrates; preparations thereof",2,False,C00,TOTAL CPC,0,0,TOTAL MOT,-1,N/A,,False,-1,N/A,,False,,False,,False,248949495.0,,248949495.0,0,True,False
C,A,20140101,2014,52,2014,156,CHN,China,M,Import,0,W00,World,0,W00,World,H4,HS,True,28,"Inorganic chemicals; organic and inorganic compounds of precious metals; of rare earth metals, of radio-active elements and of isotopes",2,False,C00,TOTAL CPC,0,0,TOTAL MOT,-1,N/A,,False,-1,N/A,,False,,False,,False,10384983139.0,,10384983139.0,0,True,False
C,A,20140101,2014,52,2014,156,CHN,China,M,Import,0,W00,World,0,W00,World,H4,HS,True,33,"Essential oils and resinoids; perfumery, cosmetic or toilet preparations",2,False,C00,TOTAL CPC,0,0,TOTAL MOT,-1,N/A,,False,-1,N/A,,False,,False,,False,3372163883.0,,3372163883.0,0,True,False
C,A,20140101,2014,52,2014,156,CHN,China,M,Import,0,W00,World,0,W00,World,H4,HS,True,30,Pharmaceutical products,2,False,C00,TOTAL CPC,0,0,TOTAL MOT,-1,N/A,,False,-1,N/A,,False,,False,,False,17752094502.0,,17752094502.0,0,True,False
C,A,20140101,2014,52,2014,156,CHN,China,M,Import,0,W00,World,0,W00,World,H4,HS,True,32,"Tanning or dyeing extracts; tannins and their derivatives; dyes, pigments and other colouring matter; paints, varnishes; putty, other mastics; inks",2,False,C00,TOTAL CPC,0,0,TOTAL MOT,-1,N/A,,False,-1,N/A,,False,,False,,False,4460916432.0,,4460916432.0,0,True,False
C,A,20140101,2014,52,2014,156,CHN,China,M,Import,0,W00,World,0,W00,World,H4,HS,True,34,"Soap, organic surface-active agents; washing, lubricating, polishing or scouring preparations; artificial or prepared waxes, candles and similar articles, modelling pastes, dental waxes and dental preparations with a basis of plaster",2,False,C00,TOTAL CPC,0,0,TOTAL MOT,-1,N/A,,False,-1,N/A,,False,,False,,False,3953108471.0,,3953108471.0,0,True,False
C,A,20140101,2014,52,2014,156,CHN,China,M,Import,0,W00,World,0,W00,World,H4,HS,True,35,Albuminoidal substances; modified starches; glues; enzymes,2,False,C00,TOTAL CPC,0,0,TOTAL MOT,-1,N/A,,False,-1,N/A,,False,,False,,False,3241692208.0,,3241692208.0,0,True,False
C,A,20140101,2014,52,2014,156,CHN,China,M,Import,0,W00,World,0,W00,World,H4,HS,True,36,Explosives; pyrotechnic products; matches; pyrophoric alloys; certain combustible preparations,2,False,C00,TOTAL CPC,0,0,TOTAL MOT,-1,N/A,,False,-1,N/A,,False,,False,,False,149775882.0,,149775882.0,0,True,False
C,A,20140101,2014,52,2014,156,CHN,China,M,Import,0,W00,World,0,W00,World,H4,HS,True,37,Photographic or cinematographic goods,2,False,C00,TOTAL CPC,0,0,TOTAL MOT,-1,N/A,,False,-1,N/A,,False,,False,,False,2273231562.0,,2273231562.0,0,True,False
C,A,20140101,2014,52,2014,156,CHN,China,M,Import,0,W00,World,0,W00,World,H4,HS,True,38,Chemical products n.e.c.,2,False,C00,TOTAL CPC,0,0,TOTAL MOT,-1,N/A,,False,-1,N/A,,False,,False,,False,16807073187.0,,16807073187.0,0,True,False
C,A,20140101,2014,52,2014,156,CHN,China,M,Import,0,W00,World,0,W00,World,H4,HS,True,31,Fertilizers,2,False,C00,TOTAL CPC,0,0,TOTAL MOT,-1,N/A,,False,-1,N/A,,False,,False,,False,3351121617.0,,3351121617.0,0,True,False
C,A,20140101,2014,52,2014,156,CHN,China,M,Import,0,W00,World,0,W00,World,H4,HS,True,41,Raw hides and skins (other than furskins) and leather,2,False,C00,TOTAL CPC,0,0,TOTAL MOT,-1,N/A,,False,-1,N/A,,False,,False,,False,8260979316.0,,8260979316.0,0,True,False
C,A,20140101,2014,52,2014,156,CHN,China,M,Import,0,W00,World,0,W00,World,H4,HS,True,42,"Articles of leather; saddlery and harness; travel goods, handbags and similar containers; articles of animal gut (other than silk-worm gut)",2,False,C00,TOTAL CPC,0,0,TOTAL MOT,-1,N/A,,False,-1,N/A,,False,,False,,False,2051666546.0,,2051666546.0,0,True,False
C,A,20140101,2014,52,2014,156,CHN,China,M,Import,0,W00,World,0,W00,World,H4,HS,True,43,Furskins and artificial fur; manufactures thereof,2,False,C00,TOTAL CPC,0,0,TOTAL MOT,-1,N/A,,False,-1,N/A,,False,,False,,False,1287259255.0,,1287259255.0,0,True,False
C,A,20140101,2014,52,2014,156,CHN,China,M,Import,0,W00,World,0,W00,World,H4,HS,True,46,"Manufactures of straw, esparto or other plaiting materials; basketware and wickerwork",2,False,C00,TOTAL CPC,0,0,TOTAL MOT,-1,N/A,,False,-1,N/A,,False,,False,,False,11418172.0,,11418172.0,0,True,False
C,A,20140101,2014,52,2014,156,CHN,China,M,Import,0,W00,World,0,W00,World,H4,HS,True,47,Pulp of wood or other fibrous cellulosic material; recovered (waste and scrap) paper or paperboard,2,False,C00,TOTAL CPC,0,0,TOTAL MOT,-1,N/A,,False,-1,N/A,,False,,False,,False,17413803352.0,,17413803352.0,0,True,False
C,A,20140101,2014,52,2014,156,CHN,China,M,Import,0,W00,World,0,W00,World,H4,HS,True,48,"Paper and paperboard; articles of paper pulp, of paper or paperboard",2,False,C00,TOTAL CPC,0,0,TOTAL MOT,-1,N/A,,False,-1,N/A,,False,,False,,False,4308836304.0,,4308836304.0,0,True,False
C,A,20140101,2014,52,2014,156,CHN,China,M,Import,0,W00,World,0,W00,World,H4,HS,True,49,"Printed books, newspapers, pictures and other products of the printing industry; manuscripts, typescripts and plans",2,False,C00,TOTAL CPC,0,0,TOTAL MOT,-1,N/A,,False,-1,N/A,,False,,False,,False,1909708136.0,,1909708136.0,0,True,False
C,A,20140101,2014,52,2014,156,CHN,China,M,Import,0,W00,World,0,W00,World,H4,HS,True,50,Silk,2,False,C00,TOTAL CPC,0,0,TOTAL MOT,-1,N/A,,False,-1,N/A,,False,,False,,False,69091718.0,,69091718.0,0,True,False
C,A,20140101,2014,52,2014,156,CHN,China,M,Import,0,W00,World,0,W00,World,H4,HS,True,51,"Wool, fine or coarse animal hair; horsehair yarn and woven fabric",2,False,C00,TOTAL CPC,0,0,TOTAL MOT,-1,N/A,,False,-1,N/A,,False,,False,,False,3384212145.0,,3384212145.0,0,True,False
C,A,20140101,2014,52,2014,156,CHN,China,M,Import,0,W00,World,0,W00,World,H4,HS,True,52,Cotton,2,False,C00,TOTAL CPC,0,0,TOTAL MOT,-1,N/A,,False,-1,N/A,,False,,False,,False,12756184437.0,,12756184437.0,0,True,False
C,A,20140101,2014,52,2014,156,CHN,China,M,Import,0,W00,World,0,W00,World,H4,HS,True,45,Cork and articles of cork,2,False,C00,TOTAL CPC,0,0,TOTAL MOT,-1,N/A,,False,-1,N/A,,False,,False,,False,41159924.0,,41159924.0,0,True,False
C,A,20140101,2014,52,2014,156,CHN,China,M,Import,0,W00,World,0,W00,World,H4,HS,True,53,Vegetable textile fibres; paper yarn and woven fabrics of paper yarn,2,False,C00,TOTAL CPC,0,0,TOTAL MOT,-1,N/A,,False,-1,N/A,,False,,False,,False,889430306.0,,889430306.0,0,True,False
C,A,20140101,2014,52,2014,156,CHN,China,M,Import,0,W00,World,0,W00,World,H4,HS,True,54,Man-made filaments; strip and the like of man-made textile materials,2,False,C00,TOTAL CPC,0,0,TOTAL MOT,-1,N/A,,False,-1,N/A,,False,,False,,False,3527135279.0,,3527135279.0,0,True,False
C,A,20140101,2014,52,2014,156,CHN,China,M,Import,0,W00,World,0,W00,World,H4,HS,True,55,Man-made staple fibres,2,False,C00,TOTAL CPC,0,0,TOTAL MOT,-1,N/A,,False,-1,N/A,,False,,False,,False,3067482135.0,,3067482135.0,0,True,False
C,A,20140101,2014,52,2014,156,CHN,China,M,Import,0,W00,World,0,W00,World,H4,HS,True,56,"Wadding, felt and nonwovens, special yarns; twine, cordage, ropes and cables and articles thereof",2,False,C00,TOTAL CPC,0,0,TOTAL MOT,-1,N/A,,False,-1,N/A,,False,,False,,False,1310778792.0,,1310778792.0,0,True,False
C,A,20140101,2014,52,2014,156,CHN,China,M,Import,0,W00,World,0,W00,World,H4,HS,True,57,Carpets and other textile floor coverings,2,False,C00,TOTAL CPC,0,0,TOTAL MOT,-1,N/A,,False,-1,N/A,,False,,False,,False,164037073.0,,164037073.0,0,True,False
C,A,20140101,2014,52,2014,156,CHN,China,M,Import,0,W00,World,0,W00,World,H4,HS,True,59,"Textile fabrics; impregnated, coated, covered or laminated; textile articles of a kind suitable for industrial use",2,False,C00,TOTAL CPC,0,0,TOTAL MOT,-1,N/A,,False,-1,N/A,,False,,False,,False,2015814136.0,,2015814136.0,0,True,False
C,A,20140101,2014,52,2014,156,CHN,China,M,Import,0,W00,World,0,W00,World,H4,HS,True,60,Fabrics; knitted or crocheted,2,False,C00,TOTAL CPC,0,0,TOTAL MOT,-1,N/A,,False,-1,N/A,,False,,False,,False,2039464968.0,,2039464968.0,0,True,False
C,A,20140101,2014,52,2014,156,CHN,China,M,Import,0,W00,World,0,W00,World,H4,HS,True,61,Apparel and clothing accessories; knitted or crocheted,2,False,C00,TOTAL CPC,0,0,TOTAL MOT,-1,N/A,,False,-1,N/A,,False,,False,,False,2065514188.0,,2065514188.0,0,True,False
C,A,20140101,2014,52,2014,156,CHN,China,M,Import,0,W00,World,0,W00,World,H4,HS,True,58,"Fabrics; special woven fabrics, tufted textile fabrics, lace, tapestries, trimmings, embroidery",2,False,C00,TOTAL CPC,0,0,TOTAL MOT,-1,N/A,,False,-1,N/A,,False,,False,,False,670627652.0,,670627652.0,0,True,False
C,A,20140101,2014,52,2014,156,CHN,China,M,Import,0,W00,World,0,W00,World,H4,HS,True,63,"Textiles, made up articles; sets; worn clothing and worn textile articles; rags",2,False,C00,TOTAL CPC,0,0,TOTAL MOT,-1,N/A,,False,-1,N/A,,False,,False,,False,483372919.0,,483372919.0,0,True,False
C,A,20140101,2014,52,2014,156,CHN,China,M,Import,0,W00,World,0,W00,World,H4,HS,True,64,Footwear; gaiters and the like; parts of such articles,2,False,C00,TOTAL CPC,0,0,TOTAL MOT,-1,N/A,,False,-1,N/A,,False,,False,,False,2293380789.0,,2293380789.0,0,True,False
C,A,20140101,2014,52,2014,156,CHN,China,M,Import,0,W00,World,0,W00,World,H4,HS,True,66,"Umbrellas, sun umbrellas, walking-sticks, seat sticks, whips, riding crops; and parts thereof",2,False,C00,TOTAL CPC,0,0,TOTAL MOT,-1,N/A,,False,-1,N/A,,False,,False,,False,22030512.0,,22030512.0,0,True,False
C,A,20140101,2014,52,2014,156,CHN,China,M,Import,0,W00,World,0,W00,World,H4,HS,True,67,"Feathers and down, prepared; and articles made of feather or of down; artificial flowers; articles of human hair",2,False,C00,TOTAL CPC,0,0,TOTAL MOT,-1,N/A,,False,-1,N/A,,False,,False,,False,281794123.0,,281794123.0,0,True,False
C,A,20140101,2014,52,2014,156,CHN,China,M,Import,0,W00,World,0,W00,World,H4,HS,True,68,"Stone, plaster, cement, asbestos, mica or similar materials; articles thereof",2,False,C00,TOTAL CPC,0,0,TOTAL MOT,-1,N/A,,False,-1,N/A,,False,,False,,False,1668111368.0,,1668111368.0,0,True,False
C,A,20140101,2014,52,2014,156,CHN,China,M,Import,0,W00,World,0,W00,World,H4,HS,True,69,Ceramic products,2,False,C00,TOTAL CPC,0,0,TOTAL MOT,-1,N/A,,False,-1,N/A,,False,,False,,False,778195097.0,,778195097.0,0,True,False
C,A,20140101,2014,52,2014,156,CHN,China,M,Import,0,W00,World,0,W00,World,H4,HS,True,70,Glass and glassware,2,False,C00,TOTAL CPC,0,0,TOTAL MOT,-1,N/A,,False,-1,N/A,,False,,False,,False,7330714086.0,,7330714086.0,0,True,False
C,A,20140101,2014,52,2014,156,CHN,China,M,Import,0,W00,World,0,W00,World,H4,HS,True,71,"Natural, cultured pearls; precious, semi-precious stones; precious metals, metals clad with precious metal, and articles thereof; imitation jewellery; coin",2,False,C00,TOTAL CPC,0,0,TOTAL MOT,-1,N/A,,False,-1,N/A,,False,,False,,False,41893505733.0,,41893505733.0,0,True,False
C,A,20140101,2014,52,2014,156,CHN,China,M,Import,0,W00,World,0,W00,World,H4,HS,True,72,Iron and steel,2,False,C00,TOTAL CPC,0,0,TOTAL MOT,-1,N/A,,False,-1,N/A,,False,,False,,False,21167202864.0,,21167202864.0,0,True,False
C,A,20140101,2014,52,2014,156,CHN,China,M,Import,0,W00,World,0,W00,World,H4,HS,True,65,Headgear and parts thereof,2,False,C00,TOTAL CPC,0,0,TOTAL MOT,-1,N/A,,False,-1,N/A,,False,,False,,False,51943482.0,,51943482.0,0,True,False
C,A,20140101,2014,52,2014,156,CHN,China,M,Import,0,W00,World,0,W00,World,H4,HS,True,75,Nickel and articles thereof,2,False,C00,TOTAL CPC,0,0,TOTAL MOT,-1,N/A,,False,-1,N/A,,False,,False,,False,4097085464.0,,4097085464.0,0,True,False
C,A,20140101,2014,52,2014,156,CHN,China,M,Import,0,W00,World,0,W00,World,H4,HS,True,76,Aluminium and articles thereof,2,False,C00,TOTAL CPC,0,0,TOTAL MOT,-1,N/A,,False,-1,N/A,,False,,False,,False,8039030026.0,,8039030026.0,0,True,False
C,A,20140101,2014,52,2014,156,CHN,China,M,Import,0,W00,World,0,W00,World,H4,HS,True,78,Lead and articles thereof,2,False,C00,TOTAL CPC,0,0,TOTAL MOT,-1,N/A,,False,-1,N/A,,False,,False,,False,70556832.0,,70556832.0,0,True,False
C,A,20140101,2014,52,2014,156,CHN,China,M,Import,0,W00,World,0,W00,World,H4,HS,True,79,Zinc and articles thereof,2,False,C00,TOTAL CPC,0,0,TOTAL MOT,-1,N/A,,False,-1,N/A,,False,,False,,False,1639343540.0,,1639343540.0,0,True,False
C,A,20140101,2014,52,2014,156,CHN,China,M,Import,0,W00,World,0,W00,World,H4,HS,True,80,Tin; articles thereof,2,False,C00,TOTAL CPC,0,0,TOTAL MOT,-1,N/A,,False,-1,N/A,,False,,False,,False,428722333.0,,428722333.0,0,True,False
C,A,20140101,2014,52,2014,156,CHN,China,M,Import,0,W00,World,0,W00,World,H4,HS,True,81,"Metals; n.e.c., cermets and articles thereof",2,False,C00,TOTAL CPC,0,0,TOTAL MOT,-1,N/A,,False,-1,N/A,,False,,False,,False,1565855174.0,,1565855174.0,0,True,False
C,A,20140101,2014,52,2014,156,CHN,China,M,Import,0,W00,World,0,W00,World,H4,HS,True,82,"Tools, implements, cutlery, spoons and forks, of base metal; parts thereof, of base metal",2,False,C00,TOTAL CPC,0,0,TOTAL MOT,-1,N/A,,False,-1,N/A,,False,,False,,False,3558847779.0,,3558847779.0,0,True,False
C,A,20140101,2014,52,2014,156,CHN,China,M,Import,0,W00,World,0,W00,World,H4,HS,True,83,Metal; miscellaneous products of base metal,2,False,C00,TOTAL CPC,0,0,TOTAL MOT,-1,N/A,,False,-1,N/A,,False,,False,,False,1935169167.0,,1935169167.0,0,True,False
C,A,20140101,2014,52,2014,156,CHN,China,M,Import,0,W00,World,0,W00,World,H4,HS,True,86,"Railway, tramway locomotives, rolling-stock and parts thereof; railway or tramway track fixtures and fittings and parts thereof; mechanical (including electro-mechanical) traffic signalling equipment of all kinds",2,False,C00,TOTAL CPC,0,0,TOTAL MOT,-1,N/A,,False,-1,N/A,,False,,False,,False,1644070343.0,,1644070343.0,0,True,False
C,A,20140101,2014,52,2014,156,CHN,China,M,Import,0,W00,World,0,W00,World,H4,HS,True,88,"Aircraft, spacecraft and parts thereof",2,False,C00,TOTAL CPC,0,0,TOTAL MOT,-1,N/A,,False,-1,N/A,,False,,False,,False,28438496227.0,,28438496227.0,0,True,False
C,A,20140101,2014,52,2014,156,CHN,China,M,Import,0,W00,World,0,W00,World,H4,HS,True,89,"Ships, boats and floating structures",2,False,C00,TOTAL CPC,0,0,TOTAL MOT,-1,N/A,,False,-1,N/A,,False,,False,,False,1318015458.0,,1318015458.0,0,True,False
C,A,20140101,2014,52,2014,156,CHN,China,M,Import,0,W00,World,0,W00,World,H4,HS,True,91,Clocks and watches and parts thereof,2,False,C00,TOTAL CPC,0,0,TOTAL MOT,-1,N/A,,False,-1,N/A,,False,,False,,False,3561231765.0,,3561231765.0,0,True,False
C,A,20140101,2014,52,2014,156,CHN,China,M,Import,0,W00,World,0,W00,World,H4,HS,True,87,"Vehicles; other than railway or tramway rolling stock, and parts and accessories thereof",2,False,C00,TOTAL CPC,0,0,TOTAL MOT,-1,N/A,,False,-1,N/A,,False,,False,,False,89509494334.0,,89509494334.0,0,True,False
C,A,20140101,2014,52,2014,156,CHN,China,M,Import,0,W00,World,0,W00,World,H4,HS,True,93,Arms and ammunition; parts and accessories thereof,2,False,C00,TOTAL CPC,0,0,TOTAL MOT,-1,N/A,,False,-1,N/A,,False,,False,,False,6072586.0,,6072586.0,0,True,False
C,A,20140101,2014,52,2014,156,CHN,China,M,Import,0,W00,World,0,W00,World,H4,HS,True,94,"Furniture; bedding, mattresses, mattress supports, cushions and similar stuffed furnishings; lamps and lighting fittings, n.e.c.; illuminated signs, illuminated name-plates and the like; prefabricated buildings",2,False,C00,TOTAL CPC,0,0,TOTAL MOT,-1,N/A,,False,-1,N/A,,False,,False,,False,3373788610.0,,3373788610.0,0,True,False
C,A,20140101,2014,52,2014,156,CHN,China,M,Import,0,W00,World,0,W00,World,H4,HS,True,95,"Toys, games and sports requisites; parts and accessories thereof",2,False,C00,TOTAL CPC,0,0,TOTAL MOT,-1,N/A,,False,-1,N/A,,False,,False,,False,2072456678.0,,2072456678.0,0,True,False
C,A,20140101,2014,52,2014,156,CHN,China,M,Import,0,W00,World,0,W00,World,H4,HS,True,96,Miscellaneous manufactured articles,2,False,C00,TOTAL CPC,0,0,TOTAL MOT,-1,N/A,,False,-1,N/A,,False,,False,,False,1723166131.0,,1723166131.0,0,True,False
C,A,20140101,2014,52,2014,156,CHN,China,M,Import,0,W00,World,0,W00,World,H4,HS,True,97,Works of art; collectors' pieces and antiques,2,False,C00,TOTAL CPC,0,0,TOTAL MOT,-1,N/A,,False,-1,N/A,,False,,False,,False,524115629.0,,524115629.0,0,True,False
C,A,20140101,2014,52,2014,156,CHN,China,M,Import,0,W00,World,0,W00,World,H4,HS,True,99,Commodities not specified according to kind,2,False,C00,TOTAL CPC,0,0,TOTAL MOT,-1,N/A,,False,-1,N/A,,False,,False,,False,82763504585.0,,82763504585.0,0,True,False
C,A,20140101,2014,52,2014,156,CHN,China,M,Import,0,W00,World,0,W00,World,H4,HS,True,92,Musical instruments; parts and accessories of such articles,2,False,C00,TOTAL CPC,0,0,TOTAL MOT,-1,N/A,,False,-1,N/A,,False,,False,,False,318106653.0,,318106653.0,0,True,False
C,A,20140101,2014,52,2014,156,CHN,China,M,Import,0,W00,World,0,W00,World,H4,HS,True,40,Rubber and articles thereof,2,False,C00,TOTAL CPC,0,0,TOTAL MOT,-1,N/A,,False,-1,N/A,,False,,False,,False,17370613258.0,,17370613258.0,0,True,False
C,A,20140101,2014,52,2014,156,CHN,China,M,Import,0,W00,World,0,W00,World,H4,HS,True,25,"Salt; sulphur; earths, stone; plastering materials, lime and cement",2,False,C00,TOTAL CPC,0,0,TOTAL MOT,-1,N/A,,False,-1,N/A,,False,,False,,False,6243943749.0,,6243943749.0,0,True,False
C,A,20140101,2014,52,2014,156,CHN,China,M,Import,0,W00,World,0,W00,World,H4,HS,True,44,Wood and articles of wood; wood charcoal,2,False,C00,TOTAL CPC,0,0,TOTAL MOT,-1,N/A,,False,-1,N/A,,False,,False,,False,22797546356.0,,22797546356.0,0,True,False
C,A,20140101,2014,52,2014,156,CHN,China,M,Import,0,W00,World,0,W00,World,H4,HS,True,62,Apparel and clothing accessories; not knitted or crocheted,2,False,C00,TOTAL CPC,0,0,TOTAL MOT,-1,N/A,,False,-1,N/A,,False,,False,,False,3559321871.0,,3559321871.0,0,True,False
C,A,20140101,2014,52,2014,156,CHN,China,M,Import,0,W00,World,0,W00,World,H4,HS,True,73,Iron or steel articles,2,False,C00,TOTAL CPC,0,0,TOTAL MOT,-1,N/A,,False,-1,N/A,,False,,False,,False,11787462162.0,,11787462162.0,0,True,False
C,A,20140101,2014,52,2014,704,VNM,Viet Nam,M,Import,0,W00,World,0,W00,World,H4,HS,True,09,"Coffee, tea, mate and spices",2,False,C00,TOTAL CPC,0,0,TOTAL MOT,-1,N/A,,False,-1,N/A,,False,,False,,False,167535852.0,,167535852.0,0,True,False
C,A,20140101,2014,52,2014,704,VNM,Viet Nam,M,Import,0,W00,World,0,W00,World,H4,HS,True,07,Vegetables and certain roots and tubers; edible,2,False,C00,TOTAL CPC,0,0,TOTAL MOT,-1,N/A,,False,-1,N/A,,False,,False,,False,347394764.0,,347394764.0,0,True,False
C,A,20140101,2014,52,2014,704,VNM,Viet Nam,M,Import,0,W00,World,0,W00,World,H4,HS,True,06,"Trees and other plants, live; bulbs, roots and the like; cut flowers and ornamental foliage",2,False,C00,TOTAL CPC,0,0,TOTAL MOT,-1,N/A,,False,-1,N/A,,False,,False,,False,64978256.0,,64978256.0,0,True,False
C,A,20140101,2014,52,2014,704,VNM,Viet Nam,M,Import,0,W00,World,0,W00,World,H4,HS,True,05,Animal originated products; not elsewhere specified or included,2,False,C00,TOTAL CPC,0,0,TOTAL MOT,-1,N/A,,False,-1,N/A,,False,,False,,False,340835849.0,,340835849.0,0,True,False
C,A,20140101,2014,52,2014,704,VNM,Viet Nam,M,Import,0,W00,World,0,W00,World,H4,HS,True,04,"Dairy produce; birds' eggs; natural honey; edible products of animal origin, not elsewhere specified or included",2,False,C00,TOTAL CPC,0,0,TOTAL MOT,-1,N/A,,False,-1,N/A,,False,,False,,False,726486009.0,,726486009.0,0,True,False
C,A,20140101,2014,52,2014,704,VNM,Viet Nam,M,Import,0,W00,World,0,W00,World,H4,HS,True,10,Cereals,2,False,C00,TOTAL CPC,0,0,TOTAL MOT,-1,N/A,,False,-1,N/A,,False,,False,,False,1924300761.0,,1924300761.0,0,True,False
C,A,20140101,2014,52,2014,704,VNM,Viet Nam,M,Import,0,W00,World,0,W00,World,H4,HS,True,08,"Fruit and nuts, edible; peel of citrus fruit or melons",2,False,C00,TOTAL CPC,0,0,TOTAL MOT,-1,N/A,,False,-1,N/A,,False,,False,,False,930681130.0,,930681130.0,0,True,False
C,A,20140101,2014,52,2014,704,VNM,Viet Nam,M,Import,0,W00,World,0,W00,World,H4,HS,True,11,"Products of the milling industry; malt, starches, inulin, wheat gluten",2,False,C00,TOTAL CPC,0,0,TOTAL MOT,-1,N/A,,False,-1,N/A,,False,,False,,False,271381726.0,,271381726.0,0,True,False
C,A,20140101,2014,52,2014,704,VNM,Viet Nam,M,Import,0,W00,World,0,W00,World,H4,HS,True,12,"Oil seeds and oleaginous fruits; miscellaneous grains, seeds and fruit, industrial or medicinal plants; straw and fodder",2,False,C00,TOTAL CPC,0,0,TOTAL MOT,-1,N/A,,False,-1,N/A,,False,,False,,False,1013476015.0,,1013476015.0,0,True,False
C,A,20140101,2014,52,2014,704,VNM,Viet Nam,M,Import,0,W00,World,0,W00,World,H4,HS,True,13,"Lac; gums, resins and other vegetable saps and extracts",2,False,C00,TOTAL CPC,0,0,TOTAL MOT,-1,N/A,,False,-1,N/A,,False,,False,,False,41151007.0,,41151007.0,0,True,False
C,A,20140101,2014,52,2014,704,VNM,Viet Nam,M,Import,0,W00,World,0,W00,World,H4,HS,True,14,Vegetable plaiting materials; vegetable products not elsewhere specified or included,2,False,C00,TOTAL CPC,0,0,TOTAL MOT,-1,N/A,,False,-1,N/A,,False,,False,,False,1646108.0,,1646108.0,0,True,False
C,A,20140101,2014,52,2014,704,VNM,Viet Nam,M,Import,0,W00,World,0,W00,World,H4,HS,True,15,Animal or vegetable fats and oils and their cleavage products; prepared animal fats; animal or vegetable waxes,2,False,C00,TOTAL CPC,0,0,TOTAL MOT,-1,N/A,,False,-1,N/A,,False,,False,,False,765608664.0,,765608664.0,0,True,False
C,A,20140101,2014,52,2014,704,VNM,Viet Nam,M,Import,0,W00,World,0,W00,World,H4,HS,True,03,"Fish and crustaceans, molluscs and other aquatic invertebrates",2,False,C00,TOTAL CPC,0,0,TOTAL MOT,-1,N/A,,False,-1,N/A,,False,,False,,False,1049754996.0,,1049754996.0,0,True,False
C,A,20140101,2014,52,2014,704,VNM,Viet Nam,M,Import,0,W00,World,0,W00,World,H4,HS,True,02,Meat and edible meat offal,2,False,C00,TOTAL CPC,0,0,TOTAL MOT,-1,N/A,,False,-1,N/A,,False,,False,,False,231879386.0,,231879386.0,0,True,False
C,A,20140101,2014,52,2014,704,VNM,Viet Nam,M,Import,0,W00,World,0,W00,World,H4,HS,True,01,Animals; live,2,False,C00,TOTAL CPC,0,0,TOTAL MOT,-1,N/A,,False,-1,N/A,,False,,False,,False,282830971.0,,282830971.0,0,True,False
C,A,20140101,2014,52,2014,704,VNM,Viet Nam,M,Import,0,W00,World,0,W00,World,H4,HS,True,18,Cocoa and cocoa preparations,2,False,C00,TOTAL CPC,0,0,TOTAL MOT,-1,N/A,,False,-1,N/A,,False,,False,,False,32555016.0,,32555016.0,0,True,False
C,A,20140101,2014,52,2014,704,VNM,Viet Nam,M,Import,0,W00,World,0,W00,World,H4,HS,True,19,"Preparations of cereals, flour, starch or milk; pastrycooks' products",2,False,C00,TOTAL CPC,0,0,TOTAL MOT,-1,N/A,,False,-1,N/A,,False,,False,,False,542430892.0,,542430892.0,0,True,False
C,A,20140101,2014,52,2014,704,VNM,Viet Nam,M,Import,0,W00,World,0,W00,World,H4,HS,True,20,"Preparations of vegetables, fruit, nuts or other parts of plants",2,False,C00,TOTAL CPC,0,0,TOTAL MOT,-1,N/A,,False,-1,N/A,,False,,False,,False,45344162.0,,45344162.0,0,True,False
C,A,20140101,2014,52,2014,704,VNM,Viet Nam,M,Import,0,W00,World,0,W00,World,H4,HS,True,21,Miscellaneous edible preparations,2,False,C00,TOTAL CPC,0,0,TOTAL MOT,-1,N/A,,False,-1,N/A,,False,,False,,False,529693996.0,,529693996.0,0,True,False
C,A,20140101,2014,52,2014,704,VNM,Viet Nam,M,Import,0,W00,World,0,W00,World,H4,HS,True,22,"Beverages, spirits and vinegar",2,False,C00,TOTAL CPC,0,0,TOTAL MOT,-1,N/A,,False,-1,N/A,,False,,False,,False,161064892.0,,161064892.0,0,True,False
C,A,20140101,2014,52,2014,704,VNM,Viet Nam,M,Import,0,W00,World,0,W00,World,H4,HS,True,23,"Food industries, residues and wastes thereof; prepared animal fodder",2,False,C00,TOTAL CPC,0,0,TOTAL MOT,-1,N/A,,False,-1,N/A,,False,,False,,False,3253539001.0,,3253539001.0,0,True,False
C,A,20140101,2014,52,2014,704,VNM,Viet Nam,M,Import,0,W00,World,0,W00,World,H4,HS,True,24,Tobacco and manufactured tobacco substitutes,2,False,C00,TOTAL CPC,0,0,TOTAL MOT,-1,N/A,,False,-1,N/A,,False,,False,,False,224656367.0,,224656367.0,0,True,False
C,A,20140101,2014,52,2014,704,VNM,Viet Nam,M,Import,0,W00,World,0,W00,World,H4,HS,True,25,"Salt; sulphur; earths, stone; plastering materials, lime and cement",2,False,C00,TOTAL CPC,0,0,TOTAL MOT,-1,N/A,,False,-1,N/A,,False,,False,,False,351640350.0,,351640350.0,0,True,False
C,A,20140101,2014,52,2014,704,VNM,Viet Nam,M,Import,0,W00,World,0,W00,World,H4,HS,True,17,Sugars and sugar confectionery,2,False,C00,TOTAL CPC,0,0,TOTAL MOT,-1,N/A,,False,-1,N/A,,False,,False,,False,233835345.0,,233835345.0,0,True,False
C,A,20140101,2014,52,2014,704,VNM,Viet Nam,M,Import,0,W00,World,0,W00,World,H4,HS,True,27,"Mineral fuels, mineral oils and products of their distillation; bituminous substances; mineral waxes",2,False,C00,TOTAL CPC,0,0,TOTAL MOT,-1,N/A,,False,-1,N/A,,False,,False,,False,10443776458.0,,10443776458.0,0,True,False
C,A,20140101,2014,52,2014,704,VNM,Viet Nam,M,Import,0,W00,World,0,W00,World,H4,HS,True,28,"Inorganic chemicals; organic and inorganic compounds of precious metals; of rare earth metals, of radio-active elements and of isotopes",2,False,C00,TOTAL CPC,0,0,TOTAL MOT,-1,N/A,,False,-1,N/A,,False,,False,,False,948900437.0,,948900437.0,0,True,False
C,A,20140101,2014,52,2014,704,VNM,Viet Nam,M,Import,0,W00,World,0,W00,World,H4,HS,True,16,"Meat, fish or crustaceans, molluscs or other aquatic invertebrates; preparations thereof",2,False,C00,TOTAL CPC,0,0,TOTAL MOT,-1,N/A,,False,-1,N/A,,False,,False,,False,19504520.0,,19504520.0,0,True,False
C,A,20140101,2014,52,2014,704,VNM,Viet Nam,M,Import,0,W00,World,0,W00,World,H4,HS,True,26,"Ores, slag and ash",2,False,C00,TOTAL CPC,0,0,TOTAL MOT,-1,N/A,,False,-1,N/A,,False,,False,,False,224171103.0,,224171103.0,0,True,False
C,A,20140101,2014,52,2014,704,VNM,Viet Nam,M,Import,0,W00,World,0,W00,World,H4,HS,True,31,Fertilizers,2,False,C00,TOTAL CPC,0,0,TOTAL MOT,-1,N/A,,False,-1,N/A,,False,,False,,False,1240809874.0,,1240809874.0,0,True,False
C,A,20140101,2014,52,2014,704,VNM,Viet Nam,M,Import,0,W00,World,0,W00,World,H4,HS,True,29,Organic chemicals,2,False,C00,TOTAL CPC,0,0,TOTAL MOT,-1,N/A,,False,-1,N/A,,False,,False,,False,2725093033.0,,2725093033.0,0,True,False
C,A,20140101,2014,52,2014,704,VNM,Viet Nam,M,Import,0,W00,World,0,W00,World,H4,HS,True,32,"Tanning or dyeing extracts; tannins and their derivatives; dyes, pigments and other colouring matter; paints, varnishes; putty, other mastics; inks",2,False,C00,TOTAL CPC,0,0,TOTAL MOT,-1,N/A,,False,-1,N/A,,False,,False,,False,1083461264.0,,1083461264.0,0,True,False
C,A,20140101,2014,52,2014,704,VNM,Viet Nam,M,Import,0,W00,World,0,W00,World,H4,HS,True,33,"Essential oils and resinoids; perfumery, cosmetic or toilet preparations",2,False,C00,TOTAL CPC,0,0,TOTAL MOT,-1,N/A,,False,-1,N/A,,False,,False,,False,560286235.0,,560286235.0,0,True,False
C,A,20140101,2014,52,2014,704,VNM,Viet Nam,M,Import,0,W00,World,0,W00,World,H4,HS,True,35,Albuminoidal substances; modified starches; glues; enzymes,2,False,C00,TOTAL CPC,0,0,TOTAL MOT,-1,N/A,,False,-1,N/A,,False,,False,,False,408897077.0,,408897077.0,0,True,False
C,A,20140101,2014,52,2014,704,VNM,Viet Nam,M,Import,0,W00,World,0,W00,World,H4,HS,True,36,Explosives; pyrotechnic products; matches; pyrophoric alloys; certain combustible preparations,2,False,C00,TOTAL CPC,0,0,TOTAL MOT,-1,N/A,,False,-1,N/A,,False,,False,,False,3977499.0,,3977499.0,0,True,False
C,A,20140101,2014,52,2014,704,VNM,Viet Nam,M,Import,0,W00,World,0,W00,World,H4,HS,True,37,Photographic or cinematographic goods,2,False,C00,TOTAL CPC,0,0,TOTAL MOT,-1,N/A,,False,-1,N/A,,False,,False,,False,82743428.0,,82743428.0,0,True,False
C,A,20140101,2014,52,2014,704,VNM,Viet Nam,M,Import,0,W00,World,0,W00,World,H4,HS,True,38,Chemical products n.e.c.,2,False,C00,TOTAL CPC,0,0,TOTAL MOT,-1,N/A,,False,-1,N/A,,False,,False,,False,2107989339.0,,2107989339.0,0,True,False
C,A,20140101,2014,52,2014,704,VNM,Viet Nam,M,Import,0,W00,World,0,W00,World,H4,HS,True,30,Pharmaceutical products,2,False,C00,TOTAL CPC,0,0,TOTAL MOT,-1,N/A,,False,-1,N/A,,False,,False,,False,2173627503.0,,2173627503.0,0,True,False
C,A,20140101,2014,52,2014,704,VNM,Viet Nam,M,Import,0,W00,World,0,W00,World,H4,HS,True,34,"Soap, organic surface-active agents; washing, lubricating, polishing or scouring preparations; artificial or prepared waxes, candles and similar articles, modelling pastes, dental waxes and dental preparations with a basis of plaster",2,False,C00,TOTAL CPC,0,0,TOTAL MOT,-1,N/A,,False,-1,N/A,,False,,False,,False,421065491.0,,421065491.0,0,True,False
C,A,20140101,2014,52,2014,704,VNM,Viet Nam,M,Import,0,W00,World,0,W00,World,H4,HS,True,40,Rubber and articles thereof,2,False,C00,TOTAL CPC,0,0,TOTAL MOT,-1,N/A,,False,-1,N/A,,False,,False,,False,1547191418.0,,1547191418.0,0,True,False
C,A,20140101,2014,52,2014,704,VNM,Viet Nam,M,Import,0,W00,World,0,W00,World,H4,HS,True,41,Raw hides and skins (other than furskins) and leather,2,False,C00,TOTAL CPC,0,0,TOTAL MOT,-1,N/A,,False,-1,N/A,,False,,False,,False,1686007441.0,,1686007441.0,0,True,False
C,A,20140101,2014,52,2014,704,VNM,Viet Nam,M,Import,0,W00,World,0,W00,World,H4,HS,True,39,Plastics and articles thereof,2,False,C00,TOTAL CPC,0,0,TOTAL MOT,-1,N/A,,False,-1,N/A,,False,,False,,False,9714833870.0,,9714833870.0,0,True,False
C,A,20140101,2014,52,2014,704,VNM,Viet Nam,M,Import,0,W00,World,0,W00,World,H4,HS,True,42,"Articles of leather; saddlery and harness; travel goods, handbags and similar containers; articles of animal gut (other than silk-worm gut)",2,False,C00,TOTAL CPC,0,0,TOTAL MOT,-1,N/A,,False,-1,N/A,,False,,False,,False,100255005.0,,100255005.0,0,True,False
C,A,20140101,2014,52,2014,704,VNM,Viet Nam,M,Import,0,W00,World,0,W00,World,H4,HS,True,44,Wood and articles of wood; wood charcoal,2,False,C00,TOTAL CPC,0,0,TOTAL MOT,-1,N/A,,False,-1,N/A,,False,,False,,False,2156671341.0,,2156671341.0,0,True,False
C,A,20140101,2014,52,2014,704,VNM,Viet Nam,M,Import,0,W00,World,0,W00,World,H4,HS,True,48,"Paper and paperboard; articles of paper pulp, of paper or paperboard",2,False,C00,TOTAL CPC,0,0,TOTAL MOT,-1,N/A,,False,-1,N/A,,False,,False,,False,1887738173.0,,1887738173.0,0,True,False
C,A,20140101,2014,52,2014,704,VNM,Viet Nam,M,Import,0,W00,World,0,W00,World,H4,HS,True,49,"Printed books, newspapers, pictures and other products of the printing industry; manuscripts, typescripts and plans",2,False,C00,TOTAL CPC,0,0,TOTAL MOT,-1,N/A,,False,-1,N/A,,False,,False,,False,142790950.0,,142790950.0,0,True,False
C,A,20140101,2014,52,2014,704,VNM,Viet Nam,M,Import,0,W00,World,0,W00,World,H4,HS,True,50,Silk,2,False,C00,TOTAL CPC,0,0,TOTAL MOT,-1,N/A,,False,-1,N/A,,False,,False,,False,74227883.0,,74227883.0,0,True,False
C,A,20140101,2014,52,2014,704,VNM,Viet Nam,M,Import,0,W00,World,0,W00,World,H4,HS,True,51,"Wool, fine or coarse animal hair; horsehair yarn and woven fabric",2,False,C00,TOTAL CPC,0,0,TOTAL MOT,-1,N/A,,False,-1,N/A,,False,,False,,False,153995511.0,,153995511.0,0,True,False
C,A,20140101,2014,52,2014,704,VNM,Viet Nam,M,Import,0,W00,World,0,W00,World,H4,HS,True,52,Cotton,2,False,C00,TOTAL CPC,0,0,TOTAL MOT,-1,N/A,,False,-1,N/A,,False,,False,,False,3205948322.0,,3205948322.0,0,True,False
C,A,20140101,2014,52,2014,704,VNM,Viet Nam,M,Import,0,W00,World,0,W00,World,H4,HS,True,43,Furskins and artificial fur; manufactures thereof,2,False,C00,TOTAL CPC,0,0,TOTAL MOT,-1,N/A,,False,-1,N/A,,False,,False,,False,155118322.0,,155118322.0,0,True,False
C,A,20140101,2014,52,2014,704,VNM,Viet Nam,M,Import,0,W00,World,0,W00,World,H4,HS,True,45,Cork and articles of cork,2,False,C00,TOTAL CPC,0,0,TOTAL MOT,-1,N/A,,False,-1,N/A,,False,,False,,False,760337.0,,760337.0,0,True,False
C,A,20140101,2014,52,2014,704,VNM,Viet Nam,M,Import,0,W00,World,0,W00,World,H4,HS,True,46,"Manufactures of straw, esparto or other plaiting materials; basketware and wickerwork",2,False,C00,TOTAL CPC,0,0,TOTAL MOT,-1,N/A,,False,-1,N/A,,False,,False,,False,3350895.0,,3350895.0,0,True,False
C,A,20140101,2014,52,2014,704,VNM,Viet Nam,M,Import,0,W00,World,0,W00,World,H4,HS,True,47,Pulp of wood or other fibrous cellulosic material; recovered (waste and scrap) paper or paperboard,2,False,C00,TOTAL CPC,0,0,TOTAL MOT,-1,N/A,,False,-1,N/A,,False,,False,,False,271922563.0,,271922563.0,0,True,False
C,A,20140101,2014,52,2014,704,VNM,Viet Nam,M,Import,0,W00,World,0,W00,World,H4,HS,True,53,Vegetable textile fibres; paper yarn and woven fabrics of paper yarn,2,False,C00,TOTAL CPC,0,0,TOTAL MOT,-1,N/A,,False,-1,N/A,,False,,False,,False,38660722.0,,38660722.0,0,True,False
C,A,20140101,2014,52,2014,704,VNM,Viet Nam,M,Import,0,W00,World,0,W00,World,H4,HS,True,54,Man-made filaments; strip and the like of man-made textile materials,2,False,C00,TOTAL CPC,0,0,TOTAL MOT,-1,N/A,,False,-1,N/A,,False,,False,,False,1955425505.0,,1955425505.0,0,True,False
C,A,20140101,2014,52,2014,704,VNM,Viet Nam,M,Import,0,W00,World,0,W00,World,H4,HS,True,55,Man-made staple fibres,2,False,C00,TOTAL CPC,0,0,TOTAL MOT,-1,N/A,,False,-1,N/A,,False,,False,,False,2844527412.0,,2844527412.0,0,True,False
C,A,20140101,2014,52,2014,704,VNM,Viet Nam,M,Import,0,W00,World,0,W00,World,H4,HS,True,56,"Wadding, felt and nonwovens, special yarns; twine, cordage, ropes and cables and articles thereof",2,False,C00,TOTAL CPC,0,0,TOTAL MOT,-1,N/A,,False,-1,N/A,,False,,False,,False,619988543.0,,619988543.0,0,True,False
C,A,20140101,2014,52,2014,704,VNM,Viet Nam,M,Import,0,W00,World,0,W00,World,H4,HS,True,59,"Textile fabrics; impregnated, coated, covered or laminated; textile articles of a kind suitable for industrial use",2,False,C00,TOTAL CPC,0,0,TOTAL MOT,-1,N/A,,False,-1,N/A,,False,,False,,False,963371097.0,,963371097.0,0,True,False
C,A,20140101,2014,52,2014,704,VNM,Viet Nam,M,Import,0,W00,World,0,W00,World,H4,HS,True,60,Fabrics; knitted or crocheted,2,False,C00,TOTAL CPC,0,0,TOTAL MOT,-1,N/A,,False,-1,N/A,,False,,False,,False,3191604060.0,,3191604060.0,0,True,False
C,A,20140101,2014,52,2014,704,VNM,Viet Nam,M,Import,0,W00,World,0,W00,World,H4,HS,True,61,Apparel and clothing accessories; knitted or crocheted,2,False,C00,TOTAL CPC,0,0,TOTAL MOT,-1,N/A,,False,-1,N/A,,False,,False,,False,273333980.0,,273333980.0,0,True,False
C,A,20140101,2014,52,2014,704,VNM,Viet Nam,M,Import,0,W00,World,0,W00,World,H4,HS,True,62,Apparel and clothing accessories; not knitted or crocheted,2,False,C00,TOTAL CPC,0,0,TOTAL MOT,-1,N/A,,False,-1,N/A,,False,,False,,False,206375744.0,,206375744.0,0,True,False
C,A,20140101,2014,52,2014,704,VNM,Viet Nam,M,Import,0,W00,World,0,W00,World,H4,HS,True,57,Carpets and other textile floor coverings,2,False,C00,TOTAL CPC,0,0,TOTAL MOT,-1,N/A,,False,-1,N/A,,False,,False,,False,41342377.0,,41342377.0,0,True,False
C,A,20140101,2014,52,2014,704,VNM,Viet Nam,M,Import,0,W00,World,0,W00,World,H4,HS,True,58,"Fabrics; special woven fabrics, tufted textile fabrics, lace, tapestries, trimmings, embroidery",2,False,C00,TOTAL CPC,0,0,TOTAL MOT,-1,N/A,,False,-1,N/A,,False,,False,,False,896940859.0,,896940859.0,0,True,False
C,A,20140101,2014,52,2014,704,VNM,Viet Nam,M,Import,0,W00,World,0,W00,World,H4,HS,True,63,"Textiles, made up articles; sets; worn clothing and worn textile articles; rags",2,False,C00,TOTAL CPC,0,0,TOTAL MOT,-1,N/A,,False,-1,N/A,,False,,False,,False,56885417.0,,56885417.0,0,True,False
C,A,20140101,2014,52,2014,704,VNM,Viet Nam,M,Import,0,W00,World,0,W00,World,H4,HS,True,64,Footwear; gaiters and the like; parts of such articles,2,False,C00,TOTAL CPC,0,0,TOTAL MOT,-1,N/A,,False,-1,N/A,,False,,False,,False,494605282.0,,494605282.0,0,True,False
C,A,20140101,2014,52,2014,704,VNM,Viet Nam,M,Import,0,W00,World,0,W00,World,H4,HS,True,65,Headgear and parts thereof,2,False,C00,TOTAL CPC,0,0,TOTAL MOT,-1,N/A,,False,-1,N/A,,False,,False,,False,15215988.0,,15215988.0,0,True,False
C,A,20140101,2014,52,2014,704,VNM,Viet Nam,M,Import,0,W00,World,0,W00,World,H4,HS,True,66,"Umbrellas, sun umbrellas, walking-sticks, seat sticks, whips, riding crops; and parts thereof",2,False,C00,TOTAL CPC,0,0,TOTAL MOT,-1,N/A,,False,-1,N/A,,False,,False,,False,3384184.0,,3384184.0,0,True,False
C,A,20140101,2014,52,2014,704,VNM,Viet Nam,M,Import,0,W00,World,0,W00,World,H4,HS,True,67,"Feathers and down, prepared; and articles made of feather or of down; artificial flowers; articles of human hair",2,False,C00,TOTAL CPC,0,0,TOTAL MOT,-1,N/A,,False,-1,N/A,,False,,False,,False,72988090.0,,72988090.0,0,True,False
C,A,20140101,2014,52,2014,704,VNM,Viet Nam,M,Import,0,W00,World,0,W00,World,H4,HS,True,68,"Stone, plaster, cement, asbestos, mica or similar materials; articles thereof",2,False,C00,TOTAL CPC,0,0,TOTAL MOT,-1,N/A,,False,-1,N/A,,False,,False,,False,312114392.0,,312114392.0,0,True,False
C,A,20140101,2014,52,2014,704,VNM,Viet Nam,M,Import,0,W00,World,0,W00,World,H4,HS,True,69,Ceramic products,2,False,C00,TOTAL CPC,0,0,TOTAL MOT,-1,N/A,,False,-1,N/A,,False,,False,,False,265454300.0,,265454300.0,0,True,False
C,A,20140101,2014,52,2014,704,VNM,Viet Nam,M,Import,0,W00,World,0,W00,World,H4,HS,True,71,"Natural, cultured pearls; precious, semi-precious stones; precious metals, metals clad with precious metal, and articles thereof; imitation jewellery; coin",2,False,C00,TOTAL CPC,0,0,TOTAL MOT,-1,N/A,,False,-1,N/A,,False,,False,,False,603105339.0,,603105339.0,0,True,False
C,A,20140101,2014,52,2014,704,VNM,Viet Nam,M,Import,0,W00,World,0,W00,World,H4,HS,True,72,Iron and steel,2,False,C00,TOTAL CPC,0,0,TOTAL MOT,-1,N/A,,False,-1,N/A,,False,,False,,False,9290380240.0,,9290380240.0,0,True,False
C,A,20140101,2014,52,2014,704,VNM,Viet Nam,M,Import,0,W00,World,0,W00,World,H4,HS,True,73,Iron or steel articles,2,False,C00,TOTAL CPC,0,0,TOTAL MOT,-1,N/A,,False,-1,N/A,,False,,False,,False,3193041755.0,,3193041755.0,0,True,False
C,A,20140101,2014,52,2014,704,VNM,Viet Nam,M,Import,0,W00,World,0,W00,World,H4,HS,True,70,Glass and glassware,2,False,C00,TOTAL CPC,0,0,TOTAL MOT,-1,N/A,,False,-1,N/A,,False,,False,,False,528565808.0,,528565808.0,0,True,False
C,A,20140101,2014,52,2014,704,VNM,Viet Nam,M,Import,0,W00,World,0,W00,World,H4,HS,True,74,Copper and articles thereof,2,False,C00,TOTAL CPC,0,0,TOTAL MOT,-1,N/A,,False,-1,N/A,,False,,False,,False,1712099404.0,,1712099404.0,0,True,False
C,A,20140101,2014,52,2014,704,VNM,Viet Nam,M,Import,0,W00,World,0,W00,World,H4,HS,True,75,Nickel and articles thereof,2,False,C00,TOTAL CPC,0,0,TOTAL MOT,-1,N/A,,False,-1,N/A,,False,,False,,False,37765538.0,,37765538.0,0,True,False
C,A,20140101,2014,52,2014,704,VNM,Viet Nam,M,Import,0,W00,World,0,W00,World,H4,HS,True,79,Zinc and articles thereof,2,False,C00,TOTAL CPC,0,0,TOTAL MOT,-1,N/A,,False,-1,N/A,,False,,False,,False,273900335.0,,273900335.0,0,True,False
C,A,20140101,2014,52,2014,704,VNM,Viet Nam,M,Import,0,W00,World,0,W00,World,H4,HS,True,80,Tin; articles thereof,2,False,C00,TOTAL CPC,0,0,TOTAL MOT,-1,N/A,,False,-1,N/A,,False,,False,,False,33446696.0,,33446696.0,0,True,False
C,A,20140101,2014,52,2014,704,VNM,Viet Nam,M,Import,0,W00,World,0,W00,World,H4,HS,True,81,"Metals; n.e.c., cermets and articles thereof",2,False,C00,TOTAL CPC,0,0,TOTAL MOT,-1,N/A,,False,-1,N/A,,False,,False,,False,95233745.0,,95233745.0,0,True,False
C,A,20140101,2014,52,2014,704,VNM,Viet Nam,M,Import,0,W00,World,0,W00,World,H4,HS,True,83,Metal; miscellaneous products of base metal,2,False,C00,TOTAL CPC,0,0,TOTAL MOT,-1,N/A,,False,-1,N/A,,False,,False,,False,553432881.0,,553432881.0,0,True,False
C,A,20140101,2014,52,2014,704,VNM,Viet Nam,M,Import,0,W00,World,0,W00,World,H4,HS,True,84,"Nuclear reactors, boilers, machinery and mechanical appliances; parts thereof",2,False,C00,TOTAL CPC,0,0,TOTAL MOT,-1,N/A,,False,-1,N/A,,False,,False,,False,17142722920.0,,17142722920.0,0,True,False
C,A,20140101,2014,52,2014,704,VNM,Viet Nam,M,Import,0,W00,World,0,W00,World,H4,HS,True,76,Aluminium and articles thereof,2,False,C00,TOTAL CPC,0,0,TOTAL MOT,-1,N/A,,False,-1,N/A,,False,,False,,False,1693916078.0,,1693916078.0,0,True,False
C,A,20140101,2014,52,2014,704,VNM,Viet Nam,M,Import,0,W00,World,0,W00,World,H4,HS,True,78,Lead and articles thereof,2,False,C00,TOTAL CPC,0,0,TOTAL MOT,-1,N/A,,False,-1,N/A,,False,,False,,False,316511513.0,,316511513.0,0,True,False
C,A,20140101,2014,52,2014,704,VNM,Viet Nam,M,Import,0,W00,World,0,W00,World,H4,HS,True,82,"Tools, implements, cutlery, spoons and forks, of base metal; parts thereof, of base metal",2,False,C00,TOTAL CPC,0,0,TOTAL MOT,-1,N/A,,False,-1,N/A,,False,,False,,False,333033274.0,,333033274.0,0,True,False
C,A,20140101,2014,52,2014,704,VNM,Viet Nam,M,Import,0,W00,World,0,W00,World,H4,HS,True,85,"Electrical machinery and equipment and parts thereof; sound recorders and reproducers; television image and sound recorders and reproducers, parts and accessories of such articles",2,False,C00,TOTAL CPC,0,0,TOTAL MOT,-1,N/A,,False,-1,N/A,,False,,False,,False,34080844660.0,,34080844660.0,0,True,False
C,A,20140101,2014,52,2014,704,VNM,Viet Nam,M,Import,0,W00,World,0,W00,World,H4,HS,True,86,"Railway, tramway locomotives, rolling-stock and parts thereof; railway or tramway track fixtures and fittings and parts thereof; mechanical (including electro-mechanical) traffic signalling equipment of all kinds",2,False,C00,TOTAL CPC,0,0,TOTAL MOT,-1,N/A,,False,-1,N/A,,False,,False,,False,39759396.0,,39759396.0,0,True,False
C,A,20140101,2014,52,2014,704,VNM,Viet Nam,M,Import,0,W00,World,0,W00,World,H4,HS,True,91,Clocks and watches and parts thereof,2,False,C00,TOTAL CPC,0,0,TOTAL MOT,-1,N/A,,False,-1,N/A,,False,,False,,False,61222257.0,,61222257.0,0,True,False
C,A,20140101,2014,52,2014,704,VNM,Viet Nam,M,Import,0,W00,World,0,W00,World,H4,HS,True,92,Musical instruments; parts and accessories of such articles,2,False,C00,TOTAL CPC,0,0,TOTAL MOT,-1,N/A,,False,-1,N/A,,False,,False,,False,20790302.0,,20790302.0,0,True,False
C,A,20140101,2014,52,2014,704,VNM,Viet Nam,M,Import,0,W00,World,0,W00,World,H4,HS,True,94,"Furniture; bedding, mattresses, mattress supports, cushions and similar stuffed furnishings; lamps and lighting fittings, n.e.c.; illuminated signs, illuminated name-plates and the like; prefabricated buildings",2,False,C00,TOTAL CPC,0,0,TOTAL MOT,-1,N/A,,False,-1,N/A,,False,,False,,False,331120751.0,,331120751.0,0,True,False
C,A,20140101,2014,52,2014,704,VNM,Viet Nam,M,Import,0,W00,World,0,W00,World,H4,HS,True,87,"Vehicles; other than railway or tramway rolling stock, and parts and accessories thereof",2,False,C00,TOTAL CPC,0,0,TOTAL MOT,-1,N/A,,False,-1,N/A,,False,,False,,False,3183011135.0,,3183011135.0,0,True,False
C,A,20140101,2014,52,2014,704,VNM,Viet Nam,M,Import,0,W00,World,0,W00,World,H4,HS,True,95,"Toys, games and sports requisites; parts and accessories thereof",2,False,C00,TOTAL CPC,0,0,TOTAL MOT,-1,N/A,,False,-1,N/A,,False,,False,,False,108289903.0,,108289903.0,0,True,False
C,A,20140101,2014,52,2014,704,VNM,Viet Nam,M,Import,0,W00,World,0,W00,World,H4,HS,True,96,Miscellaneous manufactured articles,2,False,C00,TOTAL CPC,0,0,TOTAL MOT,-1,N/A,,False,-1,N/A,,False,,False,,False,756683961.0,,756683961.0,0,True,False
C,A,20140101,2014,52,2014,704,VNM,Viet Nam,M,Import,0,W00,World,0,W00,World,H4,HS,True,88,"Aircraft, spacecraft and parts thereof",2,False,C00,TOTAL CPC,0,0,TOTAL MOT,-1,N/A,,False,-1,N/A,,False,,False,,False,338112890.0,,338112890.0,0,True,False
C,A,20140101,2014,52,2014,704,VNM,Viet Nam,M,Import,0,W00,World,0,W00,World,H4,HS,True,89,"Ships, boats and floating structures",2,False,C00,TOTAL CPC,0,0,TOTAL MOT,-1,N/A,,False,-1,N/A,,False,,False,,False,111017150.0,,111017150.0,0,True,False
C,A,20140101,2014,52,2014,704,VNM,Viet Nam,M,Import,0,W00,World,0,W00,World,H4,HS,True,90,"Optical, photographic, cinematographic, measuring, checking, medical or surgical instruments and apparatus; parts and accessories",2,False,C00,TOTAL CPC,0,0,TOTAL MOT,-1,N/A,,False,-1,N/A,,False,,False,,False,2926073332.0,,2926073332.0,0,True,False
C,A,20140101,2014,52,2014,704,VNM,Viet Nam,M,Import,0,W00,World,0,W00,World,H4,HS,True,97,Works of art; collectors' pieces and antiques,2,False,C00,TOTAL CPC,0,0,TOTAL MOT,-1,N/A,,False,-1,N/A,,False,,False,,False,775025.0,,775025.0,0,True,False
C,A,20140101,2014,52,2014,704,VNM,Viet Nam,M,Import,0,W00,World,0,W00,World,H4,HS,True,99,Commodities not specified according to kind,2,False,C00,TOTAL CPC,0,0,TOTAL MOT,-1,N/A,,False,-1,N/A,,False,,False,,False,742156513.0,,742156513.0,0,True,False
C,A,20140101,2014,52,2014,699,IND,India,M,Import,0,W00,World,0,W00,World,H4,HS,True,10,Cereals,2,False,C00,TOTAL CPC,0,0,TOTAL MOT,-1,N/A,,False,-1,N/A,,False,,False,,False,20080894.0,,20080894.0,0,True,False
C,A,20140101,2014,52,2014,699,IND,India,M,Import,0,W00,World,0,W00,World,H4,HS,True,09,"Coffee, tea, mate and spices",2,False,C00,TOTAL CPC,0,0,TOTAL MOT,-1,N/A,,False,-1,N/A,,False,,False,,False,663262948.0,,663262948.0,0,True,False
C,A,20140101,2014,52,2014,699,IND,India,M,Import,0,W00,World,0,W00,World,H4,HS,True,08,"Fruit and nuts, edible; peel of citrus fruit or melons",2,False,C00,TOTAL CPC,0,0,TOTAL MOT,-1,N/A,,False,-1,N/A,,False,,False,,False,2566365692.0,,2566365692.0,0,True,False
C,A,20140101,2014,52,2014,699,IND,India,M,Import,0,W00,World,0,W00,World,H4,HS,True,06,"Trees and other plants, live; bulbs, roots and the like; cut flowers and ornamental foliage",2,False,C00,TOTAL CPC,0,0,TOTAL MOT,-1,N/A,,False,-1,N/A,,False,,False,,False,18159336.0,,18159336.0,0,True,False
C,A,20140101,2014,52,2014,699,IND,India,M,Import,0,W00,World,0,W00,World,H4,HS,True,05,Animal originated products; not elsewhere specified or included,2,False,C00,TOTAL CPC,0,0,TOTAL MOT,-1,N/A,,False,-1,N/A,,False,,False,,False,39723511.0,,39723511.0,0,True,False
C,A,20140101,2014,52,2014,699,IND,India,M,Import,0,W00,World,0,W00,World,H4,HS,True,04,"Dairy produce; birds' eggs; natural honey; edible products of animal origin, not elsewhere specified or included",2,False,C00,TOTAL CPC,0,0,TOTAL MOT,-1,N/A,,False,-1,N/A,,False,,False,,False,50104374.0,,50104374.0,0,True,False
C,A,20140101,2014,52,2014,699,IND,India,M,Import,0,W00,World,0,W00,World,H4,HS,True,12,"Oil seeds and oleaginous fruits; miscellaneous grains, seeds and fruit, industrial or medicinal plants; straw and fodder",2,False,C00,TOTAL CPC,0,0,TOTAL MOT,-1,N/A,,False,-1,N/A,,False,,False,,False,366757600.0,,366757600.0,0,True,False
C,A,20140101,2014,52,2014,699,IND,India,M,Import,0,W00,World,0,W00,World,H4,HS,True,11,"Products of the milling industry; malt, starches, inulin, wheat gluten",2,False,C00,TOTAL CPC,0,0,TOTAL MOT,-1,N/A,,False,-1,N/A,,False,,False,,False,61710259.0,,61710259.0,0,True,False
C,A,20140101,2014,52,2014,699,IND,India,M,Import,0,W00,World,0,W00,World,H4,HS,True,13,"Lac; gums, resins and other vegetable saps and extracts",2,False,C00,TOTAL CPC,0,0,TOTAL MOT,-1,N/A,,False,-1,N/A,,False,,False,,False,186856498.0,,186856498.0,0,True,False
C,A,20140101,2014,52,2014,699,IND,India,M,Import,0,W00,World,0,W00,World,H4,HS,True,14,Vegetable plaiting materials; vegetable products not elsewhere specified or included,2,False,C00,TOTAL CPC,0,0,TOTAL MOT,-1,N/A,,False,-1,N/A,,False,,False,,False,19048049.0,,19048049.0,0,True,False
C,A,20140101,2014,52,2014,699,IND,India,M,Import,0,W00,World,0,W00,World,H4,HS,True,15,Animal or vegetable fats and oils and their cleavage products; prepared animal fats; animal or vegetable waxes,2,False,C00,TOTAL CPC,0,0,TOTAL MOT,-1,N/A,,False,-1,N/A,,False,,False,,False,10643657449.0,,10643657449.0,0,True,False
C,A,20140101,2014,52,2014,699,IND,India,M,Import,0,W00,World,0,W00,World,H4,HS,True,16,"Meat, fish or crustaceans, molluscs or other aquatic invertebrates; preparations thereof",2,False,C00,TOTAL CPC,0,0,TOTAL MOT,-1,N/A,,False,-1,N/A,,False,,False,,False,3618736.0,,3618736.0,0,True,False
C,A,20140101,2014,52,2014,699,IND,India,M,Import,0,W00,World,0,W00,World,H4,HS,True,17,Sugars and sugar confectionery,2,False,C00,TOTAL CPC,0,0,TOTAL MOT,-1,N/A,,False,-1,N/A,,False,,False,,False,632286621.0,,632286621.0,0,True,False
C,A,20140101,2014,52,2014,699,IND,India,M,Import,0,W00,World,0,W00,World,H4,HS,True,18,Cocoa and cocoa preparations,2,False,C00,TOTAL CPC,0,0,TOTAL MOT,-1,N/A,,False,-1,N/A,,False,,False,,False,264891481.0,,264891481.0,0,True,False
C,A,20140101,2014,52,2014,699,IND,India,M,Import,0,W00,World,0,W00,World,H4,HS,True,19,"Preparations of cereals, flour, starch or milk; pastrycooks' products",2,False,C00,TOTAL CPC,0,0,TOTAL MOT,-1,N/A,,False,-1,N/A,,False,,False,,False,48356549.0,,48356549.0,0,True,False
C,A,20140101,2014,52,2014,699,IND,India,M,Import,0,W00,World,0,W00,World,H4,HS,True,07,Vegetables and certain roots and tubers; edible,2,False,C00,TOTAL CPC,0,0,TOTAL MOT,-1,N/A,,False,-1,N/A,,False,,False,,False,2693559644.0,,2693559644.0,0,True,False
C,A,20140101,2014,52,2014,699,IND,India,M,Import,0,W00,World,0,W00,World,H4,HS,True,20,"Preparations of vegetables, fruit, nuts or other parts of plants",2,False,C00,TOTAL CPC,0,0,TOTAL MOT,-1,N/A,,False,-1,N/A,,False,,False,,False,77184062.0,,77184062.0,0,True,False
C,A,20140101,2014,52,2014,699,IND,India,M,Import,0,W00,World,0,W00,World,H4,HS,True,03,"Fish and crustaceans, molluscs and other aquatic invertebrates",2,False,C00,TOTAL CPC,0,0,TOTAL MOT,-1,N/A,,False,-1,N/A,,False,,False,,False,58306442.0,,58306442.0,0,True,False
C,A,20140101,2014,52,2014,699,IND,India,M,Import,0,W00,World,0,W00,World,H4,HS,True,02,Meat and edible meat offal,2,False,C00,TOTAL CPC,0,0,TOTAL MOT,-1,N/A,,False,-1,N/A,,False,,False,,False,2956598.0,,2956598.0,0,True,False
C,A,20140101,2014,52,2014,699,IND,India,M,Import,0,W00,World,0,W00,World,H4,HS,True,01,Animals; live,2,False,C00,TOTAL CPC,0,0,TOTAL MOT,-1,N/A,,False,-1,N/A,,False,,False,,False,11000024.0,,11000024.0,0,True,False
C,A,20140101,2014,52,2014,699,IND,India,M,Import,0,W00,World,0,W00,World,H4,HS,True,21,Miscellaneous edible preparations,2,False,C00,TOTAL CPC,0,0,TOTAL MOT,-1,N/A,,False,-1,N/A,,False,,False,,False,117997096.0,,117997096.0,0,True,False
C,A,20140101,2014,52,2014,699,IND,India,M,Import,0,W00,World,0,W00,World,H4,HS,True,22,"Beverages, spirits and vinegar",2,False,C00,TOTAL CPC,0,0,TOTAL MOT,-1,N/A,,False,-1,N/A,,False,,False,,False,505280649.0,,505280649.0,0,True,False
C,A,20140101,2014,52,2014,699,IND,India,M,Import,0,W00,World,0,W00,World,H4,HS,True,23,"Food industries, residues and wastes thereof; prepared animal fodder",2,False,C00,TOTAL CPC,0,0,TOTAL MOT,-1,N/A,,False,-1,N/A,,False,,False,,False,321285573.0,,321285573.0,0,True,False
C,A,20140101,2014,52,2014,699,IND,India,M,Import,0,W00,World,0,W00,World,H4,HS,True,24,Tobacco and manufactured tobacco substitutes,2,False,C00,TOTAL CPC,0,0,TOTAL MOT,-1,N/A,,False,-1,N/A,,False,,False,,False,47448508.0,,47448508.0,0,True,False
C,A,20140101,2014,52,2014,699,IND,India,M,Import,0,W00,World,0,W00,World,H4,HS,True,25,"Salt; sulphur; earths, stone; plastering materials, lime and cement",2,False,C00,TOTAL CPC,0,0,TOTAL MOT,-1,N/A,,False,-1,N/A,,False,,False,,False,2689928985.0,,2689928985.0,0,True,False
C,A,20140101,2014,52,2014,699,IND,India,M,Import,0,W00,World,0,W00,World,H4,HS,True,26,"Ores, slag and ash",2,False,C00,TOTAL CPC,0,0,TOTAL MOT,-1,N/A,,False,-1,N/A,,False,,False,,False,7560894634.0,,7560894634.0,0,True,False
C,A,20140101,2014,52,2014,699,IND,India,M,Import,0,W00,World,0,W00,World,H4,HS,True,27,"Mineral fuels, mineral oils and products of their distillation; bituminous substances; mineral waxes",2,False,C00,TOTAL CPC,0,0,TOTAL MOT,-1,N/A,,False,-1,N/A,,False,,False,,False,176948968996.0,,176948968996.0,0,True,False
C,A,20140101,2014,52,2014,699,IND,India,M,Import,0,W00,World,0,W00,World,H4,HS,True,28,"Inorganic chemicals; organic and inorganic compounds of precious metals; of rare earth metals, of radio-active elements and of isotopes",2,False,C00,TOTAL CPC,0,0,TOTAL MOT,-1,N/A,,False,-1,N/A,,False,,False,,False,4996262290.0,,4996262290.0,0,True,False
C,A,20140101,2014,52,2014,699,IND,India,M,Import,0,W00,World,0,W00,World,H4,HS,True,29,Organic chemicals,2,False,C00,TOTAL CPC,0,0,TOTAL MOT,-1,N/A,,False,-1,N/A,,False,,False,,False,18238882768.0,,18238882768.0,0,True,False
C,A,20140101,2014,52,2014,699,IND,India,M,Import,0,W00,World,0,W00,World,H4,HS,True,30,Pharmaceutical products,2,False,C00,TOTAL CPC,0,0,TOTAL MOT,-1,N/A,,False,-1,N/A,,False,,False,,False,1631153579.0,,1631153579.0,0,True,False
C,A,20140101,2014,52,2014,699,IND,India,M,Import,0,W00,World,0,W00,World,H4,HS,True,31,Fertilizers,2,False,C00,TOTAL CPC,0,0,TOTAL MOT,-1,N/A,,False,-1,N/A,,False,,False,,False,5697578952.0,,5697578952.0,0,True,False
C,A,20140101,2014,52,2014,699,IND,India,M,Import,0,W00,World,0,W00,World,H4,HS,True,32,"Tanning or dyeing extracts; tannins and their derivatives; dyes, pigments and other colouring matter; paints, varnishes; putty, other mastics; inks",2,False,C00,TOTAL CPC,0,0,TOTAL MOT,-1,N/A,,False,-1,N/A,,False,,False,,False,1635310085.0,,1635310085.0,0,True,False
C,A,20140101,2014,52,2014,699,IND,India,M,Import,0,W00,World,0,W00,World,H4,HS,True,33,"Essential oils and resinoids; perfumery, cosmetic or toilet preparations",2,False,C00,TOTAL CPC,0,0,TOTAL MOT,-1,N/A,,False,-1,N/A,,False,,False,,False,633283825.0,,633283825.0,0,True,False
C,A,20140101,2014,52,2014,699,IND,India,M,Import,0,W00,World,0,W00,World,H4,HS,True,34,"Soap, organic surface-active agents; washing, lubricating, polishing or scouring preparations; artificial or prepared waxes, candles and similar articles, modelling pastes, dental waxes and dental preparations with a basis of plaster",2,False,C00,TOTAL CPC,0,0,TOTAL MOT,-1,N/A,,False,-1,N/A,,False,,False,,False,668029094.0,,668029094.0,0,True,False
C,A,20140101,2014,52,2014,699,IND,India,M,Import,0,W00,World,0,W00,World,H4,HS,True,36,Explosives; pyrotechnic products; matches; pyrophoric alloys; certain combustible preparations,2,False,C00,TOTAL CPC,0,0,TOTAL MOT,-1,N/A,,False,-1,N/A,,False,,False,,False,12279415.0,,12279415.0,0,True,False
C,A,20140101,2014,52,2014,699,IND,India,M,Import,0,W00,World,0,W00,World,H4,HS,True,37,Photographic or cinematographic goods,2,False,C00,TOTAL CPC,0,0,TOTAL MOT,-1,N/A,,False,-1,N/A,,False,,False,,False,245924238.0,,245924238.0,0,True,False
C,A,20140101,2014,52,2014,699,IND,India,M,Import,0,W00,World,0,W00,World,H4,HS,True,38,Chemical products n.e.c.,2,False,C00,TOTAL CPC,0,0,TOTAL MOT,-1,N/A,,False,-1,N/A,,False,,False,,False,4256999607.0,,4256999607.0,0,True,False
C,A,20140101,2014,52,2014,699,IND,India,M,Import,0,W00,World,0,W00,World,H4,HS,True,39,Plastics and articles thereof,2,False,C00,TOTAL CPC,0,0,TOTAL MOT,-1,N/A,,False,-1,N/A,,False,,False,,False,11801178637.0,,11801178637.0,0,True,False
C,A,20140101,2014,52,2014,699,IND,India,M,Import,0,W00,World,0,W00,World,H4,HS,True,35,Albuminoidal substances; modified starches; glues; enzymes,2,False,C00,TOTAL CPC,0,0,TOTAL MOT,-1,N/A,,False,-1,N/A,,False,,False,,False,349806604.0,,349806604.0,0,True,False
C,A,20140101,2014,52,2014,699,IND,India,M,Import,0,W00,World,0,W00,World,H4,HS,True,41,Raw hides and skins (other than furskins) and leather,2,False,C00,TOTAL CPC,0,0,TOTAL MOT,-1,N/A,,False,-1,N/A,,False,,False,,False,711979042.0,,711979042.0,0,True,False
C,A,20140101,2014,52,2014,699,IND,India,M,Import,0,W00,World,0,W00,World,H4,HS,True,42,"Articles of leather; saddlery and harness; travel goods, handbags and similar containers; articles of animal gut (other than silk-worm gut)",2,False,C00,TOTAL CPC,0,0,TOTAL MOT,-1,N/A,,False,-1,N/A,,False,,False,,False,302954600.0,,302954600.0,0,True,False
C,A,20140101,2014,52,2014,699,IND,India,M,Import,0,W00,World,0,W00,World,H4,HS,True,43,Furskins and artificial fur; manufactures thereof,2,False,C00,TOTAL CPC,0,0,TOTAL MOT,-1,N/A,,False,-1,N/A,,False,,False,,False,5444448.0,,5444448.0,0,True,False
C,A,20140101,2014,52,2014,699,IND,India,M,Import,0,W00,World,0,W00,World,H4,HS,True,44,Wood and articles of wood; wood charcoal,2,False,C00,TOTAL CPC,0,0,TOTAL MOT,-1,N/A,,False,-1,N/A,,False,,False,,False,2703642888.0,,2703642888.0,0,True,False
C,A,20140101,2014,52,2014,699,IND,India,M,Import,0,W00,World,0,W00,World,H4,HS,True,46,"Manufactures of straw, esparto or other plaiting materials; basketware and wickerwork",2,False,C00,TOTAL CPC,0,0,TOTAL MOT,-1,N/A,,False,-1,N/A,,False,,False,,False,2696969.0,,2696969.0,0,True,False
C,A,20140101,2014,52,2014,699,IND,India,M,Import,0,W00,World,0,W00,World,H4,HS,True,47,Pulp of wood or other fibrous cellulosic material; recovered (waste and scrap) paper or paperboard,2,False,C00,TOTAL CPC,0,0,TOTAL MOT,-1,N/A,,False,-1,N/A,,False,,False,,False,1656700748.0,,1656700748.0,0,True,False
C,A,20140101,2014,52,2014,699,IND,India,M,Import,0,W00,World,0,W00,World,H4,HS,True,48,"Paper and paperboard; articles of paper pulp, of paper or paperboard",2,False,C00,TOTAL CPC,0,0,TOTAL MOT,-1,N/A,,False,-1,N/A,,False,,False,,False,2610041018.0,,2610041018.0,0,True,False
C,A,20140101,2014,52,2014,699,IND,India,M,Import,0,W00,World,0,W00,World,H4,HS,True,40,Rubber and articles thereof,2,False,C00,TOTAL CPC,0,0,TOTAL MOT,-1,N/A,,False,-1,N/A,,False,,False,,False,3368141363.0,,3368141363.0,0,True,False
C,A,20140101,2014,52,2014,699,IND,India,M,Import,0,W00,World,0,W00,World,H4,HS,True,49,"Printed books, newspapers, pictures and other products of the printing industry; manuscripts, typescripts and plans",2,False,C00,TOTAL CPC,0,0,TOTAL MOT,-1,N/A,,False,-1,N/A,,False,,False,,False,832364730.0,,832364730.0,0,True,False
C,A,20140101,2014,52,2014,699,IND,India,M,Import,0,W00,World,0,W00,World,H4,HS,True,50,Silk,2,False,C00,TOTAL CPC,0,0,TOTAL MOT,-1,N/A,,False,-1,N/A,,False,,False,,False,218683421.0,,218683421.0,0,True,False
C,A,20140101,2014,52,2014,699,IND,India,M,Import,0,W00,World,0,W00,World,H4,HS,True,51,"Wool, fine or coarse animal hair; horsehair yarn and woven fabric",2,False,C00,TOTAL CPC,0,0,TOTAL MOT,-1,N/A,,False,-1,N/A,,False,,False,,False,409737003.0,,409737003.0,0,True,False
C,A,20140101,2014,52,2014,699,IND,India,M,Import,0,W00,World,0,W00,World,H4,HS,True,52,Cotton,2,False,C00,TOTAL CPC,0,0,TOTAL MOT,-1,N/A,,False,-1,N/A,,False,,False,,False,748223459.0,,748223459.0,0,True,False
C,A,20140101,2014,52,2014,699,IND,India,M,Import,0,W00,World,0,W00,World,H4,HS,True,45,Cork and articles of cork,2,False,C00,TOTAL CPC,0,0,TOTAL MOT,-1,N/A,,False,-1,N/A,,False,,False,,False,5600731.0,,5600731.0,0,True,False
C,A,20140101,2014,52,2014,699,IND,India,M,Import,0,W00,World,0,W00,World,H4,HS,True,53,Vegetable textile fibres; paper yarn and woven fabrics of paper yarn,2,False,C00,TOTAL CPC,0,0,TOTAL MOT,-1,N/A,,False,-1,N/A,,False,,False,,False,287661491.0,,287661491.0,0,True,False
C,A,20140101,2014,52,2014,699,IND,India,M,Import,0,W00,World,0,W00,World,H4,HS,True,54,Man-made filaments; strip and the like of man-made textile materials,2,False,C00,TOTAL CPC,0,0,TOTAL MOT,-1,N/A,,False,-1,N/A,,False,,False,,False,808551418.0,,808551418.0,0,True,False
C,A,20140101,2014,52,2014,699,IND,India,M,Import,0,W00,World,0,W00,World,H4,HS,True,55,Man-made staple fibres,2,False,C00,TOTAL CPC,0,0,TOTAL MOT,-1,N/A,,False,-1,N/A,,False,,False,,False,716665669.0,,716665669.0,0,True,False
C,A,20140101,2014,52,2014,699,IND,India,M,Import,0,W00,World,0,W00,World,H4,HS,True,56,"Wadding, felt and nonwovens, special yarns; twine, cordage, ropes and cables and articles thereof",2,False,C00,TOTAL CPC,0,0,TOTAL MOT,-1,N/A,,False,-1,N/A,,False,,False,,False,226924968.0,,226924968.0,0,True,False
C,A,20140101,2014,52,2014,699,IND,India,M,Import,0,W00,World,0,W00,World,H4,HS,True,57,Carpets and other textile floor coverings,2,False,C00,TOTAL CPC,0,0,TOTAL MOT,-1,N/A,,False,-1,N/A,,False,,False,,False,81727727.0,,81727727.0,0,True,False
C,A,20140101,2014,52,2014,699,IND,India,M,Import,0,W00,World,0,W00,World,H4,HS,True,58,"Fabrics; special woven fabrics, tufted textile fabrics, lace, tapestries, trimmings, embroidery",2,False,C00,TOTAL CPC,0,0,TOTAL MOT,-1,N/A,,False,-1,N/A,,False,,False,,False,176420875.0,,176420875.0,0,True,False
C,A,20140101,2014,52,2014,699,IND,India,M,Import,0,W00,World,0,W00,World,H4,HS,True,59,"Textile fabrics; impregnated, coated, covered or laminated; textile articles of a kind suitable for industrial use",2,False,C00,TOTAL CPC,0,0,TOTAL MOT,-1,N/A,,False,-1,N/A,,False,,False,,False,776514857.0,,776514857.0,0,True,False
C,A,20140101,2014,52,2014,699,IND,India,M,Import,0,W00,World,0,W00,World,H4,HS,True,60,Fabrics; knitted or crocheted,2,False,C00,TOTAL CPC,0,0,TOTAL MOT,-1,N/A,,False,-1,N/A,,False,,False,,False,446089620.0,,446089620.0,0,True,False
C,A,20140101,2014,52,2014,699,IND,India,M,Import,0,W00,World,0,W00,World,H4,HS,True,61,Apparel and clothing accessories; knitted or crocheted,2,False,C00,TOTAL CPC,0,0,TOTAL MOT,-1,N/A,,False,-1,N/A,,False,,False,,False,202962582.0,,202962582.0,0,True,False
C,A,20140101,2014,52,2014,699,IND,India,M,Import,0,W00,World,0,W00,World,H4,HS,True,62,Apparel and clothing accessories; not knitted or crocheted,2,False,C00,TOTAL CPC,0,0,TOTAL MOT,-1,N/A,,False,-1,N/A,,False,,False,,False,295491704.0,,295491704.0,0,True,False
C,A,20140101,2014,52,2014,699,IND,India,M,Import,0,W00,World,0,W00,World,H4,HS,True,63,"Textiles, made up articles; sets; worn clothing and worn textile articles; rags",2,False,C00,TOTAL CPC,0,0,TOTAL MOT,-1,N/A,,False,-1,N/A,,False,,False,,False,454993475.0,,454993475.0,0,True,False
C,A,20140101,2014,52,2014,699,IND,India,M,Import,0,W00,World,0,W00,World,H4,HS,True,69,Ceramic products,2,False,C00,TOTAL CPC,0,0,TOTAL MOT,-1,N/A,,False,-1,N/A,,False,,False,,False,705032743.0,,705032743.0,0,True,False
C,A,20140101,2014,52,2014,699,IND,India,M,Import,0,W00,World,0,W00,World,H4,HS,True,70,Glass and glassware,2,False,C00,TOTAL CPC,0,0,TOTAL MOT,-1,N/A,,False,-1,N/A,,False,,False,,False,815852462.0,,815852462.0,0,True,False
C,A,20140101,2014,52,2014,699,IND,India,M,Import,0,W00,World,0,W00,World,H4,HS,True,71,"Natural, cultured pearls; precious, semi-precious stones; precious metals, metals clad with precious metal, and articles thereof; imitation jewellery; coin",2,False,C00,TOTAL CPC,0,0,TOTAL MOT,-1,N/A,,False,-1,N/A,,False,,False,,False,59844363277.0,,59844363277.0,0,True,False
C,A,20140101,2014,52,2014,699,IND,India,M,Import,0,W00,World,0,W00,World,H4,HS,True,72,Iron and steel,2,False,C00,TOTAL CPC,0,0,TOTAL MOT,-1,N/A,,False,-1,N/A,,False,,False,,False,11293134950.0,,11293134950.0,0,True,False
C,A,20140101,2014,52,2014,699,IND,India,M,Import,0,W00,World,0,W00,World,H4,HS,True,64,Footwear; gaiters and the like; parts of such articles,2,False,C00,TOTAL CPC,0,0,TOTAL MOT,-1,N/A,,False,-1,N/A,,False,,False,,False,432050369.0,,432050369.0,0,True,False
C,A,20140101,2014,52,2014,699,IND,India,M,Import,0,W00,World,0,W00,World,H4,HS,True,65,Headgear and parts thereof,2,False,C00,TOTAL CPC,0,0,TOTAL MOT,-1,N/A,,False,-1,N/A,,False,,False,,False,12885408.0,,12885408.0,0,True,False
C,A,20140101,2014,52,2014,699,IND,India,M,Import,0,W00,World,0,W00,World,H4,HS,True,66,"Umbrellas, sun umbrellas, walking-sticks, seat sticks, whips, riding crops; and parts thereof",2,False,C00,TOTAL CPC,0,0,TOTAL MOT,-1,N/A,,False,-1,N/A,,False,,False,,False,25025556.0,,25025556.0,0,True,False
C,A,20140101,2014,52,2014,699,IND,India,M,Import,0,W00,World,0,W00,World,H4,HS,True,67,"Feathers and down, prepared; and articles made of feather or of down; artificial flowers; articles of human hair",2,False,C00,TOTAL CPC,0,0,TOTAL MOT,-1,N/A,,False,-1,N/A,,False,,False,,False,11255528.0,,11255528.0,0,True,False
C,A,20140101,2014,52,2014,699,IND,India,M,Import,0,W00,World,0,W00,World,H4,HS,True,68,"Stone, plaster, cement, asbestos, mica or similar materials; articles thereof",2,False,C00,TOTAL CPC,0,0,TOTAL MOT,-1,N/A,,False,-1,N/A,,False,,False,,False,533269114.0,,533269114.0,0,True,False
C,A,20140101,2014,52,2014,699,IND,India,M,Import,0,W00,World,0,W00,World,H4,HS,True,73,Iron or steel articles,2,False,C00,TOTAL CPC,0,0,TOTAL MOT,-1,N/A,,False,-1,N/A,,False,,False,,False,4060137358.0,,4060137358.0,0,True,False
C,A,20140101,2014,52,2014,699,IND,India,M,Import,0,W00,World,0,W00,World,H4,HS,True,83,Metal; miscellaneous products of base metal,2,False,C00,TOTAL CPC,0,0,TOTAL MOT,-1,N/A,,False,-1,N/A,,False,,False,,False,707948107.0,,707948107.0,0,True,False
C,A,20140101,2014,52,2014,699,IND,India,M,Import,0,W00,World,0,W00,World,H4,HS,True,82,"Tools, implements, cutlery, spoons and forks, of base metal; parts thereof, of base metal",2,False,C00,TOTAL CPC,0,0,TOTAL MOT,-1,N/A,,False,-1,N/A,,False,,False,,False,986351654.0,,986351654.0,0,True,False
C,A,20140101,2014,52,2014,699,IND,India,M,Import,0,W00,World,0,W00,World,H4,HS,True,78,Lead and articles thereof,2,False,C00,TOTAL CPC,0,0,TOTAL MOT,-1,N/A,,False,-1,N/A,,False,,False,,False,597517010.0,,597517010.0,0,True,False
C,A,20140101,2014,52,2014,699,IND,India,M,Import,0,W00,World,0,W00,World,H4,HS,True,79,Zinc and articles thereof,2,False,C00,TOTAL CPC,0,0,TOTAL MOT,-1,N/A,,False,-1,N/A,,False,,False,,False,521901782.0,,521901782.0,0,True,False
C,A,20140101,2014,52,2014,699,IND,India,M,Import,0,W00,World,0,W00,World,H4,HS,True,80,Tin; articles thereof,2,False,C00,TOTAL CPC,0,0,TOTAL MOT,-1,N/A,,False,-1,N/A,,False,,False,,False,207439936.0,,207439936.0,0,True,False
C,A,20140101,2014,52,2014,699,IND,India,M,Import,0,W00,World,0,W00,World,H4,HS,True,81,"Metals; n.e.c., cermets and articles thereof",2,False,C00,TOTAL CPC,0,0,TOTAL MOT,-1,N/A,,False,-1,N/A,,False,,False,,False,301674384.0,,301674384.0,0,True,False
C,A,20140101,2014,52,2014,699,IND,India,M,Import,0,W00,World,0,W00,World,H4,HS,True,74,Copper and articles thereof,2,False,C00,TOTAL CPC,0,0,TOTAL MOT,-1,N/A,,False,-1,N/A,,False,,False,,False,3226849411.0,,3226849411.0,0,True,False
C,A,20140101,2014,52,2014,699,IND,India,M,Import,0,W00,World,0,W00,World,H4,HS,True,75,Nickel and articles thereof,2,False,C00,TOTAL CPC,0,0,TOTAL MOT,-1,N/A,,False,-1,N/A,,False,,False,,False,1221366045.0,,1221366045.0,0,True,False
C,A,20140101,2014,52,2014,699,IND,India,M,Import,0,W00,World,0,W00,World,H4,HS,True,76,Aluminium and articles thereof,2,False,C00,TOTAL CPC,0,0,TOTAL MOT,-1,N/A,,False,-1,N/A,,False,,False,,False,3550912831.0,,3550912831.0,0,True,False
C,A,20140101,2014,52,2014,699,IND,India,M,Import,0,W00,World,0,W00,World,H4,HS,True,86,"Railway, tramway locomotives, rolling-stock and parts thereof; railway or tramway track fixtures and fittings and parts thereof; mechanical (including electro-mechanical) traffic signalling equipment of all kinds",2,False,C00,TOTAL CPC,0,0,TOTAL MOT,-1,N/A,,False,-1,N/A,,False,,False,,False,376575217.0,,376575217.0,0,True,False
C,A,20140101,2014,52,2014,699,IND,India,M,Import,0,W00,World,0,W00,World,H4,HS,True,87,"Vehicles; other than railway or tramway rolling stock, and parts and accessories thereof",2,False,C00,TOTAL CPC,0,0,TOTAL MOT,-1,N/A,,False,-1,N/A,,False,,False,,False,4808146204.0,,4808146204.0,0,True,False
C,A,20140101,2014,52,2014,699,IND,India,M,Import,0,W00,World,0,W00,World,H4,HS,True,88,"Aircraft, spacecraft and parts thereof",2,False,C00,TOTAL CPC,0,0,TOTAL MOT,-1,N/A,,False,-1,N/A,,False,,False,,False,2091467932.0,,2091467932.0,0,True,False
C,A,20140101,2014,52,2014,699,IND,India,M,Import,0,W00,World,0,W00,World,H4,HS,True,89,"Ships, boats and floating structures",2,False,C00,TOTAL CPC,0,0,TOTAL MOT,-1,N/A,,False,-1,N/A,,False,,False,,False,4893401071.0,,4893401071.0,0,True,False
C,A,20140101,2014,52,2014,699,IND,India,M,Import,0,W00,World,0,W00,World,H4,HS,True,91,Clocks and watches and parts thereof,2,False,C00,TOTAL CPC,0,0,TOTAL MOT,-1,N/A,,False,-1,N/A,,False,,False,,False,310635225.0,,310635225.0,0,True,False
C,A,20140101,2014,52,2014,699,IND,India,M,Import,0,W00,World,0,W00,World,H4,HS,True,92,Musical instruments; parts and accessories of such articles,2,False,C00,TOTAL CPC,0,0,TOTAL MOT,-1,N/A,,False,-1,N/A,,False,,False,,False,31619576.0,,31619576.0,0,True,False
C,A,20140101,2014,52,2014,699,IND,India,M,Import,0,W00,World,0,W00,World,H4,HS,True,93,Arms and ammunition; parts and accessories thereof,2,False,C00,TOTAL CPC,0,0,TOTAL MOT,-1,N/A,,False,-1,N/A,,False,,False,,False,16455130.0,,16455130.0,0,True,False
C,A,20140101,2014,52,2014,699,IND,India,M,Import,0,W00,World,0,W00,World,H4,HS,True,94,"Furniture; bedding, mattresses, mattress supports, cushions and similar stuffed furnishings; lamps and lighting fittings, n.e.c.; illuminated signs, illuminated name-plates and the like; prefabricated buildings",2,False,C00,TOTAL CPC,0,0,TOTAL MOT,-1,N/A,,False,-1,N/A,,False,,False,,False,1232627504.0,,1232627504.0,0,True,False
C,A,20140101,2014,52,2014,699,IND,India,M,Import,0,W00,World,0,W00,World,H4,HS,True,95,"Toys, games and sports requisites; parts and accessories thereof",2,False,C00,TOTAL CPC,0,0,TOTAL MOT,-1,N/A,,False,-1,N/A,,False,,False,,False,472650734.0,,472650734.0,0,True,False
C,A,20140101,2014,52,2014,699,IND,India,M,Import,0,W00,World,0,W00,World,H4,HS,True,96,Miscellaneous manufactured articles,2,False,C00,TOTAL CPC,0,0,TOTAL MOT,-1,N/A,,False,-1,N/A,,False,,False,,False,437434807.0,,437434807.0,0,True,False
C,A,20140101,2014,52,2014,699,IND,India,M,Import,0,W00,World,0,W00,World,H4,HS,True,90,"Optical, photographic, cinematographic, measuring, checking, medical or surgical instruments and apparatus; parts and accessories",2,False,C00,TOTAL CPC,0,0,TOTAL MOT,-1,N/A,,False,-1,N/A,,False,,False,,False,7050921736.0,,7050921736.0,0,True,False
C,A,20140101,2014,52,2014,699,IND,India,M,Import,0,W00,World,0,W00,World,H4,HS,True,97,Works of art; collectors' pieces and antiques,2,False,C00,TOTAL CPC,0,0,TOTAL MOT,-1,N/A,,False,-1,N/A,,False,,False,,False,39818652.0,,39818652.0,0,True,False
C,A,20140101,2014,52,2014,699,IND,India,M,Import,0,W00,World,0,W00,World,H4,HS,True,99,Commodities not specified according to kind,2,False,C00,TOTAL CPC,0,0,TOTAL MOT,-1,N/A,,False,-1,N/A,,False,,False,,False,10599266770.0,,10599266770.0,0,True,False
C,A,20140101,2014,52,2014,699,IND,India,M,Import,0,W00,World,0,W00,World,H4,HS,True,84,"Nuclear reactors, boilers, machinery and mechanical appliances; parts thereof",2,False,C00,TOTAL CPC,0,0,TOTAL MOT,-1,N/A,,False,-1,N/A,,False,,False,,False,31193506470.0,,31193506470.0,0,True,False
C,A,20140101,2014,52,2014,699,IND,India,M,Import,0,W00,World,0,W00,World,H4,HS,True,85,"Electrical machinery and equipment and parts thereof; sound recorders and reproducers; television image and sound recorders and reproducers, parts and accessories of such articles",2,False,C00,TOTAL CPC,0,0,TOTAL MOT,-1,N/A,,False,-1,N/A,,False,,False,,False,31923373543.0,,31923373543.0,0,True,False
C,A,20150101,2015,52,2015,50,BGD,Bangladesh,M,Import,0,W00,World,0,W00,World,H4,HS,True,09,"Coffee, tea, mate and spices",2,False,C00,TOTAL CPC,0,0,TOTAL MOT,-1,N/A,,False,-1,N/A,,False,,False,,False,229656182.0,,229656182.0,0,True,False
C,A,20150101,2015,52,2015,50,BGD,Bangladesh,M,Import,0,W00,World,0,W00,World,H4,HS,True,08,"Fruit and nuts, edible; peel of citrus fruit or melons",2,False,C00,TOTAL CPC,0,0,TOTAL MOT,-1,N/A,,False,-1,N/A,,False,,False,,False,273634419.0,,273634419.0,0,True,False
C,A,20150101,2015,52,2015,50,BGD,Bangladesh,M,Import,0,W00,World,0,W00,World,H4,HS,True,11,"Products of the milling industry; malt, starches, inulin, wheat gluten",2,False,C00,TOTAL CPC,0,0,TOTAL MOT,-1,N/A,,False,-1,N/A,,False,,False,,False,32213942.0,,32213942.0,0,True,False
C,A,20150101,2015,52,2015,50,BGD,Bangladesh,M,Import,0,W00,World,0,W00,World,H4,HS,True,10,Cereals,2,False,C00,TOTAL CPC,0,0,TOTAL MOT,-1,N/A,,False,-1,N/A,,False,,False,,False,1521252863.0,,1521252863.0,0,True,False
C,A,20150101,2015,52,2015,50,BGD,Bangladesh,M,Import,0,W00,World,0,W00,World,H4,HS,True,12,"Oil seeds and oleaginous fruits; miscellaneous grains, seeds and fruit, industrial or medicinal plants; straw and fodder",2,False,C00,TOTAL CPC,0,0,TOTAL MOT,-1,N/A,,False,-1,N/A,,False,,False,,False,592233448.0,,592233448.0,0,True,False
C,A,20150101,2015,52,2015,50,BGD,Bangladesh,M,Import,0,W00,World,0,W00,World,H4,HS,True,15,Animal or vegetable fats and oils and their cleavage products; prepared animal fats; animal or vegetable waxes,2,False,C00,TOTAL CPC,0,0,TOTAL MOT,-1,N/A,,False,-1,N/A,,False,,False,,False,2769620922.0,,2769620922.0,0,True,False
C,A,20150101,2015,52,2015,50,BGD,Bangladesh,M,Import,0,W00,World,0,W00,World,H4,HS,True,07,Vegetables and certain roots and tubers; edible,2,False,C00,TOTAL CPC,0,0,TOTAL MOT,-1,N/A,,False,-1,N/A,,False,,False,,False,704757530.0,,704757530.0,0,True,False
C,A,20150101,2015,52,2015,50,BGD,Bangladesh,M,Import,0,W00,World,0,W00,World,H4,HS,True,06,"Trees and other plants, live; bulbs, roots and the like; cut flowers and ornamental foliage",2,False,C00,TOTAL CPC,0,0,TOTAL MOT,-1,N/A,,False,-1,N/A,,False,,False,,False,291256.0,,291256.0,0,True,False
C,A,20150101,2015,52,2015,50,BGD,Bangladesh,M,Import,0,W00,World,0,W00,World,H4,HS,True,05,Animal originated products; not elsewhere specified or included,2,False,C00,TOTAL CPC,0,0,TOTAL MOT,-1,N/A,,False,-1,N/A,,False,,False,,False,59809094.0,,59809094.0,0,True,False
C,A,20150101,2015,52,2015,50,BGD,Bangladesh,M,Import,0,W00,World,0,W00,World,H4,HS,True,04,"Dairy produce; birds' eggs; natural honey; edible products of animal origin, not elsewhere specified or included",2,False,C00,TOTAL CPC,0,0,TOTAL MOT,-1,N/A,,False,-1,N/A,,False,,False,,False,290124357.0,,290124357.0,0,True,False
C,A,20150101,2015,52,2015,50,BGD,Bangladesh,M,Import,0,W00,World,0,W00,World,H4,HS,True,03,"Fish and crustaceans, molluscs and other aquatic invertebrates",2,False,C00,TOTAL CPC,0,0,TOTAL MOT,-1,N/A,,False,-1,N/A,,False,,False,,False,55277251.0,,55277251.0,0,True,False
C,A,20150101,2015,52,2015,50,BGD,Bangladesh,M,Import,0,W00,World,0,W00,World,H4,HS,True,26,"Ores, slag and ash",2,False,C00,TOTAL CPC,0,0,TOTAL MOT,-1,N/A,,False,-1,N/A,,False,,False,,False,72456540.0,,72456540.0,0,True,False
C,A,20150101,2015,52,2015,50,BGD,Bangladesh,M,Import,0,W00,World,0,W00,World,H4,HS,True,02,Meat and edible meat offal,2,False,C00,TOTAL CPC,0,0,TOTAL MOT,-1,N/A,,False,-1,N/A,,False,,False,,False,1156893.0,,1156893.0,0,True,False
C,A,20150101,2015,52,2015,50,BGD,Bangladesh,M,Import,0,W00,World,0,W00,World,H4,HS,True,01,Animals; live,2,False,C00,TOTAL CPC,0,0,TOTAL MOT,-1,N/A,,False,-1,N/A,,False,,False,,False,10312134.0,,10312134.0,0,True,False
C,A,20150101,2015,52,2015,50,BGD,Bangladesh,M,Import,0,W00,World,0,W00,World,H4,HS,True,17,Sugars and sugar confectionery,2,False,C00,TOTAL CPC,0,0,TOTAL MOT,-1,N/A,,False,-1,N/A,,False,,False,,False,837736738.0,,837736738.0,0,True,False
C,A,20150101,2015,52,2015,50,BGD,Bangladesh,M,Import,0,W00,World,0,W00,World,H4,HS,True,18,Cocoa and cocoa preparations,2,False,C00,TOTAL CPC,0,0,TOTAL MOT,-1,N/A,,False,-1,N/A,,False,,False,,False,7310974.0,,7310974.0,0,True,False
C,A,20150101,2015,52,2015,50,BGD,Bangladesh,M,Import,0,W00,World,0,W00,World,H4,HS,True,19,"Preparations of cereals, flour, starch or milk; pastrycooks' products",2,False,C00,TOTAL CPC,0,0,TOTAL MOT,-1,N/A,,False,-1,N/A,,False,,False,,False,70815719.0,,70815719.0,0,True,False
C,A,20150101,2015,52,2015,50,BGD,Bangladesh,M,Import,0,W00,World,0,W00,World,H4,HS,True,20,"Preparations of vegetables, fruit, nuts or other parts of plants",2,False,C00,TOTAL CPC,0,0,TOTAL MOT,-1,N/A,,False,-1,N/A,,False,,False,,False,7954308.0,,7954308.0,0,True,False
C,A,20150101,2015,52,2015,50,BGD,Bangladesh,M,Import,0,W00,World,0,W00,World,H4,HS,True,13,"Lac; gums, resins and other vegetable saps and extracts",2,False,C00,TOTAL CPC,0,0,TOTAL MOT,-1,N/A,,False,-1,N/A,,False,,False,,False,8228359.0,,8228359.0,0,True,False
C,A,20150101,2015,52,2015,50,BGD,Bangladesh,M,Import,0,W00,World,0,W00,World,H4,HS,True,14,Vegetable plaiting materials; vegetable products not elsewhere specified or included,2,False,C00,TOTAL CPC,0,0,TOTAL MOT,-1,N/A,,False,-1,N/A,,False,,False,,False,4978492.0,,4978492.0,0,True,False
C,A,20150101,2015,52,2015,50,BGD,Bangladesh,M,Import,0,W00,World,0,W00,World,H4,HS,True,21,Miscellaneous edible preparations,2,False,C00,TOTAL CPC,0,0,TOTAL MOT,-1,N/A,,False,-1,N/A,,False,,False,,False,74279123.0,,74279123.0,0,True,False
C,A,20150101,2015,52,2015,50,BGD,Bangladesh,M,Import,0,W00,World,0,W00,World,H4,HS,True,16,"Meat, fish or crustaceans, molluscs or other aquatic invertebrates; preparations thereof",2,False,C00,TOTAL CPC,0,0,TOTAL MOT,-1,N/A,,False,-1,N/A,,False,,False,,False,915416.0,,915416.0,0,True,False
C,A,20150101,2015,52,2015,50,BGD,Bangladesh,M,Import,0,W00,World,0,W00,World,H4,HS,True,22,"Beverages, spirits and vinegar",2,False,C00,TOTAL CPC,0,0,TOTAL MOT,-1,N/A,,False,-1,N/A,,False,,False,,False,12555465.0,,12555465.0,0,True,False
C,A,20150101,2015,52,2015,50,BGD,Bangladesh,M,Import,0,W00,World,0,W00,World,H4,HS,True,23,"Food industries, residues and wastes thereof; prepared animal fodder",2,False,C00,TOTAL CPC,0,0,TOTAL MOT,-1,N/A,,False,-1,N/A,,False,,False,,False,490718069.0,,490718069.0,0,True,False
C,A,20150101,2015,52,2015,50,BGD,Bangladesh,M,Import,0,W00,World,0,W00,World,H4,HS,True,24,Tobacco and manufactured tobacco substitutes,2,False,C00,TOTAL CPC,0,0,TOTAL MOT,-1,N/A,,False,-1,N/A,,False,,False,,False,11777300.0,,11777300.0,0,True,False
C,A,20150101,2015,52,2015,50,BGD,Bangladesh,M,Import,0,W00,World,0,W00,World,H4,HS,True,25,"Salt; sulphur; earths, stone; plastering materials, lime and cement",2,False,C00,TOTAL CPC,0,0,TOTAL MOT,-1,N/A,,False,-1,N/A,,False,,False,,False,991994120.0,,991994120.0,0,True,False
C,A,20150101,2015,52,2015,50,BGD,Bangladesh,M,Import,0,W00,World,0,W00,World,H4,HS,True,27,"Mineral fuels, mineral oils and products of their distillation; bituminous substances; mineral waxes",2,False,C00,TOTAL CPC,0,0,TOTAL MOT,-1,N/A,,False,-1,N/A,,False,,False,,False,5219952822.0,,5219952822.0,0,True,False
C,A,20150101,2015,52,2015,50,BGD,Bangladesh,M,Import,0,W00,World,0,W00,World,H4,HS,True,28,"Inorganic chemicals; organic and inorganic compounds of precious metals; of rare earth metals, of radio-active elements and of isotopes",2,False,C00,TOTAL CPC,0,0,TOTAL MOT,-1,N/A,,False,-1,N/A,,False,,False,,False,375392617.0,,375392617.0,0,True,False
C,A,20150101,2015,52,2015,50,BGD,Bangladesh,M,Import,0,W00,World,0,W00,World,H4,HS,True,29,Organic chemicals,2,False,C00,TOTAL CPC,0,0,TOTAL MOT,-1,N/A,,False,-1,N/A,,False,,False,,False,656766793.0,,656766793.0,0,True,False
C,A,20150101,2015,52,2015,50,BGD,Bangladesh,M,Import,0,W00,World,0,W00,World,H4,HS,True,33,"Essential oils and resinoids; perfumery, cosmetic or toilet preparations",2,False,C00,TOTAL CPC,0,0,TOTAL MOT,-1,N/A,,False,-1,N/A,,False,,False,,False,73748466.0,,73748466.0,0,True,False
C,A,20150101,2015,52,2015,50,BGD,Bangladesh,M,Import,0,W00,World,0,W00,World,H4,HS,True,30,Pharmaceutical products,2,False,C00,TOTAL CPC,0,0,TOTAL MOT,-1,N/A,,False,-1,N/A,,False,,False,,False,186776678.0,,186776678.0,0,True,False
C,A,20150101,2015,52,2015,50,BGD,Bangladesh,M,Import,0,W00,World,0,W00,World,H4,HS,True,31,Fertilizers,2,False,C00,TOTAL CPC,0,0,TOTAL MOT,-1,N/A,,False,-1,N/A,,False,,False,,False,1255602861.0,,1255602861.0,0,True,False
C,A,20150101,2015,52,2015,50,BGD,Bangladesh,M,Import,0,W00,World,0,W00,World,H4,HS,True,32,"Tanning or dyeing extracts; tannins and their derivatives; dyes, pigments and other colouring matter; paints, varnishes; putty, other mastics; inks",2,False,C00,TOTAL CPC,0,0,TOTAL MOT,-1,N/A,,False,-1,N/A,,False,,False,,False,587909110.0,,587909110.0,0,True,False
C,A,20150101,2015,52,2015,50,BGD,Bangladesh,M,Import,0,W00,World,0,W00,World,H4,HS,True,34,"Soap, organic surface-active agents; washing, lubricating, polishing or scouring preparations; artificial or prepared waxes, candles and similar articles, modelling pastes, dental waxes and dental preparations with a basis of plaster",2,False,C00,TOTAL CPC,0,0,TOTAL MOT,-1,N/A,,False,-1,N/A,,False,,False,,False,160869908.0,,160869908.0,0,True,False
C,A,20150101,2015,52,2015,50,BGD,Bangladesh,M,Import,0,W00,World,0,W00,World,H4,HS,True,35,Albuminoidal substances; modified starches; glues; enzymes,2,False,C00,TOTAL CPC,0,0,TOTAL MOT,-1,N/A,,False,-1,N/A,,False,,False,,False,75805381.0,,75805381.0,0,True,False
C,A,20150101,2015,52,2015,50,BGD,Bangladesh,M,Import,0,W00,World,0,W00,World,H4,HS,True,36,Explosives; pyrotechnic products; matches; pyrophoric alloys; certain combustible preparations,2,False,C00,TOTAL CPC,0,0,TOTAL MOT,-1,N/A,,False,-1,N/A,,False,,False,,False,1853103.0,,1853103.0,0,True,False
C,A,20150101,2015,52,2015,50,BGD,Bangladesh,M,Import,0,W00,World,0,W00,World,H4,HS,True,37,Photographic or cinematographic goods,2,False,C00,TOTAL CPC,0,0,TOTAL MOT,-1,N/A,,False,-1,N/A,,False,,False,,False,29452838.0,,29452838.0,0,True,False
C,A,20150101,2015,52,2015,50,BGD,Bangladesh,M,Import,0,W00,World,0,W00,World,H4,HS,True,38,Chemical products n.e.c.,2,False,C00,TOTAL CPC,0,0,TOTAL MOT,-1,N/A,,False,-1,N/A,,False,,False,,False,505040508.0,,505040508.0,0,True,False
C,A,20150101,2015,52,2015,50,BGD,Bangladesh,M,Import,0,W00,World,0,W00,World,H4,HS,True,39,Plastics and articles thereof,2,False,C00,TOTAL CPC,0,0,TOTAL MOT,-1,N/A,,False,-1,N/A,,False,,False,,False,1795191698.0,,1795191698.0,0,True,False
C,A,20150101,2015,52,2015,50,BGD,Bangladesh,M,Import,0,W00,World,0,W00,World,H4,HS,True,40,Rubber and articles thereof,2,False,C00,TOTAL CPC,0,0,TOTAL MOT,-1,N/A,,False,-1,N/A,,False,,False,,False,298673755.0,,298673755.0,0,True,False
C,A,20150101,2015,52,2015,50,BGD,Bangladesh,M,Import,0,W00,World,0,W00,World,H4,HS,True,41,Raw hides and skins (other than furskins) and leather,2,False,C00,TOTAL CPC,0,0,TOTAL MOT,-1,N/A,,False,-1,N/A,,False,,False,,False,169200895.0,,169200895.0,0,True,False
C,A,20150101,2015,52,2015,50,BGD,Bangladesh,M,Import,0,W00,World,0,W00,World,H4,HS,True,42,"Articles of leather; saddlery and harness; travel goods, handbags and similar containers; articles of animal gut (other than silk-worm gut)",2,False,C00,TOTAL CPC,0,0,TOTAL MOT,-1,N/A,,False,-1,N/A,,False,,False,,False,28665890.0,,28665890.0,0,True,False
C,A,20150101,2015,52,2015,50,BGD,Bangladesh,M,Import,0,W00,World,0,W00,World,H4,HS,True,43,Furskins and artificial fur; manufactures thereof,2,False,C00,TOTAL CPC,0,0,TOTAL MOT,-1,N/A,,False,-1,N/A,,False,,False,,False,526795.0,,526795.0,0,True,False
C,A,20150101,2015,52,2015,50,BGD,Bangladesh,M,Import,0,W00,World,0,W00,World,H4,HS,True,44,Wood and articles of wood; wood charcoal,2,False,C00,TOTAL CPC,0,0,TOTAL MOT,-1,N/A,,False,-1,N/A,,False,,False,,False,113803900.0,,113803900.0,0,True,False
C,A,20150101,2015,52,2015,50,BGD,Bangladesh,M,Import,0,W00,World,0,W00,World,H4,HS,True,45,Cork and articles of cork,2,False,C00,TOTAL CPC,0,0,TOTAL MOT,-1,N/A,,False,-1,N/A,,False,,False,,False,249090.0,,249090.0,0,True,False
C,A,20150101,2015,52,2015,50,BGD,Bangladesh,M,Import,0,W00,World,0,W00,World,H4,HS,True,46,"Manufactures of straw, esparto or other plaiting materials; basketware and wickerwork",2,False,C00,TOTAL CPC,0,0,TOTAL MOT,-1,N/A,,False,-1,N/A,,False,,False,,False,503959.0,,503959.0,0,True,False
C,A,20150101,2015,52,2015,50,BGD,Bangladesh,M,Import,0,W00,World,0,W00,World,H4,HS,True,50,Silk,2,False,C00,TOTAL CPC,0,0,TOTAL MOT,-1,N/A,,False,-1,N/A,,False,,False,,False,4794213.0,,4794213.0,0,True,False
C,A,20150101,2015,52,2015,50,BGD,Bangladesh,M,Import,0,W00,World,0,W00,World,H4,HS,True,51,"Wool, fine or coarse animal hair; horsehair yarn and woven fabric",2,False,C00,TOTAL CPC,0,0,TOTAL MOT,-1,N/A,,False,-1,N/A,,False,,False,,False,43290837.0,,43290837.0,0,True,False
C,A,20150101,2015,52,2015,50,BGD,Bangladesh,M,Import,0,W00,World,0,W00,World,H4,HS,True,47,Pulp of wood or other fibrous cellulosic material; recovered (waste and scrap) paper or paperboard,2,False,C00,TOTAL CPC,0,0,TOTAL MOT,-1,N/A,,False,-1,N/A,,False,,False,,False,165612473.0,,165612473.0,0,True,False
C,A,20150101,2015,52,2015,50,BGD,Bangladesh,M,Import,0,W00,World,0,W00,World,H4,HS,True,48,"Paper and paperboard; articles of paper pulp, of paper or paperboard",2,False,C00,TOTAL CPC,0,0,TOTAL MOT,-1,N/A,,False,-1,N/A,,False,,False,,False,581325939.0,,581325939.0,0,True,False
C,A,20150101,2015,52,2015,50,BGD,Bangladesh,M,Import,0,W00,World,0,W00,World,H4,HS,True,54,Man-made filaments; strip and the like of man-made textile materials,2,False,C00,TOTAL CPC,0,0,TOTAL MOT,-1,N/A,,False,-1,N/A,,False,,False,,False,1102783147.0,,1102783147.0,0,True,False
C,A,20150101,2015,52,2015,50,BGD,Bangladesh,M,Import,0,W00,World,0,W00,World,H4,HS,True,49,"Printed books, newspapers, pictures and other products of the printing industry; manuscripts, typescripts and plans",2,False,C00,TOTAL CPC,0,0,TOTAL MOT,-1,N/A,,False,-1,N/A,,False,,False,,False,297232470.0,,297232470.0,0,True,False
C,A,20150101,2015,52,2015,50,BGD,Bangladesh,M,Import,0,W00,World,0,W00,World,H4,HS,True,55,Man-made staple fibres,2,False,C00,TOTAL CPC,0,0,TOTAL MOT,-1,N/A,,False,-1,N/A,,False,,False,,False,1623931692.0,,1623931692.0,0,True,False
C,A,20150101,2015,52,2015,50,BGD,Bangladesh,M,Import,0,W00,World,0,W00,World,H4,HS,True,56,"Wadding, felt and nonwovens, special yarns; twine, cordage, ropes and cables and articles thereof",2,False,C00,TOTAL CPC,0,0,TOTAL MOT,-1,N/A,,False,-1,N/A,,False,,False,,False,45885840.0,,45885840.0,0,True,False
C,A,20150101,2015,52,2015,50,BGD,Bangladesh,M,Import,0,W00,World,0,W00,World,H4,HS,True,57,Carpets and other textile floor coverings,2,False,C00,TOTAL CPC,0,0,TOTAL MOT,-1,N/A,,False,-1,N/A,,False,,False,,False,4574870.0,,4574870.0,0,True,False
C,A,20150101,2015,52,2015,50,BGD,Bangladesh,M,Import,0,W00,World,0,W00,World,H4,HS,True,53,Vegetable textile fibres; paper yarn and woven fabrics of paper yarn,2,False,C00,TOTAL CPC,0,0,TOTAL MOT,-1,N/A,,False,-1,N/A,,False,,False,,False,42139697.0,,42139697.0,0,True,False
C,A,20150101,2015,52,2015,50,BGD,Bangladesh,M,Import,0,W00,World,0,W00,World,H4,HS,True,60,Fabrics; knitted or crocheted,2,False,C00,TOTAL CPC,0,0,TOTAL MOT,-1,N/A,,False,-1,N/A,,False,,False,,False,590147924.0,,590147924.0,0,True,False
C,A,20150101,2015,52,2015,50,BGD,Bangladesh,M,Import,0,W00,World,0,W00,World,H4,HS,True,61,Apparel and clothing accessories; knitted or crocheted,2,False,C00,TOTAL CPC,0,0,TOTAL MOT,-1,N/A,,False,-1,N/A,,False,,False,,False,22896807.0,,22896807.0,0,True,False
C,A,20150101,2015,52,2015,50,BGD,Bangladesh,M,Import,0,W00,World,0,W00,World,H4,HS,True,58,"Fabrics; special woven fabrics, tufted textile fabrics, lace, tapestries, trimmings, embroidery",2,False,C00,TOTAL CPC,0,0,TOTAL MOT,-1,N/A,,False,-1,N/A,,False,,False,,False,162762886.0,,162762886.0,0,True,False
C,A,20150101,2015,52,2015,50,BGD,Bangladesh,M,Import,0,W00,World,0,W00,World,H4,HS,True,59,"Textile fabrics; impregnated, coated, covered or laminated; textile articles of a kind suitable for industrial use",2,False,C00,TOTAL CPC,0,0,TOTAL MOT,-1,N/A,,False,-1,N/A,,False,,False,,False,138181047.0,,138181047.0,0,True,False
C,A,20150101,2015,52,2015,50,BGD,Bangladesh,M,Import,0,W00,World,0,W00,World,H4,HS,True,64,Footwear; gaiters and the like; parts of such articles,2,False,C00,TOTAL CPC,0,0,TOTAL MOT,-1,N/A,,False,-1,N/A,,False,,False,,False,153110361.0,,153110361.0,0,True,False
C,A,20150101,2015,52,2015,50,BGD,Bangladesh,M,Import,0,W00,World,0,W00,World,H4,HS,True,65,Headgear and parts thereof,2,False,C00,TOTAL CPC,0,0,TOTAL MOT,-1,N/A,,False,-1,N/A,,False,,False,,False,3398633.0,,3398633.0,0,True,False
C,A,20150101,2015,52,2015,50,BGD,Bangladesh,M,Import,0,W00,World,0,W00,World,H4,HS,True,66,"Umbrellas, sun umbrellas, walking-sticks, seat sticks, whips, riding crops; and parts thereof",2,False,C00,TOTAL CPC,0,0,TOTAL MOT,-1,N/A,,False,-1,N/A,,False,,False,,False,4878623.0,,4878623.0,0,True,False
C,A,20150101,2015,52,2015,50,BGD,Bangladesh,M,Import,0,W00,World,0,W00,World,H4,HS,True,67,"Feathers and down, prepared; and articles made of feather or of down; artificial flowers; articles of human hair",2,False,C00,TOTAL CPC,0,0,TOTAL MOT,-1,N/A,,False,-1,N/A,,False,,False,,False,4057454.0,,4057454.0,0,True,False
C,A,20150101,2015,52,2015,50,BGD,Bangladesh,M,Import,0,W00,World,0,W00,World,H4,HS,True,68,"Stone, plaster, cement, asbestos, mica or similar materials; articles thereof",2,False,C00,TOTAL CPC,0,0,TOTAL MOT,-1,N/A,,False,-1,N/A,,False,,False,,False,35697035.0,,35697035.0,0,True,False
C,A,20150101,2015,52,2015,50,BGD,Bangladesh,M,Import,0,W00,World,0,W00,World,H4,HS,True,69,Ceramic products,2,False,C00,TOTAL CPC,0,0,TOTAL MOT,-1,N/A,,False,-1,N/A,,False,,False,,False,67750942.0,,67750942.0,0,True,False
C,A,20150101,2015,52,2015,50,BGD,Bangladesh,M,Import,0,W00,World,0,W00,World,H4,HS,True,70,Glass and glassware,2,False,C00,TOTAL CPC,0,0,TOTAL MOT,-1,N/A,,False,-1,N/A,,False,,False,,False,72500883.0,,72500883.0,0,True,False
C,A,20150101,2015,52,2015,50,BGD,Bangladesh,M,Import,0,W00,World,0,W00,World,H4,HS,True,63,"Textiles, made up articles; sets; worn clothing and worn textile articles; rags",2,False,C00,TOTAL CPC,0,0,TOTAL MOT,-1,N/A,,False,-1,N/A,,False,,False,,False,34159421.0,,34159421.0,0,True,False
C,A,20150101,2015,52,2015,50,BGD,Bangladesh,M,Import,0,W00,World,0,W00,World,H4,HS,True,73,Iron or steel articles,2,False,C00,TOTAL CPC,0,0,TOTAL MOT,-1,N/A,,False,-1,N/A,,False,,False,,False,444888904.0,,444888904.0,0,True,False
C,A,20150101,2015,52,2015,50,BGD,Bangladesh,M,Import,0,W00,World,0,W00,World,H4,HS,True,71,"Natural, cultured pearls; precious, semi-precious stones; precious metals, metals clad with precious metal, and articles thereof; imitation jewellery; coin",2,False,C00,TOTAL CPC,0,0,TOTAL MOT,-1,N/A,,False,-1,N/A,,False,,False,,False,7915680.0,,7915680.0,0,True,False
C,A,20150101,2015,52,2015,50,BGD,Bangladesh,M,Import,0,W00,World,0,W00,World,H4,HS,True,72,Iron and steel,2,False,C00,TOTAL CPC,0,0,TOTAL MOT,-1,N/A,,False,-1,N/A,,False,,False,,False,2407667077.0,,2407667077.0,0,True,False
C,A,20150101,2015,52,2015,50,BGD,Bangladesh,M,Import,0,W00,World,0,W00,World,H4,HS,True,75,Nickel and articles thereof,2,False,C00,TOTAL CPC,0,0,TOTAL MOT,-1,N/A,,False,-1,N/A,,False,,False,,False,1433412.0,,1433412.0,0,True,False
C,A,20150101,2015,52,2015,50,BGD,Bangladesh,M,Import,0,W00,World,0,W00,World,H4,HS,True,76,Aluminium and articles thereof,2,False,C00,TOTAL CPC,0,0,TOTAL MOT,-1,N/A,,False,-1,N/A,,False,,False,,False,262474140.0,,262474140.0,0,True,False
C,A,20150101,2015,52,2015,50,BGD,Bangladesh,M,Import,0,W00,World,0,W00,World,H4,HS,True,78,Lead and articles thereof,2,False,C00,TOTAL CPC,0,0,TOTAL MOT,-1,N/A,,False,-1,N/A,,False,,False,,False,55490820.0,,55490820.0,0,True,False
C,A,20150101,2015,52,2015,50,BGD,Bangladesh,M,Import,0,W00,World,0,W00,World,H4,HS,True,79,Zinc and articles thereof,2,False,C00,TOTAL CPC,0,0,TOTAL MOT,-1,N/A,,False,-1,N/A,,False,,False,,False,158640382.0,,158640382.0,0,True,False
C,A,20150101,2015,52,2015,50,BGD,Bangladesh,M,Import,0,W00,World,0,W00,World,H4,HS,True,80,Tin; articles thereof,2,False,C00,TOTAL CPC,0,0,TOTAL MOT,-1,N/A,,False,-1,N/A,,False,,False,,False,3030308.0,,3030308.0,0,True,False
C,A,20150101,2015,52,2015,50,BGD,Bangladesh,M,Import,0,W00,World,0,W00,World,H4,HS,True,81,"Metals; n.e.c., cermets and articles thereof",2,False,C00,TOTAL CPC,0,0,TOTAL MOT,-1,N/A,,False,-1,N/A,,False,,False,,False,4704957.0,,4704957.0,0,True,False
C,A,20150101,2015,52,2015,50,BGD,Bangladesh,M,Import,0,W00,World,0,W00,World,H4,HS,True,82,"Tools, implements, cutlery, spoons and forks, of base metal; parts thereof, of base metal",2,False,C00,TOTAL CPC,0,0,TOTAL MOT,-1,N/A,,False,-1,N/A,,False,,False,,False,54534298.0,,54534298.0,0,True,False
C,A,20150101,2015,52,2015,50,BGD,Bangladesh,M,Import,0,W00,World,0,W00,World,H4,HS,True,83,Metal; miscellaneous products of base metal,2,False,C00,TOTAL CPC,0,0,TOTAL MOT,-1,N/A,,False,-1,N/A,,False,,False,,False,58964309.0,,58964309.0,0,True,False
C,A,20150101,2015,52,2015,50,BGD,Bangladesh,M,Import,0,W00,World,0,W00,World,H4,HS,True,84,"Nuclear reactors, boilers, machinery and mechanical appliances; parts thereof",2,False,C00,TOTAL CPC,0,0,TOTAL MOT,-1,N/A,,False,-1,N/A,,False,,False,,False,4792325948.0,,4792325948.0,0,True,False
C,A,20150101,2015,52,2015,50,BGD,Bangladesh,M,Import,0,W00,World,0,W00,World,H4,HS,True,74,Copper and articles thereof,2,False,C00,TOTAL CPC,0,0,TOTAL MOT,-1,N/A,,False,-1,N/A,,False,,False,,False,210424486.0,,210424486.0,0,True,False
C,A,20150101,2015,52,2015,50,BGD,Bangladesh,M,Import,0,W00,World,0,W00,World,H4,HS,True,86,"Railway, tramway locomotives, rolling-stock and parts thereof; railway or tramway track fixtures and fittings and parts thereof; mechanical (including electro-mechanical) traffic signalling equipment of all kinds",2,False,C00,TOTAL CPC,0,0,TOTAL MOT,-1,N/A,,False,-1,N/A,,False,,False,,False,6587963.0,,6587963.0,0,True,False
C,A,20150101,2015,52,2015,50,BGD,Bangladesh,M,Import,0,W00,World,0,W00,World,H4,HS,True,87,"Vehicles; other than railway or tramway rolling stock, and parts and accessories thereof",2,False,C00,TOTAL CPC,0,0,TOTAL MOT,-1,N/A,,False,-1,N/A,,False,,False,,False,1143504877.0,,1143504877.0,0,True,False
C,A,20150101,2015,52,2015,50,BGD,Bangladesh,M,Import,0,W00,World,0,W00,World,H4,HS,True,85,"Electrical machinery and equipment and parts thereof; sound recorders and reproducers; television image and sound recorders and reproducers, parts and accessories of such articles",2,False,C00,TOTAL CPC,0,0,TOTAL MOT,-1,N/A,,False,-1,N/A,,False,,False,,False,2450614030.0,,2450614030.0,0,True,False
C,A,20150101,2015,52,2015,50,BGD,Bangladesh,M,Import,0,W00,World,0,W00,World,H4,HS,True,88,"Aircraft, spacecraft and parts thereof",2,False,C00,TOTAL CPC,0,0,TOTAL MOT,-1,N/A,,False,-1,N/A,,False,,False,,False,201344371.0,,201344371.0,0,True,False
C,A,20150101,2015,52,2015,50,BGD,Bangladesh,M,Import,0,W00,World,0,W00,World,H4,HS,True,91,Clocks and watches and parts thereof,2,False,C00,TOTAL CPC,0,0,TOTAL MOT,-1,N/A,,False,-1,N/A,,False,,False,,False,5916822.0,,5916822.0,0,True,False
C,A,20150101,2015,52,2015,50,BGD,Bangladesh,M,Import,0,W00,World,0,W00,World,H4,HS,True,92,Musical instruments; parts and accessories of such articles,2,False,C00,TOTAL CPC,0,0,TOTAL MOT,-1,N/A,,False,-1,N/A,,False,,False,,False,380327.0,,380327.0,0,True,False
C,A,20150101,2015,52,2015,50,BGD,Bangladesh,M,Import,0,W00,World,0,W00,World,H4,HS,True,93,Arms and ammunition; parts and accessories thereof,2,False,C00,TOTAL CPC,0,0,TOTAL MOT,-1,N/A,,False,-1,N/A,,False,,False,,False,130359024.0,,130359024.0,0,True,False
C,A,20150101,2015,52,2015,50,BGD,Bangladesh,M,Import,0,W00,World,0,W00,World,H4,HS,True,94,"Furniture; bedding, mattresses, mattress supports, cushions and similar stuffed furnishings; lamps and lighting fittings, n.e.c.; illuminated signs, illuminated name-plates and the like; prefabricated buildings",2,False,C00,TOTAL CPC,0,0,TOTAL MOT,-1,N/A,,False,-1,N/A,,False,,False,,False,74225179.0,,74225179.0,0,True,False
C,A,20150101,2015,52,2015,50,BGD,Bangladesh,M,Import,0,W00,World,0,W00,World,H4,HS,True,95,"Toys, games and sports requisites; parts and accessories thereof",2,False,C00,TOTAL CPC,0,0,TOTAL MOT,-1,N/A,,False,-1,N/A,,False,,False,,False,23554901.0,,23554901.0,0,True,False
C,A,20150101,2015,52,2015,50,BGD,Bangladesh,M,Import,0,W00,World,0,W00,World,H4,HS,True,89,"Ships, boats and floating structures",2,False,C00,TOTAL CPC,0,0,TOTAL MOT,-1,N/A,,False,-1,N/A,,False,,False,,False,994161846.0,,994161846.0,0,True,False
C,A,20150101,2015,52,2015,50,BGD,Bangladesh,M,Import,0,W00,World,0,W00,World,H4,HS,True,90,"Optical, photographic, cinematographic, measuring, checking, medical or surgical instruments and apparatus; parts and accessories",2,False,C00,TOTAL CPC,0,0,TOTAL MOT,-1,N/A,,False,-1,N/A,,False,,False,,False,400349108.0,,400349108.0,0,True,False
C,A,20150101,2015,52,2015,50,BGD,Bangladesh,M,Import,0,W00,World,0,W00,World,H4,HS,True,97,Works of art; collectors' pieces and antiques,2,False,C00,TOTAL CPC,0,0,TOTAL MOT,-1,N/A,,False,-1,N/A,,False,,False,,False,162196.0,,162196.0,0,True,False
C,A,20150101,2015,52,2015,50,BGD,Bangladesh,M,Import,0,W00,World,0,W00,World,H4,HS,True,99,Commodities not specified according to kind,2,False,C00,TOTAL CPC,0,0,TOTAL MOT,-1,N/A,,False,-1,N/A,,False,,False,,False,544365.0,,544365.0,0,True,False
C,A,20150101,2015,52,2015,50,BGD,Bangladesh,M,Import,0,W00,World,0,W00,World,H4,HS,True,96,Miscellaneous manufactured articles,2,False,C00,TOTAL CPC,0,0,TOTAL MOT,-1,N/A,,False,-1,N/A,,False,,False,,False,257799838.0,,257799838.0,0,True,False
C,A,20150101,2015,52,2015,50,BGD,Bangladesh,M,Import,0,W00,World,0,W00,World,H4,HS,True,62,Apparel and clothing accessories; not knitted or crocheted,2,False,C00,TOTAL CPC,0,0,TOTAL MOT,-1,N/A,,False,-1,N/A,,False,,False,,False,887051715.0,,887051715.0,0,True,False
C,A,20150101,2015,52,2015,50,BGD,Bangladesh,M,Import,0,W00,World,0,W00,World,H4,HS,True,52,Cotton,2,False,C00,TOTAL CPC,0,0,TOTAL MOT,-1,N/A,,False,-1,N/A,,False,,False,,False,7150497582.0,,7150497582.0,0,True,False
C,A,20150101,2015,52,2015,156,CHN,China,M,Import,0,W00,World,0,W00,World,H4,HS,True,02,Meat and edible meat offal,2,False,C00,TOTAL CPC,0 ,0,TOTAL MOT,-1,N/A,0.0,False,-1,N/A,0.0,False,,False,,False,6800509587.0,,6800509587.0,0,False,True
C,A,20150101,2015,52,2015,156,CHN,China,M,Import,0,W00,World,0,W00,World,H4,HS,True,99,Commodities not specified according to kind,2,False,C00,TOTAL CPC,0 ,0,TOTAL MOT,-1,N/A,0.0,False,-1,N/A,0.0,False,,False,,False,7135332712.0,,7135332712.0,0,False,True
C,A,20150101,2015,52,2015,156,CHN,China,M,Import,0,W00,World,0,W00,World,H4,HS,True,07,Vegetables and certain roots and tubers; edible,2,False,C00,TOTAL CPC,0 ,0,TOTAL MOT,-1,N/A,0.0,False,-1,N/A,0.0,False,,True,,False,2620882994.0,,2620882994.0,0,False,True
C,A,20150101,2015,52,2015,156,CHN,China,M,Import,0,W00,World,0,W00,World,H4,HS,True,06,"Trees and other plants, live; bulbs, roots and the like; cut flowers and ornamental foliage",2,False,C00,TOTAL CPC,0 ,0,TOTAL MOT,-1,N/A,0.0,False,-1,N/A,0.0,False,,True,,False,217333411.0,,217333411.0,0,False,True
C,A,20150101,2015,52,2015,156,CHN,China,M,Import,0,W00,World,0,W00,World,H4,HS,True,05,Animal originated products; not elsewhere specified or included,2,False,C00,TOTAL CPC,0 ,0,TOTAL MOT,-1,N/A,0.0,False,-1,N/A,0.0,False,,True,,False,466518821.0,,466518821.0,0,False,True
C,A,20150101,2015,52,2015,156,CHN,China,M,Import,0,W00,World,0,W00,World,H4,HS,True,04,"Dairy produce; birds' eggs; natural honey; edible products of animal origin, not elsewhere specified or included",2,False,C00,TOTAL CPC,0 ,0,TOTAL MOT,-1,N/A,0.0,False,-1,N/A,0.0,False,,True,,False,3303432028.0,,3303432028.0,0,False,True
C,A,20150101,2015,52,2015,156,CHN,China,M,Import,0,W00,World,0,W00,World,H4,HS,True,03,"Fish and crustaceans, molluscs and other aquatic invertebrates",2,False,C00,TOTAL CPC,0 ,0,TOTAL MOT,-1,N/A,0.0,False,-1,N/A,0.0,False,,True,,False,6328008439.0,,6328008439.0,0,False,True
C,A,20150101,2015,52,2015,156,CHN,China,M,Import,0,W00,World,0,W00,World,H4,HS,True,08,"Fruit and nuts, edible; peel of citrus fruit or melons",2,False,C00,TOTAL CPC,0 ,0,TOTAL MOT,-1,N/A,0.0,False,-1,N/A,0.0,False,,True,,False,6017137387.0,,6017137387.0,0,False,True
C,A,20150101,2015,52,2015,156,CHN,China,M,Import,0,W00,World,0,W00,World,H4,HS,True,01,Animals; live,2,False,C00,TOTAL CPC,0 ,0,TOTAL MOT,-1,N/A,0.0,False,-1,N/A,0.0,False,,True,,False,549431455.0,,549431455.0,0,False,True
C,A,20150101,2015,52,2015,156,CHN,China,M,Import,0,W00,World,0,W00,World,H4,HS,True,17,Sugars and sugar confectionery,2,False,C00,TOTAL CPC,0 ,0,TOTAL MOT,-1,N/A,0.0,False,-1,N/A,0.0,False,,True,,False,2080252240.0,,2080252240.0,0,False,True
C,A,20150101,2015,52,2015,156,CHN,China,M,Import,0,W00,World,0,W00,World,H4,HS,True,16,"Meat, fish or crustaceans, molluscs or other aquatic invertebrates; preparations thereof",2,False,C00,TOTAL CPC,0 ,0,TOTAL MOT,-1,N/A,0.0,False,-1,N/A,0.0,False,,True,,False,238804027.0,,238804027.0,0,False,True
C,A,20150101,2015,52,2015,156,CHN,China,M,Import,0,W00,World,0,W00,World,H4,HS,True,15,Animal or vegetable fats and oils and their cleavage products; prepared animal fats; animal or vegetable waxes,2,False,C00,TOTAL CPC,0 ,0,TOTAL MOT,-1,N/A,0.0,False,-1,N/A,0.0,False,,True,,False,7892166312.0,,7892166312.0,0,False,True
C,A,20150101,2015,52,2015,156,CHN,China,M,Import,0,W00,World,0,W00,World,H4,HS,True,14,Vegetable plaiting materials; vegetable products not elsewhere specified or included,2,False,C00,TOTAL CPC,0 ,0,TOTAL MOT,-1,N/A,0.0,False,-1,N/A,0.0,False,,True,,False,196652670.0,,196652670.0,0,False,True
C,A,20150101,2015,52,2015,156,CHN,China,M,Import,0,W00,World,0,W00,World,H4,HS,True,13,"Lac; gums, resins and other vegetable saps and extracts",2,False,C00,TOTAL CPC,0 ,0,TOTAL MOT,-1,N/A,0.0,False,-1,N/A,0.0,False,,True,,False,227366590.0,,227366590.0,0,False,True
C,A,20150101,2015,52,2015,156,CHN,China,M,Import,0,W00,World,0,W00,World,H4,HS,True,12,"Oil seeds and oleaginous fruits; miscellaneous grains, seeds and fruit, industrial or medicinal plants; straw and fodder",2,False,C00,TOTAL CPC,0 ,0,TOTAL MOT,-1,N/A,0.0,False,-1,N/A,0.0,False,,True,,False,39712699343.0,,39712699343.0,0,False,True
C,A,20150101,2015,52,2015,156,CHN,China,M,Import,0,W00,World,0,W00,World,H4,HS,True,11,"Products of the milling industry; malt, starches, inulin, wheat gluten",2,False,C00,TOTAL CPC,0 ,0,TOTAL MOT,-1,N/A,0.0,False,-1,N/A,0.0,False,,True,,False,952077841.0,,952077841.0,0,False,True
C,A,20150101,2015,52,2015,156,CHN,China,M,Import,0,W00,World,0,W00,World,H4,HS,True,10,Cereals,2,False,C00,TOTAL CPC,0 ,0,TOTAL MOT,-1,N/A,0.0,False,-1,N/A,0.0,False,,True,,False,9347988787.0,,9347988787.0,0,False,True
C,A,20150101,2015,52,2015,156,CHN,China,M,Import,0,W00,World,0,W00,World,H4,HS,True,09,"Coffee, tea, mate and spices",2,False,C00,TOTAL CPC,0 ,0,TOTAL MOT,-1,N/A,0.0,False,-1,N/A,0.0,False,,True,,False,397476855.0,,397476855.0,0,False,True
C,A,20150101,2015,52,2015,156,CHN,China,M,Import,0,W00,World,0,W00,World,H4,HS,True,20,"Preparations of vegetables, fruit, nuts or other parts of plants",2,False,C00,TOTAL CPC,0 ,0,TOTAL MOT,-1,N/A,0.0,False,-1,N/A,0.0,False,,True,,False,875843923.0,,875843923.0,0,False,True
C,A,20150101,2015,52,2015,156,CHN,China,M,Import,0,W00,World,0,W00,World,H4,HS,True,19,"Preparations of cereals, flour, starch or milk; pastrycooks' products",2,False,C00,TOTAL CPC,0 ,0,TOTAL MOT,-1,N/A,0.0,False,-1,N/A,0.0,False,,True,,False,3838008839.0,,3838008839.0,0,False,True
C,A,20150101,2015,52,2015,156,CHN,China,M,Import,0,W00,World,0,W00,World,H4,HS,True,18,Cocoa and cocoa preparations,2,False,C00,TOTAL CPC,0 ,0,TOTAL MOT,-1,N/A,0.0,False,-1,N/A,0.0,False,,True,,False,872751268.0,,872751268.0,0,False,True
C,A,20150101,2015,52,2015,156,CHN,China,M,Import,0,W00,World,0,W00,World,H4,HS,True,21,Miscellaneous edible preparations,2,False,C00,TOTAL CPC,0 ,0,TOTAL MOT,-1,N/A,0.0,False,-1,N/A,0.0,False,,True,,False,1785813888.0,,1785813888.0,0,False,True
C,A,20150101,2015,52,2015,156,CHN,China,M,Import,0,W00,World,0,W00,World,H4,HS,True,22,"Beverages, spirits and vinegar",2,False,C00,TOTAL CPC,0 ,0,TOTAL MOT,-1,N/A,0.0,False,-1,N/A,0.0,False,,True,,False,4282454614.0,,4282454614.0,0,False,True
C,A,20150101,2015,52,2015,156,CHN,China,M,Import,0,W00,World,0,W00,World,H4,HS,True,23,"Food industries, residues and wastes thereof; prepared animal fodder",2,False,C00,TOTAL CPC,0 ,0,TOTAL MOT,-1,N/A,0.0,False,-1,N/A,0.0,False,,True,,False,4425567993.0,,4425567993.0,0,False,True
C,A,20150101,2015,52,2015,156,CHN,China,M,Import,0,W00,World,0,W00,World,H4,HS,True,24,Tobacco and manufactured tobacco substitutes,2,False,C00,TOTAL CPC,0 ,0,TOTAL MOT,-1,N/A,0.0,False,-1,N/A,0.0,False,,True,,False,1863501664.0,,1863501664.0,0,False,True
C,A,20150101,2015,52,2015,156,CHN,China,M,Import,0,W00,World,0,W00,World,H4,HS,True,25,"Salt; sulphur; earths, stone; plastering materials, lime and cement",2,False,C00,TOTAL CPC,0 ,0,TOTAL MOT,-1,N/A,0.0,False,-1,N/A,0.0,False,,True,,False,5470273716.0,,5470273716.0,0,False,True
C,A,20150101,2015,52,2015,156,CHN,China,M,Import,0,W00,World,0,W00,World,H4,HS,True,26,"Ores, slag and ash",2,False,C00,TOTAL CPC,0 ,0,TOTAL MOT,-1,N/A,0.0,False,-1,N/A,0.0,False,,True,,False,93720072251.0,,93720072251.0,0,False,True
C,A,20150101,2015,52,2015,156,CHN,China,M,Import,0,W00,World,0,W00,World,H4,HS,True,27,"Mineral fuels, mineral oils and products of their distillation; bituminous substances; mineral waxes",2,False,C00,TOTAL CPC,0 ,0,TOTAL MOT,-1,N/A,0.0,False,-1,N/A,0.0,False,,True,,False,198600749043.0,,198600749043.0,0,False,True
C,A,20150101,2015,52,2015,156,CHN,China,M,Import,0,W00,World,0,W00,World,H4,HS,True,28,"Inorganic chemicals; organic and inorganic compounds of precious metals; of rare earth metals, of radio-active elements and of isotopes",2,False,C00,TOTAL CPC,0 ,0,TOTAL MOT,-1,N/A,0.0,False,-1,N/A,0.0,False,,True,,False,9918662752.0,,9918662752.0,0,False,True
C,A,20150101,2015,52,2015,156,CHN,China,M,Import,0,W00,World,0,W00,World,H4,HS,True,30,Pharmaceutical products,2,False,C00,TOTAL CPC,0 ,0,TOTAL MOT,-1,N/A,0.0,False,-1,N/A,0.0,False,,True,,False,19226077793.0,,19226077793.0,0,False,True
C,A,20150101,2015,52,2015,156,CHN,China,M,Import,0,W00,World,0,W00,World,H4,HS,True,29,Organic chemicals,2,False,C00,TOTAL CPC,0 ,0,TOTAL MOT,-1,N/A,0.0,False,-1,N/A,0.0,False,,True,,False,47757643693.0,,47757643693.0,0,False,True
C,A,20150101,2015,52,2015,156,CHN,China,M,Import,0,W00,World,0,W00,World,H4,HS,True,39,Plastics and articles thereof,2,False,C00,TOTAL CPC,0 ,0,TOTAL MOT,-1,N/A,0.0,False,-1,N/A,0.0,False,,True,,False,65550972497.0,,65550972497.0,0,False,True
C,A,20150101,2015,52,2015,156,CHN,China,M,Import,0,W00,World,0,W00,World,H4,HS,True,31,Fertilizers,2,False,C00,TOTAL CPC,0 ,0,TOTAL MOT,-1,N/A,0.0,False,-1,N/A,0.0,False,,True,,False,3926818359.0,,3926818359.0,0,False,True
C,A,20150101,2015,52,2015,156,CHN,China,M,Import,0,W00,World,0,W00,World,H4,HS,True,32,"Tanning or dyeing extracts; tannins and their derivatives; dyes, pigments and other colouring matter; paints, varnishes; putty, other mastics; inks",2,False,C00,TOTAL CPC,0 ,0,TOTAL MOT,-1,N/A,0.0,False,-1,N/A,0.0,False,,True,,False,4086607156.0,,4086607156.0,0,False,True
C,A,20150101,2015,52,2015,156,CHN,China,M,Import,0,W00,World,0,W00,World,H4,HS,True,33,"Essential oils and resinoids; perfumery, cosmetic or toilet preparations",2,False,C00,TOTAL CPC,0 ,0,TOTAL MOT,-1,N/A,0.0,False,-1,N/A,0.0,False,,True,,False,4509560024.0,,4509560024.0,0,False,True
C,A,20150101,2015,52,2015,156,CHN,China,M,Import,0,W00,World,0,W00,World,H4,HS,True,41,Raw hides and skins (other than furskins) and leather,2,False,C00,TOTAL CPC,0 ,0,TOTAL MOT,-1,N/A,0.0,False,-1,N/A,0.0,False,,True,,False,7499445832.0,,7499445832.0,0,False,True
C,A,20150101,2015,52,2015,156,CHN,China,M,Import,0,W00,World,0,W00,World,H4,HS,True,34,"Soap, organic surface-active agents; washing, lubricating, polishing or scouring preparations; artificial or prepared waxes, candles and similar articles, modelling pastes, dental waxes and dental preparations with a basis of plaster",2,False,C00,TOTAL CPC,0 ,0,TOTAL MOT,-1,N/A,0.0,False,-1,N/A,0.0,False,,True,,False,3810786914.0,,3810786914.0,0,False,True
C,A,20150101,2015,52,2015,156,CHN,China,M,Import,0,W00,World,0,W00,World,H4,HS,True,35,Albuminoidal substances; modified starches; glues; enzymes,2,False,C00,TOTAL CPC,0 ,0,TOTAL MOT,-1,N/A,0.0,False,-1,N/A,0.0,False,,True,,False,3040093574.0,,3040093574.0,0,False,True
C,A,20150101,2015,52,2015,156,CHN,China,M,Import,0,W00,World,0,W00,World,H4,HS,True,36,Explosives; pyrotechnic products; matches; pyrophoric alloys; certain combustible preparations,2,False,C00,TOTAL CPC,0 ,0,TOTAL MOT,-1,N/A,0.0,False,-1,N/A,0.0,False,,True,,False,148115022.0,,148115022.0,0,False,True
C,A,20150101,2015,52,2015,156,CHN,China,M,Import,0,W00,World,0,W00,World,H4,HS,True,37,Photographic or cinematographic goods,2,False,C00,TOTAL CPC,0 ,0,TOTAL MOT,-1,N/A,0.0,False,-1,N/A,0.0,False,,True,,False,2195593680.0,,2195593680.0,0,False,True
C,A,20150101,2015,52,2015,156,CHN,China,M,Import,0,W00,World,0,W00,World,H4,HS,True,38,Chemical products n.e.c.,2,False,C00,TOTAL CPC,0 ,0,TOTAL MOT,-1,N/A,0.0,False,-1,N/A,0.0,False,,True,,False,14428504509.0,,14428504509.0,0,False,True
C,A,20150101,2015,52,2015,156,CHN,China,M,Import,0,W00,World,0,W00,World,H4,HS,True,40,Rubber and articles thereof,2,False,C00,TOTAL CPC,0 ,0,TOTAL MOT,-1,N/A,0.0,False,-1,N/A,0.0,False,,True,,False,14152927214.0,,14152927214.0,0,False,True
C,A,20150101,2015,52,2015,156,CHN,China,M,Import,0,W00,World,0,W00,World,H4,HS,True,42,"Articles of leather; saddlery and harness; travel goods, handbags and similar containers; articles of animal gut (other than silk-worm gut)",2,False,C00,TOTAL CPC,0 ,0,TOTAL MOT,-1,N/A,0.0,False,-1,N/A,0.0,False,,True,,False,2112309715.0,,2112309715.0,0,False,True
C,A,20150101,2015,52,2015,156,CHN,China,M,Import,0,W00,World,0,W00,World,H4,HS,True,43,Furskins and artificial fur; manufactures thereof,2,False,C00,TOTAL CPC,0 ,0,TOTAL MOT,-1,N/A,0.0,False,-1,N/A,0.0,False,,True,,False,1504347667.0,,1504347667.0,0,False,True
C,A,20150101,2015,52,2015,156,CHN,China,M,Import,0,W00,World,0,W00,World,H4,HS,True,44,Wood and articles of wood; wood charcoal,2,False,C00,TOTAL CPC,0 ,0,TOTAL MOT,-1,N/A,0.0,False,-1,N/A,0.0,False,,True,,False,18655529164.0,,18655529164.0,0,False,True
C,A,20150101,2015,52,2015,156,CHN,China,M,Import,0,W00,World,0,W00,World,H4,HS,True,45,Cork and articles of cork,2,False,C00,TOTAL CPC,0 ,0,TOTAL MOT,-1,N/A,0.0,False,-1,N/A,0.0,False,,True,,False,40898584.0,,40898584.0,0,False,True
C,A,20150101,2015,52,2015,156,CHN,China,M,Import,0,W00,World,0,W00,World,H4,HS,True,46,"Manufactures of straw, esparto or other plaiting materials; basketware and wickerwork",2,False,C00,TOTAL CPC,0 ,0,TOTAL MOT,-1,N/A,0.0,False,-1,N/A,0.0,False,,True,,False,12833343.0,,12833343.0,0,False,True
C,A,20150101,2015,52,2015,156,CHN,China,M,Import,0,W00,World,0,W00,World,H4,HS,True,47,Pulp of wood or other fibrous cellulosic material; recovered (waste and scrap) paper or paperboard,2,False,C00,TOTAL CPC,0 ,0,TOTAL MOT,-1,N/A,0.0,False,-1,N/A,0.0,False,,True,,False,18040190744.0,,18040190744.0,0,False,True
C,A,20150101,2015,52,2015,156,CHN,China,M,Import,0,W00,World,0,W00,World,H4,HS,True,48,"Paper and paperboard; articles of paper pulp, of paper or paperboard",2,False,C00,TOTAL CPC,0 ,0,TOTAL MOT,-1,N/A,0.0,False,-1,N/A,0.0,False,,True,,False,4046061653.0,,4046061653.0,0,False,True
C,A,20150101,2015,52,2015,156,CHN,China,M,Import,0,W00,World,0,W00,World,H4,HS,True,49,"Printed books, newspapers, pictures and other products of the printing industry; manuscripts, typescripts and plans",2,False,C00,TOTAL CPC,0 ,0,TOTAL MOT,-1,N/A,0.0,False,-1,N/A,0.0,False,,True,,False,1672672080.0,,1672672080.0,0,False,True
C,A,20150101,2015,52,2015,156,CHN,China,M,Import,0,W00,World,0,W00,World,H4,HS,True,50,Silk,2,False,C00,TOTAL CPC,0 ,0,TOTAL MOT,-1,N/A,0.0,False,-1,N/A,0.0,False,,True,,False,59658539.0,,59658539.0,0,False,True
C,A,20150101,2015,52,2015,156,CHN,China,M,Import,0,W00,World,0,W00,World,H4,HS,True,51,"Wool, fine or coarse animal hair; horsehair yarn and woven fabric",2,False,C00,TOTAL CPC,0 ,0,TOTAL MOT,-1,N/A,0.0,False,-1,N/A,0.0,False,,True,,False,3419969333.0,,3419969333.0,0,False,True
C,A,20150101,2015,52,2015,156,CHN,China,M,Import,0,W00,World,0,W00,World,H4,HS,True,52,Cotton,2,False,C00,TOTAL CPC,0 ,0,TOTAL MOT,-1,N/A,0.0,False,-1,N/A,0.0,False,,True,,False,10254128003.0,,10254128003.0,0,False,True
C,A,20150101,2015,52,2015,156,CHN,China,M,Import,0,W00,World,0,W00,World,H4,HS,True,53,Vegetable textile fibres; paper yarn and woven fabrics of paper yarn,2,False,C00,TOTAL CPC,0 ,0,TOTAL MOT,-1,N/A,0.0,False,-1,N/A,0.0,False,,True,,False,858821753.0,,858821753.0,0,False,True
C,A,20150101,2015,52,2015,156,CHN,China,M,Import,0,W00,World,0,W00,World,H4,HS,True,54,Man-made filaments; strip and the like of man-made textile materials,2,False,C00,TOTAL CPC,0 ,0,TOTAL MOT,-1,N/A,0.0,False,-1,N/A,0.0,False,,True,,False,3125178261.0,,3125178261.0,0,False,True
C,A,20150101,2015,52,2015,156,CHN,China,M,Import,0,W00,World,0,W00,World,H4,HS,True,55,Man-made staple fibres,2,False,C00,TOTAL CPC,0 ,0,TOTAL MOT,-1,N/A,0.0,False,-1,N/A,0.0,False,,True,,False,2602764321.0,,2602764321.0,0,False,True
C,A,20150101,2015,52,2015,156,CHN,China,M,Import,0,W00,World,0,W00,World,H4,HS,True,61,Apparel and clothing accessories; knitted or crocheted,2,False,C00,TOTAL CPC,0 ,0,TOTAL MOT,-1,N/A,0.0,False,-1,N/A,0.0,False,,True,,False,2309125196.0,,2309125196.0,0,False,True
C,A,20150101,2015,52,2015,156,CHN,China,M,Import,0,W00,World,0,W00,World,H4,HS,True,59,"Textile fabrics; impregnated, coated, covered or laminated; textile articles of a kind suitable for industrial use",2,False,C00,TOTAL CPC,0 ,0,TOTAL MOT,-1,N/A,0.0,False,-1,N/A,0.0,False,,True,,False,1800269098.0,,1800269098.0,0,False,True
C,A,20150101,2015,52,2015,156,CHN,China,M,Import,0,W00,World,0,W00,World,H4,HS,True,58,"Fabrics; special woven fabrics, tufted textile fabrics, lace, tapestries, trimmings, embroidery",2,False,C00,TOTAL CPC,0 ,0,TOTAL MOT,-1,N/A,0.0,False,-1,N/A,0.0,False,,True,,False,586284773.0,,586284773.0,0,False,True
C,A,20150101,2015,52,2015,156,CHN,China,M,Import,0,W00,World,0,W00,World,H4,HS,True,63,"Textiles, made up articles; sets; worn clothing and worn textile articles; rags",2,False,C00,TOTAL CPC,0 ,0,TOTAL MOT,-1,N/A,0.0,False,-1,N/A,0.0,False,,True,,False,462184924.0,,462184924.0,0,False,True
C,A,20150101,2015,52,2015,156,CHN,China,M,Import,0,W00,World,0,W00,World,H4,HS,True,57,Carpets and other textile floor coverings,2,False,C00,TOTAL CPC,0 ,0,TOTAL MOT,-1,N/A,0.0,False,-1,N/A,0.0,False,,True,,False,145931397.0,,145931397.0,0,False,True
C,A,20150101,2015,52,2015,156,CHN,China,M,Import,0,W00,World,0,W00,World,H4,HS,True,56,"Wadding, felt and nonwovens, special yarns; twine, cordage, ropes and cables and articles thereof",2,False,C00,TOTAL CPC,0 ,0,TOTAL MOT,-1,N/A,0.0,False,-1,N/A,0.0,False,,True,,False,1175763989.0,,1175763989.0,0,False,True
C,A,20150101,2015,52,2015,156,CHN,China,M,Import,0,W00,World,0,W00,World,H4,HS,True,62,Apparel and clothing accessories; not knitted or crocheted,2,False,C00,TOTAL CPC,0 ,0,TOTAL MOT,-1,N/A,0.0,False,-1,N/A,0.0,False,,True,,False,3720399620.0,,3720399620.0,0,False,True
C,A,20150101,2015,52,2015,156,CHN,China,M,Import,0,W00,World,0,W00,World,H4,HS,True,60,Fabrics; knitted or crocheted,2,False,C00,TOTAL CPC,0 ,0,TOTAL MOT,-1,N/A,0.0,False,-1,N/A,0.0,False,,True,,False,1847424815.0,,1847424815.0,0,False,True
C,A,20150101,2015,52,2015,156,CHN,China,M,Import,0,W00,World,0,W00,World,H4,HS,True,64,Footwear; gaiters and the like; parts of such articles,2,False,C00,TOTAL CPC,0 ,0,TOTAL MOT,-1,N/A,0.0,False,-1,N/A,0.0,False,,True,,False,2748626815.0,,2748626815.0,0,False,True
C,A,20150101,2015,52,2015,156,CHN,China,M,Import,0,W00,World,0,W00,World,H4,HS,True,65,Headgear and parts thereof,2,False,C00,TOTAL CPC,0 ,0,TOTAL MOT,-1,N/A,0.0,False,-1,N/A,0.0,False,,True,,False,54623337.0,,54623337.0,0,False,True
C,A,20150101,2015,52,2015,156,CHN,China,M,Import,0,W00,World,0,W00,World,H4,HS,True,66,"Umbrellas, sun umbrellas, walking-sticks, seat sticks, whips, riding crops; and parts thereof",2,False,C00,TOTAL CPC,0 ,0,TOTAL MOT,-1,N/A,0.0,False,-1,N/A,0.0,False,,True,,False,14076186.0,,14076186.0,0,False,True
C,A,20150101,2015,52,2015,156,CHN,China,M,Import,0,W00,World,0,W00,World,H4,HS,True,67,"Feathers and down, prepared; and articles made of feather or of down; artificial flowers; articles of human hair",2,False,C00,TOTAL CPC,0 ,0,TOTAL MOT,-1,N/A,0.0,False,-1,N/A,0.0,False,,True,,False,270330019.0,,270330019.0,0,False,True
C,A,20150101,2015,52,2015,156,CHN,China,M,Import,0,W00,World,0,W00,World,H4,HS,True,68,"Stone, plaster, cement, asbestos, mica or similar materials; articles thereof",2,False,C00,TOTAL CPC,0 ,0,TOTAL MOT,-1,N/A,0.0,False,-1,N/A,0.0,False,,True,,False,1508436124.0,,1508436124.0,0,False,True
C,A,20150101,2015,52,2015,156,CHN,China,M,Import,0,W00,World,0,W00,World,H4,HS,True,69,Ceramic products,2,False,C00,TOTAL CPC,0 ,0,TOTAL MOT,-1,N/A,0.0,False,-1,N/A,0.0,False,,True,,False,704251804.0,,704251804.0,0,False,True
C,A,20150101,2015,52,2015,156,CHN,China,M,Import,0,W00,World,0,W00,World,H4,HS,True,70,Glass and glassware,2,False,C00,TOTAL CPC,0 ,0,TOTAL MOT,-1,N/A,0.0,False,-1,N/A,0.0,False,,True,,False,6602504842.0,,6602504842.0,0,False,True
C,A,20150101,2015,52,2015,156,CHN,China,M,Import,0,W00,World,0,W00,World,H4,HS,True,71,"Natural, cultured pearls; precious, semi-precious stones; precious metals, metals clad with precious metal, and articles thereof; imitation jewellery; coin",2,False,C00,TOTAL CPC,0 ,0,TOTAL MOT,-1,N/A,0.0,False,-1,N/A,0.0,False,,True,,False,96592596744.0,,96592596744.0,0,False,True
C,A,20150101,2015,52,2015,156,CHN,China,M,Import,0,W00,World,0,W00,World,H4,HS,True,72,Iron and steel,2,False,C00,TOTAL CPC,0 ,0,TOTAL MOT,-1,N/A,0.0,False,-1,N/A,0.0,False,,True,,False,18152467869.0,,18152467869.0,0,False,True
C,A,20150101,2015,52,2015,156,CHN,China,M,Import,0,W00,World,0,W00,World,H4,HS,True,81,"Metals; n.e.c., cermets and articles thereof",2,False,C00,TOTAL CPC,0 ,0,TOTAL MOT,-1,N/A,0.0,False,-1,N/A,0.0,False,,True,,False,1785132690.0,,1785132690.0,0,False,True
C,A,20150101,2015,52,2015,156,CHN,China,M,Import,0,W00,World,0,W00,World,H4,HS,True,80,Tin; articles thereof,2,False,C00,TOTAL CPC,0 ,0,TOTAL MOT,-1,N/A,0.0,False,-1,N/A,0.0,False,,True,,False,325302391.0,,325302391.0,0,False,True
C,A,20150101,2015,52,2015,156,CHN,China,M,Import,0,W00,World,0,W00,World,H4,HS,True,79,Zinc and articles thereof,2,False,C00,TOTAL CPC,0 ,0,TOTAL MOT,-1,N/A,0.0,False,-1,N/A,0.0,False,,True,,False,1444655813.0,,1444655813.0,0,False,True
C,A,20150101,2015,52,2015,156,CHN,China,M,Import,0,W00,World,0,W00,World,H4,HS,True,78,Lead and articles thereof,2,False,C00,TOTAL CPC,0 ,0,TOTAL MOT,-1,N/A,0.0,False,-1,N/A,0.0,False,,True,,False,46865303.0,,46865303.0,0,False,True
C,A,20150101,2015,52,2015,156,CHN,China,M,Import,0,W00,World,0,W00,World,H4,HS,True,76,Aluminium and articles thereof,2,False,C00,TOTAL CPC,0 ,0,TOTAL MOT,-1,N/A,0.0,False,-1,N/A,0.0,False,,True,,False,6929554158.0,,6929554158.0,0,False,True
C,A,20150101,2015,52,2015,156,CHN,China,M,Import,0,W00,World,0,W00,World,H4,HS,True,75,Nickel and articles thereof,2,False,C00,TOTAL CPC,0 ,0,TOTAL MOT,-1,N/A,0.0,False,-1,N/A,0.0,False,,True,,False,5154613538.0,,5154613538.0,0,False,True
C,A,20150101,2015,52,2015,156,CHN,China,M,Import,0,W00,World,0,W00,World,H4,HS,True,74,Copper and articles thereof,2,False,C00,TOTAL CPC,0 ,0,TOTAL MOT,-1,N/A,0.0,False,-1,N/A,0.0,False,,True,,False,38146912505.0,,38146912505.0,0,False,True
C,A,20150101,2015,52,2015,156,CHN,China,M,Import,0,W00,World,0,W00,World,H4,HS,True,73,Iron or steel articles,2,False,C00,TOTAL CPC,0 ,0,TOTAL MOT,-1,N/A,0.0,False,-1,N/A,0.0,False,,True,,False,10077416872.0,,10077416872.0,0,False,True
C,A,20150101,2015,52,2015,156,CHN,China,M,Import,0,W00,World,0,W00,World,H4,HS,True,82,"Tools, implements, cutlery, spoons and forks, of base metal; parts thereof, of base metal",2,False,C00,TOTAL CPC,0 ,0,TOTAL MOT,-1,N/A,0.0,False,-1,N/A,0.0,False,,True,,False,3426155254.0,,3426155254.0,0,False,True
C,A,20150101,2015,52,2015,156,CHN,China,M,Import,0,W00,World,0,W00,World,H4,HS,True,83,Metal; miscellaneous products of base metal,2,False,C00,TOTAL CPC,0 ,0,TOTAL MOT,-1,N/A,0.0,False,-1,N/A,0.0,False,,True,,False,1701997318.0,,1701997318.0,0,False,True
C,A,20150101,2015,52,2015,156,CHN,China,M,Import,0,W00,World,0,W00,World,H4,HS,True,89,"Ships, boats and floating structures",2,False,C00,TOTAL CPC,0 ,0,TOTAL MOT,-1,N/A,0.0,False,-1,N/A,0.0,False,,True,,False,1003464428.0,,1003464428.0,0,False,True
C,A,20150101,2015,52,2015,156,CHN,China,M,Import,0,W00,World,0,W00,World,H4,HS,True,86,"Railway, tramway locomotives, rolling-stock and parts thereof; railway or tramway track fixtures and fittings and parts thereof; mechanical (including electro-mechanical) traffic signalling equipment of all kinds",2,False,C00,TOTAL CPC,0 ,0,TOTAL MOT,-1,N/A,0.0,False,-1,N/A,0.0,False,,True,,False,1349299812.0,,1349299812.0,0,False,True
C,A,20150101,2015,52,2015,156,CHN,China,M,Import,0,W00,World,0,W00,World,H4,HS,True,88,"Aircraft, spacecraft and parts thereof",2,False,C00,TOTAL CPC,0 ,0,TOTAL MOT,-1,N/A,0.0,False,-1,N/A,0.0,False,,True,,False,25951857894.0,,25951857894.0,0,False,True
C,A,20150101,2015,52,2015,156,CHN,China,M,Import,0,W00,World,0,W00,World,H4,HS,True,91,Clocks and watches and parts thereof,2,False,C00,TOTAL CPC,0 ,0,TOTAL MOT,-1,N/A,0.0,False,-1,N/A,0.0,False,,True,,False,3482148325.0,,3482148325.0,0,False,True
C,A,20150101,2015,52,2015,156,CHN,China,M,Import,0,W00,World,0,W00,World,H4,HS,True,92,Musical instruments; parts and accessories of such articles,2,False,C00,TOTAL CPC,0 ,0,TOTAL MOT,-1,N/A,0.0,False,-1,N/A,0.0,False,,True,,False,338718600.0,,338718600.0,0,False,True
C,A,20150101,2015,52,2015,156,CHN,China,M,Import,0,W00,World,0,W00,World,H4,HS,True,93,Arms and ammunition; parts and accessories thereof,2,False,C00,TOTAL CPC,0 ,0,TOTAL MOT,-1,N/A,0.0,False,-1,N/A,0.0,False,,True,,False,7647180.0,,7647180.0,0,False,True
C,A,20150101,2015,52,2015,156,CHN,China,M,Import,0,W00,World,0,W00,World,H4,HS,True,94,"Furniture; bedding, mattresses, mattress supports, cushions and similar stuffed furnishings; lamps and lighting fittings, n.e.c.; illuminated signs, illuminated name-plates and the like; prefabricated buildings",2,False,C00,TOTAL CPC,0 ,0,TOTAL MOT,-1,N/A,0.0,False,-1,N/A,0.0,False,,True,,False,3232625814.0,,3232625814.0,0,False,True
C,A,20150101,2015,52,2015,156,CHN,China,M,Import,0,W00,World,0,W00,World,H4,HS,True,95,"Toys, games and sports requisites; parts and accessories thereof",2,False,C00,TOTAL CPC,0 ,0,TOTAL MOT,-1,N/A,0.0,False,-1,N/A,0.0,False,,True,,False,1878035877.0,,1878035877.0,0,False,True
C,A,20150101,2015,52,2015,156,CHN,China,M,Import,0,W00,World,0,W00,World,H4,HS,True,96,Miscellaneous manufactured articles,2,False,C00,TOTAL CPC,0 ,0,TOTAL MOT,-1,N/A,0.0,False,-1,N/A,0.0,False,,True,,False,2348619388.0,,2348619388.0,0,False,True
C,A,20150101,2015,52,2015,156,CHN,China,M,Import,0,W00,World,0,W00,World,H4,HS,True,97,Works of art; collectors' pieces and antiques,2,False,C00,TOTAL CPC,0 ,0,TOTAL MOT,-1,N/A,0.0,False,-1,N/A,0.0,False,,True,,False,359541926.0,,359541926.0,0,False,True
C,A,20150101,2015,52,2015,156,CHN,China,M,Import,0,W00,World,0,W00,World,H4,HS,True,87,"Vehicles; other than railway or tramway rolling stock, and parts and accessories thereof",2,False,C00,TOTAL CPC,0 ,0,TOTAL MOT,-1,N/A,0.0,False,-1,N/A,0.0,False,,True,,False,69628668321.0,,69628668321.0,0,False,True
C,A,20150101,2015,52,2015,156,CHN,China,M,Import,0,W00,World,0,W00,World,H4,HS,True,90,"Optical, photographic, cinematographic, measuring, checking, medical or surgical instruments and apparatus; parts and accessories",2,False,C00,TOTAL CPC,0 ,0,TOTAL MOT,-1,N/A,0.0,False,-1,N/A,0.0,False,,True,,False,99636208170.0,,99636208170.0,0,False,True
C,A,20150101,2015,52,2015,156,CHN,China,M,Import,0,W00,World,0,W00,World,H4,HS,True,84,"Nuclear reactors, boilers, machinery and mechanical appliances; parts thereof",2,False,C00,TOTAL CPC,0 ,0,TOTAL MOT,-1,N/A,0.0,False,-1,N/A,0.0,False,,True,,False,157042985454.0,,157042985454.0,0,False,True
C,A,20150101,2015,52,2015,156,CHN,China,M,Import,0,W00,World,0,W00,World,H4,HS,True,85,"Electrical machinery and equipment and parts thereof; sound recorders and reproducers; television image and sound recorders and reproducers, parts and accessories of such articles",2,False,C00,TOTAL CPC,0 ,0,TOTAL MOT,-1,N/A,0.0,False,-1,N/A,0.0,False,,True,,False,428694319100.0,,428694319100.0,0,False,True
C,A,20150101,2015,52,2015,704,VNM,Viet Nam,M,Import,0,W00,World,0,W00,World,H4,HS,True,08,"Fruit and nuts, edible; peel of citrus fruit or melons",2,False,C00,TOTAL CPC,0,0,TOTAL MOT,-1,N/A,,False,-1,N/A,,False,,False,,False,1494488566.0,,1494488566.0,0,True,False
C,A,20150101,2015,52,2015,704,VNM,Viet Nam,M,Import,0,W00,World,0,W00,World,H4,HS,True,07,Vegetables and certain roots and tubers; edible,2,False,C00,TOTAL CPC,0,0,TOTAL MOT,-1,N/A,,False,-1,N/A,,False,,False,,False,412796970.0,,412796970.0,0,True,False
C,A,20150101,2015,52,2015,704,VNM,Viet Nam,M,Import,0,W00,World,0,W00,World,H4,HS,True,06,"Trees and other plants, live; bulbs, roots and the like; cut flowers and ornamental foliage",2,False,C00,TOTAL CPC,0,0,TOTAL MOT,-1,N/A,,False,-1,N/A,,False,,False,,False,76974435.0,,76974435.0,0,True,False
C,A,20150101,2015,52,2015,704,VNM,Viet Nam,M,Import,0,W00,World,0,W00,World,H4,HS,True,05,Animal originated products; not elsewhere specified or included,2,False,C00,TOTAL CPC,0,0,TOTAL MOT,-1,N/A,,False,-1,N/A,,False,,False,,False,222823130.0,,222823130.0,0,True,False
C,A,20150101,2015,52,2015,704,VNM,Viet Nam,M,Import,0,W00,World,0,W00,World,H4,HS,True,04,"Dairy produce; birds' eggs; natural honey; edible products of animal origin, not elsewhere specified or included",2,False,C00,TOTAL CPC,0,0,TOTAL MOT,-1,N/A,,False,-1,N/A,,False,,False,,False,535095438.0,,535095438.0,0,True,False
C,A,20150101,2015,52,2015,704,VNM,Viet Nam,M,Import,0,W00,World,0,W00,World,H4,HS,True,09,"Coffee, tea, mate and spices",2,False,C00,TOTAL CPC,0,0,TOTAL MOT,-1,N/A,,False,-1,N/A,,False,,False,,False,279518160.0,,279518160.0,0,True,False
C,A,20150101,2015,52,2015,704,VNM,Viet Nam,M,Import,0,W00,World,0,W00,World,H4,HS,True,10,Cereals,2,False,C00,TOTAL CPC,0,0,TOTAL MOT,-1,N/A,,False,-1,N/A,,False,,False,,False,2307781187.0,,2307781187.0,0,True,False
C,A,20150101,2015,52,2015,704,VNM,Viet Nam,M,Import,0,W00,World,0,W00,World,H4,HS,True,11,"Products of the milling industry; malt, starches, inulin, wheat gluten",2,False,C00,TOTAL CPC,0,0,TOTAL MOT,-1,N/A,,False,-1,N/A,,False,,False,,False,251555344.0,,251555344.0,0,True,False
C,A,20150101,2015,52,2015,704,VNM,Viet Nam,M,Import,0,W00,World,0,W00,World,H4,HS,True,12,"Oil seeds and oleaginous fruits; miscellaneous grains, seeds and fruit, industrial or medicinal plants; straw and fodder",2,False,C00,TOTAL CPC,0,0,TOTAL MOT,-1,N/A,,False,-1,N/A,,False,,False,,False,921299565.0,,921299565.0,0,True,False
C,A,20150101,2015,52,2015,704,VNM,Viet Nam,M,Import,0,W00,World,0,W00,World,H4,HS,True,13,"Lac; gums, resins and other vegetable saps and extracts",2,False,C00,TOTAL CPC,0,0,TOTAL MOT,-1,N/A,,False,-1,N/A,,False,,False,,False,49297983.0,,49297983.0,0,True,False
C,A,20150101,2015,52,2015,704,VNM,Viet Nam,M,Import,0,W00,World,0,W00,World,H4,HS,True,14,Vegetable plaiting materials; vegetable products not elsewhere specified or included,2,False,C00,TOTAL CPC,0,0,TOTAL MOT,-1,N/A,,False,-1,N/A,,False,,False,,False,2349821.0,,2349821.0,0,True,False
C,A,20150101,2015,52,2015,704,VNM,Viet Nam,M,Import,0,W00,World,0,W00,World,H4,HS,True,03,"Fish and crustaceans, molluscs and other aquatic invertebrates",2,False,C00,TOTAL CPC,0,0,TOTAL MOT,-1,N/A,,False,-1,N/A,,False,,False,,False,1042916010.0,,1042916010.0,0,True,False
C,A,20150101,2015,52,2015,704,VNM,Viet Nam,M,Import,0,W00,World,0,W00,World,H4,HS,True,02,Meat and edible meat offal,2,False,C00,TOTAL CPC,0,0,TOTAL MOT,-1,N/A,,False,-1,N/A,,False,,False,,False,301533514.0,,301533514.0,0,True,False
C,A,20150101,2015,52,2015,704,VNM,Viet Nam,M,Import,0,W00,World,0,W00,World,H4,HS,True,01,Animals; live,2,False,C00,TOTAL CPC,0,0,TOTAL MOT,-1,N/A,,False,-1,N/A,,False,,False,,False,470576276.0,,470576276.0,0,True,False
C,A,20150101,2015,52,2015,704,VNM,Viet Nam,M,Import,0,W00,World,0,W00,World,H4,HS,True,16,"Meat, fish or crustaceans, molluscs or other aquatic invertebrates; preparations thereof",2,False,C00,TOTAL CPC,0,0,TOTAL MOT,-1,N/A,,False,-1,N/A,,False,,False,,False,29710740.0,,29710740.0,0,True,False
C,A,20150101,2015,52,2015,704,VNM,Viet Nam,M,Import,0,W00,World,0,W00,World,H4,HS,True,17,Sugars and sugar confectionery,2,False,C00,TOTAL CPC,0,0,TOTAL MOT,-1,N/A,,False,-1,N/A,,False,,False,,False,291183879.0,,291183879.0,0,True,False
C,A,20150101,2015,52,2015,704,VNM,Viet Nam,M,Import,0,W00,World,0,W00,World,H4,HS,True,18,Cocoa and cocoa preparations,2,False,C00,TOTAL CPC,0,0,TOTAL MOT,-1,N/A,,False,-1,N/A,,False,,False,,False,35919454.0,,35919454.0,0,True,False
C,A,20150101,2015,52,2015,704,VNM,Viet Nam,M,Import,0,W00,World,0,W00,World,H4,HS,True,19,"Preparations of cereals, flour, starch or milk; pastrycooks' products",2,False,C00,TOTAL CPC,0,0,TOTAL MOT,-1,N/A,,False,-1,N/A,,False,,False,,False,520440232.0,,520440232.0,0,True,False
C,A,20150101,2015,52,2015,704,VNM,Viet Nam,M,Import,0,W00,World,0,W00,World,H4,HS,True,20,"Preparations of vegetables, fruit, nuts or other parts of plants",2,False,C00,TOTAL CPC,0,0,TOTAL MOT,-1,N/A,,False,-1,N/A,,False,,False,,False,58758796.0,,58758796.0,0,True,False
C,A,20150101,2015,52,2015,704,VNM,Viet Nam,M,Import,0,W00,World,0,W00,World,H4,HS,True,21,Miscellaneous edible preparations,2,False,C00,TOTAL CPC,0,0,TOTAL MOT,-1,N/A,,False,-1,N/A,,False,,False,,False,597199470.0,,597199470.0,0,True,False
C,A,20150101,2015,52,2015,704,VNM,Viet Nam,M,Import,0,W00,World,0,W00,World,H4,HS,True,22,"Beverages, spirits and vinegar",2,False,C00,TOTAL CPC,0,0,TOTAL MOT,-1,N/A,,False,-1,N/A,,False,,False,,False,163335330.0,,163335330.0,0,True,False
C,A,20150101,2015,52,2015,704,VNM,Viet Nam,M,Import,0,W00,World,0,W00,World,H4,HS,True,23,"Food industries, residues and wastes thereof; prepared animal fodder",2,False,C00,TOTAL CPC,0,0,TOTAL MOT,-1,N/A,,False,-1,N/A,,False,,False,,False,3390805714.0,,3390805714.0,0,True,False
C,A,20150101,2015,52,2015,704,VNM,Viet Nam,M,Import,0,W00,World,0,W00,World,H4,HS,True,15,Animal or vegetable fats and oils and their cleavage products; prepared animal fats; animal or vegetable waxes,2,False,C00,TOTAL CPC,0,0,TOTAL MOT,-1,N/A,,False,-1,N/A,,False,,False,,False,686881141.0,,686881141.0,0,True,False
C,A,20150101,2015,52,2015,704,VNM,Viet Nam,M,Import,0,W00,World,0,W00,World,H4,HS,True,24,Tobacco and manufactured tobacco substitutes,2,False,C00,TOTAL CPC,0,0,TOTAL MOT,-1,N/A,,False,-1,N/A,,False,,False,,False,247227408.0,,247227408.0,0,True,False
C,A,20150101,2015,52,2015,704,VNM,Viet Nam,M,Import,0,W00,World,0,W00,World,H4,HS,True,25,"Salt; sulphur; earths, stone; plastering materials, lime and cement",2,False,C00,TOTAL CPC,0,0,TOTAL MOT,-1,N/A,,False,-1,N/A,,False,,False,,False,392049673.0,,392049673.0,0,True,False
C,A,20150101,2015,52,2015,704,VNM,Viet Nam,M,Import,0,W00,World,0,W00,World,H4,HS,True,26,"Ores, slag and ash",2,False,C00,TOTAL CPC,0,0,TOTAL MOT,-1,N/A,,False,-1,N/A,,False,,False,,False,157562482.0,,157562482.0,0,True,False
C,A,20150101,2015,52,2015,704,VNM,Viet Nam,M,Import,0,W00,World,0,W00,World,H4,HS,True,27,"Mineral fuels, mineral oils and products of their distillation; bituminous substances; mineral waxes",2,False,C00,TOTAL CPC,0,0,TOTAL MOT,-1,N/A,,False,-1,N/A,,False,,False,,False,7932090890.0,,7932090890.0,0,True,False
C,A,20150101,2015,52,2015,704,VNM,Viet Nam,M,Import,0,W00,World,0,W00,World,H4,HS,True,28,"Inorganic chemicals; organic and inorganic compounds of precious metals; of rare earth metals, of radio-active elements and of isotopes",2,False,C00,TOTAL CPC,0,0,TOTAL MOT,-1,N/A,,False,-1,N/A,,False,,False,,False,938489955.0,,938489955.0,0,True,False
C,A,20150101,2015,52,2015,704,VNM,Viet Nam,M,Import,0,W00,World,0,W00,World,H4,HS,True,30,Pharmaceutical products,2,False,C00,TOTAL CPC,0,0,TOTAL MOT,-1,N/A,,False,-1,N/A,,False,,False,,False,2474224457.0,,2474224457.0,0,True,False
C,A,20150101,2015,52,2015,704,VNM,Viet Nam,M,Import,0,W00,World,0,W00,World,H4,HS,True,29,Organic chemicals,2,False,C00,TOTAL CPC,0,0,TOTAL MOT,-1,N/A,,False,-1,N/A,,False,,False,,False,2533971248.0,,2533971248.0,0,True,False
C,A,20150101,2015,52,2015,704,VNM,Viet Nam,M,Import,0,W00,World,0,W00,World,H4,HS,True,31,Fertilizers,2,False,C00,TOTAL CPC,0,0,TOTAL MOT,-1,N/A,,False,-1,N/A,,False,,False,,False,1439171949.0,,1439171949.0,0,True,False
C,A,20150101,2015,52,2015,704,VNM,Viet Nam,M,Import,0,W00,World,0,W00,World,H4,HS,True,32,"Tanning or dyeing extracts; tannins and their derivatives; dyes, pigments and other colouring matter; paints, varnishes; putty, other mastics; inks",2,False,C00,TOTAL CPC,0,0,TOTAL MOT,-1,N/A,,False,-1,N/A,,False,,False,,False,1125674062.0,,1125674062.0,0,True,False
C,A,20150101,2015,52,2015,704,VNM,Viet Nam,M,Import,0,W00,World,0,W00,World,H4,HS,True,33,"Essential oils and resinoids; perfumery, cosmetic or toilet preparations",2,False,C00,TOTAL CPC,0,0,TOTAL MOT,-1,N/A,,False,-1,N/A,,False,,False,,False,606557825.0,,606557825.0,0,True,False
C,A,20150101,2015,52,2015,704,VNM,Viet Nam,M,Import,0,W00,World,0,W00,World,H4,HS,True,34,"Soap, organic surface-active agents; washing, lubricating, polishing or scouring preparations; artificial or prepared waxes, candles and similar articles, modelling pastes, dental waxes and dental preparations with a basis of plaster",2,False,C00,TOTAL CPC,0,0,TOTAL MOT,-1,N/A,,False,-1,N/A,,False,,False,,False,458673741.0,,458673741.0,0,True,False
C,A,20150101,2015,52,2015,704,VNM,Viet Nam,M,Import,0,W00,World,0,W00,World,H4,HS,True,35,Albuminoidal substances; modified starches; glues; enzymes,2,False,C00,TOTAL CPC,0,0,TOTAL MOT,-1,N/A,,False,-1,N/A,,False,,False,,False,440872279.0,,440872279.0,0,True,False
C,A,20150101,2015,52,2015,704,VNM,Viet Nam,M,Import,0,W00,World,0,W00,World,H4,HS,True,36,Explosives; pyrotechnic products; matches; pyrophoric alloys; certain combustible preparations,2,False,C00,TOTAL CPC,0,0,TOTAL MOT,-1,N/A,,False,-1,N/A,,False,,False,,False,6029437.0,,6029437.0,0,True,False
C,A,20150101,2015,52,2015,704,VNM,Viet Nam,M,Import,0,W00,World,0,W00,World,H4,HS,True,37,Photographic or cinematographic goods,2,False,C00,TOTAL CPC,0,0,TOTAL MOT,-1,N/A,,False,-1,N/A,,False,,False,,False,88510370.0,,88510370.0,0,True,False
C,A,20150101,2015,52,2015,704,VNM,Viet Nam,M,Import,0,W00,World,0,W00,World,H4,HS,True,38,Chemical products n.e.c.,2,False,C00,TOTAL CPC,0,0,TOTAL MOT,-1,N/A,,False,-1,N/A,,False,,False,,False,2108729807.0,,2108729807.0,0,True,False
C,A,20150101,2015,52,2015,704,VNM,Viet Nam,M,Import,0,W00,World,0,W00,World,H4,HS,True,39,Plastics and articles thereof,2,False,C00,TOTAL CPC,0,0,TOTAL MOT,-1,N/A,,False,-1,N/A,,False,,False,,False,9919412774.0,,9919412774.0,0,True,False
C,A,20150101,2015,52,2015,704,VNM,Viet Nam,M,Import,0,W00,World,0,W00,World,H4,HS,True,40,Rubber and articles thereof,2,False,C00,TOTAL CPC,0,0,TOTAL MOT,-1,N/A,,False,-1,N/A,,False,,False,,False,1603890563.0,,1603890563.0,0,True,False
C,A,20150101,2015,52,2015,704,VNM,Viet Nam,M,Import,0,W00,World,0,W00,World,H4,HS,True,42,"Articles of leather; saddlery and harness; travel goods, handbags and similar containers; articles of animal gut (other than silk-worm gut)",2,False,C00,TOTAL CPC,0,0,TOTAL MOT,-1,N/A,,False,-1,N/A,,False,,False,,False,115999384.0,,115999384.0,0,True,False
C,A,20150101,2015,52,2015,704,VNM,Viet Nam,M,Import,0,W00,World,0,W00,World,H4,HS,True,43,Furskins and artificial fur; manufactures thereof,2,False,C00,TOTAL CPC,0,0,TOTAL MOT,-1,N/A,,False,-1,N/A,,False,,False,,False,251314691.0,,251314691.0,0,True,False
C,A,20150101,2015,52,2015,704,VNM,Viet Nam,M,Import,0,W00,World,0,W00,World,H4,HS,True,44,Wood and articles of wood; wood charcoal,2,False,C00,TOTAL CPC,0,0,TOTAL MOT,-1,N/A,,False,-1,N/A,,False,,False,,False,2091641645.0,,2091641645.0,0,True,False
C,A,20150101,2015,52,2015,704,VNM,Viet Nam,M,Import,0,W00,World,0,W00,World,H4,HS,True,45,Cork and articles of cork,2,False,C00,TOTAL CPC,0,0,TOTAL MOT,-1,N/A,,False,-1,N/A,,False,,False,,False,856724.0,,856724.0,0,True,False
C,A,20150101,2015,52,2015,704,VNM,Viet Nam,M,Import,0,W00,World,0,W00,World,H4,HS,True,46,"Manufactures of straw, esparto or other plaiting materials; basketware and wickerwork",2,False,C00,TOTAL CPC,0,0,TOTAL MOT,-1,N/A,,False,-1,N/A,,False,,False,,False,6552512.0,,6552512.0,0,True,False
C,A,20150101,2015,52,2015,704,VNM,Viet Nam,M,Import,0,W00,World,0,W00,World,H4,HS,True,47,Pulp of wood or other fibrous cellulosic material; recovered (waste and scrap) paper or paperboard,2,False,C00,TOTAL CPC,0,0,TOTAL MOT,-1,N/A,,False,-1,N/A,,False,,False,,False,248445413.0,,248445413.0,0,True,False
C,A,20150101,2015,52,2015,704,VNM,Viet Nam,M,Import,0,W00,World,0,W00,World,H4,HS,True,48,"Paper and paperboard; articles of paper pulp, of paper or paperboard",2,False,C00,TOTAL CPC,0,0,TOTAL MOT,-1,N/A,,False,-1,N/A,,False,,False,,False,2008046319.0,,2008046319.0,0,True,False
C,A,20150101,2015,52,2015,704,VNM,Viet Nam,M,Import,0,W00,World,0,W00,World,H4,HS,True,49,"Printed books, newspapers, pictures and other products of the printing industry; manuscripts, typescripts and plans",2,False,C00,TOTAL CPC,0,0,TOTAL MOT,-1,N/A,,False,-1,N/A,,False,,False,,False,125788443.0,,125788443.0,0,True,False
C,A,20150101,2015,52,2015,704,VNM,Viet Nam,M,Import,0,W00,World,0,W00,World,H4,HS,True,41,Raw hides and skins (other than furskins) and leather,2,False,C00,TOTAL CPC,0,0,TOTAL MOT,-1,N/A,,False,-1,N/A,,False,,False,,False,1741976262.0,,1741976262.0,0,True,False
C,A,20150101,2015,52,2015,704,VNM,Viet Nam,M,Import,0,W00,World,0,W00,World,H4,HS,True,50,Silk,2,False,C00,TOTAL CPC,0,0,TOTAL MOT,-1,N/A,,False,-1,N/A,,False,,False,,False,67430510.0,,67430510.0,0,True,False
C,A,20150101,2015,52,2015,704,VNM,Viet Nam,M,Import,0,W00,World,0,W00,World,H4,HS,True,51,"Wool, fine or coarse animal hair; horsehair yarn and woven fabric",2,False,C00,TOTAL CPC,0,0,TOTAL MOT,-1,N/A,,False,-1,N/A,,False,,False,,False,165722708.0,,165722708.0,0,True,False
C,A,20150101,2015,52,2015,704,VNM,Viet Nam,M,Import,0,W00,World,0,W00,World,H4,HS,True,52,Cotton,2,False,C00,TOTAL CPC,0,0,TOTAL MOT,-1,N/A,,False,-1,N/A,,False,,False,,False,3398790520.0,,3398790520.0,0,True,False
C,A,20150101,2015,52,2015,704,VNM,Viet Nam,M,Import,0,W00,World,0,W00,World,H4,HS,True,54,Man-made filaments; strip and the like of man-made textile materials,2,False,C00,TOTAL CPC,0,0,TOTAL MOT,-1,N/A,,False,-1,N/A,,False,,False,,False,2084167201.0,,2084167201.0,0,True,False
C,A,20150101,2015,52,2015,704,VNM,Viet Nam,M,Import,0,W00,World,0,W00,World,H4,HS,True,55,Man-made staple fibres,2,False,C00,TOTAL CPC,0,0,TOTAL MOT,-1,N/A,,False,-1,N/A,,False,,False,,False,2931964752.0,,2931964752.0,0,True,False
C,A,20150101,2015,52,2015,704,VNM,Viet Nam,M,Import,0,W00,World,0,W00,World,H4,HS,True,56,"Wadding, felt and nonwovens, special yarns; twine, cordage, ropes and cables and articles thereof",2,False,C00,TOTAL CPC,0,0,TOTAL MOT,-1,N/A,,False,-1,N/A,,False,,False,,False,634101065.0,,634101065.0,0,True,False
C,A,20150101,2015,52,2015,704,VNM,Viet Nam,M,Import,0,W00,World,0,W00,World,H4,HS,True,57,Carpets and other textile floor coverings,2,False,C00,TOTAL CPC,0,0,TOTAL MOT,-1,N/A,,False,-1,N/A,,False,,False,,False,42366296.0,,42366296.0,0,True,False
C,A,20150101,2015,52,2015,704,VNM,Viet Nam,M,Import,0,W00,World,0,W00,World,H4,HS,True,58,"Fabrics; special woven fabrics, tufted textile fabrics, lace, tapestries, trimmings, embroidery",2,False,C00,TOTAL CPC,0,0,TOTAL MOT,-1,N/A,,False,-1,N/A,,False,,False,,False,952799783.0,,952799783.0,0,True,False
C,A,20150101,2015,52,2015,704,VNM,Viet Nam,M,Import,0,W00,World,0,W00,World,H4,HS,True,59,"Textile fabrics; impregnated, coated, covered or laminated; textile articles of a kind suitable for industrial use",2,False,C00,TOTAL CPC,0,0,TOTAL MOT,-1,N/A,,False,-1,N/A,,False,,False,,False,1002637845.0,,1002637845.0,0,True,False
C,A,20150101,2015,52,2015,704,VNM,Viet Nam,M,Import,0,W00,World,0,W00,World,H4,HS,True,64,Footwear; gaiters and the like; parts of such articles,2,False,C00,TOTAL CPC,0,0,TOTAL MOT,-1,N/A,,False,-1,N/A,,False,,False,,False,598746612.0,,598746612.0,0,True,False
C,A,20150101,2015,52,2015,704,VNM,Viet Nam,M,Import,0,W00,World,0,W00,World,H4,HS,True,60,Fabrics; knitted or crocheted,2,False,C00,TOTAL CPC,0,0,TOTAL MOT,-1,N/A,,False,-1,N/A,,False,,False,,False,3556386464.0,,3556386464.0,0,True,False
C,A,20150101,2015,52,2015,704,VNM,Viet Nam,M,Import,0,W00,World,0,W00,World,H4,HS,True,53,Vegetable textile fibres; paper yarn and woven fabrics of paper yarn,2,False,C00,TOTAL CPC,0,0,TOTAL MOT,-1,N/A,,False,-1,N/A,,False,,False,,False,57839788.0,,57839788.0,0,True,False
C,A,20150101,2015,52,2015,704,VNM,Viet Nam,M,Import,0,W00,World,0,W00,World,H4,HS,True,61,Apparel and clothing accessories; knitted or crocheted,2,False,C00,TOTAL CPC,0,0,TOTAL MOT,-1,N/A,,False,-1,N/A,,False,,False,,False,277780076.0,,277780076.0,0,True,False
C,A,20150101,2015,52,2015,704,VNM,Viet Nam,M,Import,0,W00,World,0,W00,World,H4,HS,True,62,Apparel and clothing accessories; not knitted or crocheted,2,False,C00,TOTAL CPC,0,0,TOTAL MOT,-1,N/A,,False,-1,N/A,,False,,False,,False,210416833.0,,210416833.0,0,True,False
C,A,20150101,2015,52,2015,704,VNM,Viet Nam,M,Import,0,W00,World,0,W00,World,H4,HS,True,63,"Textiles, made up articles; sets; worn clothing and worn textile articles; rags",2,False,C00,TOTAL CPC,0,0,TOTAL MOT,-1,N/A,,False,-1,N/A,,False,,False,,False,64359034.0,,64359034.0,0,True,False
C,A,20150101,2015,52,2015,704,VNM,Viet Nam,M,Import,0,W00,World,0,W00,World,H4,HS,True,67,"Feathers and down, prepared; and articles made of feather or of down; artificial flowers; articles of human hair",2,False,C00,TOTAL CPC,0,0,TOTAL MOT,-1,N/A,,False,-1,N/A,,False,,False,,False,48718664.0,,48718664.0,0,True,False
C,A,20150101,2015,52,2015,704,VNM,Viet Nam,M,Import,0,W00,World,0,W00,World,H4,HS,True,68,"Stone, plaster, cement, asbestos, mica or similar materials; articles thereof",2,False,C00,TOTAL CPC,0,0,TOTAL MOT,-1,N/A,,False,-1,N/A,,False,,False,,False,313450559.0,,313450559.0,0,True,False
C,A,20150101,2015,52,2015,704,VNM,Viet Nam,M,Import,0,W00,World,0,W00,World,H4,HS,True,69,Ceramic products,2,False,C00,TOTAL CPC,0,0,TOTAL MOT,-1,N/A,,False,-1,N/A,,False,,False,,False,310089236.0,,310089236.0,0,True,False
C,A,20150101,2015,52,2015,704,VNM,Viet Nam,M,Import,0,W00,World,0,W00,World,H4,HS,True,70,Glass and glassware,2,False,C00,TOTAL CPC,0,0,TOTAL MOT,-1,N/A,,False,-1,N/A,,False,,False,,False,582278365.0,,582278365.0,0,True,False
C,A,20150101,2015,52,2015,704,VNM,Viet Nam,M,Import,0,W00,World,0,W00,World,H4,HS,True,71,"Natural, cultured pearls; precious, semi-precious stones; precious metals, metals clad with precious metal, and articles thereof; imitation jewellery; coin",2,False,C00,TOTAL CPC,0,0,TOTAL MOT,-1,N/A,,False,-1,N/A,,False,,False,,False,592349274.0,,592349274.0,0,True,False
C,A,20150101,2015,52,2015,704,VNM,Viet Nam,M,Import,0,W00,World,0,W00,World,H4,HS,True,72,Iron and steel,2,False,C00,TOTAL CPC,0,0,TOTAL MOT,-1,N/A,,False,-1,N/A,,False,,False,,False,8724835288.0,,8724835288.0,0,True,False
C,A,20150101,2015,52,2015,704,VNM,Viet Nam,M,Import,0,W00,World,0,W00,World,H4,HS,True,65,Headgear and parts thereof,2,False,C00,TOTAL CPC,0,0,TOTAL MOT,-1,N/A,,False,-1,N/A,,False,,False,,False,19574139.0,,19574139.0,0,True,False
C,A,20150101,2015,52,2015,704,VNM,Viet Nam,M,Import,0,W00,World,0,W00,World,H4,HS,True,66,"Umbrellas, sun umbrellas, walking-sticks, seat sticks, whips, riding crops; and parts thereof",2,False,C00,TOTAL CPC,0,0,TOTAL MOT,-1,N/A,,False,-1,N/A,,False,,False,,False,4553551.0,,4553551.0,0,True,False
C,A,20150101,2015,52,2015,704,VNM,Viet Nam,M,Import,0,W00,World,0,W00,World,H4,HS,True,73,Iron or steel articles,2,False,C00,TOTAL CPC,0,0,TOTAL MOT,-1,N/A,,False,-1,N/A,,False,,False,,False,3786345961.0,,3786345961.0,0,True,False
C,A,20150101,2015,52,2015,704,VNM,Viet Nam,M,Import,0,W00,World,0,W00,World,H4,HS,True,74,Copper and articles thereof,2,False,C00,TOTAL CPC,0,0,TOTAL MOT,-1,N/A,,False,-1,N/A,,False,,False,,False,1822023045.0,,1822023045.0,0,True,False
C,A,20150101,2015,52,2015,704,VNM,Viet Nam,M,Import,0,W00,World,0,W00,World,H4,HS,True,75,Nickel and articles thereof,2,False,C00,TOTAL CPC,0,0,TOTAL MOT,-1,N/A,,False,-1,N/A,,False,,False,,False,41774003.0,,41774003.0,0,True,False
C,A,20150101,2015,52,2015,704,VNM,Viet Nam,M,Import,0,W00,World,0,W00,World,H4,HS,True,76,Aluminium and articles thereof,2,False,C00,TOTAL CPC,0,0,TOTAL MOT,-1,N/A,,False,-1,N/A,,False,,False,,False,2571529681.0,,2571529681.0,0,True,False
C,A,20150101,2015,52,2015,704,VNM,Viet Nam,M,Import,0,W00,World,0,W00,World,H4,HS,True,79,Zinc and articles thereof,2,False,C00,TOTAL CPC,0,0,TOTAL MOT,-1,N/A,,False,-1,N/A,,False,,False,,False,280724804.0,,280724804.0,0,True,False
C,A,20150101,2015,52,2015,704,VNM,Viet Nam,M,Import,0,W00,World,0,W00,World,H4,HS,True,80,Tin; articles thereof,2,False,C00,TOTAL CPC,0,0,TOTAL MOT,-1,N/A,,False,-1,N/A,,False,,False,,False,40613999.0,,40613999.0,0,True,False
C,A,20150101,2015,52,2015,704,VNM,Viet Nam,M,Import,0,W00,World,0,W00,World,H4,HS,True,81,"Metals; n.e.c., cermets and articles thereof",2,False,C00,TOTAL CPC,0,0,TOTAL MOT,-1,N/A,,False,-1,N/A,,False,,False,,False,65845529.0,,65845529.0,0,True,False
C,A,20150101,2015,52,2015,704,VNM,Viet Nam,M,Import,0,W00,World,0,W00,World,H4,HS,True,82,"Tools, implements, cutlery, spoons and forks, of base metal; parts thereof, of base metal",2,False,C00,TOTAL CPC,0,0,TOTAL MOT,-1,N/A,,False,-1,N/A,,False,,False,,False,445415111.0,,445415111.0,0,True,False
C,A,20150101,2015,52,2015,704,VNM,Viet Nam,M,Import,0,W00,World,0,W00,World,H4,HS,True,83,Metal; miscellaneous products of base metal,2,False,C00,TOTAL CPC,0,0,TOTAL MOT,-1,N/A,,False,-1,N/A,,False,,False,,False,619525768.0,,619525768.0,0,True,False
C,A,20150101,2015,52,2015,704,VNM,Viet Nam,M,Import,0,W00,World,0,W00,World,H4,HS,True,84,"Nuclear reactors, boilers, machinery and mechanical appliances; parts thereof",2,False,C00,TOTAL CPC,0,0,TOTAL MOT,-1,N/A,,False,-1,N/A,,False,,False,,False,21112808706.0,,21112808706.0,0,True,False
C,A,20150101,2015,52,2015,704,VNM,Viet Nam,M,Import,0,W00,World,0,W00,World,H4,HS,True,78,Lead and articles thereof,2,False,C00,TOTAL CPC,0,0,TOTAL MOT,-1,N/A,,False,-1,N/A,,False,,False,,False,257399953.0,,257399953.0,0,True,False
C,A,20150101,2015,52,2015,704,VNM,Viet Nam,M,Import,0,W00,World,0,W00,World,H4,HS,True,85,"Electrical machinery and equipment and parts thereof; sound recorders and reproducers; television image and sound recorders and reproducers, parts and accessories of such articles",2,False,C00,TOTAL CPC,0,0,TOTAL MOT,-1,N/A,,False,-1,N/A,,False,,False,,False,41856687779.0,,41856687779.0,0,True,False
C,A,20150101,2015,52,2015,704,VNM,Viet Nam,M,Import,0,W00,World,0,W00,World,H4,HS,True,86,"Railway, tramway locomotives, rolling-stock and parts thereof; railway or tramway track fixtures and fittings and parts thereof; mechanical (including electro-mechanical) traffic signalling equipment of all kinds",2,False,C00,TOTAL CPC,0,0,TOTAL MOT,-1,N/A,,False,-1,N/A,,False,,False,,False,53073485.0,,53073485.0,0,True,False
C,A,20150101,2015,52,2015,704,VNM,Viet Nam,M,Import,0,W00,World,0,W00,World,H4,HS,True,87,"Vehicles; other than railway or tramway rolling stock, and parts and accessories thereof",2,False,C00,TOTAL CPC,0,0,TOTAL MOT,-1,N/A,,False,-1,N/A,,False,,False,,False,5421008599.0,,5421008599.0,0,True,False
C,A,20150101,2015,52,2015,704,VNM,Viet Nam,M,Import,0,W00,World,0,W00,World,H4,HS,True,88,"Aircraft, spacecraft and parts thereof",2,False,C00,TOTAL CPC,0,0,TOTAL MOT,-1,N/A,,False,-1,N/A,,False,,False,,False,1572289049.0,,1572289049.0,0,True,False
C,A,20150101,2015,52,2015,704,VNM,Viet Nam,M,Import,0,W00,World,0,W00,World,H4,HS,True,89,"Ships, boats and floating structures",2,False,C00,TOTAL CPC,0,0,TOTAL MOT,-1,N/A,,False,-1,N/A,,False,,False,,False,151968945.0,,151968945.0,0,True,False
C,A,20150101,2015,52,2015,704,VNM,Viet Nam,M,Import,0,W00,World,0,W00,World,H4,HS,True,90,"Optical, photographic, cinematographic, measuring, checking, medical or surgical instruments and apparatus; parts and accessories",2,False,C00,TOTAL CPC,0,0,TOTAL MOT,-1,N/A,,False,-1,N/A,,False,,False,,False,3597608531.0,,3597608531.0,0,True,False
C,A,20150101,2015,52,2015,704,VNM,Viet Nam,M,Import,0,W00,World,0,W00,World,H4,HS,True,92,Musical instruments; parts and accessories of such articles,2,False,C00,TOTAL CPC,0,0,TOTAL MOT,-1,N/A,,False,-1,N/A,,False,,False,,False,28469529.0,,28469529.0,0,True,False
C,A,20150101,2015,52,2015,704,VNM,Viet Nam,M,Import,0,W00,World,0,W00,World,H4,HS,True,94,"Furniture; bedding, mattresses, mattress supports, cushions and similar stuffed furnishings; lamps and lighting fittings, n.e.c.; illuminated signs, illuminated name-plates and the like; prefabricated buildings",2,False,C00,TOTAL CPC,0,0,TOTAL MOT,-1,N/A,,False,-1,N/A,,False,,False,,False,435767261.0,,435767261.0,0,True,False
C,A,20150101,2015,52,2015,704,VNM,Viet Nam,M,Import,0,W00,World,0,W00,World,H4,HS,True,91,Clocks and watches and parts thereof,2,False,C00,TOTAL CPC,0,0,TOTAL MOT,-1,N/A,,False,-1,N/A,,False,,False,,False,70324481.0,,70324481.0,0,True,False
C,A,20150101,2015,52,2015,704,VNM,Viet Nam,M,Import,0,W00,World,0,W00,World,H4,HS,True,95,"Toys, games and sports requisites; parts and accessories thereof",2,False,C00,TOTAL CPC,0,0,TOTAL MOT,-1,N/A,,False,-1,N/A,,False,,False,,False,150227295.0,,150227295.0,0,True,False
C,A,20150101,2015,52,2015,704,VNM,Viet Nam,M,Import,0,W00,World,0,W00,World,H4,HS,True,96,Miscellaneous manufactured articles,2,False,C00,TOTAL CPC,0,0,TOTAL MOT,-1,N/A,,False,-1,N/A,,False,,False,,False,779265019.0,,779265019.0,0,True,False
C,A,20150101,2015,52,2015,704,VNM,Viet Nam,M,Import,0,W00,World,0,W00,World,H4,HS,True,97,Works of art; collectors' pieces and antiques,2,False,C00,TOTAL CPC,0,0,TOTAL MOT,-1,N/A,,False,-1,N/A,,False,,False,,False,392722.0,,392722.0,0,True,False
C,A,20150101,2015,52,2015,704,VNM,Viet Nam,M,Import,0,W00,World,0,W00,World,H4,HS,True,99,Commodities not specified according to kind,2,False,C00,TOTAL CPC,0,0,TOTAL MOT,-1,N/A,,False,-1,N/A,,False,,False,,False,766408558.0,,766408558.0,0,True,False
C,A,20150101,2015,52,2015,699,IND,India,M,Import,0,W00,World,0,W00,World,H4,HS,True,11,"Products of the milling industry; malt, starches, inulin, wheat gluten",2,False,C00,TOTAL CPC,0,0,TOTAL MOT,-1,N/A,,False,-1,N/A,,False,,False,,False,57367166.0,,57367166.0,0,True,False
C,A,20150101,2015,52,2015,699,IND,India,M,Import,0,W00,World,0,W00,World,H4,HS,True,10,Cereals,2,False,C00,TOTAL CPC,0,0,TOTAL MOT,-1,N/A,,False,-1,N/A,,False,,False,,False,159961917.0,,159961917.0,0,True,False
C,A,20150101,2015,52,2015,699,IND,India,M,Import,0,W00,World,0,W00,World,H4,HS,True,09,"Coffee, tea, mate and spices",2,False,C00,TOTAL CPC,0,0,TOTAL MOT,-1,N/A,,False,-1,N/A,,False,,False,,False,744322402.0,,744322402.0,0,True,False
C,A,20150101,2015,52,2015,699,IND,India,M,Import,0,W00,World,0,W00,World,H4,HS,True,08,"Fruit and nuts, edible; peel of citrus fruit or melons",2,False,C00,TOTAL CPC,0,0,TOTAL MOT,-1,N/A,,False,-1,N/A,,False,,False,,False,3042949777.0,,3042949777.0,0,True,False
C,A,20150101,2015,52,2015,699,IND,India,M,Import,0,W00,World,0,W00,World,H4,HS,True,07,Vegetables and certain roots and tubers; edible,2,False,C00,TOTAL CPC,0,0,TOTAL MOT,-1,N/A,,False,-1,N/A,,False,,False,,False,3676071315.0,,3676071315.0,0,True,False
C,A,20150101,2015,52,2015,699,IND,India,M,Import,0,W00,World,0,W00,World,H4,HS,True,06,"Trees and other plants, live; bulbs, roots and the like; cut flowers and ornamental foliage",2,False,C00,TOTAL CPC,0,0,TOTAL MOT,-1,N/A,,False,-1,N/A,,False,,False,,False,17838231.0,,17838231.0,0,True,False
C,A,20150101,2015,52,2015,699,IND,India,M,Import,0,W00,World,0,W00,World,H4,HS,True,05,Animal originated products; not elsewhere specified or included,2,False,C00,TOTAL CPC,0,0,TOTAL MOT,-1,N/A,,False,-1,N/A,,False,,False,,False,37935320.0,,37935320.0,0,True,False
C,A,20150101,2015,52,2015,699,IND,India,M,Import,0,W00,World,0,W00,World,H4,HS,True,12,"Oil seeds and oleaginous fruits; miscellaneous grains, seeds and fruit, industrial or medicinal plants; straw and fodder",2,False,C00,TOTAL CPC,0,0,TOTAL MOT,-1,N/A,,False,-1,N/A,,False,,False,,False,334614208.0,,334614208.0,0,True,False
C,A,20150101,2015,52,2015,699,IND,India,M,Import,0,W00,World,0,W00,World,H4,HS,True,13,"Lac; gums, resins and other vegetable saps and extracts",2,False,C00,TOTAL CPC,0,0,TOTAL MOT,-1,N/A,,False,-1,N/A,,False,,False,,False,197963411.0,,197963411.0,0,True,False
C,A,20150101,2015,52,2015,699,IND,India,M,Import,0,W00,World,0,W00,World,H4,HS,True,14,Vegetable plaiting materials; vegetable products not elsewhere specified or included,2,False,C00,TOTAL CPC,0,0,TOTAL MOT,-1,N/A,,False,-1,N/A,,False,,False,,False,28344221.0,,28344221.0,0,True,False
C,A,20150101,2015,52,2015,699,IND,India,M,Import,0,W00,World,0,W00,World,H4,HS,True,15,Animal or vegetable fats and oils and their cleavage products; prepared animal fats; animal or vegetable waxes,2,False,C00,TOTAL CPC,0,0,TOTAL MOT,-1,N/A,,False,-1,N/A,,False,,False,,False,10481043447.0,,10481043447.0,0,True,False
C,A,20150101,2015,52,2015,699,IND,India,M,Import,0,W00,World,0,W00,World,H4,HS,True,16,"Meat, fish or crustaceans, molluscs or other aquatic invertebrates; preparations thereof",2,False,C00,TOTAL CPC,0,0,TOTAL MOT,-1,N/A,,False,-1,N/A,,False,,False,,False,2934289.0,,2934289.0,0,True,False
C,A,20150101,2015,52,2015,699,IND,India,M,Import,0,W00,World,0,W00,World,H4,HS,True,20,"Preparations of vegetables, fruit, nuts or other parts of plants",2,False,C00,TOTAL CPC,0,0,TOTAL MOT,-1,N/A,,False,-1,N/A,,False,,False,,False,72629077.0,,72629077.0,0,True,False
C,A,20150101,2015,52,2015,699,IND,India,M,Import,0,W00,World,0,W00,World,H4,HS,True,21,Miscellaneous edible preparations,2,False,C00,TOTAL CPC,0,0,TOTAL MOT,-1,N/A,,False,-1,N/A,,False,,False,,False,129259186.0,,129259186.0,0,True,False
C,A,20150101,2015,52,2015,699,IND,India,M,Import,0,W00,World,0,W00,World,H4,HS,True,22,"Beverages, spirits and vinegar",2,False,C00,TOTAL CPC,0,0,TOTAL MOT,-1,N/A,,False,-1,N/A,,False,,False,,False,558445260.0,,558445260.0,0,True,False
C,A,20150101,2015,52,2015,699,IND,India,M,Import,0,W00,World,0,W00,World,H4,HS,True,04,"Dairy produce; birds' eggs; natural honey; edible products of animal origin, not elsewhere specified or included",2,False,C00,TOTAL CPC,0,0,TOTAL MOT,-1,N/A,,False,-1,N/A,,False,,False,,False,47829329.0,,47829329.0,0,True,False
C,A,20150101,2015,52,2015,699,IND,India,M,Import,0,W00,World,0,W00,World,H4,HS,True,03,"Fish and crustaceans, molluscs and other aquatic invertebrates",2,False,C00,TOTAL CPC,0,0,TOTAL MOT,-1,N/A,,False,-1,N/A,,False,,False,,False,64197209.0,,64197209.0,0,True,False
C,A,20150101,2015,52,2015,699,IND,India,M,Import,0,W00,World,0,W00,World,H4,HS,True,02,Meat and edible meat offal,2,False,C00,TOTAL CPC,0,0,TOTAL MOT,-1,N/A,,False,-1,N/A,,False,,False,,False,2292981.0,,2292981.0,0,True,False
C,A,20150101,2015,52,2015,699,IND,India,M,Import,0,W00,World,0,W00,World,H4,HS,True,01,Animals; live,2,False,C00,TOTAL CPC,0,0,TOTAL MOT,-1,N/A,,False,-1,N/A,,False,,False,,False,10658215.0,,10658215.0,0,True,False
C,A,20150101,2015,52,2015,699,IND,India,M,Import,0,W00,World,0,W00,World,H4,HS,True,23,"Food industries, residues and wastes thereof; prepared animal fodder",2,False,C00,TOTAL CPC,0,0,TOTAL MOT,-1,N/A,,False,-1,N/A,,False,,False,,False,358417587.0,,358417587.0,0,True,False
C,A,20150101,2015,52,2015,699,IND,India,M,Import,0,W00,World,0,W00,World,H4,HS,True,24,Tobacco and manufactured tobacco substitutes,2,False,C00,TOTAL CPC,0,0,TOTAL MOT,-1,N/A,,False,-1,N/A,,False,,False,,False,44982586.0,,44982586.0,0,True,False
C,A,20150101,2015,52,2015,699,IND,India,M,Import,0,W00,World,0,W00,World,H4,HS,True,25,"Salt; sulphur; earths, stone; plastering materials, lime and cement",2,False,C00,TOTAL CPC,0,0,TOTAL MOT,-1,N/A,,False,-1,N/A,,False,,False,,False,2666332763.0,,2666332763.0,0,True,False
C,A,20150101,2015,52,2015,699,IND,India,M,Import,0,W00,World,0,W00,World,H4,HS,True,17,Sugars and sugar confectionery,2,False,C00,TOTAL CPC,0,0,TOTAL MOT,-1,N/A,,False,-1,N/A,,False,,False,,False,585115948.0,,585115948.0,0,True,False
C,A,20150101,2015,52,2015,699,IND,India,M,Import,0,W00,World,0,W00,World,H4,HS,True,18,Cocoa and cocoa preparations,2,False,C00,TOTAL CPC,0,0,TOTAL MOT,-1,N/A,,False,-1,N/A,,False,,False,,False,204920264.0,,204920264.0,0,True,False
C,A,20150101,2015,52,2015,699,IND,India,M,Import,0,W00,World,0,W00,World,H4,HS,True,19,"Preparations of cereals, flour, starch or milk; pastrycooks' products",2,False,C00,TOTAL CPC,0,0,TOTAL MOT,-1,N/A,,False,-1,N/A,,False,,False,,False,62829375.0,,62829375.0,0,True,False
C,A,20150101,2015,52,2015,699,IND,India,M,Import,0,W00,World,0,W00,World,H4,HS,True,26,"Ores, slag and ash",2,False,C00,TOTAL CPC,0,0,TOTAL MOT,-1,N/A,,False,-1,N/A,,False,,False,,False,5917922455.0,,5917922455.0,0,True,False
C,A,20150101,2015,52,2015,699,IND,India,M,Import,0,W00,World,0,W00,World,H4,HS,True,27,"Mineral fuels, mineral oils and products of their distillation; bituminous substances; mineral waxes",2,False,C00,TOTAL CPC,0,0,TOTAL MOT,-1,N/A,,False,-1,N/A,,False,,False,,False,104645636854.0,,104645636854.0,0,True,False
C,A,20150101,2015,52,2015,699,IND,India,M,Import,0,W00,World,0,W00,World,H4,HS,True,28,"Inorganic chemicals; organic and inorganic compounds of precious metals; of rare earth metals, of radio-active elements and of isotopes",2,False,C00,TOTAL CPC,0,0,TOTAL MOT,-1,N/A,,False,-1,N/A,,False,,False,,False,5071354673.0,,5071354673.0,0,True,False
C,A,20150101,2015,52,2015,699,IND,India,M,Import,0,W00,World,0,W00,World,H4,HS,True,29,Organic chemicals,2,False,C00,TOTAL CPC,0,0,TOTAL MOT,-1,N/A,,False,-1,N/A,,False,,False,,False,15917582527.0,,15917582527.0,0,True,False
C,A,20150101,2015,52,2015,699,IND,India,M,Import,0,W00,World,0,W00,World,H4,HS,True,31,Fertilizers,2,False,C00,TOTAL CPC,0,0,TOTAL MOT,-1,N/A,,False,-1,N/A,,False,,False,,False,7459460149.0,,7459460149.0,0,True,False
C,A,20150101,2015,52,2015,699,IND,India,M,Import,0,W00,World,0,W00,World,H4,HS,True,30,Pharmaceutical products,2,False,C00,TOTAL CPC,0,0,TOTAL MOT,-1,N/A,,False,-1,N/A,,False,,False,,False,1618037595.0,,1618037595.0,0,True,False
C,A,20150101,2015,52,2015,699,IND,India,M,Import,0,W00,World,0,W00,World,H4,HS,True,32,"Tanning or dyeing extracts; tannins and their derivatives; dyes, pigments and other colouring matter; paints, varnishes; putty, other mastics; inks",2,False,C00,TOTAL CPC,0,0,TOTAL MOT,-1,N/A,,False,-1,N/A,,False,,False,,False,1589505361.0,,1589505361.0,0,True,False
C,A,20150101,2015,52,2015,699,IND,India,M,Import,0,W00,World,0,W00,World,H4,HS,True,33,"Essential oils and resinoids; perfumery, cosmetic or toilet preparations",2,False,C00,TOTAL CPC,0,0,TOTAL MOT,-1,N/A,,False,-1,N/A,,False,,False,,False,616787019.0,,616787019.0,0,True,False
C,A,20150101,2015,52,2015,699,IND,India,M,Import,0,W00,World,0,W00,World,H4,HS,True,35,Albuminoidal substances; modified starches; glues; enzymes,2,False,C00,TOTAL CPC,0,0,TOTAL MOT,-1,N/A,,False,-1,N/A,,False,,False,,False,364791833.0,,364791833.0,0,True,False
C,A,20150101,2015,52,2015,699,IND,India,M,Import,0,W00,World,0,W00,World,H4,HS,True,36,Explosives; pyrotechnic products; matches; pyrophoric alloys; certain combustible preparations,2,False,C00,TOTAL CPC,0,0,TOTAL MOT,-1,N/A,,False,-1,N/A,,False,,False,,False,9168021.0,,9168021.0,0,True,False
C,A,20150101,2015,52,2015,699,IND,India,M,Import,0,W00,World,0,W00,World,H4,HS,True,37,Photographic or cinematographic goods,2,False,C00,TOTAL CPC,0,0,TOTAL MOT,-1,N/A,,False,-1,N/A,,False,,False,,False,240670554.0,,240670554.0,0,True,False
C,A,20150101,2015,52,2015,699,IND,India,M,Import,0,W00,World,0,W00,World,H4,HS,True,38,Chemical products n.e.c.,2,False,C00,TOTAL CPC,0,0,TOTAL MOT,-1,N/A,,False,-1,N/A,,False,,False,,False,4028906920.0,,4028906920.0,0,True,False
C,A,20150101,2015,52,2015,699,IND,India,M,Import,0,W00,World,0,W00,World,H4,HS,True,40,Rubber and articles thereof,2,False,C00,TOTAL CPC,0,0,TOTAL MOT,-1,N/A,,False,-1,N/A,,False,,False,,False,2918652905.0,,2918652905.0,0,True,False
C,A,20150101,2015,52,2015,699,IND,India,M,Import,0,W00,World,0,W00,World,H4,HS,True,34,"Soap, organic surface-active agents; washing, lubricating, polishing or scouring preparations; artificial or prepared waxes, candles and similar articles, modelling pastes, dental waxes and dental preparations with a basis of plaster",2,False,C00,TOTAL CPC,0,0,TOTAL MOT,-1,N/A,,False,-1,N/A,,False,,False,,False,639852486.0,,639852486.0,0,True,False
C,A,20150101,2015,52,2015,699,IND,India,M,Import,0,W00,World,0,W00,World,H4,HS,True,41,Raw hides and skins (other than furskins) and leather,2,False,C00,TOTAL CPC,0,0,TOTAL MOT,-1,N/A,,False,-1,N/A,,False,,False,,False,674858788.0,,674858788.0,0,True,False
C,A,20150101,2015,52,2015,699,IND,India,M,Import,0,W00,World,0,W00,World,H4,HS,True,42,"Articles of leather; saddlery and harness; travel goods, handbags and similar containers; articles of animal gut (other than silk-worm gut)",2,False,C00,TOTAL CPC,0,0,TOTAL MOT,-1,N/A,,False,-1,N/A,,False,,False,,False,322800833.0,,322800833.0,0,True,False
C,A,20150101,2015,52,2015,699,IND,India,M,Import,0,W00,World,0,W00,World,H4,HS,True,43,Furskins and artificial fur; manufactures thereof,2,False,C00,TOTAL CPC,0,0,TOTAL MOT,-1,N/A,,False,-1,N/A,,False,,False,,False,2764879.0,,2764879.0,0,True,False
C,A,20150101,2015,52,2015,699,IND,India,M,Import,0,W00,World,0,W00,World,H4,HS,True,44,Wood and articles of wood; wood charcoal,2,False,C00,TOTAL CPC,0,0,TOTAL MOT,-1,N/A,,False,-1,N/A,,False,,False,,False,2434396267.0,,2434396267.0,0,True,False
C,A,20150101,2015,52,2015,699,IND,India,M,Import,0,W00,World,0,W00,World,H4,HS,True,45,Cork and articles of cork,2,False,C00,TOTAL CPC,0,0,TOTAL MOT,-1,N/A,,False,-1,N/A,,False,,False,,False,5354689.0,,5354689.0,0,True,False
C,A,20150101,2015,52,2015,699,IND,India,M,Import,0,W00,World,0,W00,World,H4,HS,True,46,"Manufactures of straw, esparto or other plaiting materials; basketware and wickerwork",2,False,C00,TOTAL CPC,0,0,TOTAL MOT,-1,N/A,,False,-1,N/A,,False,,False,,False,2415709.0,,2415709.0,0,True,False
C,A,20150101,2015,52,2015,699,IND,India,M,Import,0,W00,World,0,W00,World,H4,HS,True,47,Pulp of wood or other fibrous cellulosic material; recovered (waste and scrap) paper or paperboard,2,False,C00,TOTAL CPC,0,0,TOTAL MOT,-1,N/A,,False,-1,N/A,,False,,False,,False,1608822281.0,,1608822281.0,0,True,False
C,A,20150101,2015,52,2015,699,IND,India,M,Import,0,W00,World,0,W00,World,H4,HS,True,48,"Paper and paperboard; articles of paper pulp, of paper or paperboard",2,False,C00,TOTAL CPC,0,0,TOTAL MOT,-1,N/A,,False,-1,N/A,,False,,False,,False,2424070489.0,,2424070489.0,0,True,False
C,A,20150101,2015,52,2015,699,IND,India,M,Import,0,W00,World,0,W00,World,H4,HS,True,49,"Printed books, newspapers, pictures and other products of the printing industry; manuscripts, typescripts and plans",2,False,C00,TOTAL CPC,0,0,TOTAL MOT,-1,N/A,,False,-1,N/A,,False,,False,,False,427936070.0,,427936070.0,0,True,False
C,A,20150101,2015,52,2015,699,IND,India,M,Import,0,W00,World,0,W00,World,H4,HS,True,50,Silk,2,False,C00,TOTAL CPC,0,0,TOTAL MOT,-1,N/A,,False,-1,N/A,,False,,False,,False,200426407.0,,200426407.0,0,True,False
C,A,20150101,2015,52,2015,699,IND,India,M,Import,0,W00,World,0,W00,World,H4,HS,True,51,"Wool, fine or coarse animal hair; horsehair yarn and woven fabric",2,False,C00,TOTAL CPC,0,0,TOTAL MOT,-1,N/A,,False,-1,N/A,,False,,False,,False,362025773.0,,362025773.0,0,True,False
C,A,20150101,2015,52,2015,699,IND,India,M,Import,0,W00,World,0,W00,World,H4,HS,True,52,Cotton,2,False,C00,TOTAL CPC,0,0,TOTAL MOT,-1,N/A,,False,-1,N/A,,False,,False,,False,601241431.0,,601241431.0,0,True,False
C,A,20150101,2015,52,2015,699,IND,India,M,Import,0,W00,World,0,W00,World,H4,HS,True,53,Vegetable textile fibres; paper yarn and woven fabrics of paper yarn,2,False,C00,TOTAL CPC,0,0,TOTAL MOT,-1,N/A,,False,-1,N/A,,False,,False,,False,355929677.0,,355929677.0,0,True,False
C,A,20150101,2015,52,2015,699,IND,India,M,Import,0,W00,World,0,W00,World,H4,HS,True,54,Man-made filaments; strip and the like of man-made textile materials,2,False,C00,TOTAL CPC,0,0,TOTAL MOT,-1,N/A,,False,-1,N/A,,False,,False,,False,764118993.0,,764118993.0,0,True,False
C,A,20150101,2015,52,2015,699,IND,India,M,Import,0,W00,World,0,W00,World,H4,HS,True,55,Man-made staple fibres,2,False,C00,TOTAL CPC,0,0,TOTAL MOT,-1,N/A,,False,-1,N/A,,False,,False,,False,681896752.0,,681896752.0,0,True,False
C,A,20150101,2015,52,2015,699,IND,India,M,Import,0,W00,World,0,W00,World,H4,HS,True,56,"Wadding, felt and nonwovens, special yarns; twine, cordage, ropes and cables and articles thereof",2,False,C00,TOTAL CPC,0,0,TOTAL MOT,-1,N/A,,False,-1,N/A,,False,,False,,False,272588675.0,,272588675.0,0,True,False
C,A,20150101,2015,52,2015,699,IND,India,M,Import,0,W00,World,0,W00,World,H4,HS,True,57,Carpets and other textile floor coverings,2,False,C00,TOTAL CPC,0,0,TOTAL MOT,-1,N/A,,False,-1,N/A,,False,,False,,False,92214182.0,,92214182.0,0,True,False
C,A,20150101,2015,52,2015,699,IND,India,M,Import,0,W00,World,0,W00,World,H4,HS,True,58,"Fabrics; special woven fabrics, tufted textile fabrics, lace, tapestries, trimmings, embroidery",2,False,C00,TOTAL CPC,0,0,TOTAL MOT,-1,N/A,,False,-1,N/A,,False,,False,,False,198402527.0,,198402527.0,0,True,False
C,A,20150101,2015,52,2015,699,IND,India,M,Import,0,W00,World,0,W00,World,H4,HS,True,60,Fabrics; knitted or crocheted,2,False,C00,TOTAL CPC,0,0,TOTAL MOT,-1,N/A,,False,-1,N/A,,False,,False,,False,475333334.0,,475333334.0,0,True,False
C,A,20150101,2015,52,2015,699,IND,India,M,Import,0,W00,World,0,W00,World,H4,HS,True,61,Apparel and clothing accessories; knitted or crocheted,2,False,C00,TOTAL CPC,0,0,TOTAL MOT,-1,N/A,,False,-1,N/A,,False,,False,,False,246712649.0,,246712649.0,0,True,False
C,A,20150101,2015,52,2015,699,IND,India,M,Import,0,W00,World,0,W00,World,H4,HS,True,62,Apparel and clothing accessories; not knitted or crocheted,2,False,C00,TOTAL CPC,0,0,TOTAL MOT,-1,N/A,,False,-1,N/A,,False,,False,,False,314532102.0,,314532102.0,0,True,False
C,A,20150101,2015,52,2015,699,IND,India,M,Import,0,W00,World,0,W00,World,H4,HS,True,63,"Textiles, made up articles; sets; worn clothing and worn textile articles; rags",2,False,C00,TOTAL CPC,0,0,TOTAL MOT,-1,N/A,,False,-1,N/A,,False,,False,,False,555534417.0,,555534417.0,0,True,False
C,A,20150101,2015,52,2015,699,IND,India,M,Import,0,W00,World,0,W00,World,H4,HS,True,59,"Textile fabrics; impregnated, coated, covered or laminated; textile articles of a kind suitable for industrial use",2,False,C00,TOTAL CPC,0,0,TOTAL MOT,-1,N/A,,False,-1,N/A,,False,,False,,False,734320080.0,,734320080.0,0,True,False
C,A,20150101,2015,52,2015,699,IND,India,M,Import,0,W00,World,0,W00,World,H4,HS,True,64,Footwear; gaiters and the like; parts of such articles,2,False,C00,TOTAL CPC,0,0,TOTAL MOT,-1,N/A,,False,-1,N/A,,False,,False,,False,477379587.0,,477379587.0,0,True,False
C,A,20150101,2015,52,2015,699,IND,India,M,Import,0,W00,World,0,W00,World,H4,HS,True,65,Headgear and parts thereof,2,False,C00,TOTAL CPC,0,0,TOTAL MOT,-1,N/A,,False,-1,N/A,,False,,False,,False,15420546.0,,15420546.0,0,True,False
C,A,20150101,2015,52,2015,699,IND,India,M,Import,0,W00,World,0,W00,World,H4,HS,True,66,"Umbrellas, sun umbrellas, walking-sticks, seat sticks, whips, riding crops; and parts thereof",2,False,C00,TOTAL CPC,0,0,TOTAL MOT,-1,N/A,,False,-1,N/A,,False,,False,,False,26108581.0,,26108581.0,0,True,False
C,A,20150101,2015,52,2015,699,IND,India,M,Import,0,W00,World,0,W00,World,H4,HS,True,67,"Feathers and down, prepared; and articles made of feather or of down; artificial flowers; articles of human hair",2,False,C00,TOTAL CPC,0,0,TOTAL MOT,-1,N/A,,False,-1,N/A,,False,,False,,False,11843681.0,,11843681.0,0,True,False
C,A,20150101,2015,52,2015,699,IND,India,M,Import,0,W00,World,0,W00,World,H4,HS,True,68,"Stone, plaster, cement, asbestos, mica or similar materials; articles thereof",2,False,C00,TOTAL CPC,0,0,TOTAL MOT,-1,N/A,,False,-1,N/A,,False,,False,,False,599560874.0,,599560874.0,0,True,False
C,A,20150101,2015,52,2015,699,IND,India,M,Import,0,W00,World,0,W00,World,H4,HS,True,69,Ceramic products,2,False,C00,TOTAL CPC,0,0,TOTAL MOT,-1,N/A,,False,-1,N/A,,False,,False,,False,797051208.0,,797051208.0,0,True,False
C,A,20150101,2015,52,2015,699,IND,India,M,Import,0,W00,World,0,W00,World,H4,HS,True,70,Glass and glassware,2,False,C00,TOTAL CPC,0,0,TOTAL MOT,-1,N/A,,False,-1,N/A,,False,,False,,False,901540879.0,,901540879.0,0,True,False
C,A,20150101,2015,52,2015,699,IND,India,M,Import,0,W00,World,0,W00,World,H4,HS,True,73,Iron or steel articles,2,False,C00,TOTAL CPC,0,0,TOTAL MOT,-1,N/A,,False,-1,N/A,,False,,False,,False,3752973779.0,,3752973779.0,0,True,False
C,A,20150101,2015,52,2015,699,IND,India,M,Import,0,W00,World,0,W00,World,H4,HS,True,71,"Natural, cultured pearls; precious, semi-precious stones; precious metals, metals clad with precious metal, and articles thereof; imitation jewellery; coin",2,False,C00,TOTAL CPC,0,0,TOTAL MOT,-1,N/A,,False,-1,N/A,,False,,False,,False,59632899766.0,,59632899766.0,0,True,False
C,A,20150101,2015,52,2015,699,IND,India,M,Import,0,W00,World,0,W00,World,H4,HS,True,83,Metal; miscellaneous products of base metal,2,False,C00,TOTAL CPC,0,0,TOTAL MOT,-1,N/A,,False,-1,N/A,,False,,False,,False,733617094.0,,733617094.0,0,True,False
C,A,20150101,2015,52,2015,699,IND,India,M,Import,0,W00,World,0,W00,World,H4,HS,True,74,Copper and articles thereof,2,False,C00,TOTAL CPC,0,0,TOTAL MOT,-1,N/A,,False,-1,N/A,,False,,False,,False,3286156512.0,,3286156512.0,0,True,False
C,A,20150101,2015,52,2015,699,IND,India,M,Import,0,W00,World,0,W00,World,H4,HS,True,75,Nickel and articles thereof,2,False,C00,TOTAL CPC,0,0,TOTAL MOT,-1,N/A,,False,-1,N/A,,False,,False,,False,1183657665.0,,1183657665.0,0,True,False
C,A,20150101,2015,52,2015,699,IND,India,M,Import,0,W00,World,0,W00,World,H4,HS,True,76,Aluminium and articles thereof,2,False,C00,TOTAL CPC,0,0,TOTAL MOT,-1,N/A,,False,-1,N/A,,False,,False,,False,3612252392.0,,3612252392.0,0,True,False
C,A,20150101,2015,52,2015,699,IND,India,M,Import,0,W00,World,0,W00,World,H4,HS,True,78,Lead and articles thereof,2,False,C00,TOTAL CPC,0,0,TOTAL MOT,-1,N/A,,False,-1,N/A,,False,,False,,False,500066171.0,,500066171.0,0,True,False
C,A,20150101,2015,52,2015,699,IND,India,M,Import,0,W00,World,0,W00,World,H4,HS,True,79,Zinc and articles thereof,2,False,C00,TOTAL CPC,0,0,TOTAL MOT,-1,N/A,,False,-1,N/A,,False,,False,,False,438953995.0,,438953995.0,0,True,False
C,A,20150101,2015,52,2015,699,IND,India,M,Import,0,W00,World,0,W00,World,H4,HS,True,80,Tin; articles thereof,2,False,C00,TOTAL CPC,0,0,TOTAL MOT,-1,N/A,,False,-1,N/A,,False,,False,,False,194822619.0,,194822619.0,0,True,False
C,A,20150101,2015,52,2015,699,IND,India,M,Import,0,W00,World,0,W00,World,H4,HS,True,81,"Metals; n.e.c., cermets and articles thereof",2,False,C00,TOTAL CPC,0,0,TOTAL MOT,-1,N/A,,False,-1,N/A,,False,,False,,False,286919573.0,,286919573.0,0,True,False
C,A,20150101,2015,52,2015,699,IND,India,M,Import,0,W00,World,0,W00,World,H4,HS,True,82,"Tools, implements, cutlery, spoons and forks, of base metal; parts thereof, of base metal",2,False,C00,TOTAL CPC,0,0,TOTAL MOT,-1,N/A,,False,-1,N/A,,False,,False,,False,932336111.0,,932336111.0,0,True,False
C,A,20150101,2015,52,2015,699,IND,India,M,Import,0,W00,World,0,W00,World,H4,HS,True,86,"Railway, tramway locomotives, rolling-stock and parts thereof; railway or tramway track fixtures and fittings and parts thereof; mechanical (including electro-mechanical) traffic signalling equipment of all kinds",2,False,C00,TOTAL CPC,0,0,TOTAL MOT,-1,N/A,,False,-1,N/A,,False,,False,,False,469755546.0,,469755546.0,0,True,False
C,A,20150101,2015,52,2015,699,IND,India,M,Import,0,W00,World,0,W00,World,H4,HS,True,87,"Vehicles; other than railway or tramway rolling stock, and parts and accessories thereof",2,False,C00,TOTAL CPC,0,0,TOTAL MOT,-1,N/A,,False,-1,N/A,,False,,False,,False,4948809306.0,,4948809306.0,0,True,False
C,A,20150101,2015,52,2015,699,IND,India,M,Import,0,W00,World,0,W00,World,H4,HS,True,88,"Aircraft, spacecraft and parts thereof",2,False,C00,TOTAL CPC,0,0,TOTAL MOT,-1,N/A,,False,-1,N/A,,False,,False,,False,2831778999.0,,2831778999.0,0,True,False
C,A,20150101,2015,52,2015,699,IND,India,M,Import,0,W00,World,0,W00,World,H4,HS,True,89,"Ships, boats and floating structures",2,False,C00,TOTAL CPC,0,0,TOTAL MOT,-1,N/A,,False,-1,N/A,,False,,False,,False,4739932877.0,,4739932877.0,0,True,False
C,A,20150101,2015,52,2015,699,IND,India,M,Import,0,W00,World,0,W00,World,H4,HS,True,90,"Optical, photographic, cinematographic, measuring, checking, medical or surgical instruments and apparatus; parts and accessories",2,False,C00,TOTAL CPC,0,0,TOTAL MOT,-1,N/A,,False,-1,N/A,,False,,False,,False,7188918563.0,,7188918563.0,0,True,False
C,A,20150101,2015,52,2015,699,IND,India,M,Import,0,W00,World,0,W00,World,H4,HS,True,97,Works of art; collectors' pieces and antiques,2,False,C00,TOTAL CPC,0,0,TOTAL MOT,-1,N/A,,False,-1,N/A,,False,,False,,False,87903630.0,,87903630.0,0,True,False
C,A,20150101,2015,52,2015,699,IND,India,M,Import,0,W00,World,0,W00,World,H4,HS,True,92,Musical instruments; parts and accessories of such articles,2,False,C00,TOTAL CPC,0,0,TOTAL MOT,-1,N/A,,False,-1,N/A,,False,,False,,False,34555328.0,,34555328.0,0,True,False
C,A,20150101,2015,52,2015,699,IND,India,M,Import,0,W00,World,0,W00,World,H4,HS,True,93,Arms and ammunition; parts and accessories thereof,2,False,C00,TOTAL CPC,0,0,TOTAL MOT,-1,N/A,,False,-1,N/A,,False,,False,,False,35412022.0,,35412022.0,0,True,False
C,A,20150101,2015,52,2015,699,IND,India,M,Import,0,W00,World,0,W00,World,H4,HS,True,94,"Furniture; bedding, mattresses, mattress supports, cushions and similar stuffed furnishings; lamps and lighting fittings, n.e.c.; illuminated signs, illuminated name-plates and the like; prefabricated buildings",2,False,C00,TOTAL CPC,0,0,TOTAL MOT,-1,N/A,,False,-1,N/A,,False,,False,,False,1478967973.0,,1478967973.0,0,True,False
C,A,20150101,2015,52,2015,699,IND,India,M,Import,0,W00,World,0,W00,World,H4,HS,True,95,"Toys, games and sports requisites; parts and accessories thereof",2,False,C00,TOTAL CPC,0,0,TOTAL MOT,-1,N/A,,False,-1,N/A,,False,,False,,False,541066434.0,,541066434.0,0,True,False
C,A,20150101,2015,52,2015,699,IND,India,M,Import,0,W00,World,0,W00,World,H4,HS,True,96,Miscellaneous manufactured articles,2,False,C00,TOTAL CPC,0,0,TOTAL MOT,-1,N/A,,False,-1,N/A,,False,,False,,False,438256341.0,,438256341.0,0,True,False
C,A,20150101,2015,52,2015,699,IND,India,M,Import,0,W00,World,0,W00,World,H4,HS,True,91,Clocks and watches and parts thereof,2,False,C00,TOTAL CPC,0,0,TOTAL MOT,-1,N/A,,False,-1,N/A,,False,,False,,False,304630636.0,,304630636.0,0,True,False
C,A,20150101,2015,52,2015,699,IND,India,M,Import,0,W00,World,0,W00,World,H4,HS,True,39,Plastics and articles thereof,2,False,C00,TOTAL CPC,0,0,TOTAL MOT,-1,N/A,,False,-1,N/A,,False,,False,,False,11341769787.0,,11341769787.0,0,True,False
C,A,20150101,2015,52,2015,699,IND,India,M,Import,0,W00,World,0,W00,World,H4,HS,True,72,Iron and steel,2,False,C00,TOTAL CPC,0,0,TOTAL MOT,-1,N/A,,False,-1,N/A,,False,,False,,False,11708053809.0,,11708053809.0,0,True,False
C,A,20150101,2015,52,2015,699,IND,India,M,Import,0,W00,World,0,W00,World,H4,HS,True,99,Commodities not specified according to kind,2,False,C00,TOTAL CPC,0,0,TOTAL MOT,-1,N/A,,False,-1,N/A,,False,,False,,False,10852221076.0,,10852221076.0,0,True,False
C,A,20150101,2015,52,2015,699,IND,India,M,Import,0,W00,World,0,W00,World,H4,HS,True,84,"Nuclear reactors, boilers, machinery and mechanical appliances; parts thereof",2,False,C00,TOTAL CPC,0,0,TOTAL MOT,-1,N/A,,False,-1,N/A,,False,,False,,False,32047180212.0,,32047180212.0,0,True,False
C,A,20150101,2015,52,2015,699,IND,India,M,Import,0,W00,World,0,W00,World,H4,HS,True,85,"Electrical machinery and equipment and parts thereof; sound recorders and reproducers; television image and sound recorders and reproducers, parts and accessories of such articles",2,False,C00,TOTAL CPC,0,0,TOTAL MOT,-1,N/A,,False,-1,N/A,,False,,False,,False,35925675994.0,,35925675994.0,0,True,False
C,A,20160101,2016,52,2016,50,BGD,Bangladesh,M,Import,0,W00,World,0,W00,World,H4,HS,True,03,"Fish and crustaceans, molluscs and other aquatic invertebrates",2,False,C00,TOTAL CPC,0,0,TOTAL MOT,-1,N/A,0.0,False,-1,N/A,0.0,False,,False,0.0,False,60206697.228,,60206697.228,0,False,True
C,A,20160101,2016,52,2016,50,BGD,Bangladesh,M,Import,0,W00,World,0,W00,World,H4,HS,True,05,Animal originated products; not elsewhere specified or included,2,False,C00,TOTAL CPC,0,0,TOTAL MOT,-1,N/A,0.0,False,-1,N/A,0.0,False,,False,0.0,False,37540242.788,,37540242.788,0,False,True
C,A,20160101,2016,52,2016,50,BGD,Bangladesh,M,Import,0,W00,World,0,W00,World,H4,HS,True,37,Photographic or cinematographic goods,2,False,C00,TOTAL CPC,0,0,TOTAL MOT,-1,N/A,0.0,False,-1,N/A,0.0,False,,False,0.0,False,33139238.571,,33139238.571,0,False,True
C,A,20160101,2016,52,2016,50,BGD,Bangladesh,M,Import,0,W00,World,0,W00,World,H4,HS,True,42,"Articles of leather; saddlery and harness; travel goods, handbags and similar containers; articles of animal gut (other than silk-worm gut)",2,False,C00,TOTAL CPC,0,0,TOTAL MOT,-1,N/A,0.0,False,-1,N/A,0.0,False,,False,0.0,False,35645193.025,,35645193.025,0,False,True
C,A,20160101,2016,52,2016,50,BGD,Bangladesh,M,Import,0,W00,World,0,W00,World,H4,HS,True,62,Apparel and clothing accessories; not knitted or crocheted,2,False,C00,TOTAL CPC,0,0,TOTAL MOT,-1,N/A,0.0,False,-1,N/A,0.0,False,,False,0.0,False,861511731.324,,861511731.324,0,False,True
C,A,20160101,2016,52,2016,50,BGD,Bangladesh,M,Import,0,W00,World,0,W00,World,H4,HS,True,71,"Natural, cultured pearls; precious, semi-precious stones; precious metals, metals clad with precious metal, and articles thereof; imitation jewellery; coin",2,False,C00,TOTAL CPC,0,0,TOTAL MOT,-1,N/A,0.0,False,-1,N/A,0.0,False,,False,0.0,False,7996684.491,,7996684.491,0,False,True
C,A,20160101,2016,52,2016,50,BGD,Bangladesh,M,Import,0,W00,World,0,W00,World,H4,HS,True,85,"Electrical machinery and equipment and parts thereof; sound recorders and reproducers; television image and sound recorders and reproducers, parts and accessories of such articles",2,False,C00,TOTAL CPC,0,0,TOTAL MOT,-1,N/A,0.0,False,-1,N/A,0.0,False,,False,0.0,False,3030039936.678,,3030039936.678,0,False,True
C,A,20160101,2016,52,2016,50,BGD,Bangladesh,M,Import,0,W00,World,0,W00,World,H4,HS,True,86,"Railway, tramway locomotives, rolling-stock and parts thereof; railway or tramway track fixtures and fittings and parts thereof; mechanical (including electro-mechanical) traffic signalling equipment of all kinds",2,False,C00,TOTAL CPC,0,0,TOTAL MOT,-1,N/A,0.0,False,-1,N/A,0.0,False,,False,0.0,False,95302814.153,,95302814.153,0,False,True
C,A,20160101,2016,52,2016,50,BGD,Bangladesh,M,Import,0,W00,World,0,W00,World,H4,HS,True,89,"Ships, boats and floating structures",2,False,C00,TOTAL CPC,0,0,TOTAL MOT,-1,N/A,0.0,False,-1,N/A,0.0,False,,False,0.0,False,1298606426.628,,1298606426.628,0,False,True
C,A,20160101,2016,52,2016,50,BGD,Bangladesh,M,Import,0,W00,World,0,W00,World,H4,HS,True,91,Clocks and watches and parts thereof,2,False,C00,TOTAL CPC,0,0,TOTAL MOT,-1,N/A,0.0,False,-1,N/A,0.0,False,,False,0.0,False,7497156.034,,7497156.034,0,False,True
C,A,20160101,2016,52,2016,50,BGD,Bangladesh,M,Import,0,W00,World,0,W00,World,H4,HS,True,97,Works of art; collectors' pieces and antiques,2,False,C00,TOTAL CPC,0,0,TOTAL MOT,-1,N/A,0.0,False,-1,N/A,0.0,False,,False,0.0,False,638967.861,,638967.861,0,False,True
C,A,20160101,2016,52,2016,50,BGD,Bangladesh,M,Import,0,W00,World,0,W00,World,H4,HS,True,36,Explosives; pyrotechnic products; matches; pyrophoric alloys; certain combustible preparations,2,False,C00,TOTAL CPC,0,0,TOTAL MOT,-1,N/A,0.0,False,-1,N/A,0.0,False,,False,0.0,False,3401362.083,,3401362.083,0,False,True
C,A,20160101,2016,52,2016,50,BGD,Bangladesh,M,Import,0,W00,World,0,W00,World,H4,HS,True,44,Wood and articles of wood; wood charcoal,2,False,C00,TOTAL CPC,0,0,TOTAL MOT,-1,N/A,0.0,False,-1,N/A,0.0,False,,False,0.0,False,124154724.413,,124154724.413,0,False,True
C,A,20160101,2016,52,2016,50,BGD,Bangladesh,M,Import,0,W00,World,0,W00,World,H4,HS,True,64,Footwear; gaiters and the like; parts of such articles,2,False,C00,TOTAL CPC,0,0,TOTAL MOT,-1,N/A,0.0,False,-1,N/A,0.0,False,,False,0.0,False,168016660.652,,168016660.652,0,False,True
C,A,20160101,2016,52,2016,50,BGD,Bangladesh,M,Import,0,W00,World,0,W00,World,H4,HS,True,70,Glass and glassware,2,False,C00,TOTAL CPC,0,0,TOTAL MOT,-1,N/A,0.0,False,-1,N/A,0.0,False,,False,0.0,False,86048991.228,,86048991.228,0,False,True
C,A,20160101,2016,52,2016,50,BGD,Bangladesh,M,Import,0,W00,World,0,W00,World,H4,HS,True,87,"Vehicles; other than railway or tramway rolling stock, and parts and accessories thereof",2,False,C00,TOTAL CPC,0,0,TOTAL MOT,-1,N/A,0.0,False,-1,N/A,0.0,False,,False,0.0,False,1458161266.836,,1458161266.836,0,False,True
C,A,20160101,2016,52,2016,50,BGD,Bangladesh,M,Import,0,W00,World,0,W00,World,H4,HS,True,90,"Optical, photographic, cinematographic, measuring, checking, medical or surgical instruments and apparatus; parts and accessories",2,False,C00,TOTAL CPC,0,0,TOTAL MOT,-1,N/A,0.0,False,-1,N/A,0.0,False,,False,0.0,False,511859837.286,,511859837.286,0,False,True
C,A,20160101,2016,52,2016,50,BGD,Bangladesh,M,Import,0,W00,World,0,W00,World,H4,HS,True,95,"Toys, games and sports requisites; parts and accessories thereof",2,False,C00,TOTAL CPC,0,0,TOTAL MOT,-1,N/A,0.0,False,-1,N/A,0.0,False,,False,0.0,False,32007122.271,,32007122.271,0,False,True
C,A,20160101,2016,52,2016,50,BGD,Bangladesh,M,Import,0,W00,World,0,W00,World,H4,HS,True,93,Arms and ammunition; parts and accessories thereof,2,False,C00,TOTAL CPC,0,0,TOTAL MOT,-1,N/A,0.0,False,-1,N/A,0.0,False,,False,0.0,False,186916633.517,,186916633.517,0,False,True
C,A,20160101,2016,52,2016,50,BGD,Bangladesh,M,Import,0,W00,World,0,W00,World,H4,HS,True,96,Miscellaneous manufactured articles,2,False,C00,TOTAL CPC,0,0,TOTAL MOT,-1,N/A,0.0,False,-1,N/A,0.0,False,,False,0.0,False,286851675.361,,286851675.361,0,False,True
C,A,20160101,2016,52,2016,50,BGD,Bangladesh,M,Import,0,W00,World,0,W00,World,H4,HS,True,01,Animals; live,2,False,C00,TOTAL CPC,0,0,TOTAL MOT,-1,N/A,0.0,False,-1,N/A,0.0,False,,False,0.0,False,20116118.812,,20116118.812,0,False,True
C,A,20160101,2016,52,2016,50,BGD,Bangladesh,M,Import,0,W00,World,0,W00,World,H4,HS,True,61,Apparel and clothing accessories; knitted or crocheted,2,False,C00,TOTAL CPC,0,0,TOTAL MOT,-1,N/A,0.0,False,-1,N/A,0.0,False,,False,0.0,False,28285587.028,,28285587.028,0,False,True
C,A,20160101,2016,52,2016,50,BGD,Bangladesh,M,Import,0,W00,World,0,W00,World,H4,HS,True,84,"Nuclear reactors, boilers, machinery and mechanical appliances; parts thereof",2,False,C00,TOTAL CPC,0,0,TOTAL MOT,-1,N/A,0.0,False,-1,N/A,0.0,False,,False,0.0,False,5941850247.659,,5941850247.659,0,False,True
C,A,20160101,2016,52,2016,50,BGD,Bangladesh,M,Import,0,W00,World,0,W00,World,H4,HS,True,80,Tin; articles thereof,2,False,C00,TOTAL CPC,0,0,TOTAL MOT,-1,N/A,0.0,False,-1,N/A,0.0,False,0.0,False,0.0,False,3104484.514,,3104484.514,0,False,True
C,A,20160101,2016,52,2016,50,BGD,Bangladesh,M,Import,0,W00,World,0,W00,World,H4,HS,True,99,Commodities not specified according to kind,2,False,C00,TOTAL CPC,0,0,TOTAL MOT,-1,N/A,0.0,False,-1,N/A,0.0,False,0.0,False,0.0,False,456798.171,,456798.171,0,False,True
C,A,20160101,2016,52,2016,50,BGD,Bangladesh,M,Import,0,W00,World,0,W00,World,H4,HS,True,02,Meat and edible meat offal,2,False,C00,TOTAL CPC,0,0,TOTAL MOT,-1,N/A,0.0,False,-1,N/A,0.0,False,0.0,True,0.0,False,689152.08,,689152.08,4,False,True
C,A,20160101,2016,52,2016,50,BGD,Bangladesh,M,Import,0,W00,World,0,W00,World,H4,HS,True,06,"Trees and other plants, live; bulbs, roots and the like; cut flowers and ornamental foliage",2,False,C00,TOTAL CPC,0,0,TOTAL MOT,-1,N/A,0.0,False,-1,N/A,0.0,False,0.0,True,0.0,False,647903.095,,647903.095,4,False,True
C,A,20160101,2016,52,2016,50,BGD,Bangladesh,M,Import,0,W00,World,0,W00,World,H4,HS,True,08,"Fruit and nuts, edible; peel of citrus fruit or melons",2,False,C00,TOTAL CPC,0,0,TOTAL MOT,-1,N/A,0.0,False,-1,N/A,0.0,False,0.0,True,0.0,False,313976078.256,,313976078.256,4,False,True
C,A,20160101,2016,52,2016,50,BGD,Bangladesh,M,Import,0,W00,World,0,W00,World,H4,HS,True,11,"Products of the milling industry; malt, starches, inulin, wheat gluten",2,False,C00,TOTAL CPC,0,0,TOTAL MOT,-1,N/A,0.0,False,-1,N/A,0.0,False,0.0,True,0.0,False,37114068.941,,37114068.941,4,False,True
C,A,20160101,2016,52,2016,50,BGD,Bangladesh,M,Import,0,W00,World,0,W00,World,H4,HS,True,14,Vegetable plaiting materials; vegetable products not elsewhere specified or included,2,False,C00,TOTAL CPC,0,0,TOTAL MOT,-1,N/A,0.0,False,-1,N/A,0.0,False,0.0,True,0.0,False,8815374.729,,8815374.729,4,False,True
C,A,20160101,2016,52,2016,50,BGD,Bangladesh,M,Import,0,W00,World,0,W00,World,H4,HS,True,17,Sugars and sugar confectionery,2,False,C00,TOTAL CPC,0,0,TOTAL MOT,-1,N/A,0.0,False,-1,N/A,0.0,False,0.0,True,0.0,False,762481255.3,,762481255.3,4,False,True
C,A,20160101,2016,52,2016,50,BGD,Bangladesh,M,Import,0,W00,World,0,W00,World,H4,HS,True,19,"Preparations of cereals, flour, starch or milk; pastrycooks' products",2,False,C00,TOTAL CPC,0,0,TOTAL MOT,-1,N/A,0.0,False,-1,N/A,0.0,False,0.0,True,0.0,False,82840569.261,,82840569.261,4,False,True
C,A,20160101,2016,52,2016,50,BGD,Bangladesh,M,Import,0,W00,World,0,W00,World,H4,HS,True,20,"Preparations of vegetables, fruit, nuts or other parts of plants",2,False,C00,TOTAL CPC,0,0,TOTAL MOT,-1,N/A,0.0,False,-1,N/A,0.0,False,0.0,True,0.0,False,9365937.216,,9365937.216,4,False,True
C,A,20160101,2016,52,2016,50,BGD,Bangladesh,M,Import,0,W00,World,0,W00,World,H4,HS,True,22,"Beverages, spirits and vinegar",2,False,C00,TOTAL CPC,0,0,TOTAL MOT,-1,N/A,0.0,False,-1,N/A,0.0,False,0.0,True,0.0,False,11283628.456,,11283628.456,4,False,True
C,A,20160101,2016,52,2016,50,BGD,Bangladesh,M,Import,0,W00,World,0,W00,World,H4,HS,True,23,"Food industries, residues and wastes thereof; prepared animal fodder",2,False,C00,TOTAL CPC,0,0,TOTAL MOT,-1,N/A,0.0,False,-1,N/A,0.0,False,0.0,True,0.0,False,607105987.136,,607105987.136,4,False,True
C,A,20160101,2016,52,2016,50,BGD,Bangladesh,M,Import,0,W00,World,0,W00,World,H4,HS,True,25,"Salt; sulphur; earths, stone; plastering materials, lime and cement",2,False,C00,TOTAL CPC,0,0,TOTAL MOT,-1,N/A,0.0,False,-1,N/A,0.0,False,0.0,True,0.0,False,1154061615.33,,1154061615.33,4,False,True
C,A,20160101,2016,52,2016,50,BGD,Bangladesh,M,Import,0,W00,World,0,W00,World,H4,HS,True,26,"Ores, slag and ash",2,False,C00,TOTAL CPC,0,0,TOTAL MOT,-1,N/A,0.0,False,-1,N/A,0.0,False,0.0,True,0.0,False,107770238.27,,107770238.27,4,False,True
C,A,20160101,2016,52,2016,50,BGD,Bangladesh,M,Import,0,W00,World,0,W00,World,H4,HS,True,28,"Inorganic chemicals; organic and inorganic compounds of precious metals; of rare earth metals, of radio-active elements and of isotopes",2,False,C00,TOTAL CPC,0,0,TOTAL MOT,-1,N/A,0.0,False,-1,N/A,0.0,False,0.0,True,0.0,False,363459033.034,,363459033.034,4,False,True
C,A,20160101,2016,52,2016,50,BGD,Bangladesh,M,Import,0,W00,World,0,W00,World,H4,HS,True,31,Fertilizers,2,False,C00,TOTAL CPC,0,0,TOTAL MOT,-1,N/A,0.0,False,-1,N/A,0.0,False,0.0,True,0.0,False,855073507.571,,855073507.571,4,False,True
C,A,20160101,2016,52,2016,50,BGD,Bangladesh,M,Import,0,W00,World,0,W00,World,H4,HS,True,34,"Soap, organic surface-active agents; washing, lubricating, polishing or scouring preparations; artificial or prepared waxes, candles and similar articles, modelling pastes, dental waxes and dental preparations with a basis of plaster",2,False,C00,TOTAL CPC,0,0,TOTAL MOT,-1,N/A,0.0,False,-1,N/A,0.0,False,0.0,True,0.0,False,162347568.434,,162347568.434,4,False,True
C,A,20160101,2016,52,2016,50,BGD,Bangladesh,M,Import,0,W00,World,0,W00,World,H4,HS,True,39,Plastics and articles thereof,2,False,C00,TOTAL CPC,0,0,TOTAL MOT,-1,N/A,0.0,False,-1,N/A,0.0,False,0.0,True,0.0,False,1846220914.992,,1846220914.992,4,False,True
C,A,20160101,2016,52,2016,50,BGD,Bangladesh,M,Import,0,W00,World,0,W00,World,H4,HS,True,40,Rubber and articles thereof,2,False,C00,TOTAL CPC,0,0,TOTAL MOT,-1,N/A,0.0,False,-1,N/A,0.0,False,0.0,True,0.0,False,335327012.129,,335327012.129,4,False,True
C,A,20160101,2016,52,2016,50,BGD,Bangladesh,M,Import,0,W00,World,0,W00,World,H4,HS,True,43,Furskins and artificial fur; manufactures thereof,2,False,C00,TOTAL CPC,0,0,TOTAL MOT,-1,N/A,0.0,False,-1,N/A,0.0,False,0.0,True,0.0,False,261672.595,,261672.595,4,False,True
C,A,20160101,2016,52,2016,50,BGD,Bangladesh,M,Import,0,W00,World,0,W00,World,H4,HS,True,45,Cork and articles of cork,2,False,C00,TOTAL CPC,0,0,TOTAL MOT,-1,N/A,0.0,False,-1,N/A,0.0,False,0.0,True,0.0,False,195304.388,,195304.388,4,False,True
C,A,20160101,2016,52,2016,50,BGD,Bangladesh,M,Import,0,W00,World,0,W00,World,H4,HS,True,46,"Manufactures of straw, esparto or other plaiting materials; basketware and wickerwork",2,False,C00,TOTAL CPC,0,0,TOTAL MOT,-1,N/A,0.0,False,-1,N/A,0.0,False,0.0,True,0.0,False,615266.973,,615266.973,4,False,True
C,A,20160101,2016,52,2016,50,BGD,Bangladesh,M,Import,0,W00,World,0,W00,World,H4,HS,True,48,"Paper and paperboard; articles of paper pulp, of paper or paperboard",2,False,C00,TOTAL CPC,0,0,TOTAL MOT,-1,N/A,0.0,False,-1,N/A,0.0,False,0.0,True,0.0,False,652429392.436,,652429392.436,4,False,True
C,A,20160101,2016,52,2016,50,BGD,Bangladesh,M,Import,0,W00,World,0,W00,World,H4,HS,True,51,"Wool, fine or coarse animal hair; horsehair yarn and woven fabric",2,False,C00,TOTAL CPC,0,0,TOTAL MOT,-1,N/A,0.0,False,-1,N/A,0.0,False,0.0,True,0.0,False,35315188.623,,35315188.623,4,False,True
C,A,20160101,2016,52,2016,50,BGD,Bangladesh,M,Import,0,W00,World,0,W00,World,H4,HS,True,54,Man-made filaments; strip and the like of man-made textile materials,2,False,C00,TOTAL CPC,0,0,TOTAL MOT,-1,N/A,0.0,False,-1,N/A,0.0,False,0.0,True,0.0,False,1251358830.11,,1251358830.11,4,False,True
C,A,20160101,2016,52,2016,50,BGD,Bangladesh,M,Import,0,W00,World,0,W00,World,H4,HS,True,57,Carpets and other textile floor coverings,2,False,C00,TOTAL CPC,0,0,TOTAL MOT,-1,N/A,0.0,False,-1,N/A,0.0,False,0.0,True,0.0,False,4774987.463,,4774987.463,4,False,True
C,A,20160101,2016,52,2016,50,BGD,Bangladesh,M,Import,0,W00,World,0,W00,World,H4,HS,True,59,"Textile fabrics; impregnated, coated, covered or laminated; textile articles of a kind suitable for industrial use",2,False,C00,TOTAL CPC,0,0,TOTAL MOT,-1,N/A,0.0,False,-1,N/A,0.0,False,0.0,True,0.0,False,163613044.406,,163613044.406,4,False,True
C,A,20160101,2016,52,2016,50,BGD,Bangladesh,M,Import,0,W00,World,0,W00,World,H4,HS,True,60,Fabrics; knitted or crocheted,2,False,C00,TOTAL CPC,0,0,TOTAL MOT,-1,N/A,0.0,False,-1,N/A,0.0,False,0.0,True,0.0,False,645789852.451,,645789852.451,4,False,True
C,A,20160101,2016,52,2016,50,BGD,Bangladesh,M,Import,0,W00,World,0,W00,World,H4,HS,True,63,"Textiles, made up articles; sets; worn clothing and worn textile articles; rags",2,False,C00,TOTAL CPC,0,0,TOTAL MOT,-1,N/A,0.0,False,-1,N/A,0.0,False,0.0,True,0.0,False,44067057.315,,44067057.315,4,False,True
C,A,20160101,2016,52,2016,50,BGD,Bangladesh,M,Import,0,W00,World,0,W00,World,H4,HS,True,65,Headgear and parts thereof,2,False,C00,TOTAL CPC,0,0,TOTAL MOT,-1,N/A,0.0,False,-1,N/A,0.0,False,0.0,True,0.0,False,3269327.025,,3269327.025,4,False,True
C,A,20160101,2016,52,2016,50,BGD,Bangladesh,M,Import,0,W00,World,0,W00,World,H4,HS,True,66,"Umbrellas, sun umbrellas, walking-sticks, seat sticks, whips, riding crops; and parts thereof",2,False,C00,TOTAL CPC,0,0,TOTAL MOT,-1,N/A,0.0,False,-1,N/A,0.0,False,0.0,True,0.0,False,6533118.196,,6533118.196,4,False,True
C,A,20160101,2016,52,2016,50,BGD,Bangladesh,M,Import,0,W00,World,0,W00,World,H4,HS,True,68,"Stone, plaster, cement, asbestos, mica or similar materials; articles thereof",2,False,C00,TOTAL CPC,0,0,TOTAL MOT,-1,N/A,0.0,False,-1,N/A,0.0,False,0.0,True,0.0,False,46760997.426,,46760997.426,4,False,True
C,A,20160101,2016,52,2016,50,BGD,Bangladesh,M,Import,0,W00,World,0,W00,World,H4,HS,True,69,Ceramic products,2,False,C00,TOTAL CPC,0,0,TOTAL MOT,-1,N/A,0.0,False,-1,N/A,0.0,False,0.0,True,0.0,False,109534219.252,,109534219.252,4,False,True
C,A,20160101,2016,52,2016,50,BGD,Bangladesh,M,Import,0,W00,World,0,W00,World,H4,HS,True,74,Copper and articles thereof,2,False,C00,TOTAL CPC,0,0,TOTAL MOT,-1,N/A,0.0,False,-1,N/A,0.0,False,0.0,True,0.0,False,188834125.159,,188834125.159,4,False,True
C,A,20160101,2016,52,2016,50,BGD,Bangladesh,M,Import,0,W00,World,0,W00,World,H4,HS,True,82,"Tools, implements, cutlery, spoons and forks, of base metal; parts thereof, of base metal",2,False,C00,TOTAL CPC,0,0,TOTAL MOT,-1,N/A,0.0,False,-1,N/A,0.0,False,0.0,True,0.0,False,48442734.289,,48442734.289,4,False,True
C,A,20160101,2016,52,2016,50,BGD,Bangladesh,M,Import,0,W00,World,0,W00,World,H4,HS,True,83,Metal; miscellaneous products of base metal,2,False,C00,TOTAL CPC,0,0,TOTAL MOT,-1,N/A,0.0,False,-1,N/A,0.0,False,0.0,True,0.0,False,91241595.036,,91241595.036,4,False,True
C,A,20160101,2016,52,2016,50,BGD,Bangladesh,M,Import,0,W00,World,0,W00,World,H4,HS,True,88,"Aircraft, spacecraft and parts thereof",2,False,C00,TOTAL CPC,0,0,TOTAL MOT,-1,N/A,0.0,False,-1,N/A,0.0,False,0.0,True,0.0,False,1065956016.397,,1065956016.397,4,False,True
C,A,20160101,2016,52,2016,50,BGD,Bangladesh,M,Import,0,W00,World,0,W00,World,H4,HS,True,94,"Furniture; bedding, mattresses, mattress supports, cushions and similar stuffed furnishings; lamps and lighting fittings, n.e.c.; illuminated signs, illuminated name-plates and the like; prefabricated buildings",2,False,C00,TOTAL CPC,0,0,TOTAL MOT,-1,N/A,0.0,False,-1,N/A,0.0,False,0.0,True,0.0,False,110617932.197,,110617932.197,4,False,True
C,A,20160101,2016,52,2016,50,BGD,Bangladesh,M,Import,0,W00,World,0,W00,World,H4,HS,True,10,Cereals,2,False,C00,TOTAL CPC,0,0,TOTAL MOT,-1,N/A,0.0,False,-1,N/A,0.0,False,0.0,True,0.0,False,1440677377.107,,1440677377.107,4,False,True
C,A,20160101,2016,52,2016,50,BGD,Bangladesh,M,Import,0,W00,World,0,W00,World,H4,HS,True,13,"Lac; gums, resins and other vegetable saps and extracts",2,False,C00,TOTAL CPC,0,0,TOTAL MOT,-1,N/A,0.0,False,-1,N/A,0.0,False,0.0,True,0.0,False,8196252.165,,8196252.165,4,False,True
C,A,20160101,2016,52,2016,50,BGD,Bangladesh,M,Import,0,W00,World,0,W00,World,H4,HS,True,16,"Meat, fish or crustaceans, molluscs or other aquatic invertebrates; preparations thereof",2,False,C00,TOTAL CPC,0,0,TOTAL MOT,-1,N/A,0.0,False,-1,N/A,0.0,False,0.0,True,0.0,False,1205530.885,,1205530.885,4,False,True
C,A,20160101,2016,52,2016,50,BGD,Bangladesh,M,Import,0,W00,World,0,W00,World,H4,HS,True,33,"Essential oils and resinoids; perfumery, cosmetic or toilet preparations",2,False,C00,TOTAL CPC,0,0,TOTAL MOT,-1,N/A,0.0,False,-1,N/A,0.0,False,0.0,True,0.0,False,97314897.313,,97314897.313,4,False,True
C,A,20160101,2016,52,2016,50,BGD,Bangladesh,M,Import,0,W00,World,0,W00,World,H4,HS,True,53,Vegetable textile fibres; paper yarn and woven fabrics of paper yarn,2,False,C00,TOTAL CPC,0,0,TOTAL MOT,-1,N/A,0.0,False,-1,N/A,0.0,False,0.0,True,0.0,False,51548869.855,,51548869.855,4,False,True
C,A,20160101,2016,52,2016,50,BGD,Bangladesh,M,Import,0,W00,World,0,W00,World,H4,HS,True,04,"Dairy produce; birds' eggs; natural honey; edible products of animal origin, not elsewhere specified or included",2,False,C00,TOTAL CPC,0,0,TOTAL MOT,-1,N/A,0.0,False,-1,N/A,0.0,False,0.0,True,0.0,False,257426861.603,,257426861.603,4,False,True
C,A,20160101,2016,52,2016,50,BGD,Bangladesh,M,Import,0,W00,World,0,W00,World,H4,HS,True,07,Vegetables and certain roots and tubers; edible,2,False,C00,TOTAL CPC,0,0,TOTAL MOT,-1,N/A,0.0,False,-1,N/A,0.0,False,0.0,True,0.0,False,774970237.919,,774970237.919,4,False,True
C,A,20160101,2016,52,2016,50,BGD,Bangladesh,M,Import,0,W00,World,0,W00,World,H4,HS,True,24,Tobacco and manufactured tobacco substitutes,2,False,C00,TOTAL CPC,0,0,TOTAL MOT,-1,N/A,0.0,False,-1,N/A,0.0,False,0.0,True,0.0,False,11020993.368,,11020993.368,4,False,True
C,A,20160101,2016,52,2016,50,BGD,Bangladesh,M,Import,0,W00,World,0,W00,World,H4,HS,True,27,"Mineral fuels, mineral oils and products of their distillation; bituminous substances; mineral waxes",2,False,C00,TOTAL CPC,0,0,TOTAL MOT,-1,N/A,0.0,False,-1,N/A,0.0,False,0.0,True,0.0,False,5546289714.63,,5546289714.63,4,False,True
C,A,20160101,2016,52,2016,50,BGD,Bangladesh,M,Import,0,W00,World,0,W00,World,H4,HS,True,30,Pharmaceutical products,2,False,C00,TOTAL CPC,0,0,TOTAL MOT,-1,N/A,0.0,False,-1,N/A,0.0,False,0.0,True,0.0,False,252337942.612,,252337942.612,4,False,True
C,A,20160101,2016,52,2016,50,BGD,Bangladesh,M,Import,0,W00,World,0,W00,World,H4,HS,True,47,Pulp of wood or other fibrous cellulosic material; recovered (waste and scrap) paper or paperboard,2,False,C00,TOTAL CPC,0,0,TOTAL MOT,-1,N/A,0.0,False,-1,N/A,0.0,False,0.0,True,0.0,False,214241456.801,,214241456.801,4,False,True
C,A,20160101,2016,52,2016,50,BGD,Bangladesh,M,Import,0,W00,World,0,W00,World,H4,HS,True,50,Silk,2,False,C00,TOTAL CPC,0,0,TOTAL MOT,-1,N/A,0.0,False,-1,N/A,0.0,False,0.0,True,0.0,False,3042283.923,,3042283.923,4,False,True
C,A,20160101,2016,52,2016,50,BGD,Bangladesh,M,Import,0,W00,World,0,W00,World,H4,HS,True,67,"Feathers and down, prepared; and articles made of feather or of down; artificial flowers; articles of human hair",2,False,C00,TOTAL CPC,0,0,TOTAL MOT,-1,N/A,0.0,False,-1,N/A,0.0,False,0.0,True,0.0,False,4382019.499,,4382019.499,4,False,True
C,A,20160101,2016,52,2016,50,BGD,Bangladesh,M,Import,0,W00,World,0,W00,World,H4,HS,True,09,"Coffee, tea, mate and spices",2,False,C00,TOTAL CPC,0,0,TOTAL MOT,-1,N/A,0.0,False,-1,N/A,0.0,False,0.0,True,0.0,False,266170580.641,,266170580.641,4,False,True
C,A,20160101,2016,52,2016,50,BGD,Bangladesh,M,Import,0,W00,World,0,W00,World,H4,HS,True,12,"Oil seeds and oleaginous fruits; miscellaneous grains, seeds and fruit, industrial or medicinal plants; straw and fodder",2,False,C00,TOTAL CPC,0,0,TOTAL MOT,-1,N/A,0.0,False,-1,N/A,0.0,False,0.0,True,0.0,False,455468409.63,,455468409.63,4,False,True
C,A,20160101,2016,52,2016,50,BGD,Bangladesh,M,Import,0,W00,World,0,W00,World,H4,HS,True,29,Organic chemicals,2,False,C00,TOTAL CPC,0,0,TOTAL MOT,-1,N/A,0.0,False,-1,N/A,0.0,False,0.0,True,0.0,False,703554476.944,,703554476.944,4,False,True
C,A,20160101,2016,52,2016,50,BGD,Bangladesh,M,Import,0,W00,World,0,W00,World,H4,HS,True,32,"Tanning or dyeing extracts; tannins and their derivatives; dyes, pigments and other colouring matter; paints, varnishes; putty, other mastics; inks",2,False,C00,TOTAL CPC,0,0,TOTAL MOT,-1,N/A,0.0,False,-1,N/A,0.0,False,0.0,True,0.0,False,623644942.418,,623644942.418,4,False,True
C,A,20160101,2016,52,2016,50,BGD,Bangladesh,M,Import,0,W00,World,0,W00,World,H4,HS,True,35,Albuminoidal substances; modified starches; glues; enzymes,2,False,C00,TOTAL CPC,0,0,TOTAL MOT,-1,N/A,0.0,False,-1,N/A,0.0,False,0.0,True,0.0,False,92557867.527,,92557867.527,4,False,True
C,A,20160101,2016,52,2016,50,BGD,Bangladesh,M,Import,0,W00,World,0,W00,World,H4,HS,True,49,"Printed books, newspapers, pictures and other products of the printing industry; manuscripts, typescripts and plans",2,False,C00,TOTAL CPC,0,0,TOTAL MOT,-1,N/A,0.0,False,-1,N/A,0.0,False,0.0,True,0.0,False,92083706.087,,92083706.087,4,False,True
C,A,20160101,2016,52,2016,50,BGD,Bangladesh,M,Import,0,W00,World,0,W00,World,H4,HS,True,52,Cotton,2,False,C00,TOTAL CPC,0,0,TOTAL MOT,-1,N/A,0.0,False,-1,N/A,0.0,False,0.0,True,0.0,False,7119956674.743,,7119956674.743,4,False,True
C,A,20160101,2016,52,2016,50,BGD,Bangladesh,M,Import,0,W00,World,0,W00,World,H4,HS,True,55,Man-made staple fibres,2,False,C00,TOTAL CPC,0,0,TOTAL MOT,-1,N/A,0.0,False,-1,N/A,0.0,False,0.0,True,0.0,False,1659774126.347,,1659774126.347,4,False,True
C,A,20160101,2016,52,2016,50,BGD,Bangladesh,M,Import,0,W00,World,0,W00,World,H4,HS,True,72,Iron and steel,2,False,C00,TOTAL CPC,0,0,TOTAL MOT,-1,N/A,0.0,False,-1,N/A,0.0,False,0.0,True,0.0,False,2472297259.135,,2472297259.135,4,False,True
C,A,20160101,2016,52,2016,50,BGD,Bangladesh,M,Import,0,W00,World,0,W00,World,H4,HS,True,75,Nickel and articles thereof,2,False,C00,TOTAL CPC,0,0,TOTAL MOT,-1,N/A,0.0,False,-1,N/A,0.0,False,0.0,True,0.0,False,2549683.873,,2549683.873,4,False,True
C,A,20160101,2016,52,2016,50,BGD,Bangladesh,M,Import,0,W00,World,0,W00,World,H4,HS,True,92,Musical instruments; parts and accessories of such articles,2,False,C00,TOTAL CPC,0,0,TOTAL MOT,-1,N/A,0.0,False,-1,N/A,0.0,False,0.0,True,0.0,False,591732.483,,591732.483,4,False,True
C,A,20160101,2016,52,2016,50,BGD,Bangladesh,M,Import,0,W00,World,0,W00,World,H4,HS,True,56,"Wadding, felt and nonwovens, special yarns; twine, cordage, ropes and cables and articles thereof",2,False,C00,TOTAL CPC,0,0,TOTAL MOT,-1,N/A,0.0,False,-1,N/A,0.0,False,0.0,True,0.0,False,54379242.225,,54379242.225,4,False,True
C,A,20160101,2016,52,2016,50,BGD,Bangladesh,M,Import,0,W00,World,0,W00,World,H4,HS,True,73,Iron or steel articles,2,False,C00,TOTAL CPC,0,0,TOTAL MOT,-1,N/A,0.0,False,-1,N/A,0.0,False,0.0,True,0.0,False,562812397.385,,562812397.385,4,False,True
C,A,20160101,2016,52,2016,50,BGD,Bangladesh,M,Import,0,W00,World,0,W00,World,H4,HS,True,76,Aluminium and articles thereof,2,False,C00,TOTAL CPC,0,0,TOTAL MOT,-1,N/A,0.0,False,-1,N/A,0.0,False,0.0,True,0.0,False,299784395.33,,299784395.33,4,False,True
C,A,20160101,2016,52,2016,50,BGD,Bangladesh,M,Import,0,W00,World,0,W00,World,H4,HS,True,79,Zinc and articles thereof,2,False,C00,TOTAL CPC,0,0,TOTAL MOT,-1,N/A,0.0,False,-1,N/A,0.0,False,0.0,True,0.0,False,161759923.088,,161759923.088,4,False,True
C,A,20160101,2016,52,2016,50,BGD,Bangladesh,M,Import,0,W00,World,0,W00,World,H4,HS,True,15,Animal or vegetable fats and oils and their cleavage products; prepared animal fats; animal or vegetable waxes,2,False,C00,TOTAL CPC,0,0,TOTAL MOT,-1,N/A,0.0,False,-1,N/A,0.0,False,0.0,True,0.0,False,2861543336.888,,2861543336.888,4,False,True
C,A,20160101,2016,52,2016,50,BGD,Bangladesh,M,Import,0,W00,World,0,W00,World,H4,HS,True,18,Cocoa and cocoa preparations,2,False,C00,TOTAL CPC,0,0,TOTAL MOT,-1,N/A,0.0,False,-1,N/A,0.0,False,0.0,True,0.0,False,10473718.918,,10473718.918,4,False,True
C,A,20160101,2016,52,2016,50,BGD,Bangladesh,M,Import,0,W00,World,0,W00,World,H4,HS,True,21,Miscellaneous edible preparations,2,False,C00,TOTAL CPC,0,0,TOTAL MOT,-1,N/A,0.0,False,-1,N/A,0.0,False,0.0,True,0.0,False,86458341.859,,86458341.859,4,False,True
C,A,20160101,2016,52,2016,50,BGD,Bangladesh,M,Import,0,W00,World,0,W00,World,H4,HS,True,38,Chemical products n.e.c.,2,False,C00,TOTAL CPC,0,0,TOTAL MOT,-1,N/A,0.0,False,-1,N/A,0.0,False,0.0,True,0.0,False,563439998.578,,563439998.578,4,False,True
C,A,20160101,2016,52,2016,50,BGD,Bangladesh,M,Import,0,W00,World,0,W00,World,H4,HS,True,41,Raw hides and skins (other than furskins) and leather,2,False,C00,TOTAL CPC,0,0,TOTAL MOT,-1,N/A,0.0,False,-1,N/A,0.0,False,0.0,True,0.0,False,188270941.215,,188270941.215,4,False,True
C,A,20160101,2016,52,2016,50,BGD,Bangladesh,M,Import,0,W00,World,0,W00,World,H4,HS,True,58,"Fabrics; special woven fabrics, tufted textile fabrics, lace, tapestries, trimmings, embroidery",2,False,C00,TOTAL CPC,0,0,TOTAL MOT,-1,N/A,0.0,False,-1,N/A,0.0,False,0.0,True,0.0,False,188790165.138,,188790165.138,4,False,True
C,A,20160101,2016,52,2016,50,BGD,Bangladesh,M,Import,0,W00,World,0,W00,World,H4,HS,True,78,Lead and articles thereof,2,False,C00,TOTAL CPC,0,0,TOTAL MOT,-1,N/A,0.0,False,-1,N/A,0.0,False,0.0,True,0.0,False,43545605.94,,43545605.94,4,False,True
C,A,20160101,2016,52,2016,50,BGD,Bangladesh,M,Import,0,W00,World,0,W00,World,H4,HS,True,81,"Metals; n.e.c., cermets and articles thereof",2,False,C00,TOTAL CPC,0,0,TOTAL MOT,-1,N/A,0.0,False,-1,N/A,0.0,False,0.0,True,0.0,False,5095996.427,,5095996.427,4,False,True
C,A,20160101,2016,52,2016,156,CHN,China,M,Import,0,W00,World,0,W00,World,H4,HS,True,09,"Coffee, tea, mate and spices",2,False,C00,TOTAL CPC,0,0,TOTAL MOT,-1,N/A,0.0,False,-1,N/A,0.0,False,0.0,True,0.0,False,666895114.0,0.0,666895114.0,4,False,True
C,A,20160101,2016,52,2016,156,CHN,China,M,Import,0,W00,World,0,W00,World,H4,HS,True,16,"Meat, fish or crustaceans, molluscs or other aquatic invertebrates; preparations thereof",2,False,C00,TOTAL CPC,0,0,TOTAL MOT,-1,N/A,0.0,False,-1,N/A,0.0,False,0.0,True,0.0,False,182968961.0,0.0,182968961.0,4,False,True
C,A,20160101,2016,52,2016,156,CHN,China,M,Import,0,W00,World,0,W00,World,H4,HS,True,18,Cocoa and cocoa preparations,2,False,C00,TOTAL CPC,0,0,TOTAL MOT,-1,N/A,0.0,False,-1,N/A,0.0,False,0.0,True,0.0,False,685520593.0,0.0,685520593.0,4,False,True
C,A,20160101,2016,52,2016,156,CHN,China,M,Import,0,W00,World,0,W00,World,H4,HS,True,19,"Preparations of cereals, flour, starch or milk; pastrycooks' products",2,False,C00,TOTAL CPC,0,0,TOTAL MOT,-1,N/A,0.0,False,-1,N/A,0.0,False,0.0,True,0.0,False,4559059091.0,0.0,4559059091.0,4,False,True
C,A,20160101,2016,52,2016,156,CHN,China,M,Import,0,W00,World,0,W00,World,H4,HS,True,20,"Preparations of vegetables, fruit, nuts or other parts of plants",2,False,C00,TOTAL CPC,0,0,TOTAL MOT,-1,N/A,0.0,False,-1,N/A,0.0,False,0.0,True,0.0,False,981530512.0,0.0,981530512.0,4,False,True
C,A,20160101,2016,52,2016,156,CHN,China,M,Import,0,W00,World,0,W00,World,H4,HS,True,27,"Mineral fuels, mineral oils and products of their distillation; bituminous substances; mineral waxes",2,False,C00,TOTAL CPC,0,0,TOTAL MOT,-1,N/A,0.0,False,-1,N/A,0.0,False,0.0,True,0.0,False,176535890009.0,0.0,176535890009.0,4,False,True
C,A,20160101,2016,52,2016,156,CHN,China,M,Import,0,W00,World,0,W00,World,H4,HS,True,33,"Essential oils and resinoids; perfumery, cosmetic or toilet preparations",2,False,C00,TOTAL CPC,0,0,TOTAL MOT,-1,N/A,0.0,False,-1,N/A,0.0,False,0.0,True,0.0,False,5506877026.0,0.0,5506877026.0,4,False,True
C,A,20160101,2016,52,2016,156,CHN,China,M,Import,0,W00,World,0,W00,World,H4,HS,True,34,"Soap, organic surface-active agents; washing, lubricating, polishing or scouring preparations; artificial or prepared waxes, candles and similar articles, modelling pastes, dental waxes and dental preparations with a basis of plaster",2,False,C00,TOTAL CPC,0,0,TOTAL MOT,-1,N/A,0.0,False,-1,N/A,0.0,False,0.0,True,0.0,False,3938751264.0,0.0,3938751264.0,4,False,True
C,A,20160101,2016,52,2016,156,CHN,China,M,Import,0,W00,World,0,W00,World,H4,HS,True,35,Albuminoidal substances; modified starches; glues; enzymes,2,False,C00,TOTAL CPC,0,0,TOTAL MOT,-1,N/A,0.0,False,-1,N/A,0.0,False,0.0,True,0.0,False,3088113910.0,0.0,3088113910.0,4,False,True
C,A,20160101,2016,52,2016,156,CHN,China,M,Import,0,W00,World,0,W00,World,H4,HS,True,45,Cork and articles of cork,2,False,C00,TOTAL CPC,0,0,TOTAL MOT,-1,N/A,0.0,False,-1,N/A,0.0,False,0.0,True,0.0,False,41417405.0,0.0,41417405.0,4,False,True
C,A,20160101,2016,52,2016,156,CHN,China,M,Import,0,W00,World,0,W00,World,H4,HS,True,46,"Manufactures of straw, esparto or other plaiting materials; basketware and wickerwork",2,False,C00,TOTAL CPC,0,0,TOTAL MOT,-1,N/A,0.0,False,-1,N/A,0.0,False,0.0,True,0.0,False,12537986.0,0.0,12537986.0,4,False,True
C,A,20160101,2016,52,2016,156,CHN,China,M,Import,0,W00,World,0,W00,World,H4,HS,True,47,Pulp of wood or other fibrous cellulosic material; recovered (waste and scrap) paper or paperboard,2,False,C00,TOTAL CPC,0,0,TOTAL MOT,-1,N/A,0.0,False,-1,N/A,0.0,False,0.0,True,0.0,False,17229611281.0,0.0,17229611281.0,4,False,True
C,A,20160101,2016,52,2016,156,CHN,China,M,Import,0,W00,World,0,W00,World,H4,HS,True,50,Silk,2,False,C00,TOTAL CPC,0,0,TOTAL MOT,-1,N/A,0.0,False,-1,N/A,0.0,False,0.0,True,0.0,False,57157679.0,0.0,57157679.0,4,False,True
C,A,20160101,2016,52,2016,156,CHN,China,M,Import,0,W00,World,0,W00,World,H4,HS,True,51,"Wool, fine or coarse animal hair; horsehair yarn and woven fabric",2,False,C00,TOTAL CPC,0,0,TOTAL MOT,-1,N/A,0.0,False,-1,N/A,0.0,False,0.0,True,0.0,False,3145878171.0,0.0,3145878171.0,4,False,True
C,A,20160101,2016,52,2016,156,CHN,China,M,Import,0,W00,World,0,W00,World,H4,HS,True,52,Cotton,2,False,C00,TOTAL CPC,0,0,TOTAL MOT,-1,N/A,0.0,False,-1,N/A,0.0,False,0.0,True,0.0,False,7743516202.0,0.0,7743516202.0,4,False,True
C,A,20160101,2016,52,2016,156,CHN,China,M,Import,0,W00,World,0,W00,World,H4,HS,True,53,Vegetable textile fibres; paper yarn and woven fabrics of paper yarn,2,False,C00,TOTAL CPC,0,0,TOTAL MOT,-1,N/A,0.0,False,-1,N/A,0.0,False,0.0,True,0.0,False,795158711.0,0.0,795158711.0,4,False,True
C,A,20160101,2016,52,2016,156,CHN,China,M,Import,0,W00,World,0,W00,World,H4,HS,True,60,Fabrics; knitted or crocheted,2,False,C00,TOTAL CPC,0,0,TOTAL MOT,-1,N/A,0.0,False,-1,N/A,0.0,False,0.0,True,0.0,False,1704355766.0,0.0,1704355766.0,4,False,True
C,A,20160101,2016,52,2016,156,CHN,China,M,Import,0,W00,World,0,W00,World,H4,HS,True,67,"Feathers and down, prepared; and articles made of feather or of down; artificial flowers; articles of human hair",2,False,C00,TOTAL CPC,0,0,TOTAL MOT,-1,N/A,0.0,False,-1,N/A,0.0,False,0.0,True,0.0,False,217389234.0,0.0,217389234.0,4,False,True
C,A,20160101,2016,52,2016,156,CHN,China,M,Import,0,W00,World,0,W00,World,H4,HS,True,79,Zinc and articles thereof,2,False,C00,TOTAL CPC,0,0,TOTAL MOT,-1,N/A,0.0,False,-1,N/A,0.0,False,0.0,True,0.0,False,1171409614.0,0.0,1171409614.0,4,False,True
C,A,20160101,2016,52,2016,156,CHN,China,M,Import,0,W00,World,0,W00,World,H4,HS,True,80,Tin; articles thereof,2,False,C00,TOTAL CPC,0,0,TOTAL MOT,-1,N/A,0.0,False,-1,N/A,0.0,False,0.0,True,0.0,False,307010535.0,0.0,307010535.0,4,False,True
C,A,20160101,2016,52,2016,156,CHN,China,M,Import,0,W00,World,0,W00,World,H4,HS,True,61,Apparel and clothing accessories; knitted or crocheted,2,False,C00,TOTAL CPC,0,0,TOTAL MOT,-1,N/A,0.0,False,-1,N/A,0.0,False,0.0,True,0.0,False,2380453067.0,0.0,2380453067.0,4,False,True
C,A,20160101,2016,52,2016,156,CHN,China,M,Import,0,W00,World,0,W00,World,H4,HS,True,62,Apparel and clothing accessories; not knitted or crocheted,2,False,C00,TOTAL CPC,0,0,TOTAL MOT,-1,N/A,0.0,False,-1,N/A,0.0,False,0.0,True,0.0,False,3567772600.0,0.0,3567772600.0,4,False,True
C,A,20160101,2016,52,2016,156,CHN,China,M,Import,0,W00,World,0,W00,World,H4,HS,True,65,Headgear and parts thereof,2,False,C00,TOTAL CPC,0,0,TOTAL MOT,-1,N/A,0.0,False,-1,N/A,0.0,False,0.0,True,0.0,False,62955402.0,0.0,62955402.0,4,False,True
C,A,20160101,2016,52,2016,156,CHN,China,M,Import,0,W00,World,0,W00,World,H4,HS,True,22,"Beverages, spirits and vinegar",2,False,C00,TOTAL CPC,0,0,TOTAL MOT,-1,N/A,0.0,False,-1,N/A,0.0,False,0.0,True,0.0,False,4786505182.0,0.0,4786505182.0,4,False,True
C,A,20160101,2016,52,2016,156,CHN,China,M,Import,0,W00,World,0,W00,World,H4,HS,True,37,Photographic or cinematographic goods,2,False,C00,TOTAL CPC,0,0,TOTAL MOT,-1,N/A,0.0,False,-1,N/A,0.0,False,0.0,True,0.0,False,2227804102.0,0.0,2227804102.0,4,False,True
C,A,20160101,2016,52,2016,156,CHN,China,M,Import,0,W00,World,0,W00,World,H4,HS,True,71,"Natural, cultured pearls; precious, semi-precious stones; precious metals, metals clad with precious metal, and articles thereof; imitation jewellery; coin",2,False,C00,TOTAL CPC,0,0,TOTAL MOT,-1,N/A,0.0,False,-1,N/A,0.0,False,0.0,True,0.0,False,79327271321.0,0.0,79327271321.0,4,False,True
C,A,20160101,2016,52,2016,156,CHN,China,M,Import,0,W00,World,0,W00,World,H4,HS,True,84,"Nuclear reactors, boilers, machinery and mechanical appliances; parts thereof",2,False,C00,TOTAL CPC,0,0,TOTAL MOT,-1,N/A,0.0,False,-1,N/A,0.0,False,0.0,True,0.0,False,147659933125.0,0.0,147659933125.0,4,False,True
C,A,20160101,2016,52,2016,156,CHN,China,M,Import,0,W00,World,0,W00,World,H4,HS,True,85,"Electrical machinery and equipment and parts thereof; sound recorders and reproducers; television image and sound recorders and reproducers, parts and accessories of such articles",2,False,C00,TOTAL CPC,0,0,TOTAL MOT,-1,N/A,0.0,False,-1,N/A,0.0,False,0.0,True,0.0,False,412879364754.0,0.0,412879364754.0,4,False,True
C,A,20160101,2016,52,2016,156,CHN,China,M,Import,0,W00,World,0,W00,World,H4,HS,True,86,"Railway, tramway locomotives, rolling-stock and parts thereof; railway or tramway track fixtures and fittings and parts thereof; mechanical (including electro-mechanical) traffic signalling equipment of all kinds",2,False,C00,TOTAL CPC,0,0,TOTAL MOT,-1,N/A,0.0,False,-1,N/A,0.0,False,0.0,True,0.0,False,1062880617.0,0.0,1062880617.0,4,False,True
C,A,20160101,2016,52,2016,156,CHN,China,M,Import,0,W00,World,0,W00,World,H4,HS,True,87,"Vehicles; other than railway or tramway rolling stock, and parts and accessories thereof",2,False,C00,TOTAL CPC,0,0,TOTAL MOT,-1,N/A,0.0,False,-1,N/A,0.0,False,0.0,True,0.0,False,71506000147.0,0.0,71506000147.0,4,False,True
C,A,20160101,2016,52,2016,156,CHN,China,M,Import,0,W00,World,0,W00,World,H4,HS,True,88,"Aircraft, spacecraft and parts thereof",2,False,C00,TOTAL CPC,0,0,TOTAL MOT,-1,N/A,0.0,False,-1,N/A,0.0,False,0.0,True,0.0,False,22840342940.0,0.0,22840342940.0,4,False,True
C,A,20160101,2016,52,2016,156,CHN,China,M,Import,0,W00,World,0,W00,World,H4,HS,True,89,"Ships, boats and floating structures",2,False,C00,TOTAL CPC,0,0,TOTAL MOT,-1,N/A,0.0,False,-1,N/A,0.0,False,0.0,True,0.0,False,1924411825.0,0.0,1924411825.0,4,False,True
C,A,20160101,2016,52,2016,156,CHN,China,M,Import,0,W00,World,0,W00,World,H4,HS,True,90,"Optical, photographic, cinematographic, measuring, checking, medical or surgical instruments and apparatus; parts and accessories",2,False,C00,TOTAL CPC,0,0,TOTAL MOT,-1,N/A,0.0,False,-1,N/A,0.0,False,0.0,True,0.0,False,92688922041.0,0.0,92688922041.0,4,False,True
C,A,20160101,2016,52,2016,156,CHN,China,M,Import,0,W00,World,0,W00,World,H4,HS,True,91,Clocks and watches and parts thereof,2,False,C00,TOTAL CPC,0,0,TOTAL MOT,-1,N/A,0.0,False,-1,N/A,0.0,False,0.0,True,0.0,False,3127680462.0,0.0,3127680462.0,4,False,True
C,A,20160101,2016,52,2016,156,CHN,China,M,Import,0,W00,World,0,W00,World,H4,HS,True,92,Musical instruments; parts and accessories of such articles,2,False,C00,TOTAL CPC,0,0,TOTAL MOT,-1,N/A,0.0,False,-1,N/A,0.0,False,0.0,True,0.0,False,376092601.0,0.0,376092601.0,4,False,True
C,A,20160101,2016,52,2016,156,CHN,China,M,Import,0,W00,World,0,W00,World,H4,HS,True,93,Arms and ammunition; parts and accessories thereof,2,False,C00,TOTAL CPC,0,0,TOTAL MOT,-1,N/A,0.0,False,-1,N/A,0.0,False,0.0,True,0.0,False,13460594.0,0.0,13460594.0,4,False,True
C,A,20160101,2016,52,2016,156,CHN,China,M,Import,0,W00,World,0,W00,World,H4,HS,True,94,"Furniture; bedding, mattresses, mattress supports, cushions and similar stuffed furnishings; lamps and lighting fittings, n.e.c.; illuminated signs, illuminated name-plates and the like; prefabricated buildings",2,False,C00,TOTAL CPC,0,0,TOTAL MOT,-1,N/A,0.0,False,-1,N/A,0.0,False,0.0,True,0.0,False,3219059376.0,0.0,3219059376.0,4,False,True
C,A,20160101,2016,52,2016,156,CHN,China,M,Import,0,W00,World,0,W00,World,H4,HS,True,95,"Toys, games and sports requisites; parts and accessories thereof",2,False,C00,TOTAL CPC,0,0,TOTAL MOT,-1,N/A,0.0,False,-1,N/A,0.0,False,0.0,True,0.0,False,1910038506.0,0.0,1910038506.0,4,False,True
C,A,20160101,2016,52,2016,156,CHN,China,M,Import,0,W00,World,0,W00,World,H4,HS,True,96,Miscellaneous manufactured articles,2,False,C00,TOTAL CPC,0,0,TOTAL MOT,-1,N/A,0.0,False,-1,N/A,0.0,False,0.0,True,0.0,False,2388686316.0,0.0,2388686316.0,4,False,True
C,A,20160101,2016,52,2016,156,CHN,China,M,Import,0,W00,World,0,W00,World,H4,HS,True,97,Works of art; collectors' pieces and antiques,2,False,C00,TOTAL CPC,0,0,TOTAL MOT,-1,N/A,0.0,False,-1,N/A,0.0,False,0.0,True,0.0,False,137056875.0,0.0,137056875.0,4,False,True
C,A,20160101,2016,52,2016,156,CHN,China,M,Import,0,W00,World,0,W00,World,H4,HS,True,01,Animals; live,2,False,C00,TOTAL CPC,0,0,TOTAL MOT,-1,N/A,0.0,False,-1,N/A,0.0,False,0.0,True,0.0,False,394452237.0,0.0,394452237.0,4,False,True
C,A,20160101,2016,52,2016,156,CHN,China,M,Import,0,W00,World,0,W00,World,H4,HS,True,02,Meat and edible meat offal,2,False,C00,TOTAL CPC,0,0,TOTAL MOT,-1,N/A,0.0,False,-1,N/A,0.0,False,0.0,True,0.0,False,10262578190.0,0.0,10262578190.0,4,False,True
C,A,20160101,2016,52,2016,156,CHN,China,M,Import,0,W00,World,0,W00,World,H4,HS,True,03,"Fish and crustaceans, molluscs and other aquatic invertebrates",2,False,C00,TOTAL CPC,0,0,TOTAL MOT,-1,N/A,0.0,False,-1,N/A,0.0,False,0.0,True,0.0,False,6917637021.0,0.0,6917637021.0,4,False,True
C,A,20160101,2016,52,2016,156,CHN,China,M,Import,0,W00,World,0,W00,World,H4,HS,True,04,"Dairy produce; birds' eggs; natural honey; edible products of animal origin, not elsewhere specified or included",2,False,C00,TOTAL CPC,0,0,TOTAL MOT,-1,N/A,0.0,False,-1,N/A,0.0,False,0.0,True,0.0,False,3516725928.0,0.0,3516725928.0,4,False,True
C,A,20160101,2016,52,2016,156,CHN,China,M,Import,0,W00,World,0,W00,World,H4,HS,True,05,Animal originated products; not elsewhere specified or included,2,False,C00,TOTAL CPC,0,0,TOTAL MOT,-1,N/A,0.0,False,-1,N/A,0.0,False,0.0,True,0.0,False,522201022.0,0.0,522201022.0,4,False,True
C,A,20160101,2016,52,2016,156,CHN,China,M,Import,0,W00,World,0,W00,World,H4,HS,True,06,"Trees and other plants, live; bulbs, roots and the like; cut flowers and ornamental foliage",2,False,C00,TOTAL CPC,0,0,TOTAL MOT,-1,N/A,0.0,False,-1,N/A,0.0,False,0.0,True,0.0,False,226363462.0,0.0,226363462.0,4,False,True
C,A,20160101,2016,52,2016,156,CHN,China,M,Import,0,W00,World,0,W00,World,H4,HS,True,07,Vegetables and certain roots and tubers; edible,2,False,C00,TOTAL CPC,0,0,TOTAL MOT,-1,N/A,0.0,False,-1,N/A,0.0,False,0.0,True,0.0,False,1864235893.0,0.0,1864235893.0,4,False,True
C,A,20160101,2016,52,2016,156,CHN,China,M,Import,0,W00,World,0,W00,World,H4,HS,True,08,"Fruit and nuts, edible; peel of citrus fruit or melons",2,False,C00,TOTAL CPC,0,0,TOTAL MOT,-1,N/A,0.0,False,-1,N/A,0.0,False,0.0,True,0.0,False,5864967114.0,0.0,5864967114.0,4,False,True
C,A,20160101,2016,52,2016,156,CHN,China,M,Import,0,W00,World,0,W00,World,H4,HS,True,10,Cereals,2,False,C00,TOTAL CPC,0,0,TOTAL MOT,-1,N/A,0.0,False,-1,N/A,0.0,False,0.0,True,0.0,False,5661089235.0,0.0,5661089235.0,4,False,True
C,A,20160101,2016,52,2016,156,CHN,China,M,Import,0,W00,World,0,W00,World,H4,HS,True,11,"Products of the milling industry; malt, starches, inulin, wheat gluten",2,False,C00,TOTAL CPC,0,0,TOTAL MOT,-1,N/A,0.0,False,-1,N/A,0.0,False,0.0,True,0.0,False,892277912.0,0.0,892277912.0,4,False,True
C,A,20160101,2016,52,2016,156,CHN,China,M,Import,0,W00,World,0,W00,World,H4,HS,True,12,"Oil seeds and oleaginous fruits; miscellaneous grains, seeds and fruit, industrial or medicinal plants; straw and fodder",2,False,C00,TOTAL CPC,0,0,TOTAL MOT,-1,N/A,0.0,False,-1,N/A,0.0,False,0.0,True,0.0,False,38295394616.0,0.0,38295394616.0,4,False,True
C,A,20160101,2016,52,2016,156,CHN,China,M,Import,0,W00,World,0,W00,World,H4,HS,True,13,"Lac; gums, resins and other vegetable saps and extracts",2,False,C00,TOTAL CPC,0,0,TOTAL MOT,-1,N/A,0.0,False,-1,N/A,0.0,False,0.0,True,0.0,False,214137973.0,0.0,214137973.0,4,False,True
C,A,20160101,2016,52,2016,156,CHN,China,M,Import,0,W00,World,0,W00,World,H4,HS,True,14,Vegetable plaiting materials; vegetable products not elsewhere specified or included,2,False,C00,TOTAL CPC,0,0,TOTAL MOT,-1,N/A,0.0,False,-1,N/A,0.0,False,0.0,True,0.0,False,204289457.0,0.0,204289457.0,4,False,True
C,A,20160101,2016,52,2016,156,CHN,China,M,Import,0,W00,World,0,W00,World,H4,HS,True,15,Animal or vegetable fats and oils and their cleavage products; prepared animal fats; animal or vegetable waxes,2,False,C00,TOTAL CPC,0,0,TOTAL MOT,-1,N/A,0.0,False,-1,N/A,0.0,False,0.0,True,0.0,False,7040708436.0,0.0,7040708436.0,4,False,True
C,A,20160101,2016,52,2016,156,CHN,China,M,Import,0,W00,World,0,W00,World,H4,HS,True,17,Sugars and sugar confectionery,2,False,C00,TOTAL CPC,0,0,TOTAL MOT,-1,N/A,0.0,False,-1,N/A,0.0,False,0.0,True,0.0,False,1460104034.0,0.0,1460104034.0,4,False,True
C,A,20160101,2016,52,2016,156,CHN,China,M,Import,0,W00,World,0,W00,World,H4,HS,True,21,Miscellaneous edible preparations,2,False,C00,TOTAL CPC,0,0,TOTAL MOT,-1,N/A,0.0,False,-1,N/A,0.0,False,0.0,True,0.0,False,2164100951.0,0.0,2164100951.0,4,False,True
C,A,20160101,2016,52,2016,156,CHN,China,M,Import,0,W00,World,0,W00,World,H4,HS,True,23,"Food industries, residues and wastes thereof; prepared animal fodder",2,False,C00,TOTAL CPC,0,0,TOTAL MOT,-1,N/A,0.0,False,-1,N/A,0.0,False,0.0,True,0.0,False,3062037641.0,0.0,3062037641.0,4,False,True
C,A,20160101,2016,52,2016,156,CHN,China,M,Import,0,W00,World,0,W00,World,H4,HS,True,24,Tobacco and manufactured tobacco substitutes,2,False,C00,TOTAL CPC,0,0,TOTAL MOT,-1,N/A,0.0,False,-1,N/A,0.0,False,0.0,True,0.0,False,1727669591.0,0.0,1727669591.0,4,False,True
C,A,20160101,2016,52,2016,156,CHN,China,M,Import,0,W00,World,0,W00,World,H4,HS,True,25,"Salt; sulphur; earths, stone; plastering materials, lime and cement",2,False,C00,TOTAL CPC,0,0,TOTAL MOT,-1,N/A,0.0,False,-1,N/A,0.0,False,0.0,True,0.0,False,4674374575.0,0.0,4674374575.0,4,False,True
C,A,20160101,2016,52,2016,156,CHN,China,M,Import,0,W00,World,0,W00,World,H4,HS,True,26,"Ores, slag and ash",2,False,C00,TOTAL CPC,0,0,TOTAL MOT,-1,N/A,0.0,False,-1,N/A,0.0,False,0.0,True,0.0,False,94479040429.0,0.0,94479040429.0,4,False,True
C,A,20160101,2016,52,2016,156,CHN,China,M,Import,0,W00,World,0,W00,World,H4,HS,True,28,"Inorganic chemicals; organic and inorganic compounds of precious metals; of rare earth metals, of radio-active elements and of isotopes",2,False,C00,TOTAL CPC,0,0,TOTAL MOT,-1,N/A,0.0,False,-1,N/A,0.0,False,0.0,True,0.0,False,9024571475.0,0.0,9024571475.0,4,False,True
C,A,20160101,2016,52,2016,156,CHN,China,M,Import,0,W00,World,0,W00,World,H4,HS,True,29,Organic chemicals,2,False,C00,TOTAL CPC,0,0,TOTAL MOT,-1,N/A,0.0,False,-1,N/A,0.0,False,0.0,True,0.0,False,43905779588.0,0.0,43905779588.0,4,False,True
C,A,20160101,2016,52,2016,156,CHN,China,M,Import,0,W00,World,0,W00,World,H4,HS,True,30,Pharmaceutical products,2,False,C00,TOTAL CPC,0,0,TOTAL MOT,-1,N/A,0.0,False,-1,N/A,0.0,False,0.0,True,0.0,False,20771374390.0,0.0,20771374390.0,4,False,True
C,A,20160101,2016,52,2016,156,CHN,China,M,Import,0,W00,World,0,W00,World,H4,HS,True,31,Fertilizers,2,False,C00,TOTAL CPC,0,0,TOTAL MOT,-1,N/A,0.0,False,-1,N/A,0.0,False,0.0,True,0.0,False,2407917102.0,0.0,2407917102.0,4,False,True
C,A,20160101,2016,52,2016,156,CHN,China,M,Import,0,W00,World,0,W00,World,H4,HS,True,32,"Tanning or dyeing extracts; tannins and their derivatives; dyes, pigments and other colouring matter; paints, varnishes; putty, other mastics; inks",2,False,C00,TOTAL CPC,0,0,TOTAL MOT,-1,N/A,0.0,False,-1,N/A,0.0,False,0.0,True,0.0,False,4235846056.0,0.0,4235846056.0,4,False,True
C,A,20160101,2016,52,2016,156,CHN,China,M,Import,0,W00,World,0,W00,World,H4,HS,True,36,Explosives; pyrotechnic products; matches; pyrophoric alloys; certain combustible preparations,2,False,C00,TOTAL CPC,0,0,TOTAL MOT,-1,N/A,0.0,False,-1,N/A,0.0,False,0.0,True,0.0,False,178187188.0,0.0,178187188.0,4,False,True
C,A,20160101,2016,52,2016,156,CHN,China,M,Import,0,W00,World,0,W00,World,H4,HS,True,38,Chemical products n.e.c.,2,False,C00,TOTAL CPC,0,0,TOTAL MOT,-1,N/A,0.0,False,-1,N/A,0.0,False,0.0,True,0.0,False,14505366427.0,0.0,14505366427.0,4,False,True
C,A,20160101,2016,52,2016,156,CHN,China,M,Import,0,W00,World,0,W00,World,H4,HS,True,39,Plastics and articles thereof,2,False,C00,TOTAL CPC,0,0,TOTAL MOT,-1,N/A,0.0,False,-1,N/A,0.0,False,0.0,True,0.0,False,61048503014.0,0.0,61048503014.0,4,False,True
C,A,20160101,2016,52,2016,156,CHN,China,M,Import,0,W00,World,0,W00,World,H4,HS,True,40,Rubber and articles thereof,2,False,C00,TOTAL CPC,0,0,TOTAL MOT,-1,N/A,0.0,False,-1,N/A,0.0,False,0.0,True,0.0,False,13713873835.0,0.0,13713873835.0,4,False,True
C,A,20160101,2016,52,2016,156,CHN,China,M,Import,0,W00,World,0,W00,World,H4,HS,True,41,Raw hides and skins (other than furskins) and leather,2,False,C00,TOTAL CPC,0,0,TOTAL MOT,-1,N/A,0.0,False,-1,N/A,0.0,False,0.0,True,0.0,False,5758922506.0,0.0,5758922506.0,4,False,True
C,A,20160101,2016,52,2016,156,CHN,China,M,Import,0,W00,World,0,W00,World,H4,HS,True,42,"Articles of leather; saddlery and harness; travel goods, handbags and similar containers; articles of animal gut (other than silk-worm gut)",2,False,C00,TOTAL CPC,0,0,TOTAL MOT,-1,N/A,0.0,False,-1,N/A,0.0,False,0.0,True,0.0,False,2202436503.0,0.0,2202436503.0,4,False,True
C,A,20160101,2016,52,2016,156,CHN,China,M,Import,0,W00,World,0,W00,World,H4,HS,True,43,Furskins and artificial fur; manufactures thereof,2,False,C00,TOTAL CPC,0,0,TOTAL MOT,-1,N/A,0.0,False,-1,N/A,0.0,False,0.0,True,0.0,False,1227258061.0,0.0,1227258061.0,4,False,True
C,A,20160101,2016,52,2016,156,CHN,China,M,Import,0,W00,World,0,W00,World,H4,HS,True,44,Wood and articles of wood; wood charcoal,2,False,C00,TOTAL CPC,0,0,TOTAL MOT,-1,N/A,0.0,False,-1,N/A,0.0,False,0.0,True,0.0,False,19627359800.0,0.0,19627359800.0,4,False,True
C,A,20160101,2016,52,2016,156,CHN,China,M,Import,0,W00,World,0,W00,World,H4,HS,True,48,"Paper and paperboard; articles of paper pulp, of paper or paperboard",2,False,C00,TOTAL CPC,0,0,TOTAL MOT,-1,N/A,0.0,False,-1,N/A,0.0,False,0.0,True,0.0,False,3947370817.0,0.0,3947370817.0,4,False,True
C,A,20160101,2016,52,2016,156,CHN,China,M,Import,0,W00,World,0,W00,World,H4,HS,True,49,"Printed books, newspapers, pictures and other products of the printing industry; manuscripts, typescripts and plans",2,False,C00,TOTAL CPC,0,0,TOTAL MOT,-1,N/A,0.0,False,-1,N/A,0.0,False,0.0,True,0.0,False,1641708647.0,0.0,1641708647.0,4,False,True
C,A,20160101,2016,52,2016,156,CHN,China,M,Import,0,W00,World,0,W00,World,H4,HS,True,54,Man-made filaments; strip and the like of man-made textile materials,2,False,C00,TOTAL CPC,0,0,TOTAL MOT,-1,N/A,0.0,False,-1,N/A,0.0,False,0.0,True,0.0,False,2913083641.0,0.0,2913083641.0,4,False,True
C,A,20160101,2016,52,2016,156,CHN,China,M,Import,0,W00,World,0,W00,World,H4,HS,True,55,Man-made staple fibres,2,False,C00,TOTAL CPC,0,0,TOTAL MOT,-1,N/A,0.0,False,-1,N/A,0.0,False,0.0,True,0.0,False,2039600257.0,0.0,2039600257.0,4,False,True
C,A,20160101,2016,52,2016,156,CHN,China,M,Import,0,W00,World,0,W00,World,H4,HS,True,56,"Wadding, felt and nonwovens, special yarns; twine, cordage, ropes and cables and articles thereof",2,False,C00,TOTAL CPC,0,0,TOTAL MOT,-1,N/A,0.0,False,-1,N/A,0.0,False,0.0,True,0.0,False,1170744460.0,0.0,1170744460.0,4,False,True
C,A,20160101,2016,52,2016,156,CHN,China,M,Import,0,W00,World,0,W00,World,H4,HS,True,57,Carpets and other textile floor coverings,2,False,C00,TOTAL CPC,0,0,TOTAL MOT,-1,N/A,0.0,False,-1,N/A,0.0,False,0.0,True,0.0,False,136940918.0,0.0,136940918.0,4,False,True
C,A,20160101,2016,52,2016,156,CHN,China,M,Import,0,W00,World,0,W00,World,H4,HS,True,58,"Fabrics; special woven fabrics, tufted textile fabrics, lace, tapestries, trimmings, embroidery",2,False,C00,TOTAL CPC,0,0,TOTAL MOT,-1,N/A,0.0,False,-1,N/A,0.0,False,0.0,True,0.0,False,542900752.0,0.0,542900752.0,4,False,True
C,A,20160101,2016,52,2016,156,CHN,China,M,Import,0,W00,World,0,W00,World,H4,HS,True,59,"Textile fabrics; impregnated, coated, covered or laminated; textile articles of a kind suitable for industrial use",2,False,C00,TOTAL CPC,0,0,TOTAL MOT,-1,N/A,0.0,False,-1,N/A,0.0,False,0.0,True,0.0,False,1721413000.0,0.0,1721413000.0,4,False,True
C,A,20160101,2016,52,2016,156,CHN,China,M,Import,0,W00,World,0,W00,World,H4,HS,True,63,"Textiles, made up articles; sets; worn clothing and worn textile articles; rags",2,False,C00,TOTAL CPC,0,0,TOTAL MOT,-1,N/A,0.0,False,-1,N/A,0.0,False,0.0,True,0.0,False,448979919.0,0.0,448979919.0,4,False,True
C,A,20160101,2016,52,2016,156,CHN,China,M,Import,0,W00,World,0,W00,World,H4,HS,True,64,Footwear; gaiters and the like; parts of such articles,2,False,C00,TOTAL CPC,0,0,TOTAL MOT,-1,N/A,0.0,False,-1,N/A,0.0,False,0.0,True,0.0,False,3062799666.0,0.0,3062799666.0,4,False,True
C,A,20160101,2016,52,2016,156,CHN,China,M,Import,0,W00,World,0,W00,World,H4,HS,True,66,"Umbrellas, sun umbrellas, walking-sticks, seat sticks, whips, riding crops; and parts thereof",2,False,C00,TOTAL CPC,0,0,TOTAL MOT,-1,N/A,0.0,False,-1,N/A,0.0,False,0.0,True,0.0,False,12365552.0,0.0,12365552.0,4,False,True
C,A,20160101,2016,52,2016,156,CHN,China,M,Import,0,W00,World,0,W00,World,H4,HS,True,68,"Stone, plaster, cement, asbestos, mica or similar materials; articles thereof",2,False,C00,TOTAL CPC,0,0,TOTAL MOT,-1,N/A,0.0,False,-1,N/A,0.0,False,0.0,True,0.0,False,1566154328.0,0.0,1566154328.0,4,False,True
C,A,20160101,2016,52,2016,156,CHN,China,M,Import,0,W00,World,0,W00,World,H4,HS,True,69,Ceramic products,2,False,C00,TOTAL CPC,0,0,TOTAL MOT,-1,N/A,0.0,False,-1,N/A,0.0,False,0.0,True,0.0,False,789658358.0,0.0,789658358.0,4,False,True
C,A,20160101,2016,52,2016,156,CHN,China,M,Import,0,W00,World,0,W00,World,H4,HS,True,70,Glass and glassware,2,False,C00,TOTAL CPC,0,0,TOTAL MOT,-1,N/A,0.0,False,-1,N/A,0.0,False,0.0,True,0.0,False,6828504120.0,0.0,6828504120.0,4,False,True
C,A,20160101,2016,52,2016,156,CHN,China,M,Import,0,W00,World,0,W00,World,H4,HS,True,72,Iron and steel,2,False,C00,TOTAL CPC,0,0,TOTAL MOT,-1,N/A,0.0,False,-1,N/A,0.0,False,0.0,True,0.0,False,16917769452.0,0.0,16917769452.0,4,False,True
C,A,20160101,2016,52,2016,156,CHN,China,M,Import,0,W00,World,0,W00,World,H4,HS,True,73,Iron or steel articles,2,False,C00,TOTAL CPC,0,0,TOTAL MOT,-1,N/A,0.0,False,-1,N/A,0.0,False,0.0,True,0.0,False,9576174275.0,0.0,9576174275.0,4,False,True
C,A,20160101,2016,52,2016,156,CHN,China,M,Import,0,W00,World,0,W00,World,H4,HS,True,74,Copper and articles thereof,2,False,C00,TOTAL CPC,0,0,TOTAL MOT,-1,N/A,0.0,False,-1,N/A,0.0,False,0.0,True,0.0,False,33258729331.0,0.0,33258729331.0,4,False,True
C,A,20160101,2016,52,2016,156,CHN,China,M,Import,0,W00,World,0,W00,World,H4,HS,True,75,Nickel and articles thereof,2,False,C00,TOTAL CPC,0,0,TOTAL MOT,-1,N/A,0.0,False,-1,N/A,0.0,False,0.0,True,0.0,False,4956998834.0,0.0,4956998834.0,4,False,True
C,A,20160101,2016,52,2016,156,CHN,China,M,Import,0,W00,World,0,W00,World,H4,HS,True,76,Aluminium and articles thereof,2,False,C00,TOTAL CPC,0,0,TOTAL MOT,-1,N/A,0.0,False,-1,N/A,0.0,False,0.0,True,0.0,False,5946233831.0,0.0,5946233831.0,4,False,True
C,A,20160101,2016,52,2016,156,CHN,China,M,Import,0,W00,World,0,W00,World,H4,HS,True,78,Lead and articles thereof,2,False,C00,TOTAL CPC,0,0,TOTAL MOT,-1,N/A,0.0,False,-1,N/A,0.0,False,0.0,True,0.0,False,52807718.0,0.0,52807718.0,4,False,True
C,A,20160101,2016,52,2016,156,CHN,China,M,Import,0,W00,World,0,W00,World,H4,HS,True,81,"Metals; n.e.c., cermets and articles thereof",2,False,C00,TOTAL CPC,0,0,TOTAL MOT,-1,N/A,0.0,False,-1,N/A,0.0,False,0.0,True,0.0,False,1804134009.0,0.0,1804134009.0,4,False,True
C,A,20160101,2016,52,2016,156,CHN,China,M,Import,0,W00,World,0,W00,World,H4,HS,True,82,"Tools, implements, cutlery, spoons and forks, of base metal; parts thereof, of base metal",2,False,C00,TOTAL CPC,0,0,TOTAL MOT,-1,N/A,0.0,False,-1,N/A,0.0,False,0.0,True,0.0,False,3210723941.0,0.0,3210723941.0,4,False,True
C,A,20160101,2016,52,2016,156,CHN,China,M,Import,0,W00,World,0,W00,World,H4,HS,True,83,Metal; miscellaneous products of base metal,2,False,C00,TOTAL CPC,0,0,TOTAL MOT,-1,N/A,0.0,False,-1,N/A,0.0,False,0.0,True,0.0,False,1755013354.0,0.0,1755013354.0,4,False,True
C,A,20160101,2016,52,2016,156,CHN,China,M,Import,0,W00,World,0,W00,World,H4,HS,True,99,Commodities not specified according to kind,2,False,C00,TOTAL CPC,0,0,TOTAL MOT,-1,N/A,0.0,False,-1,N/A,0.0,False,0.0,False,0.0,False,12910356403.0,0.0,12910356403.0,0,False,True
C,A,20160101,2016,52,2016,704,VNM,Viet Nam,M,Import,0,W00,World,0,W00,World,H4,HS,True,08,"Fruit and nuts, edible; peel of citrus fruit or melons",2,False,C00,TOTAL CPC,0 ,0,TOTAL MOT,-1,N/A,0.0,False,-1,N/A,0.0,False,,True,,False,2275952213.49,,2275952213.49,0,False,True
C,A,20160101,2016,52,2016,704,VNM,Viet Nam,M,Import,0,W00,World,0,W00,World,H4,HS,True,10,Cereals,2,False,C00,TOTAL CPC,0 ,0,TOTAL MOT,-1,N/A,0.0,False,-1,N/A,0.0,False,,True,,False,2745572046.51,,2745572046.51,0,False,True
C,A,20160101,2016,52,2016,704,VNM,Viet Nam,M,Import,0,W00,World,0,W00,World,H4,HS,True,07,Vegetables and certain roots and tubers; edible,2,False,C00,TOTAL CPC,0 ,0,TOTAL MOT,-1,N/A,0.0,False,-1,N/A,0.0,False,,True,,False,455996003.31,,455996003.31,0,False,True
C,A,20160101,2016,52,2016,704,VNM,Viet Nam,M,Import,0,W00,World,0,W00,World,H4,HS,True,06,"Trees and other plants, live; bulbs, roots and the like; cut flowers and ornamental foliage",2,False,C00,TOTAL CPC,0 ,0,TOTAL MOT,-1,N/A,0.0,False,-1,N/A,0.0,False,,True,,False,83721844.14,,83721844.14,0,False,True
C,A,20160101,2016,52,2016,704,VNM,Viet Nam,M,Import,0,W00,World,0,W00,World,H4,HS,True,05,Animal originated products; not elsewhere specified or included,2,False,C00,TOTAL CPC,0 ,0,TOTAL MOT,-1,N/A,0.0,False,-1,N/A,0.0,False,,True,,False,200363907.67,,200363907.67,0,False,True
C,A,20160101,2016,52,2016,704,VNM,Viet Nam,M,Import,0,W00,World,0,W00,World,H4,HS,True,04,"Dairy produce; birds' eggs; natural honey; edible products of animal origin, not elsewhere specified or included",2,False,C00,TOTAL CPC,0 ,0,TOTAL MOT,-1,N/A,0.0,False,-1,N/A,0.0,False,,True,,False,484225469.44,,484225469.44,0,False,True
C,A,20160101,2016,52,2016,704,VNM,Viet Nam,M,Import,0,W00,World,0,W00,World,H4,HS,True,03,"Fish and crustaceans, molluscs and other aquatic invertebrates",2,False,C00,TOTAL CPC,0 ,0,TOTAL MOT,-1,N/A,0.0,False,-1,N/A,0.0,False,,True,,False,1088047406.54,,1088047406.54,0,False,True
C,A,20160101,2016,52,2016,704,VNM,Viet Nam,M,Import,0,W00,World,0,W00,World,H4,HS,True,09,"Coffee, tea, mate and spices",2,False,C00,TOTAL CPC,0 ,0,TOTAL MOT,-1,N/A,0.0,False,-1,N/A,0.0,False,,True,,False,196583036.1,,196583036.1,0,False,True
C,A,20160101,2016,52,2016,704,VNM,Viet Nam,M,Import,0,W00,World,0,W00,World,H4,HS,True,11,"Products of the milling industry; malt, starches, inulin, wheat gluten",2,False,C00,TOTAL CPC,0 ,0,TOTAL MOT,-1,N/A,0.0,False,-1,N/A,0.0,False,,True,,False,274466567.21,,274466567.21,0,False,True
C,A,20160101,2016,52,2016,704,VNM,Viet Nam,M,Import,0,W00,World,0,W00,World,H4,HS,True,12,"Oil seeds and oleaginous fruits; miscellaneous grains, seeds and fruit, industrial or medicinal plants; straw and fodder",2,False,C00,TOTAL CPC,0 ,0,TOTAL MOT,-1,N/A,0.0,False,-1,N/A,0.0,False,,True,,False,813176689.72,,813176689.72,0,False,True
C,A,20160101,2016,52,2016,704,VNM,Viet Nam,M,Import,0,W00,World,0,W00,World,H4,HS,True,02,Meat and edible meat offal,2,False,C00,TOTAL CPC,0 ,0,TOTAL MOT,-1,N/A,0.0,False,-1,N/A,0.0,False,,True,,False,349162852.62,,349162852.62,0,False,True
C,A,20160101,2016,52,2016,704,VNM,Viet Nam,M,Import,0,W00,World,0,W00,World,H4,HS,True,01,Animals; live,2,False,C00,TOTAL CPC,0 ,0,TOTAL MOT,-1,N/A,0.0,False,-1,N/A,0.0,False,,True,,False,385902476.4,,385902476.4,0,False,True
C,A,20160101,2016,52,2016,704,VNM,Viet Nam,M,Import,0,W00,World,0,W00,World,H4,HS,True,13,"Lac; gums, resins and other vegetable saps and extracts",2,False,C00,TOTAL CPC,0 ,0,TOTAL MOT,-1,N/A,0.0,False,-1,N/A,0.0,False,,True,,False,56993469.54,,56993469.54,0,False,True
C,A,20160101,2016,52,2016,704,VNM,Viet Nam,M,Import,0,W00,World,0,W00,World,H4,HS,True,14,Vegetable plaiting materials; vegetable products not elsewhere specified or included,2,False,C00,TOTAL CPC,0 ,0,TOTAL MOT,-1,N/A,0.0,False,-1,N/A,0.0,False,,True,,False,2734484.15,,2734484.15,0,False,True
C,A,20160101,2016,52,2016,704,VNM,Viet Nam,M,Import,0,W00,World,0,W00,World,H4,HS,True,15,Animal or vegetable fats and oils and their cleavage products; prepared animal fats; animal or vegetable waxes,2,False,C00,TOTAL CPC,0 ,0,TOTAL MOT,-1,N/A,0.0,False,-1,N/A,0.0,False,,True,,False,705784045.33,,705784045.33,0,False,True
C,A,20160101,2016,52,2016,704,VNM,Viet Nam,M,Import,0,W00,World,0,W00,World,H4,HS,True,16,"Meat, fish or crustaceans, molluscs or other aquatic invertebrates; preparations thereof",2,False,C00,TOTAL CPC,0 ,0,TOTAL MOT,-1,N/A,0.0,False,-1,N/A,0.0,False,,True,,False,27642789.36,,27642789.36,0,False,True
C,A,20160101,2016,52,2016,704,VNM,Viet Nam,M,Import,0,W00,World,0,W00,World,H4,HS,True,17,Sugars and sugar confectionery,2,False,C00,TOTAL CPC,0 ,0,TOTAL MOT,-1,N/A,0.0,False,-1,N/A,0.0,False,,True,,False,378422627.96,,378422627.96,0,False,True
C,A,20160101,2016,52,2016,704,VNM,Viet Nam,M,Import,0,W00,World,0,W00,World,H4,HS,True,18,Cocoa and cocoa preparations,2,False,C00,TOTAL CPC,0 ,0,TOTAL MOT,-1,N/A,0.0,False,-1,N/A,0.0,False,,True,,False,43849631.82,,43849631.82,0,False,True
C,A,20160101,2016,52,2016,704,VNM,Viet Nam,M,Import,0,W00,World,0,W00,World,H4,HS,True,19,"Preparations of cereals, flour, starch or milk; pastrycooks' products",2,False,C00,TOTAL CPC,0 ,0,TOTAL MOT,-1,N/A,0.0,False,-1,N/A,0.0,False,,True,,False,577221867.76,,577221867.76,0,False,True
C,A,20160101,2016,52,2016,704,VNM,Viet Nam,M,Import,0,W00,World,0,W00,World,H4,HS,True,20,"Preparations of vegetables, fruit, nuts or other parts of plants",2,False,C00,TOTAL CPC,0 ,0,TOTAL MOT,-1,N/A,0.0,False,-1,N/A,0.0,False,,True,,False,70191093.6,,70191093.6,0,False,True
C,A,20160101,2016,52,2016,704,VNM,Viet Nam,M,Import,0,W00,World,0,W00,World,H4,HS,True,28,"Inorganic chemicals; organic and inorganic compounds of precious metals; of rare earth metals, of radio-active elements and of isotopes",2,False,C00,TOTAL CPC,0 ,0,TOTAL MOT,-1,N/A,0.0,False,-1,N/A,0.0,False,,True,,False,1014997733.25,,1014997733.25,0,False,True
C,A,20160101,2016,52,2016,704,VNM,Viet Nam,M,Import,0,W00,World,0,W00,World,H4,HS,True,27,"Mineral fuels, mineral oils and products of their distillation; bituminous substances; mineral waxes",2,False,C00,TOTAL CPC,0 ,0,TOTAL MOT,-1,N/A,0.0,False,-1,N/A,0.0,False,,True,,False,7740859594.7,,7740859594.7,0,False,True
C,A,20160101,2016,52,2016,704,VNM,Viet Nam,M,Import,0,W00,World,0,W00,World,H4,HS,True,26,"Ores, slag and ash",2,False,C00,TOTAL CPC,0 ,0,TOTAL MOT,-1,N/A,0.0,False,-1,N/A,0.0,False,,True,,False,320559767.7,,320559767.7,0,False,True
C,A,20160101,2016,52,2016,704,VNM,Viet Nam,M,Import,0,W00,World,0,W00,World,H4,HS,True,25,"Salt; sulphur; earths, stone; plastering materials, lime and cement",2,False,C00,TOTAL CPC,0 ,0,TOTAL MOT,-1,N/A,0.0,False,-1,N/A,0.0,False,,True,,False,361968773.52,,361968773.52,0,False,True
C,A,20160101,2016,52,2016,704,VNM,Viet Nam,M,Import,0,W00,World,0,W00,World,H4,HS,True,24,Tobacco and manufactured tobacco substitutes,2,False,C00,TOTAL CPC,0 ,0,TOTAL MOT,-1,N/A,0.0,False,-1,N/A,0.0,False,,True,,False,261170704.87,,261170704.87,0,False,True
C,A,20160101,2016,52,2016,704,VNM,Viet Nam,M,Import,0,W00,World,0,W00,World,H4,HS,True,23,"Food industries, residues and wastes thereof; prepared animal fodder",2,False,C00,TOTAL CPC,0 ,0,TOTAL MOT,-1,N/A,0.0,False,-1,N/A,0.0,False,,True,,False,3448896814.29,,3448896814.29,0,False,True
C,A,20160101,2016,52,2016,704,VNM,Viet Nam,M,Import,0,W00,World,0,W00,World,H4,HS,True,22,"Beverages, spirits and vinegar",2,False,C00,TOTAL CPC,0 ,0,TOTAL MOT,-1,N/A,0.0,False,-1,N/A,0.0,False,,True,,False,155793110.2,,155793110.2,0,False,True
C,A,20160101,2016,52,2016,704,VNM,Viet Nam,M,Import,0,W00,World,0,W00,World,H4,HS,True,21,Miscellaneous edible preparations,2,False,C00,TOTAL CPC,0 ,0,TOTAL MOT,-1,N/A,0.0,False,-1,N/A,0.0,False,,True,,False,644282957.54,,644282957.54,0,False,True
C,A,20160101,2016,52,2016,704,VNM,Viet Nam,M,Import,0,W00,World,0,W00,World,H4,HS,True,29,Organic chemicals,2,False,C00,TOTAL CPC,0 ,0,TOTAL MOT,-1,N/A,0.0,False,-1,N/A,0.0,False,,True,,False,2580085940.36,,2580085940.36,0,False,True
C,A,20160101,2016,52,2016,704,VNM,Viet Nam,M,Import,0,W00,World,0,W00,World,H4,HS,True,30,Pharmaceutical products,2,False,C00,TOTAL CPC,0 ,0,TOTAL MOT,-1,N/A,0.0,False,-1,N/A,0.0,False,,True,,False,2762982314.77,,2762982314.77,0,False,True
C,A,20160101,2016,52,2016,704,VNM,Viet Nam,M,Import,0,W00,World,0,W00,World,H4,HS,True,31,Fertilizers,2,False,C00,TOTAL CPC,0 ,0,TOTAL MOT,-1,N/A,0.0,False,-1,N/A,0.0,False,,True,,False,1125848449.44,,1125848449.44,0,False,True
C,A,20160101,2016,52,2016,704,VNM,Viet Nam,M,Import,0,W00,World,0,W00,World,H4,HS,True,32,"Tanning or dyeing extracts; tannins and their derivatives; dyes, pigments and other colouring matter; paints, varnishes; putty, other mastics; inks",2,False,C00,TOTAL CPC,0 ,0,TOTAL MOT,-1,N/A,0.0,False,-1,N/A,0.0,False,,True,,False,1267548817.69,,1267548817.69,0,False,True
C,A,20160101,2016,52,2016,704,VNM,Viet Nam,M,Import,0,W00,World,0,W00,World,H4,HS,True,33,"Essential oils and resinoids; perfumery, cosmetic or toilet preparations",2,False,C00,TOTAL CPC,0 ,0,TOTAL MOT,-1,N/A,0.0,False,-1,N/A,0.0,False,,True,,False,613291520.64,,613291520.64,0,False,True
C,A,20160101,2016,52,2016,704,VNM,Viet Nam,M,Import,0,W00,World,0,W00,World,H4,HS,True,34,"Soap, organic surface-active agents; washing, lubricating, polishing or scouring preparations; artificial or prepared waxes, candles and similar articles, modelling pastes, dental waxes and dental preparations with a basis of plaster",2,False,C00,TOTAL CPC,0 ,0,TOTAL MOT,-1,N/A,0.0,False,-1,N/A,0.0,False,,True,,False,537500887.69,,537500887.69,0,False,True
C,A,20160101,2016,52,2016,704,VNM,Viet Nam,M,Import,0,W00,World,0,W00,World,H4,HS,True,35,Albuminoidal substances; modified starches; glues; enzymes,2,False,C00,TOTAL CPC,0 ,0,TOTAL MOT,-1,N/A,0.0,False,-1,N/A,0.0,False,,True,,False,501225395.97,,501225395.97,0,False,True
C,A,20160101,2016,52,2016,704,VNM,Viet Nam,M,Import,0,W00,World,0,W00,World,H4,HS,True,36,Explosives; pyrotechnic products; matches; pyrophoric alloys; certain combustible preparations,2,False,C00,TOTAL CPC,0 ,0,TOTAL MOT,-1,N/A,0.0,False,-1,N/A,0.0,False,,True,,False,926282.04,,926282.04,0,False,True
C,A,20160101,2016,52,2016,704,VNM,Viet Nam,M,Import,0,W00,World,0,W00,World,H4,HS,True,37,Photographic or cinematographic goods,2,False,C00,TOTAL CPC,0 ,0,TOTAL MOT,-1,N/A,0.0,False,-1,N/A,0.0,False,,True,,False,98570200.39,,98570200.39,0,False,True
C,A,20160101,2016,52,2016,704,VNM,Viet Nam,M,Import,0,W00,World,0,W00,World,H4,HS,True,38,Chemical products n.e.c.,2,False,C00,TOTAL CPC,0 ,0,TOTAL MOT,-1,N/A,0.0,False,-1,N/A,0.0,False,,True,,False,2287822794.96,,2287822794.96,0,False,True
C,A,20160101,2016,52,2016,704,VNM,Viet Nam,M,Import,0,W00,World,0,W00,World,H4,HS,True,39,Plastics and articles thereof,2,False,C00,TOTAL CPC,0 ,0,TOTAL MOT,-1,N/A,0.0,False,-1,N/A,0.0,False,,True,,False,10947220576.18,,10947220576.18,0,False,True
C,A,20160101,2016,52,2016,704,VNM,Viet Nam,M,Import,0,W00,World,0,W00,World,H4,HS,True,40,Rubber and articles thereof,2,False,C00,TOTAL CPC,0 ,0,TOTAL MOT,-1,N/A,0.0,False,-1,N/A,0.0,False,,True,,False,1762468104.81,,1762468104.81,0,False,True
C,A,20160101,2016,52,2016,704,VNM,Viet Nam,M,Import,0,W00,World,0,W00,World,H4,HS,True,41,Raw hides and skins (other than furskins) and leather,2,False,C00,TOTAL CPC,0 ,0,TOTAL MOT,-1,N/A,0.0,False,-1,N/A,0.0,False,,True,,False,1667965116.58,,1667965116.58,0,False,True
C,A,20160101,2016,52,2016,704,VNM,Viet Nam,M,Import,0,W00,World,0,W00,World,H4,HS,True,42,"Articles of leather; saddlery and harness; travel goods, handbags and similar containers; articles of animal gut (other than silk-worm gut)",2,False,C00,TOTAL CPC,0 ,0,TOTAL MOT,-1,N/A,0.0,False,-1,N/A,0.0,False,,True,,False,122647005.04,,122647005.04,0,False,True
C,A,20160101,2016,52,2016,704,VNM,Viet Nam,M,Import,0,W00,World,0,W00,World,H4,HS,True,43,Furskins and artificial fur; manufactures thereof,2,False,C00,TOTAL CPC,0 ,0,TOTAL MOT,-1,N/A,0.0,False,-1,N/A,0.0,False,,True,,False,209500851.32,,209500851.32,0,False,True
C,A,20160101,2016,52,2016,704,VNM,Viet Nam,M,Import,0,W00,World,0,W00,World,H4,HS,True,44,Wood and articles of wood; wood charcoal,2,False,C00,TOTAL CPC,0 ,0,TOTAL MOT,-1,N/A,0.0,False,-1,N/A,0.0,False,,True,,False,1788047204.85,,1788047204.85,0,False,True
C,A,20160101,2016,52,2016,704,VNM,Viet Nam,M,Import,0,W00,World,0,W00,World,H4,HS,True,45,Cork and articles of cork,2,False,C00,TOTAL CPC,0 ,0,TOTAL MOT,-1,N/A,0.0,False,-1,N/A,0.0,False,,True,,False,753552.29,,753552.29,0,False,True
C,A,20160101,2016,52,2016,704,VNM,Viet Nam,M,Import,0,W00,World,0,W00,World,H4,HS,True,46,"Manufactures of straw, esparto or other plaiting materials; basketware and wickerwork",2,False,C00,TOTAL CPC,0 ,0,TOTAL MOT,-1,N/A,0.0,False,-1,N/A,0.0,False,,True,,False,10247635.24,,10247635.24,0,False,True
C,A,20160101,2016,52,2016,704,VNM,Viet Nam,M,Import,0,W00,World,0,W00,World,H4,HS,True,47,Pulp of wood or other fibrous cellulosic material; recovered (waste and scrap) paper or paperboard,2,False,C00,TOTAL CPC,0 ,0,TOTAL MOT,-1,N/A,0.0,False,-1,N/A,0.0,False,,True,,False,264870296.18,,264870296.18,0,False,True
C,A,20160101,2016,52,2016,704,VNM,Viet Nam,M,Import,0,W00,World,0,W00,World,H4,HS,True,48,"Paper and paperboard; articles of paper pulp, of paper or paperboard",2,False,C00,TOTAL CPC,0 ,0,TOTAL MOT,-1,N/A,0.0,False,-1,N/A,0.0,False,,True,,False,2145910717.18,,2145910717.18,0,False,True
C,A,20160101,2016,52,2016,704,VNM,Viet Nam,M,Import,0,W00,World,0,W00,World,H4,HS,True,49,"Printed books, newspapers, pictures and other products of the printing industry; manuscripts, typescripts and plans",2,False,C00,TOTAL CPC,0 ,0,TOTAL MOT,-1,N/A,0.0,False,-1,N/A,0.0,False,,True,,False,94279060.89,,94279060.89,0,False,True
C,A,20160101,2016,52,2016,704,VNM,Viet Nam,M,Import,0,W00,World,0,W00,World,H4,HS,True,50,Silk,2,False,C00,TOTAL CPC,0 ,0,TOTAL MOT,-1,N/A,0.0,False,-1,N/A,0.0,False,,True,,False,65809883.63,,65809883.63,0,False,True
C,A,20160101,2016,52,2016,704,VNM,Viet Nam,M,Import,0,W00,World,0,W00,World,H4,HS,True,51,"Wool, fine or coarse animal hair; horsehair yarn and woven fabric",2,False,C00,TOTAL CPC,0 ,0,TOTAL MOT,-1,N/A,0.0,False,-1,N/A,0.0,False,,True,,False,206276507.2,,206276507.2,0,False,True
C,A,20160101,2016,52,2016,704,VNM,Viet Nam,M,Import,0,W00,World,0,W00,World,H4,HS,True,52,Cotton,2,False,C00,TOTAL CPC,0 ,0,TOTAL MOT,-1,N/A,0.0,False,-1,N/A,0.0,False,,True,,False,3376367347.6,,3376367347.6,0,False,True
C,A,20160101,2016,52,2016,704,VNM,Viet Nam,M,Import,0,W00,World,0,W00,World,H4,HS,True,53,Vegetable textile fibres; paper yarn and woven fabrics of paper yarn,2,False,C00,TOTAL CPC,0 ,0,TOTAL MOT,-1,N/A,0.0,False,-1,N/A,0.0,False,,True,,False,88349206.59,,88349206.59,0,False,True
C,A,20160101,2016,52,2016,704,VNM,Viet Nam,M,Import,0,W00,World,0,W00,World,H4,HS,True,54,Man-made filaments; strip and the like of man-made textile materials,2,False,C00,TOTAL CPC,0 ,0,TOTAL MOT,-1,N/A,0.0,False,-1,N/A,0.0,False,,True,,False,2141669431.0,,2141669431.0,0,False,True
C,A,20160101,2016,52,2016,704,VNM,Viet Nam,M,Import,0,W00,World,0,W00,World,H4,HS,True,55,Man-made staple fibres,2,False,C00,TOTAL CPC,0 ,0,TOTAL MOT,-1,N/A,0.0,False,-1,N/A,0.0,False,,True,,False,2873250994.55,,2873250994.55,0,False,True
C,A,20160101,2016,52,2016,704,VNM,Viet Nam,M,Import,0,W00,World,0,W00,World,H4,HS,True,56,"Wadding, felt and nonwovens, special yarns; twine, cordage, ropes and cables and articles thereof",2,False,C00,TOTAL CPC,0 ,0,TOTAL MOT,-1,N/A,0.0,False,-1,N/A,0.0,False,,True,,False,692362954.21,,692362954.21,0,False,True
C,A,20160101,2016,52,2016,704,VNM,Viet Nam,M,Import,0,W00,World,0,W00,World,H4,HS,True,57,Carpets and other textile floor coverings,2,False,C00,TOTAL CPC,0 ,0,TOTAL MOT,-1,N/A,0.0,False,-1,N/A,0.0,False,,True,,False,49132552.52,,49132552.52,0,False,True
C,A,20160101,2016,52,2016,704,VNM,Viet Nam,M,Import,0,W00,World,0,W00,World,H4,HS,True,58,"Fabrics; special woven fabrics, tufted textile fabrics, lace, tapestries, trimmings, embroidery",2,False,C00,TOTAL CPC,0 ,0,TOTAL MOT,-1,N/A,0.0,False,-1,N/A,0.0,False,,True,,False,1038228796.06,,1038228796.06,0,False,True
C,A,20160101,2016,52,2016,704,VNM,Viet Nam,M,Import,0,W00,World,0,W00,World,H4,HS,True,59,"Textile fabrics; impregnated, coated, covered or laminated; textile articles of a kind suitable for industrial use",2,False,C00,TOTAL CPC,0 ,0,TOTAL MOT,-1,N/A,0.0,False,-1,N/A,0.0,False,,True,,False,1022773970.19,,1022773970.19,0,False,True
C,A,20160101,2016,52,2016,704,VNM,Viet Nam,M,Import,0,W00,World,0,W00,World,H4,HS,True,60,Fabrics; knitted or crocheted,2,False,C00,TOTAL CPC,0 ,0,TOTAL MOT,-1,N/A,0.0,False,-1,N/A,0.0,False,,True,,False,3886619713.43,,3886619713.43,0,False,True
C,A,20160101,2016,52,2016,704,VNM,Viet Nam,M,Import,0,W00,World,0,W00,World,H4,HS,True,61,Apparel and clothing accessories; knitted or crocheted,2,False,C00,TOTAL CPC,0 ,0,TOTAL MOT,-1,N/A,0.0,False,-1,N/A,0.0,False,,True,,False,308204915.65,,308204915.65,0,False,True
C,A,20160101,2016,52,2016,704,VNM,Viet Nam,M,Import,0,W00,World,0,W00,World,H4,HS,True,62,Apparel and clothing accessories; not knitted or crocheted,2,False,C00,TOTAL CPC,0 ,0,TOTAL MOT,-1,N/A,0.0,False,-1,N/A,0.0,False,,True,,False,231735354.81,,231735354.81,0,False,True
C,A,20160101,2016,52,2016,704,VNM,Viet Nam,M,Import,0,W00,World,0,W00,World,H4,HS,True,63,"Textiles, made up articles; sets; worn clothing and worn textile articles; rags",2,False,C00,TOTAL CPC,0 ,0,TOTAL MOT,-1,N/A,0.0,False,-1,N/A,0.0,False,,True,,False,84846460.8,,84846460.8,0,False,True
C,A,20160101,2016,52,2016,704,VNM,Viet Nam,M,Import,0,W00,World,0,W00,World,H4,HS,True,72,Iron and steel,2,False,C00,TOTAL CPC,0 ,0,TOTAL MOT,-1,N/A,0.0,False,-1,N/A,0.0,False,,True,,False,9108606607.13,,9108606607.13,0,False,True
C,A,20160101,2016,52,2016,704,VNM,Viet Nam,M,Import,0,W00,World,0,W00,World,H4,HS,True,71,"Natural, cultured pearls; precious, semi-precious stones; precious metals, metals clad with precious metal, and articles thereof; imitation jewellery; coin",2,False,C00,TOTAL CPC,0 ,0,TOTAL MOT,-1,N/A,0.0,False,-1,N/A,0.0,False,,True,,False,570314364.13,,570314364.13,0,False,True
C,A,20160101,2016,52,2016,704,VNM,Viet Nam,M,Import,0,W00,World,0,W00,World,H4,HS,True,70,Glass and glassware,2,False,C00,TOTAL CPC,0 ,0,TOTAL MOT,-1,N/A,0.0,False,-1,N/A,0.0,False,,True,,False,859331743.09,,859331743.09,0,False,True
C,A,20160101,2016,52,2016,704,VNM,Viet Nam,M,Import,0,W00,World,0,W00,World,H4,HS,True,69,Ceramic products,2,False,C00,TOTAL CPC,0 ,0,TOTAL MOT,-1,N/A,0.0,False,-1,N/A,0.0,False,,True,,False,340837000.81,,340837000.81,0,False,True
C,A,20160101,2016,52,2016,704,VNM,Viet Nam,M,Import,0,W00,World,0,W00,World,H4,HS,True,68,"Stone, plaster, cement, asbestos, mica or similar materials; articles thereof",2,False,C00,TOTAL CPC,0 ,0,TOTAL MOT,-1,N/A,0.0,False,-1,N/A,0.0,False,,True,,False,364501500.11,,364501500.11,0,False,True
C,A,20160101,2016,52,2016,704,VNM,Viet Nam,M,Import,0,W00,World,0,W00,World,H4,HS,True,67,"Feathers and down, prepared; and articles made of feather or of down; artificial flowers; articles of human hair",2,False,C00,TOTAL CPC,0 ,0,TOTAL MOT,-1,N/A,0.0,False,-1,N/A,0.0,False,,True,,False,26843566.34,,26843566.34,0,False,True
C,A,20160101,2016,52,2016,704,VNM,Viet Nam,M,Import,0,W00,World,0,W00,World,H4,HS,True,66,"Umbrellas, sun umbrellas, walking-sticks, seat sticks, whips, riding crops; and parts thereof",2,False,C00,TOTAL CPC,0 ,0,TOTAL MOT,-1,N/A,0.0,False,-1,N/A,0.0,False,,True,,False,7197414.82,,7197414.82,0,False,True
C,A,20160101,2016,52,2016,704,VNM,Viet Nam,M,Import,0,W00,World,0,W00,World,H4,HS,True,65,Headgear and parts thereof,2,False,C00,TOTAL CPC,0 ,0,TOTAL MOT,-1,N/A,0.0,False,-1,N/A,0.0,False,,True,,False,27708974.91,,27708974.91,0,False,True
C,A,20160101,2016,52,2016,704,VNM,Viet Nam,M,Import,0,W00,World,0,W00,World,H4,HS,True,64,Footwear; gaiters and the like; parts of such articles,2,False,C00,TOTAL CPC,0 ,0,TOTAL MOT,-1,N/A,0.0,False,-1,N/A,0.0,False,,True,,False,731106830.57,,731106830.57,0,False,True
C,A,20160101,2016,52,2016,704,VNM,Viet Nam,M,Import,0,W00,World,0,W00,World,H4,HS,True,73,Iron or steel articles,2,False,C00,TOTAL CPC,0 ,0,TOTAL MOT,-1,N/A,0.0,False,-1,N/A,0.0,False,,True,,False,2975806050.35,,2975806050.35,0,False,True
C,A,20160101,2016,52,2016,704,VNM,Viet Nam,M,Import,0,W00,World,0,W00,World,H4,HS,True,74,Copper and articles thereof,2,False,C00,TOTAL CPC,0 ,0,TOTAL MOT,-1,N/A,0.0,False,-1,N/A,0.0,False,,True,,False,1979259821.88,,1979259821.88,0,False,True
C,A,20160101,2016,52,2016,704,VNM,Viet Nam,M,Import,0,W00,World,0,W00,World,H4,HS,True,75,Nickel and articles thereof,2,False,C00,TOTAL CPC,0 ,0,TOTAL MOT,-1,N/A,0.0,False,-1,N/A,0.0,False,,True,,False,60255085.0,,60255085.0,0,False,True
C,A,20160101,2016,52,2016,704,VNM,Viet Nam,M,Import,0,W00,World,0,W00,World,H4,HS,True,80,Tin; articles thereof,2,False,C00,TOTAL CPC,0 ,0,TOTAL MOT,-1,N/A,0.0,False,-1,N/A,0.0,False,,True,,False,57600033.34,,57600033.34,0,False,True
C,A,20160101,2016,52,2016,704,VNM,Viet Nam,M,Import,0,W00,World,0,W00,World,H4,HS,True,81,"Metals; n.e.c., cermets and articles thereof",2,False,C00,TOTAL CPC,0 ,0,TOTAL MOT,-1,N/A,0.0,False,-1,N/A,0.0,False,,True,,False,54042706.57,,54042706.57,0,False,True
C,A,20160101,2016,52,2016,704,VNM,Viet Nam,M,Import,0,W00,World,0,W00,World,H4,HS,True,84,"Nuclear reactors, boilers, machinery and mechanical appliances; parts thereof",2,False,C00,TOTAL CPC,0 ,0,TOTAL MOT,-1,N/A,0.0,False,-1,N/A,0.0,False,,True,,False,20723072829.2,,20723072829.2,0,False,True
C,A,20160101,2016,52,2016,704,VNM,Viet Nam,M,Import,0,W00,World,0,W00,World,H4,HS,True,83,Metal; miscellaneous products of base metal,2,False,C00,TOTAL CPC,0 ,0,TOTAL MOT,-1,N/A,0.0,False,-1,N/A,0.0,False,,True,,False,694738855.38,,694738855.38,0,False,True
C,A,20160101,2016,52,2016,704,VNM,Viet Nam,M,Import,0,W00,World,0,W00,World,H4,HS,True,82,"Tools, implements, cutlery, spoons and forks, of base metal; parts thereof, of base metal",2,False,C00,TOTAL CPC,0 ,0,TOTAL MOT,-1,N/A,0.0,False,-1,N/A,0.0,False,,True,,False,479731152.09,,479731152.09,0,False,True
C,A,20160101,2016,52,2016,704,VNM,Viet Nam,M,Import,0,W00,World,0,W00,World,H4,HS,True,79,Zinc and articles thereof,2,False,C00,TOTAL CPC,0 ,0,TOTAL MOT,-1,N/A,0.0,False,-1,N/A,0.0,False,,True,,False,352833800.07,,352833800.07,0,False,True
C,A,20160101,2016,52,2016,704,VNM,Viet Nam,M,Import,0,W00,World,0,W00,World,H4,HS,True,78,Lead and articles thereof,2,False,C00,TOTAL CPC,0 ,0,TOTAL MOT,-1,N/A,0.0,False,-1,N/A,0.0,False,,True,,False,298091035.34,,298091035.34,0,False,True
C,A,20160101,2016,52,2016,704,VNM,Viet Nam,M,Import,0,W00,World,0,W00,World,H4,HS,True,76,Aluminium and articles thereof,2,False,C00,TOTAL CPC,0 ,0,TOTAL MOT,-1,N/A,0.0,False,-1,N/A,0.0,False,,True,,False,2964986740.01,,2964986740.01,0,False,True
C,A,20160101,2016,52,2016,704,VNM,Viet Nam,M,Import,0,W00,World,0,W00,World,H4,HS,True,85,"Electrical machinery and equipment and parts thereof; sound recorders and reproducers; television image and sound recorders and reproducers, parts and accessories of such articles",2,False,C00,TOTAL CPC,0 ,0,TOTAL MOT,-1,N/A,0.0,False,-1,N/A,0.0,False,,True,,False,47731845204.17,,47731845204.17,0,False,True
C,A,20160101,2016,52,2016,704,VNM,Viet Nam,M,Import,0,W00,World,0,W00,World,H4,HS,True,86,"Railway, tramway locomotives, rolling-stock and parts thereof; railway or tramway track fixtures and fittings and parts thereof; mechanical (including electro-mechanical) traffic signalling equipment of all kinds",2,False,C00,TOTAL CPC,0 ,0,TOTAL MOT,-1,N/A,0.0,False,-1,N/A,0.0,False,,True,,False,47104448.34,,47104448.34,0,False,True
C,A,20160101,2016,52,2016,704,VNM,Viet Nam,M,Import,0,W00,World,0,W00,World,H4,HS,True,87,"Vehicles; other than railway or tramway rolling stock, and parts and accessories thereof",2,False,C00,TOTAL CPC,0 ,0,TOTAL MOT,-1,N/A,0.0,False,-1,N/A,0.0,False,,True,,False,4948395110.2,,4948395110.2,0,False,True
C,A,20160101,2016,52,2016,704,VNM,Viet Nam,M,Import,0,W00,World,0,W00,World,H4,HS,True,89,"Ships, boats and floating structures",2,False,C00,TOTAL CPC,0 ,0,TOTAL MOT,-1,N/A,0.0,False,-1,N/A,0.0,False,,True,,False,225036396.72,,225036396.72,0,False,True
C,A,20160101,2016,52,2016,704,VNM,Viet Nam,M,Import,0,W00,World,0,W00,World,H4,HS,True,96,Miscellaneous manufactured articles,2,False,C00,TOTAL CPC,0 ,0,TOTAL MOT,-1,N/A,0.0,False,-1,N/A,0.0,False,,True,,False,836460059.24,,836460059.24,0,False,True
C,A,20160101,2016,52,2016,704,VNM,Viet Nam,M,Import,0,W00,World,0,W00,World,H4,HS,True,95,"Toys, games and sports requisites; parts and accessories thereof",2,False,C00,TOTAL CPC,0 ,0,TOTAL MOT,-1,N/A,0.0,False,-1,N/A,0.0,False,,True,,False,218020399.99,,218020399.99,0,False,True
C,A,20160101,2016,52,2016,704,VNM,Viet Nam,M,Import,0,W00,World,0,W00,World,H4,HS,True,94,"Furniture; bedding, mattresses, mattress supports, cushions and similar stuffed furnishings; lamps and lighting fittings, n.e.c.; illuminated signs, illuminated name-plates and the like; prefabricated buildings",2,False,C00,TOTAL CPC,0 ,0,TOTAL MOT,-1,N/A,0.0,False,-1,N/A,0.0,False,,True,,False,627703762.15,,627703762.15,0,False,True
C,A,20160101,2016,52,2016,704,VNM,Viet Nam,M,Import,0,W00,World,0,W00,World,H4,HS,True,92,Musical instruments; parts and accessories of such articles,2,False,C00,TOTAL CPC,0 ,0,TOTAL MOT,-1,N/A,0.0,False,-1,N/A,0.0,False,,True,,False,28444478.34,,28444478.34,0,False,True
C,A,20160101,2016,52,2016,704,VNM,Viet Nam,M,Import,0,W00,World,0,W00,World,H4,HS,True,91,Clocks and watches and parts thereof,2,False,C00,TOTAL CPC,0 ,0,TOTAL MOT,-1,N/A,0.0,False,-1,N/A,0.0,False,,True,,False,84308687.22,,84308687.22,0,False,True
C,A,20160101,2016,52,2016,704,VNM,Viet Nam,M,Import,0,W00,World,0,W00,World,H4,HS,True,90,"Optical, photographic, cinematographic, measuring, checking, medical or surgical instruments and apparatus; parts and accessories",2,False,C00,TOTAL CPC,0 ,0,TOTAL MOT,-1,N/A,0.0,False,-1,N/A,0.0,False,,True,,False,4643452801.0,,4643452801.0,0,False,True
C,A,20160101,2016,52,2016,704,VNM,Viet Nam,M,Import,0,W00,World,0,W00,World,H4,HS,True,88,"Aircraft, spacecraft and parts thereof",2,False,C00,TOTAL CPC,0 ,0,TOTAL MOT,-1,N/A,0.0,False,-1,N/A,0.0,False,,True,,False,678920136.01,,678920136.01,0,False,True
C,A,20160101,2016,52,2016,704,VNM,Viet Nam,M,Import,0,W00,World,0,W00,World,H4,HS,True,97,Works of art; collectors' pieces and antiques,2,False,C00,TOTAL CPC,0 ,0,TOTAL MOT,-1,N/A,0.0,False,-1,N/A,0.0,False,,True,,False,5981921.59,,5981921.59,0,False,True
C,A,20160101,2016,52,2016,704,VNM,Viet Nam,M,Import,0,W00,World,0,W00,World,H4,HS,True,99,Commodities not specified according to kind,2,False,C00,TOTAL CPC,0 ,0,TOTAL MOT,-1,N/A,0.0,False,-1,N/A,0.0,False,,False,,False,205929956.45,,205929956.45,0,False,True
C,A,20160101,2016,52,2016,699,IND,India,M,Import,0,W00,World,0,W00,World,H4,HS,True,13,"Lac; gums, resins and other vegetable saps and extracts",2,False,C00,TOTAL CPC,0,0,TOTAL MOT,-1,N/A,,False,-1,N/A,,False,,False,,False,216972991.0,,216972991.0,0,True,False
C,A,20160101,2016,52,2016,699,IND,India,M,Import,0,W00,World,0,W00,World,H4,HS,True,10,Cereals,2,False,C00,TOTAL CPC,0,0,TOTAL MOT,-1,N/A,,False,-1,N/A,,False,,False,,False,492165690.0,,492165690.0,0,True,False
C,A,20160101,2016,52,2016,699,IND,India,M,Import,0,W00,World,0,W00,World,H4,HS,True,09,"Coffee, tea, mate and spices",2,False,C00,TOTAL CPC,0,0,TOTAL MOT,-1,N/A,,False,-1,N/A,,False,,False,,False,747444400.0,,747444400.0,0,True,False
C,A,20160101,2016,52,2016,699,IND,India,M,Import,0,W00,World,0,W00,World,H4,HS,True,08,"Fruit and nuts, edible; peel of citrus fruit or melons",2,False,C00,TOTAL CPC,0,0,TOTAL MOT,-1,N/A,,False,-1,N/A,,False,,False,,False,2802501073.0,,2802501073.0,0,True,False
C,A,20160101,2016,52,2016,699,IND,India,M,Import,0,W00,World,0,W00,World,H4,HS,True,14,Vegetable plaiting materials; vegetable products not elsewhere specified or included,2,False,C00,TOTAL CPC,0,0,TOTAL MOT,-1,N/A,,False,-1,N/A,,False,,False,,False,33909192.0,,33909192.0,0,True,False
C,A,20160101,2016,52,2016,699,IND,India,M,Import,0,W00,World,0,W00,World,H4,HS,True,12,"Oil seeds and oleaginous fruits; miscellaneous grains, seeds and fruit, industrial or medicinal plants; straw and fodder",2,False,C00,TOTAL CPC,0,0,TOTAL MOT,-1,N/A,,False,-1,N/A,,False,,False,,False,359191464.0,,359191464.0,0,True,False
C,A,20160101,2016,52,2016,699,IND,India,M,Import,0,W00,World,0,W00,World,H4,HS,True,11,"Products of the milling industry; malt, starches, inulin, wheat gluten",2,False,C00,TOTAL CPC,0,0,TOTAL MOT,-1,N/A,,False,-1,N/A,,False,,False,,False,57190956.0,,57190956.0,0,True,False
C,A,20160101,2016,52,2016,699,IND,India,M,Import,0,W00,World,0,W00,World,H4,HS,True,15,Animal or vegetable fats and oils and their cleavage products; prepared animal fats; animal or vegetable waxes,2,False,C00,TOTAL CPC,0,0,TOTAL MOT,-1,N/A,,False,-1,N/A,,False,,False,,False,10491259340.0,,10491259340.0,0,True,False
C,A,20160101,2016,52,2016,699,IND,India,M,Import,0,W00,World,0,W00,World,H4,HS,True,16,"Meat, fish or crustaceans, molluscs or other aquatic invertebrates; preparations thereof",2,False,C00,TOTAL CPC,0,0,TOTAL MOT,-1,N/A,,False,-1,N/A,,False,,False,,False,2747121.0,,2747121.0,0,True,False
C,A,20160101,2016,52,2016,699,IND,India,M,Import,0,W00,World,0,W00,World,H4,HS,True,18,Cocoa and cocoa preparations,2,False,C00,TOTAL CPC,0,0,TOTAL MOT,-1,N/A,,False,-1,N/A,,False,,False,,False,232338000.0,,232338000.0,0,True,False
C,A,20160101,2016,52,2016,699,IND,India,M,Import,0,W00,World,0,W00,World,H4,HS,True,07,Vegetables and certain roots and tubers; edible,2,False,C00,TOTAL CPC,0,0,TOTAL MOT,-1,N/A,,False,-1,N/A,,False,,False,,False,4026277713.0,,4026277713.0,0,True,False
C,A,20160101,2016,52,2016,699,IND,India,M,Import,0,W00,World,0,W00,World,H4,HS,True,06,"Trees and other plants, live; bulbs, roots and the like; cut flowers and ornamental foliage",2,False,C00,TOTAL CPC,0,0,TOTAL MOT,-1,N/A,,False,-1,N/A,,False,,False,,False,20326686.0,,20326686.0,0,True,False
C,A,20160101,2016,52,2016,699,IND,India,M,Import,0,W00,World,0,W00,World,H4,HS,True,05,Animal originated products; not elsewhere specified or included,2,False,C00,TOTAL CPC,0,0,TOTAL MOT,-1,N/A,,False,-1,N/A,,False,,False,,False,39213941.0,,39213941.0,0,True,False
C,A,20160101,2016,52,2016,699,IND,India,M,Import,0,W00,World,0,W00,World,H4,HS,True,04,"Dairy produce; birds' eggs; natural honey; edible products of animal origin, not elsewhere specified or included",2,False,C00,TOTAL CPC,0,0,TOTAL MOT,-1,N/A,,False,-1,N/A,,False,,False,,False,42591242.0,,42591242.0,0,True,False
C,A,20160101,2016,52,2016,699,IND,India,M,Import,0,W00,World,0,W00,World,H4,HS,True,03,"Fish and crustaceans, molluscs and other aquatic invertebrates",2,False,C00,TOTAL CPC,0,0,TOTAL MOT,-1,N/A,,False,-1,N/A,,False,,False,,False,63396695.0,,63396695.0,0,True,False
C,A,20160101,2016,52,2016,699,IND,India,M,Import,0,W00,World,0,W00,World,H4,HS,True,02,Meat and edible meat offal,2,False,C00,TOTAL CPC,0,0,TOTAL MOT,-1,N/A,,False,-1,N/A,,False,,False,,False,2495023.0,,2495023.0,0,True,False
C,A,20160101,2016,52,2016,699,IND,India,M,Import,0,W00,World,0,W00,World,H4,HS,True,01,Animals; live,2,False,C00,TOTAL CPC,0,0,TOTAL MOT,-1,N/A,,False,-1,N/A,,False,,False,,False,9285171.0,,9285171.0,0,True,False
C,A,20160101,2016,52,2016,699,IND,India,M,Import,0,W00,World,0,W00,World,H4,HS,True,20,"Preparations of vegetables, fruit, nuts or other parts of plants",2,False,C00,TOTAL CPC,0,0,TOTAL MOT,-1,N/A,,False,-1,N/A,,False,,False,,False,81571649.0,,81571649.0,0,True,False
C,A,20160101,2016,52,2016,699,IND,India,M,Import,0,W00,World,0,W00,World,H4,HS,True,21,Miscellaneous edible preparations,2,False,C00,TOTAL CPC,0,0,TOTAL MOT,-1,N/A,,False,-1,N/A,,False,,False,,False,150279270.0,,150279270.0,0,True,False
C,A,20160101,2016,52,2016,699,IND,India,M,Import,0,W00,World,0,W00,World,H4,HS,True,22,"Beverages, spirits and vinegar",2,False,C00,TOTAL CPC,0,0,TOTAL MOT,-1,N/A,,False,-1,N/A,,False,,False,,False,630103353.0,,630103353.0,0,True,False
C,A,20160101,2016,52,2016,699,IND,India,M,Import,0,W00,World,0,W00,World,H4,HS,True,23,"Food industries, residues and wastes thereof; prepared animal fodder",2,False,C00,TOTAL CPC,0,0,TOTAL MOT,-1,N/A,,False,-1,N/A,,False,,False,,False,482844616.0,,482844616.0,0,True,False
C,A,20160101,2016,52,2016,699,IND,India,M,Import,0,W00,World,0,W00,World,H4,HS,True,17,Sugars and sugar confectionery,2,False,C00,TOTAL CPC,0,0,TOTAL MOT,-1,N/A,,False,-1,N/A,,False,,False,,False,1003429840.0,,1003429840.0,0,True,False
C,A,20160101,2016,52,2016,699,IND,India,M,Import,0,W00,World,0,W00,World,H4,HS,True,24,Tobacco and manufactured tobacco substitutes,2,False,C00,TOTAL CPC,0,0,TOTAL MOT,-1,N/A,,False,-1,N/A,,False,,False,,False,51494712.0,,51494712.0,0,True,False
C,A,20160101,2016,52,2016,699,IND,India,M,Import,0,W00,World,0,W00,World,H4,HS,True,25,"Salt; sulphur; earths, stone; plastering materials, lime and cement",2,False,C00,TOTAL CPC,0,0,TOTAL MOT,-1,N/A,,False,-1,N/A,,False,,False,,False,2181302130.0,,2181302130.0,0,True,False
C,A,20160101,2016,52,2016,699,IND,India,M,Import,0,W00,World,0,W00,World,H4,HS,True,19,"Preparations of cereals, flour, starch or milk; pastrycooks' products",2,False,C00,TOTAL CPC,0,0,TOTAL MOT,-1,N/A,,False,-1,N/A,,False,,False,,False,54287225.0,,54287225.0,0,True,False
C,A,20160101,2016,52,2016,699,IND,India,M,Import,0,W00,World,0,W00,World,H4,HS,True,26,"Ores, slag and ash",2,False,C00,TOTAL CPC,0,0,TOTAL MOT,-1,N/A,,False,-1,N/A,,False,,False,,False,3731029446.0,,3731029446.0,0,True,False
C,A,20160101,2016,52,2016,699,IND,India,M,Import,0,W00,World,0,W00,World,H4,HS,True,27,"Mineral fuels, mineral oils and products of their distillation; bituminous substances; mineral waxes",2,False,C00,TOTAL CPC,0,0,TOTAL MOT,-1,N/A,,False,-1,N/A,,False,,False,,False,89308776816.0,,89308776816.0,0,True,False
C,A,20160101,2016,52,2016,699,IND,India,M,Import,0,W00,World,0,W00,World,H4,HS,True,29,Organic chemicals,2,False,C00,TOTAL CPC,0,0,TOTAL MOT,-1,N/A,,False,-1,N/A,,False,,False,,False,14767091024.0,,14767091024.0,0,True,False
C,A,20160101,2016,52,2016,699,IND,India,M,Import,0,W00,World,0,W00,World,H4,HS,True,28,"Inorganic chemicals; organic and inorganic compounds of precious metals; of rare earth metals, of radio-active elements and of isotopes",2,False,C00,TOTAL CPC,0,0,TOTAL MOT,-1,N/A,,False,-1,N/A,,False,,False,,False,4820826682.0,,4820826682.0,0,True,False
C,A,20160101,2016,52,2016,699,IND,India,M,Import,0,W00,World,0,W00,World,H4,HS,True,39,Plastics and articles thereof,2,False,C00,TOTAL CPC,0,0,TOTAL MOT,-1,N/A,,False,-1,N/A,,False,,False,,False,11391120372.0,,11391120372.0,0,True,False
C,A,20160101,2016,52,2016,699,IND,India,M,Import,0,W00,World,0,W00,World,H4,HS,True,30,Pharmaceutical products,2,False,C00,TOTAL CPC,0,0,TOTAL MOT,-1,N/A,,False,-1,N/A,,False,,False,,False,1697797871.0,,1697797871.0,0,True,False
C,A,20160101,2016,52,2016,699,IND,India,M,Import,0,W00,World,0,W00,World,H4,HS,True,31,Fertilizers,2,False,C00,TOTAL CPC,0,0,TOTAL MOT,-1,N/A,,False,-1,N/A,,False,,False,,False,4588866667.0,,4588866667.0,0,True,False
C,A,20160101,2016,52,2016,699,IND,India,M,Import,0,W00,World,0,W00,World,H4,HS,True,32,"Tanning or dyeing extracts; tannins and their derivatives; dyes, pigments and other colouring matter; paints, varnishes; putty, other mastics; inks",2,False,C00,TOTAL CPC,0,0,TOTAL MOT,-1,N/A,,False,-1,N/A,,False,,False,,False,1586697545.0,,1586697545.0,0,True,False
C,A,20160101,2016,52,2016,699,IND,India,M,Import,0,W00,World,0,W00,World,H4,HS,True,40,Rubber and articles thereof,2,False,C00,TOTAL CPC,0,0,TOTAL MOT,-1,N/A,,False,-1,N/A,,False,,False,,False,2888208580.0,,2888208580.0,0,True,False
C,A,20160101,2016,52,2016,699,IND,India,M,Import,0,W00,World,0,W00,World,H4,HS,True,35,Albuminoidal substances; modified starches; glues; enzymes,2,False,C00,TOTAL CPC,0,0,TOTAL MOT,-1,N/A,,False,-1,N/A,,False,,False,,False,351531477.0,,351531477.0,0,True,False
C,A,20160101,2016,52,2016,699,IND,India,M,Import,0,W00,World,0,W00,World,H4,HS,True,36,Explosives; pyrotechnic products; matches; pyrophoric alloys; certain combustible preparations,2,False,C00,TOTAL CPC,0,0,TOTAL MOT,-1,N/A,,False,-1,N/A,,False,,False,,False,9063142.0,,9063142.0,0,True,False
C,A,20160101,2016,52,2016,699,IND,India,M,Import,0,W00,World,0,W00,World,H4,HS,True,37,Photographic or cinematographic goods,2,False,C00,TOTAL CPC,0,0,TOTAL MOT,-1,N/A,,False,-1,N/A,,False,,False,,False,200570367.0,,200570367.0,0,True,False
C,A,20160101,2016,52,2016,699,IND,India,M,Import,0,W00,World,0,W00,World,H4,HS,True,38,Chemical products n.e.c.,2,False,C00,TOTAL CPC,0,0,TOTAL MOT,-1,N/A,,False,-1,N/A,,False,,False,,False,4408803253.0,,4408803253.0,0,True,False
C,A,20160101,2016,52,2016,699,IND,India,M,Import,0,W00,World,0,W00,World,H4,HS,True,33,"Essential oils and resinoids; perfumery, cosmetic or toilet preparations",2,False,C00,TOTAL CPC,0,0,TOTAL MOT,-1,N/A,,False,-1,N/A,,False,,False,,False,676335876.0,,676335876.0,0,True,False
C,A,20160101,2016,52,2016,699,IND,India,M,Import,0,W00,World,0,W00,World,H4,HS,True,34,"Soap, organic surface-active agents; washing, lubricating, polishing or scouring preparations; artificial or prepared waxes, candles and similar articles, modelling pastes, dental waxes and dental preparations with a basis of plaster",2,False,C00,TOTAL CPC,0,0,TOTAL MOT,-1,N/A,,False,-1,N/A,,False,,False,,False,649757892.0,,649757892.0,0,True,False
C,A,20160101,2016,52,2016,699,IND,India,M,Import,0,W00,World,0,W00,World,H4,HS,True,42,"Articles of leather; saddlery and harness; travel goods, handbags and similar containers; articles of animal gut (other than silk-worm gut)",2,False,C00,TOTAL CPC,0,0,TOTAL MOT,-1,N/A,,False,-1,N/A,,False,,False,,False,317112699.0,,317112699.0,0,True,False
C,A,20160101,2016,52,2016,699,IND,India,M,Import,0,W00,World,0,W00,World,H4,HS,True,43,Furskins and artificial fur; manufactures thereof,2,False,C00,TOTAL CPC,0,0,TOTAL MOT,-1,N/A,,False,-1,N/A,,False,,False,,False,2847680.0,,2847680.0,0,True,False
C,A,20160101,2016,52,2016,699,IND,India,M,Import,0,W00,World,0,W00,World,H4,HS,True,44,Wood and articles of wood; wood charcoal,2,False,C00,TOTAL CPC,0,0,TOTAL MOT,-1,N/A,,False,-1,N/A,,False,,False,,False,2145641120.0,,2145641120.0,0,True,False
C,A,20160101,2016,52,2016,699,IND,India,M,Import,0,W00,World,0,W00,World,H4,HS,True,45,Cork and articles of cork,2,False,C00,TOTAL CPC,0,0,TOTAL MOT,-1,N/A,,False,-1,N/A,,False,,False,,False,5156365.0,,5156365.0,0,True,False
C,A,20160101,2016,52,2016,699,IND,India,M,Import,0,W00,World,0,W00,World,H4,HS,True,46,"Manufactures of straw, esparto or other plaiting materials; basketware and wickerwork",2,False,C00,TOTAL CPC,0,0,TOTAL MOT,-1,N/A,,False,-1,N/A,,False,,False,,False,2069859.0,,2069859.0,0,True,False
C,A,20160101,2016,52,2016,699,IND,India,M,Import,0,W00,World,0,W00,World,H4,HS,True,47,Pulp of wood or other fibrous cellulosic material; recovered (waste and scrap) paper or paperboard,2,False,C00,TOTAL CPC,0,0,TOTAL MOT,-1,N/A,,False,-1,N/A,,False,,False,,False,1622286185.0,,1622286185.0,0,True,False
C,A,20160101,2016,52,2016,699,IND,India,M,Import,0,W00,World,0,W00,World,H4,HS,True,48,"Paper and paperboard; articles of paper pulp, of paper or paperboard",2,False,C00,TOTAL CPC,0,0,TOTAL MOT,-1,N/A,,False,-1,N/A,,False,,False,,False,2662594511.0,,2662594511.0,0,True,False
C,A,20160101,2016,52,2016,699,IND,India,M,Import,0,W00,World,0,W00,World,H4,HS,True,49,"Printed books, newspapers, pictures and other products of the printing industry; manuscripts, typescripts and plans",2,False,C00,TOTAL CPC,0,0,TOTAL MOT,-1,N/A,,False,-1,N/A,,False,,False,,False,318099682.0,,318099682.0,0,True,False
C,A,20160101,2016,52,2016,699,IND,India,M,Import,0,W00,World,0,W00,World,H4,HS,True,50,Silk,2,False,C00,TOTAL CPC,0,0,TOTAL MOT,-1,N/A,,False,-1,N/A,,False,,False,,False,208796938.0,,208796938.0,0,True,False
C,A,20160101,2016,52,2016,699,IND,India,M,Import,0,W00,World,0,W00,World,H4,HS,True,41,Raw hides and skins (other than furskins) and leather,2,False,C00,TOTAL CPC,0,0,TOTAL MOT,-1,N/A,,False,-1,N/A,,False,,False,,False,615980919.0,,615980919.0,0,True,False
C,A,20160101,2016,52,2016,699,IND,India,M,Import,0,W00,World,0,W00,World,H4,HS,True,51,"Wool, fine or coarse animal hair; horsehair yarn and woven fabric",2,False,C00,TOTAL CPC,0,0,TOTAL MOT,-1,N/A,,False,-1,N/A,,False,,False,,False,331498309.0,,331498309.0,0,True,False
C,A,20160101,2016,52,2016,699,IND,India,M,Import,0,W00,World,0,W00,World,H4,HS,True,52,Cotton,2,False,C00,TOTAL CPC,0,0,TOTAL MOT,-1,N/A,,False,-1,N/A,,False,,False,,False,1071400719.0,,1071400719.0,0,True,False
C,A,20160101,2016,52,2016,699,IND,India,M,Import,0,W00,World,0,W00,World,H4,HS,True,53,Vegetable textile fibres; paper yarn and woven fabrics of paper yarn,2,False,C00,TOTAL CPC,0,0,TOTAL MOT,-1,N/A,,False,-1,N/A,,False,,False,,False,347252456.0,,347252456.0,0,True,False
C,A,20160101,2016,52,2016,699,IND,India,M,Import,0,W00,World,0,W00,World,H4,HS,True,54,Man-made filaments; strip and the like of man-made textile materials,2,False,C00,TOTAL CPC,0,0,TOTAL MOT,-1,N/A,,False,-1,N/A,,False,,False,,False,725995910.0,,725995910.0,0,True,False
C,A,20160101,2016,52,2016,699,IND,India,M,Import,0,W00,World,0,W00,World,H4,HS,True,56,"Wadding, felt and nonwovens, special yarns; twine, cordage, ropes and cables and articles thereof",2,False,C00,TOTAL CPC,0,0,TOTAL MOT,-1,N/A,,False,-1,N/A,,False,,False,,False,288759018.0,,288759018.0,0,True,False
C,A,20160101,2016,52,2016,699,IND,India,M,Import,0,W00,World,0,W00,World,H4,HS,True,57,Carpets and other textile floor coverings,2,False,C00,TOTAL CPC,0,0,TOTAL MOT,-1,N/A,,False,-1,N/A,,False,,False,,False,88121085.0,,88121085.0,0,True,False
C,A,20160101,2016,52,2016,699,IND,India,M,Import,0,W00,World,0,W00,World,H4,HS,True,58,"Fabrics; special woven fabrics, tufted textile fabrics, lace, tapestries, trimmings, embroidery",2,False,C00,TOTAL CPC,0,0,TOTAL MOT,-1,N/A,,False,-1,N/A,,False,,False,,False,184987372.0,,184987372.0,0,True,False
C,A,20160101,2016,52,2016,699,IND,India,M,Import,0,W00,World,0,W00,World,H4,HS,True,59,"Textile fabrics; impregnated, coated, covered or laminated; textile articles of a kind suitable for industrial use",2,False,C00,TOTAL CPC,0,0,TOTAL MOT,-1,N/A,,False,-1,N/A,,False,,False,,False,690274431.0,,690274431.0,0,True,False
C,A,20160101,2016,52,2016,699,IND,India,M,Import,0,W00,World,0,W00,World,H4,HS,True,60,Fabrics; knitted or crocheted,2,False,C00,TOTAL CPC,0,0,TOTAL MOT,-1,N/A,,False,-1,N/A,,False,,False,,False,499525354.0,,499525354.0,0,True,False
C,A,20160101,2016,52,2016,699,IND,India,M,Import,0,W00,World,0,W00,World,H4,HS,True,61,Apparel and clothing accessories; knitted or crocheted,2,False,C00,TOTAL CPC,0,0,TOTAL MOT,-1,N/A,,False,-1,N/A,,False,,False,,False,262441025.0,,262441025.0,0,True,False
C,A,20160101,2016,52,2016,699,IND,India,M,Import,0,W00,World,0,W00,World,H4,HS,True,55,Man-made staple fibres,2,False,C00,TOTAL CPC,0,0,TOTAL MOT,-1,N/A,,False,-1,N/A,,False,,False,,False,589258887.0,,589258887.0,0,True,False
C,A,20160101,2016,52,2016,699,IND,India,M,Import,0,W00,World,0,W00,World,H4,HS,True,62,Apparel and clothing accessories; not knitted or crocheted,2,False,C00,TOTAL CPC,0,0,TOTAL MOT,-1,N/A,,False,-1,N/A,,False,,False,,False,338623478.0,,338623478.0,0,True,False
C,A,20160101,2016,52,2016,699,IND,India,M,Import,0,W00,World,0,W00,World,H4,HS,True,63,"Textiles, made up articles; sets; worn clothing and worn textile articles; rags",2,False,C00,TOTAL CPC,0,0,TOTAL MOT,-1,N/A,,False,-1,N/A,,False,,False,,False,453639730.0,,453639730.0,0,True,False
C,A,20160101,2016,52,2016,699,IND,India,M,Import,0,W00,World,0,W00,World,H4,HS,True,64,Footwear; gaiters and the like; parts of such articles,2,False,C00,TOTAL CPC,0,0,TOTAL MOT,-1,N/A,,False,-1,N/A,,False,,False,,False,530229316.0,,530229316.0,0,True,False
C,A,20160101,2016,52,2016,699,IND,India,M,Import,0,W00,World,0,W00,World,H4,HS,True,65,Headgear and parts thereof,2,False,C00,TOTAL CPC,0,0,TOTAL MOT,-1,N/A,,False,-1,N/A,,False,,False,,False,16131806.0,,16131806.0,0,True,False
C,A,20160101,2016,52,2016,699,IND,India,M,Import,0,W00,World,0,W00,World,H4,HS,True,66,"Umbrellas, sun umbrellas, walking-sticks, seat sticks, whips, riding crops; and parts thereof",2,False,C00,TOTAL CPC,0,0,TOTAL MOT,-1,N/A,,False,-1,N/A,,False,,False,,False,25372104.0,,25372104.0,0,True,False
C,A,20160101,2016,52,2016,699,IND,India,M,Import,0,W00,World,0,W00,World,H4,HS,True,67,"Feathers and down, prepared; and articles made of feather or of down; artificial flowers; articles of human hair",2,False,C00,TOTAL CPC,0,0,TOTAL MOT,-1,N/A,,False,-1,N/A,,False,,False,,False,11498794.0,,11498794.0,0,True,False
C,A,20160101,2016,52,2016,699,IND,India,M,Import,0,W00,World,0,W00,World,H4,HS,True,69,Ceramic products,2,False,C00,TOTAL CPC,0,0,TOTAL MOT,-1,N/A,,False,-1,N/A,,False,,False,,False,476250242.0,,476250242.0,0,True,False
C,A,20160101,2016,52,2016,699,IND,India,M,Import,0,W00,World,0,W00,World,H4,HS,True,70,Glass and glassware,2,False,C00,TOTAL CPC,0,0,TOTAL MOT,-1,N/A,,False,-1,N/A,,False,,False,,False,992606127.0,,992606127.0,0,True,False
C,A,20160101,2016,52,2016,699,IND,India,M,Import,0,W00,World,0,W00,World,H4,HS,True,71,"Natural, cultured pearls; precious, semi-precious stones; precious metals, metals clad with precious metal, and articles thereof; imitation jewellery; coin",2,False,C00,TOTAL CPC,0,0,TOTAL MOT,-1,N/A,,False,-1,N/A,,False,,False,,False,48129744051.0,,48129744051.0,0,True,False
C,A,20160101,2016,52,2016,699,IND,India,M,Import,0,W00,World,0,W00,World,H4,HS,True,72,Iron and steel,2,False,C00,TOTAL CPC,0,0,TOTAL MOT,-1,N/A,,False,-1,N/A,,False,,False,,False,8713651455.0,,8713651455.0,0,True,False
C,A,20160101,2016,52,2016,699,IND,India,M,Import,0,W00,World,0,W00,World,H4,HS,True,78,Lead and articles thereof,2,False,C00,TOTAL CPC,0,0,TOTAL MOT,-1,N/A,,False,-1,N/A,,False,,False,,False,563731137.0,,563731137.0,0,True,False
C,A,20160101,2016,52,2016,699,IND,India,M,Import,0,W00,World,0,W00,World,H4,HS,True,68,"Stone, plaster, cement, asbestos, mica or similar materials; articles thereof",2,False,C00,TOTAL CPC,0,0,TOTAL MOT,-1,N/A,,False,-1,N/A,,False,,False,,False,752349780.0,,752349780.0,0,True,False
C,A,20160101,2016,52,2016,699,IND,India,M,Import,0,W00,World,0,W00,World,H4,HS,True,73,Iron or steel articles,2,False,C00,TOTAL CPC,0,0,TOTAL MOT,-1,N/A,,False,-1,N/A,,False,,False,,False,3524660335.0,,3524660335.0,0,True,False
C,A,20160101,2016,52,2016,699,IND,India,M,Import,0,W00,World,0,W00,World,H4,HS,True,74,Copper and articles thereof,2,False,C00,TOTAL CPC,0,0,TOTAL MOT,-1,N/A,,False,-1,N/A,,False,,False,,False,3265814281.0,,3265814281.0,0,True,False
C,A,20160101,2016,52,2016,699,IND,India,M,Import,0,W00,World,0,W00,World,H4,HS,True,75,Nickel and articles thereof,2,False,C00,TOTAL CPC,0,0,TOTAL MOT,-1,N/A,,False,-1,N/A,,False,,False,,False,556514729.0,,556514729.0,0,True,False
C,A,20160101,2016,52,2016,699,IND,India,M,Import,0,W00,World,0,W00,World,H4,HS,True,76,Aluminium and articles thereof,2,False,C00,TOTAL CPC,0,0,TOTAL MOT,-1,N/A,,False,-1,N/A,,False,,False,,False,3372450937.0,,3372450937.0,0,True,False
C,A,20160101,2016,52,2016,699,IND,India,M,Import,0,W00,World,0,W00,World,H4,HS,True,79,Zinc and articles thereof,2,False,C00,TOTAL CPC,0,0,TOTAL MOT,-1,N/A,,False,-1,N/A,,False,,False,,False,699782089.0,,699782089.0,0,True,False
C,A,20160101,2016,52,2016,699,IND,India,M,Import,0,W00,World,0,W00,World,H4,HS,True,80,Tin; articles thereof,2,False,C00,TOTAL CPC,0,0,TOTAL MOT,-1,N/A,,False,-1,N/A,,False,,False,,False,183295251.0,,183295251.0,0,True,False
C,A,20160101,2016,52,2016,699,IND,India,M,Import,0,W00,World,0,W00,World,H4,HS,True,81,"Metals; n.e.c., cermets and articles thereof",2,False,C00,TOTAL CPC,0,0,TOTAL MOT,-1,N/A,,False,-1,N/A,,False,,False,,False,251461741.0,,251461741.0,0,True,False
C,A,20160101,2016,52,2016,699,IND,India,M,Import,0,W00,World,0,W00,World,H4,HS,True,82,"Tools, implements, cutlery, spoons and forks, of base metal; parts thereof, of base metal",2,False,C00,TOTAL CPC,0,0,TOTAL MOT,-1,N/A,,False,-1,N/A,,False,,False,,False,837612467.0,,837612467.0,0,True,False
C,A,20160101,2016,52,2016,699,IND,India,M,Import,0,W00,World,0,W00,World,H4,HS,True,83,Metal; miscellaneous products of base metal,2,False,C00,TOTAL CPC,0,0,TOTAL MOT,-1,N/A,,False,-1,N/A,,False,,False,,False,728200755.0,,728200755.0,0,True,False
C,A,20160101,2016,52,2016,699,IND,India,M,Import,0,W00,World,0,W00,World,H4,HS,True,84,"Nuclear reactors, boilers, machinery and mechanical appliances; parts thereof",2,False,C00,TOTAL CPC,0,0,TOTAL MOT,-1,N/A,,False,-1,N/A,,False,,False,,False,32515742030.0,,32515742030.0,0,True,False
C,A,20160101,2016,52,2016,699,IND,India,M,Import,0,W00,World,0,W00,World,H4,HS,True,86,"Railway, tramway locomotives, rolling-stock and parts thereof; railway or tramway track fixtures and fittings and parts thereof; mechanical (including electro-mechanical) traffic signalling equipment of all kinds",2,False,C00,TOTAL CPC,0,0,TOTAL MOT,-1,N/A,,False,-1,N/A,,False,,False,,False,423249638.0,,423249638.0,0,True,False
C,A,20160101,2016,52,2016,699,IND,India,M,Import,0,W00,World,0,W00,World,H4,HS,True,92,Musical instruments; parts and accessories of such articles,2,False,C00,TOTAL CPC,0,0,TOTAL MOT,-1,N/A,,False,-1,N/A,,False,,False,,False,37608678.0,,37608678.0,0,True,False
C,A,20160101,2016,52,2016,699,IND,India,M,Import,0,W00,World,0,W00,World,H4,HS,True,87,"Vehicles; other than railway or tramway rolling stock, and parts and accessories thereof",2,False,C00,TOTAL CPC,0,0,TOTAL MOT,-1,N/A,,False,-1,N/A,,False,,False,,False,4762581292.0,,4762581292.0,0,True,False
C,A,20160101,2016,52,2016,699,IND,India,M,Import,0,W00,World,0,W00,World,H4,HS,True,88,"Aircraft, spacecraft and parts thereof",2,False,C00,TOTAL CPC,0,0,TOTAL MOT,-1,N/A,,False,-1,N/A,,False,,False,,False,2944828816.0,,2944828816.0,0,True,False
C,A,20160101,2016,52,2016,699,IND,India,M,Import,0,W00,World,0,W00,World,H4,HS,True,89,"Ships, boats and floating structures",2,False,C00,TOTAL CPC,0,0,TOTAL MOT,-1,N/A,,False,-1,N/A,,False,,False,,False,5480638570.0,,5480638570.0,0,True,False
C,A,20160101,2016,52,2016,699,IND,India,M,Import,0,W00,World,0,W00,World,H4,HS,True,90,"Optical, photographic, cinematographic, measuring, checking, medical or surgical instruments and apparatus; parts and accessories",2,False,C00,TOTAL CPC,0,0,TOTAL MOT,-1,N/A,,False,-1,N/A,,False,,False,,False,7237468063.0,,7237468063.0,0,True,False
C,A,20160101,2016,52,2016,699,IND,India,M,Import,0,W00,World,0,W00,World,H4,HS,True,91,Clocks and watches and parts thereof,2,False,C00,TOTAL CPC,0,0,TOTAL MOT,-1,N/A,,False,-1,N/A,,False,,False,,False,265744949.0,,265744949.0,0,True,False
C,A,20160101,2016,52,2016,699,IND,India,M,Import,0,W00,World,0,W00,World,H4,HS,True,93,Arms and ammunition; parts and accessories thereof,2,False,C00,TOTAL CPC,0,0,TOTAL MOT,-1,N/A,,False,-1,N/A,,False,,False,,False,26450372.0,,26450372.0,0,True,False
C,A,20160101,2016,52,2016,699,IND,India,M,Import,0,W00,World,0,W00,World,H4,HS,True,94,"Furniture; bedding, mattresses, mattress supports, cushions and similar stuffed furnishings; lamps and lighting fittings, n.e.c.; illuminated signs, illuminated name-plates and the like; prefabricated buildings",2,False,C00,TOTAL CPC,0,0,TOTAL MOT,-1,N/A,,False,-1,N/A,,False,,False,,False,1462463420.0,,1462463420.0,0,True,False
C,A,20160101,2016,52,2016,699,IND,India,M,Import,0,W00,World,0,W00,World,H4,HS,True,95,"Toys, games and sports requisites; parts and accessories thereof",2,False,C00,TOTAL CPC,0,0,TOTAL MOT,-1,N/A,,False,-1,N/A,,False,,False,,False,514126941.0,,514126941.0,0,True,False
C,A,20160101,2016,52,2016,699,IND,India,M,Import,0,W00,World,0,W00,World,H4,HS,True,96,Miscellaneous manufactured articles,2,False,C00,TOTAL CPC,0,0,TOTAL MOT,-1,N/A,,False,-1,N/A,,False,,False,,False,447244724.0,,447244724.0,0,True,False
C,A,20160101,2016,52,2016,699,IND,India,M,Import,0,W00,World,0,W00,World,H4,HS,True,97,Works of art; collectors' pieces and antiques,2,False,C00,TOTAL CPC,0,0,TOTAL MOT,-1,N/A,,False,-1,N/A,,False,,False,,False,213135028.0,,213135028.0,0,True,False
C,A,20160101,2016,52,2016,699,IND,India,M,Import,0,W00,World,0,W00,World,H4,HS,True,99,Commodities not specified according to kind,2,False,C00,TOTAL CPC,0,0,TOTAL MOT,-1,N/A,,False,-1,N/A,,False,,False,,False,10613424487.0,,10613424487.0,0,True,False
C,A,20160101,2016,52,2016,699,IND,India,M,Import,0,W00,World,0,W00,World,H4,HS,True,85,"Electrical machinery and equipment and parts thereof; sound recorders and reproducers; television image and sound recorders and reproducers, parts and accessories of such articles",2,False,C00,TOTAL CPC,0,0,TOTAL MOT,-1,N/A,,False,-1,N/A,,False,,False,,False,37005267466.0,,37005267466.0,0,True,False
C,A,20170101,2017,52,2017,50,BGD,Bangladesh,M,Import,0,W00,World,0,W00,World,H5,HS,True,84,"Nuclear reactors, boilers, machinery and mechanical appliances; parts thereof",2,False,C00,TOTAL CPC,0,0,TOTAL MOT,-1,N/A,0.0,False,-1,N/A,0.0,False,,False,0.0,False,7073354071.491,,7073354071.491,0,False,True
C,A,20170101,2017,52,2017,50,BGD,Bangladesh,M,Import,0,W00,World,0,W00,World,H5,HS,True,90,"Optical, photographic, cinematographic, measuring, checking, medical or surgical instruments and apparatus; parts and accessories",2,False,C00,TOTAL CPC,0,0,TOTAL MOT,-1,N/A,0.0,False,-1,N/A,0.0,False,,False,0.0,False,688151670.424,,688151670.424,0,False,True
C,A,20170101,2017,52,2017,50,BGD,Bangladesh,M,Import,0,W00,World,0,W00,World,H5,HS,True,82,"Tools, implements, cutlery, spoons and forks, of base metal; parts thereof, of base metal",2,False,C00,TOTAL CPC,0,0,TOTAL MOT,-1,N/A,0.0,False,-1,N/A,0.0,False,,False,0.0,False,60256035.981,,60256035.981,0,False,True
C,A,20170101,2017,52,2017,50,BGD,Bangladesh,M,Import,0,W00,World,0,W00,World,H5,HS,True,37,Photographic or cinematographic goods,2,False,C00,TOTAL CPC,0,0,TOTAL MOT,-1,N/A,0.0,False,-1,N/A,0.0,False,,False,0.0,False,27226282.001,,27226282.001,0,False,True
C,A,20170101,2017,52,2017,50,BGD,Bangladesh,M,Import,0,W00,World,0,W00,World,H5,HS,True,64,Footwear; gaiters and the like; parts of such articles,2,False,C00,TOTAL CPC,0,0,TOTAL MOT,-1,N/A,0.0,False,-1,N/A,0.0,False,,False,0.0,False,208472530.724,,208472530.724,0,False,True
C,A,20170101,2017,52,2017,50,BGD,Bangladesh,M,Import,0,W00,World,0,W00,World,H5,HS,True,87,"Vehicles; other than railway or tramway rolling stock, and parts and accessories thereof",2,False,C00,TOTAL CPC,0,0,TOTAL MOT,-1,N/A,0.0,False,-1,N/A,0.0,False,,False,0.0,False,1892619289.023,,1892619289.023,0,False,True
C,A,20170101,2017,52,2017,50,BGD,Bangladesh,M,Import,0,W00,World,0,W00,World,H5,HS,True,89,"Ships, boats and floating structures",2,False,C00,TOTAL CPC,0,0,TOTAL MOT,-1,N/A,0.0,False,-1,N/A,0.0,False,,False,0.0,False,1148993163.656,,1148993163.656,0,False,True
C,A,20170101,2017,52,2017,50,BGD,Bangladesh,M,Import,0,W00,World,0,W00,World,H5,HS,True,91,Clocks and watches and parts thereof,2,False,C00,TOTAL CPC,0,0,TOTAL MOT,-1,N/A,0.0,False,-1,N/A,0.0,False,,False,0.0,False,9411212.392,,9411212.392,0,False,True
C,A,20170101,2017,52,2017,50,BGD,Bangladesh,M,Import,0,W00,World,0,W00,World,H5,HS,True,93,Arms and ammunition; parts and accessories thereof,2,False,C00,TOTAL CPC,0,0,TOTAL MOT,-1,N/A,0.0,False,-1,N/A,0.0,False,,False,0.0,False,581842583.357,,581842583.357,0,False,True
C,A,20170101,2017,52,2017,50,BGD,Bangladesh,M,Import,0,W00,World,0,W00,World,H5,HS,True,97,Works of art; collectors' pieces and antiques,2,False,C00,TOTAL CPC,0,0,TOTAL MOT,-1,N/A,0.0,False,-1,N/A,0.0,False,,False,0.0,False,434640.09,,434640.09,0,False,True
C,A,20170101,2017,52,2017,50,BGD,Bangladesh,M,Import,0,W00,World,0,W00,World,H5,HS,True,92,Musical instruments; parts and accessories of such articles,2,False,C00,TOTAL CPC,0,0,TOTAL MOT,-1,N/A,0.0,False,-1,N/A,0.0,False,,False,0.0,False,780437.543,,780437.543,0,False,True
C,A,20170101,2017,52,2017,50,BGD,Bangladesh,M,Import,0,W00,World,0,W00,World,H5,HS,True,42,"Articles of leather; saddlery and harness; travel goods, handbags and similar containers; articles of animal gut (other than silk-worm gut)",2,False,C00,TOTAL CPC,0,0,TOTAL MOT,-1,N/A,0.0,False,-1,N/A,0.0,False,,False,0.0,False,51930649.586,,51930649.586,0,False,True
C,A,20170101,2017,52,2017,50,BGD,Bangladesh,M,Import,0,W00,World,0,W00,World,H5,HS,True,85,"Electrical machinery and equipment and parts thereof; sound recorders and reproducers; television image and sound recorders and reproducers, parts and accessories of such articles",2,False,C00,TOTAL CPC,0,0,TOTAL MOT,-1,N/A,0.0,False,-1,N/A,0.0,False,,False,0.0,False,3580863607.835,,3580863607.835,0,False,True
C,A,20170101,2017,52,2017,50,BGD,Bangladesh,M,Import,0,W00,World,0,W00,World,H5,HS,True,86,"Railway, tramway locomotives, rolling-stock and parts thereof; railway or tramway track fixtures and fittings and parts thereof; mechanical (including electro-mechanical) traffic signalling equipment of all kinds",2,False,C00,TOTAL CPC,0,0,TOTAL MOT,-1,N/A,0.0,False,-1,N/A,0.0,False,,False,0.0,False,25405036.35,,25405036.35,0,False,True
C,A,20170101,2017,52,2017,50,BGD,Bangladesh,M,Import,0,W00,World,0,W00,World,H5,HS,True,57,Carpets and other textile floor coverings,2,False,C00,TOTAL CPC,0,0,TOTAL MOT,-1,N/A,0.0,False,-1,N/A,0.0,False,,False,0.0,False,7513381.727,,7513381.727,0,False,True
C,A,20170101,2017,52,2017,50,BGD,Bangladesh,M,Import,0,W00,World,0,W00,World,H5,HS,True,62,Apparel and clothing accessories; not knitted or crocheted,2,False,C00,TOTAL CPC,0,0,TOTAL MOT,-1,N/A,0.0,False,-1,N/A,0.0,False,,False,0.0,False,798630930.448,,798630930.448,0,False,True
C,A,20170101,2017,52,2017,50,BGD,Bangladesh,M,Import,0,W00,World,0,W00,World,H5,HS,True,47,Pulp of wood or other fibrous cellulosic material; recovered (waste and scrap) paper or paperboard,2,False,C00,TOTAL CPC,0,0,TOTAL MOT,-1,N/A,0.0,False,-1,N/A,0.0,False,,False,0.0,False,230462232.181,,230462232.181,0,False,True
C,A,20170101,2017,52,2017,50,BGD,Bangladesh,M,Import,0,W00,World,0,W00,World,H5,HS,True,61,Apparel and clothing accessories; knitted or crocheted,2,False,C00,TOTAL CPC,0,0,TOTAL MOT,-1,N/A,0.0,False,-1,N/A,0.0,False,,False,0.0,False,39760008.628,,39760008.628,0,False,True
C,A,20170101,2017,52,2017,50,BGD,Bangladesh,M,Import,0,W00,World,0,W00,World,H5,HS,True,44,Wood and articles of wood; wood charcoal,2,False,C00,TOTAL CPC,0,0,TOTAL MOT,-1,N/A,0.0,False,-1,N/A,0.0,False,,False,0.0,False,163159514.126,,163159514.126,0,False,True
C,A,20170101,2017,52,2017,50,BGD,Bangladesh,M,Import,0,W00,World,0,W00,World,H5,HS,True,70,Glass and glassware,2,False,C00,TOTAL CPC,0,0,TOTAL MOT,-1,N/A,0.0,False,-1,N/A,0.0,False,,False,0.0,False,105973812.575,,105973812.575,0,False,True
C,A,20170101,2017,52,2017,50,BGD,Bangladesh,M,Import,0,W00,World,0,W00,World,H5,HS,True,01,Animals; live,2,False,C00,TOTAL CPC,0,0,TOTAL MOT,-1,N/A,0.0,False,-1,N/A,0.0,False,,False,0.0,False,26906710.19,,26906710.19,0,False,True
C,A,20170101,2017,52,2017,50,BGD,Bangladesh,M,Import,0,W00,World,0,W00,World,H5,HS,True,94,"Furniture; bedding, mattresses, mattress supports, cushions and similar stuffed furnishings; lamps and lighting fittings, n.e.c.; illuminated signs, illuminated name-plates and the like; prefabricated buildings",2,False,C00,TOTAL CPC,0,0,TOTAL MOT,-1,N/A,0.0,False,-1,N/A,0.0,False,0.0,True,0.0,False,142171332.953,,142171332.953,4,False,True
C,A,20170101,2017,52,2017,50,BGD,Bangladesh,M,Import,0,W00,World,0,W00,World,H5,HS,True,05,Animal originated products; not elsewhere specified or included,2,False,C00,TOTAL CPC,0,0,TOTAL MOT,-1,N/A,0.0,False,-1,N/A,0.0,False,0.0,True,0.0,False,33756090.548,,33756090.548,4,False,True
C,A,20170101,2017,52,2017,50,BGD,Bangladesh,M,Import,0,W00,World,0,W00,World,H5,HS,True,07,Vegetables and certain roots and tubers; edible,2,False,C00,TOTAL CPC,0,0,TOTAL MOT,-1,N/A,0.0,False,-1,N/A,0.0,False,0.0,True,0.0,False,1013998293.616,,1013998293.616,4,False,True
C,A,20170101,2017,52,2017,50,BGD,Bangladesh,M,Import,0,W00,World,0,W00,World,H5,HS,True,22,"Beverages, spirits and vinegar",2,False,C00,TOTAL CPC,0,0,TOTAL MOT,-1,N/A,0.0,False,-1,N/A,0.0,False,0.0,True,0.0,False,10453223.587,,10453223.587,4,False,True
C,A,20170101,2017,52,2017,50,BGD,Bangladesh,M,Import,0,W00,World,0,W00,World,H5,HS,True,83,Metal; miscellaneous products of base metal,2,False,C00,TOTAL CPC,0,0,TOTAL MOT,-1,N/A,0.0,False,-1,N/A,0.0,False,0.0,True,0.0,False,128153583.182,,128153583.182,4,False,True
C,A,20170101,2017,52,2017,50,BGD,Bangladesh,M,Import,0,W00,World,0,W00,World,H5,HS,True,12,"Oil seeds and oleaginous fruits; miscellaneous grains, seeds and fruit, industrial or medicinal plants; straw and fodder",2,False,C00,TOTAL CPC,0,0,TOTAL MOT,-1,N/A,0.0,False,-1,N/A,0.0,False,0.0,True,0.0,False,784735119.862,,784735119.862,4,False,True
C,A,20170101,2017,52,2017,50,BGD,Bangladesh,M,Import,0,W00,World,0,W00,World,H5,HS,True,18,Cocoa and cocoa preparations,2,False,C00,TOTAL CPC,0,0,TOTAL MOT,-1,N/A,0.0,False,-1,N/A,0.0,False,0.0,True,0.0,False,15422879.135,,15422879.135,4,False,True
C,A,20170101,2017,52,2017,50,BGD,Bangladesh,M,Import,0,W00,World,0,W00,World,H5,HS,True,20,"Preparations of vegetables, fruit, nuts or other parts of plants",2,False,C00,TOTAL CPC,0,0,TOTAL MOT,-1,N/A,0.0,False,-1,N/A,0.0,False,0.0,True,0.0,False,18232292.012,,18232292.012,4,False,True
C,A,20170101,2017,52,2017,50,BGD,Bangladesh,M,Import,0,W00,World,0,W00,World,H5,HS,True,25,"Salt; sulphur; earths, stone; plastering materials, lime and cement",2,False,C00,TOTAL CPC,0,0,TOTAL MOT,-1,N/A,0.0,False,-1,N/A,0.0,False,0.0,True,0.0,False,1465062594.668,,1465062594.668,4,False,True
C,A,20170101,2017,52,2017,50,BGD,Bangladesh,M,Import,0,W00,World,0,W00,World,H5,HS,True,30,Pharmaceutical products,2,False,C00,TOTAL CPC,0,0,TOTAL MOT,-1,N/A,0.0,False,-1,N/A,0.0,False,0.0,True,0.0,False,296588085.894,,296588085.894,4,False,True
C,A,20170101,2017,52,2017,50,BGD,Bangladesh,M,Import,0,W00,World,0,W00,World,H5,HS,True,35,Albuminoidal substances; modified starches; glues; enzymes,2,False,C00,TOTAL CPC,0,0,TOTAL MOT,-1,N/A,0.0,False,-1,N/A,0.0,False,0.0,True,0.0,False,109761909.696,,109761909.696,4,False,True
C,A,20170101,2017,52,2017,50,BGD,Bangladesh,M,Import,0,W00,World,0,W00,World,H5,HS,True,36,Explosives; pyrotechnic products; matches; pyrophoric alloys; certain combustible preparations,2,False,C00,TOTAL CPC,0,0,TOTAL MOT,-1,N/A,0.0,False,-1,N/A,0.0,False,0.0,True,0.0,False,2541506.935,,2541506.935,4,False,True
C,A,20170101,2017,52,2017,50,BGD,Bangladesh,M,Import,0,W00,World,0,W00,World,H5,HS,True,02,Meat and edible meat offal,2,False,C00,TOTAL CPC,0,0,TOTAL MOT,-1,N/A,0.0,False,-1,N/A,0.0,False,0.0,True,0.0,False,3423856.573,,3423856.573,4,False,True
C,A,20170101,2017,52,2017,50,BGD,Bangladesh,M,Import,0,W00,World,0,W00,World,H5,HS,True,03,"Fish and crustaceans, molluscs and other aquatic invertebrates",2,False,C00,TOTAL CPC,0,0,TOTAL MOT,-1,N/A,0.0,False,-1,N/A,0.0,False,0.0,True,0.0,False,76070709.798,,76070709.798,4,False,True
C,A,20170101,2017,52,2017,50,BGD,Bangladesh,M,Import,0,W00,World,0,W00,World,H5,HS,True,04,"Dairy produce; birds' eggs; natural honey; edible products of animal origin, not elsewhere specified or included",2,False,C00,TOTAL CPC,0,0,TOTAL MOT,-1,N/A,0.0,False,-1,N/A,0.0,False,0.0,True,0.0,False,364910674.784,,364910674.784,4,False,True
C,A,20170101,2017,52,2017,50,BGD,Bangladesh,M,Import,0,W00,World,0,W00,World,H5,HS,True,06,"Trees and other plants, live; bulbs, roots and the like; cut flowers and ornamental foliage",2,False,C00,TOTAL CPC,0,0,TOTAL MOT,-1,N/A,0.0,False,-1,N/A,0.0,False,0.0,True,0.0,False,994049.265,,994049.265,4,False,True
C,A,20170101,2017,52,2017,50,BGD,Bangladesh,M,Import,0,W00,World,0,W00,World,H5,HS,True,08,"Fruit and nuts, edible; peel of citrus fruit or melons",2,False,C00,TOTAL CPC,0,0,TOTAL MOT,-1,N/A,0.0,False,-1,N/A,0.0,False,0.0,True,0.0,False,423004776.3,,423004776.3,4,False,True
C,A,20170101,2017,52,2017,50,BGD,Bangladesh,M,Import,0,W00,World,0,W00,World,H5,HS,True,38,Chemical products n.e.c.,2,False,C00,TOTAL CPC,0,0,TOTAL MOT,-1,N/A,0.0,False,-1,N/A,0.0,False,0.0,True,0.0,False,698120372.661,,698120372.661,4,False,True
C,A,20170101,2017,52,2017,50,BGD,Bangladesh,M,Import,0,W00,World,0,W00,World,H5,HS,True,40,Rubber and articles thereof,2,False,C00,TOTAL CPC,0,0,TOTAL MOT,-1,N/A,0.0,False,-1,N/A,0.0,False,0.0,True,0.0,False,398639460.283,,398639460.283,4,False,True
C,A,20170101,2017,52,2017,50,BGD,Bangladesh,M,Import,0,W00,World,0,W00,World,H5,HS,True,45,Cork and articles of cork,2,False,C00,TOTAL CPC,0,0,TOTAL MOT,-1,N/A,0.0,False,-1,N/A,0.0,False,0.0,True,0.0,False,393148.054,,393148.054,4,False,True
C,A,20170101,2017,52,2017,50,BGD,Bangladesh,M,Import,0,W00,World,0,W00,World,H5,HS,True,75,Nickel and articles thereof,2,False,C00,TOTAL CPC,0,0,TOTAL MOT,-1,N/A,0.0,False,-1,N/A,0.0,False,0.0,True,0.0,False,2278312.698,,2278312.698,4,False,True
C,A,20170101,2017,52,2017,50,BGD,Bangladesh,M,Import,0,W00,World,0,W00,World,H5,HS,True,76,Aluminium and articles thereof,2,False,C00,TOTAL CPC,0,0,TOTAL MOT,-1,N/A,0.0,False,-1,N/A,0.0,False,0.0,True,0.0,False,431192906.784,,431192906.784,4,False,True
C,A,20170101,2017,52,2017,50,BGD,Bangladesh,M,Import,0,W00,World,0,W00,World,H5,HS,True,79,Zinc and articles thereof,2,False,C00,TOTAL CPC,0,0,TOTAL MOT,-1,N/A,0.0,False,-1,N/A,0.0,False,0.0,True,0.0,False,223203051.463,,223203051.463,4,False,True
C,A,20170101,2017,52,2017,50,BGD,Bangladesh,M,Import,0,W00,World,0,W00,World,H5,HS,True,81,"Metals; n.e.c., cermets and articles thereof",2,False,C00,TOTAL CPC,0,0,TOTAL MOT,-1,N/A,0.0,False,-1,N/A,0.0,False,0.0,True,0.0,False,4127720.13,,4127720.13,4,False,True
C,A,20170101,2017,52,2017,50,BGD,Bangladesh,M,Import,0,W00,World,0,W00,World,H5,HS,True,51,"Wool, fine or coarse animal hair; horsehair yarn and woven fabric",2,False,C00,TOTAL CPC,0,0,TOTAL MOT,-1,N/A,0.0,False,-1,N/A,0.0,False,0.0,True,0.0,False,40946395.015,,40946395.015,4,False,True
C,A,20170101,2017,52,2017,50,BGD,Bangladesh,M,Import,0,W00,World,0,W00,World,H5,HS,True,54,Man-made filaments; strip and the like of man-made textile materials,2,False,C00,TOTAL CPC,0,0,TOTAL MOT,-1,N/A,0.0,False,-1,N/A,0.0,False,0.0,True,0.0,False,1496122956.162,,1496122956.162,4,False,True
C,A,20170101,2017,52,2017,50,BGD,Bangladesh,M,Import,0,W00,World,0,W00,World,H5,HS,True,58,"Fabrics; special woven fabrics, tufted textile fabrics, lace, tapestries, trimmings, embroidery",2,False,C00,TOTAL CPC,0,0,TOTAL MOT,-1,N/A,0.0,False,-1,N/A,0.0,False,0.0,True,0.0,False,237283435.066,,237283435.066,4,False,True
C,A,20170101,2017,52,2017,50,BGD,Bangladesh,M,Import,0,W00,World,0,W00,World,H5,HS,True,66,"Umbrellas, sun umbrellas, walking-sticks, seat sticks, whips, riding crops; and parts thereof",2,False,C00,TOTAL CPC,0,0,TOTAL MOT,-1,N/A,0.0,False,-1,N/A,0.0,False,0.0,True,0.0,False,11352463.301,,11352463.301,4,False,True
C,A,20170101,2017,52,2017,50,BGD,Bangladesh,M,Import,0,W00,World,0,W00,World,H5,HS,True,24,Tobacco and manufactured tobacco substitutes,2,False,C00,TOTAL CPC,0,0,TOTAL MOT,-1,N/A,0.0,False,-1,N/A,0.0,False,0.0,True,0.0,False,13659727.582,,13659727.582,4,False,True
C,A,20170101,2017,52,2017,50,BGD,Bangladesh,M,Import,0,W00,World,0,W00,World,H5,HS,True,34,"Soap, organic surface-active agents; washing, lubricating, polishing or scouring preparations; artificial or prepared waxes, candles and similar articles, modelling pastes, dental waxes and dental preparations with a basis of plaster",2,False,C00,TOTAL CPC,0,0,TOTAL MOT,-1,N/A,0.0,False,-1,N/A,0.0,False,0.0,True,0.0,False,196040283.575,,196040283.575,4,False,True
C,A,20170101,2017,52,2017,50,BGD,Bangladesh,M,Import,0,W00,World,0,W00,World,H5,HS,True,96,Miscellaneous manufactured articles,2,False,C00,TOTAL CPC,0,0,TOTAL MOT,-1,N/A,0.0,False,-1,N/A,0.0,False,0.0,True,0.0,False,339791166.909,,339791166.909,4,False,True
C,A,20170101,2017,52,2017,50,BGD,Bangladesh,M,Import,0,W00,World,0,W00,World,H5,HS,True,74,Copper and articles thereof,2,False,C00,TOTAL CPC,0,0,TOTAL MOT,-1,N/A,0.0,False,-1,N/A,0.0,False,0.0,True,0.0,False,305366047.882,,305366047.882,4,False,True
C,A,20170101,2017,52,2017,50,BGD,Bangladesh,M,Import,0,W00,World,0,W00,World,H5,HS,True,09,"Coffee, tea, mate and spices",2,False,C00,TOTAL CPC,0,0,TOTAL MOT,-1,N/A,0.0,False,-1,N/A,0.0,False,0.0,True,0.0,False,386094277.236,,386094277.236,4,False,True
C,A,20170101,2017,52,2017,50,BGD,Bangladesh,M,Import,0,W00,World,0,W00,World,H5,HS,True,13,"Lac; gums, resins and other vegetable saps and extracts",2,False,C00,TOTAL CPC,0,0,TOTAL MOT,-1,N/A,0.0,False,-1,N/A,0.0,False,0.0,True,0.0,False,14524940.037,,14524940.037,4,False,True
C,A,20170101,2017,52,2017,50,BGD,Bangladesh,M,Import,0,W00,World,0,W00,World,H5,HS,True,14,Vegetable plaiting materials; vegetable products not elsewhere specified or included,2,False,C00,TOTAL CPC,0,0,TOTAL MOT,-1,N/A,0.0,False,-1,N/A,0.0,False,0.0,True,0.0,False,8506002.371,,8506002.371,4,False,True
C,A,20170101,2017,52,2017,50,BGD,Bangladesh,M,Import,0,W00,World,0,W00,World,H5,HS,True,17,Sugars and sugar confectionery,2,False,C00,TOTAL CPC,0,0,TOTAL MOT,-1,N/A,0.0,False,-1,N/A,0.0,False,0.0,True,0.0,False,1325609615.818,,1325609615.818,4,False,True
C,A,20170101,2017,52,2017,50,BGD,Bangladesh,M,Import,0,W00,World,0,W00,World,H5,HS,True,19,"Preparations of cereals, flour, starch or milk; pastrycooks' products",2,False,C00,TOTAL CPC,0,0,TOTAL MOT,-1,N/A,0.0,False,-1,N/A,0.0,False,0.0,True,0.0,False,109068462.616,,109068462.616,4,False,True
C,A,20170101,2017,52,2017,50,BGD,Bangladesh,M,Import,0,W00,World,0,W00,World,H5,HS,True,21,Miscellaneous edible preparations,2,False,C00,TOTAL CPC,0,0,TOTAL MOT,-1,N/A,0.0,False,-1,N/A,0.0,False,0.0,True,0.0,False,102726543.194,,102726543.194,4,False,True
C,A,20170101,2017,52,2017,50,BGD,Bangladesh,M,Import,0,W00,World,0,W00,World,H5,HS,True,23,"Food industries, residues and wastes thereof; prepared animal fodder",2,False,C00,TOTAL CPC,0,0,TOTAL MOT,-1,N/A,0.0,False,-1,N/A,0.0,False,0.0,True,0.0,False,802302096.684,,802302096.684,4,False,True
C,A,20170101,2017,52,2017,50,BGD,Bangladesh,M,Import,0,W00,World,0,W00,World,H5,HS,True,26,"Ores, slag and ash",2,False,C00,TOTAL CPC,0,0,TOTAL MOT,-1,N/A,0.0,False,-1,N/A,0.0,False,0.0,True,0.0,False,136251554.572,,136251554.572,4,False,True
C,A,20170101,2017,52,2017,50,BGD,Bangladesh,M,Import,0,W00,World,0,W00,World,H5,HS,True,29,Organic chemicals,2,False,C00,TOTAL CPC,0,0,TOTAL MOT,-1,N/A,0.0,False,-1,N/A,0.0,False,0.0,True,0.0,False,876929999.681,,876929999.681,4,False,True
C,A,20170101,2017,52,2017,50,BGD,Bangladesh,M,Import,0,W00,World,0,W00,World,H5,HS,True,32,"Tanning or dyeing extracts; tannins and their derivatives; dyes, pigments and other colouring matter; paints, varnishes; putty, other mastics; inks",2,False,C00,TOTAL CPC,0,0,TOTAL MOT,-1,N/A,0.0,False,-1,N/A,0.0,False,0.0,True,0.0,False,727186000.476,,727186000.476,4,False,True
C,A,20170101,2017,52,2017,50,BGD,Bangladesh,M,Import,0,W00,World,0,W00,World,H5,HS,True,33,"Essential oils and resinoids; perfumery, cosmetic or toilet preparations",2,False,C00,TOTAL CPC,0,0,TOTAL MOT,-1,N/A,0.0,False,-1,N/A,0.0,False,0.0,True,0.0,False,138009099.79,,138009099.79,4,False,True
C,A,20170101,2017,52,2017,50,BGD,Bangladesh,M,Import,0,W00,World,0,W00,World,H5,HS,True,59,"Textile fabrics; impregnated, coated, covered or laminated; textile articles of a kind suitable for industrial use",2,False,C00,TOTAL CPC,0,0,TOTAL MOT,-1,N/A,0.0,False,-1,N/A,0.0,False,0.0,True,0.0,False,212885894.914,,212885894.914,4,False,True
C,A,20170101,2017,52,2017,50,BGD,Bangladesh,M,Import,0,W00,World,0,W00,World,H5,HS,True,63,"Textiles, made up articles; sets; worn clothing and worn textile articles; rags",2,False,C00,TOTAL CPC,0,0,TOTAL MOT,-1,N/A,0.0,False,-1,N/A,0.0,False,0.0,True,0.0,False,60831617.347,,60831617.347,4,False,True
C,A,20170101,2017,52,2017,50,BGD,Bangladesh,M,Import,0,W00,World,0,W00,World,H5,HS,True,65,Headgear and parts thereof,2,False,C00,TOTAL CPC,0,0,TOTAL MOT,-1,N/A,0.0,False,-1,N/A,0.0,False,0.0,True,0.0,False,6467629.751,,6467629.751,4,False,True
C,A,20170101,2017,52,2017,50,BGD,Bangladesh,M,Import,0,W00,World,0,W00,World,H5,HS,True,67,"Feathers and down, prepared; and articles made of feather or of down; artificial flowers; articles of human hair",2,False,C00,TOTAL CPC,0,0,TOTAL MOT,-1,N/A,0.0,False,-1,N/A,0.0,False,0.0,True,0.0,False,27140392.183,,27140392.183,4,False,True
C,A,20170101,2017,52,2017,50,BGD,Bangladesh,M,Import,0,W00,World,0,W00,World,H5,HS,True,69,Ceramic products,2,False,C00,TOTAL CPC,0,0,TOTAL MOT,-1,N/A,0.0,False,-1,N/A,0.0,False,0.0,True,0.0,False,119769411.897,,119769411.897,4,False,True
C,A,20170101,2017,52,2017,50,BGD,Bangladesh,M,Import,0,W00,World,0,W00,World,H5,HS,True,71,"Natural, cultured pearls; precious, semi-precious stones; precious metals, metals clad with precious metal, and articles thereof; imitation jewellery; coin",2,False,C00,TOTAL CPC,0,0,TOTAL MOT,-1,N/A,0.0,False,-1,N/A,0.0,False,0.0,True,0.0,False,11837986.211,,11837986.211,4,False,True
C,A,20170101,2017,52,2017,50,BGD,Bangladesh,M,Import,0,W00,World,0,W00,World,H5,HS,True,72,Iron and steel,2,False,C00,TOTAL CPC,0,0,TOTAL MOT,-1,N/A,0.0,False,-1,N/A,0.0,False,0.0,True,0.0,False,2603053575.934,,2603053575.934,4,False,True
C,A,20170101,2017,52,2017,50,BGD,Bangladesh,M,Import,0,W00,World,0,W00,World,H5,HS,True,73,Iron or steel articles,2,False,C00,TOTAL CPC,0,0,TOTAL MOT,-1,N/A,0.0,False,-1,N/A,0.0,False,0.0,True,0.0,False,811719223.866,,811719223.866,4,False,True
C,A,20170101,2017,52,2017,50,BGD,Bangladesh,M,Import,0,W00,World,0,W00,World,H5,HS,True,88,"Aircraft, spacecraft and parts thereof",2,False,C00,TOTAL CPC,0,0,TOTAL MOT,-1,N/A,0.0,False,-1,N/A,0.0,False,0.0,True,0.0,False,132093089.967,,132093089.967,4,False,True
C,A,20170101,2017,52,2017,50,BGD,Bangladesh,M,Import,0,W00,World,0,W00,World,H5,HS,True,95,"Toys, games and sports requisites; parts and accessories thereof",2,False,C00,TOTAL CPC,0,0,TOTAL MOT,-1,N/A,0.0,False,-1,N/A,0.0,False,0.0,True,0.0,False,44779451.636,,44779451.636,4,False,True
C,A,20170101,2017,52,2017,50,BGD,Bangladesh,M,Import,0,W00,World,0,W00,World,H5,HS,True,46,"Manufactures of straw, esparto or other plaiting materials; basketware and wickerwork",2,False,C00,TOTAL CPC,0,0,TOTAL MOT,-1,N/A,0.0,False,-1,N/A,0.0,False,0.0,True,0.0,False,1262327.422,,1262327.422,4,False,True
C,A,20170101,2017,52,2017,50,BGD,Bangladesh,M,Import,0,W00,World,0,W00,World,H5,HS,True,48,"Paper and paperboard; articles of paper pulp, of paper or paperboard",2,False,C00,TOTAL CPC,0,0,TOTAL MOT,-1,N/A,0.0,False,-1,N/A,0.0,False,0.0,True,0.0,False,768109598.855,,768109598.855,4,False,True
C,A,20170101,2017,52,2017,50,BGD,Bangladesh,M,Import,0,W00,World,0,W00,World,H5,HS,True,39,Plastics and articles thereof,2,False,C00,TOTAL CPC,0,0,TOTAL MOT,-1,N/A,0.0,False,-1,N/A,0.0,False,0.0,True,0.0,False,2345976476.56,,2345976476.56,4,False,True
C,A,20170101,2017,52,2017,50,BGD,Bangladesh,M,Import,0,W00,World,0,W00,World,H5,HS,True,49,"Printed books, newspapers, pictures and other products of the printing industry; manuscripts, typescripts and plans",2,False,C00,TOTAL CPC,0,0,TOTAL MOT,-1,N/A,0.0,False,-1,N/A,0.0,False,0.0,True,0.0,False,99426343.0,,99426343.0,4,False,True
C,A,20170101,2017,52,2017,50,BGD,Bangladesh,M,Import,0,W00,World,0,W00,World,H5,HS,True,52,Cotton,2,False,C00,TOTAL CPC,0,0,TOTAL MOT,-1,N/A,0.0,False,-1,N/A,0.0,False,0.0,True,0.0,False,8632285842.075,,8632285842.075,4,False,True
C,A,20170101,2017,52,2017,50,BGD,Bangladesh,M,Import,0,W00,World,0,W00,World,H5,HS,True,55,Man-made staple fibres,2,False,C00,TOTAL CPC,0,0,TOTAL MOT,-1,N/A,0.0,False,-1,N/A,0.0,False,0.0,True,0.0,False,1824686357.299,,1824686357.299,4,False,True
C,A,20170101,2017,52,2017,50,BGD,Bangladesh,M,Import,0,W00,World,0,W00,World,H5,HS,True,56,"Wadding, felt and nonwovens, special yarns; twine, cordage, ropes and cables and articles thereof",2,False,C00,TOTAL CPC,0,0,TOTAL MOT,-1,N/A,0.0,False,-1,N/A,0.0,False,0.0,True,0.0,False,78264423.061,,78264423.061,4,False,True
C,A,20170101,2017,52,2017,50,BGD,Bangladesh,M,Import,0,W00,World,0,W00,World,H5,HS,True,11,"Products of the milling industry; malt, starches, inulin, wheat gluten",2,False,C00,TOTAL CPC,0,0,TOTAL MOT,-1,N/A,0.0,False,-1,N/A,0.0,False,0.0,True,0.0,False,39653260.776,,39653260.776,4,False,True
C,A,20170101,2017,52,2017,50,BGD,Bangladesh,M,Import,0,W00,World,0,W00,World,H5,HS,True,15,Animal or vegetable fats and oils and their cleavage products; prepared animal fats; animal or vegetable waxes,2,False,C00,TOTAL CPC,0,0,TOTAL MOT,-1,N/A,0.0,False,-1,N/A,0.0,False,0.0,True,0.0,False,3851163447.216,,3851163447.216,4,False,True
C,A,20170101,2017,52,2017,50,BGD,Bangladesh,M,Import,0,W00,World,0,W00,World,H5,HS,True,31,Fertilizers,2,False,C00,TOTAL CPC,0,0,TOTAL MOT,-1,N/A,0.0,False,-1,N/A,0.0,False,0.0,True,0.0,False,1011959945.242,,1011959945.242,4,False,True
C,A,20170101,2017,52,2017,50,BGD,Bangladesh,M,Import,0,W00,World,0,W00,World,H5,HS,True,41,Raw hides and skins (other than furskins) and leather,2,False,C00,TOTAL CPC,0,0,TOTAL MOT,-1,N/A,0.0,False,-1,N/A,0.0,False,0.0,True,0.0,False,214707595.402,,214707595.402,4,False,True
C,A,20170101,2017,52,2017,50,BGD,Bangladesh,M,Import,0,W00,World,0,W00,World,H5,HS,True,43,Furskins and artificial fur; manufactures thereof,2,False,C00,TOTAL CPC,0,0,TOTAL MOT,-1,N/A,0.0,False,-1,N/A,0.0,False,0.0,True,0.0,False,1037328.249,,1037328.249,4,False,True
C,A,20170101,2017,52,2017,50,BGD,Bangladesh,M,Import,0,W00,World,0,W00,World,H5,HS,True,50,Silk,2,False,C00,TOTAL CPC,0,0,TOTAL MOT,-1,N/A,0.0,False,-1,N/A,0.0,False,0.0,True,0.0,False,1605751.764,,1605751.764,4,False,True
C,A,20170101,2017,52,2017,50,BGD,Bangladesh,M,Import,0,W00,World,0,W00,World,H5,HS,True,53,Vegetable textile fibres; paper yarn and woven fabrics of paper yarn,2,False,C00,TOTAL CPC,0,0,TOTAL MOT,-1,N/A,0.0,False,-1,N/A,0.0,False,0.0,True,0.0,False,66553283.359,,66553283.359,4,False,True
C,A,20170101,2017,52,2017,50,BGD,Bangladesh,M,Import,0,W00,World,0,W00,World,H5,HS,True,60,Fabrics; knitted or crocheted,2,False,C00,TOTAL CPC,0,0,TOTAL MOT,-1,N/A,0.0,False,-1,N/A,0.0,False,0.0,True,0.0,False,996150487.615,,996150487.615,4,False,True
C,A,20170101,2017,52,2017,50,BGD,Bangladesh,M,Import,0,W00,World,0,W00,World,H5,HS,True,68,"Stone, plaster, cement, asbestos, mica or similar materials; articles thereof",2,False,C00,TOTAL CPC,0,0,TOTAL MOT,-1,N/A,0.0,False,-1,N/A,0.0,False,0.0,True,0.0,False,62306737.532,,62306737.532,4,False,True
C,A,20170101,2017,52,2017,50,BGD,Bangladesh,M,Import,0,W00,World,0,W00,World,H5,HS,True,10,Cereals,2,False,C00,TOTAL CPC,0,0,TOTAL MOT,-1,N/A,0.0,False,-1,N/A,0.0,False,0.0,True,0.0,False,2972413715.924,,2972413715.924,4,False,True
C,A,20170101,2017,52,2017,50,BGD,Bangladesh,M,Import,0,W00,World,0,W00,World,H5,HS,True,27,"Mineral fuels, mineral oils and products of their distillation; bituminous substances; mineral waxes",2,False,C00,TOTAL CPC,0,0,TOTAL MOT,-1,N/A,0.0,False,-1,N/A,0.0,False,0.0,True,0.0,False,6764812734.754,,6764812734.754,4,False,True
C,A,20170101,2017,52,2017,50,BGD,Bangladesh,M,Import,0,W00,World,0,W00,World,H5,HS,True,28,"Inorganic chemicals; organic and inorganic compounds of precious metals; of rare earth metals, of radio-active elements and of isotopes",2,False,C00,TOTAL CPC,0,0,TOTAL MOT,-1,N/A,0.0,False,-1,N/A,0.0,False,0.0,True,0.0,False,424378019.328,,424378019.328,4,False,True
C,A,20170101,2017,52,2017,50,BGD,Bangladesh,M,Import,0,W00,World,0,W00,World,H5,HS,True,16,"Meat, fish or crustaceans, molluscs or other aquatic invertebrates; preparations thereof",2,False,C00,TOTAL CPC,0,0,TOTAL MOT,-1,N/A,0.0,False,-1,N/A,0.0,False,0.0,False,0.0,False,2039173.835,,2039173.835,0,False,True
C,A,20170101,2017,52,2017,50,BGD,Bangladesh,M,Import,0,W00,World,0,W00,World,H5,HS,True,99,Commodities not specified according to kind,2,False,C00,TOTAL CPC,0,0,TOTAL MOT,-1,N/A,0.0,False,-1,N/A,0.0,False,0.0,False,0.0,False,1496551.599,,1496551.599,0,False,True
C,A,20170101,2017,52,2017,50,BGD,Bangladesh,M,Import,0,W00,World,0,W00,World,H5,HS,True,80,Tin; articles thereof,2,False,C00,TOTAL CPC,0,0,TOTAL MOT,-1,N/A,0.0,False,-1,N/A,0.0,False,0.0,False,0.0,False,4219382.448,,4219382.448,0,False,True
C,A,20170101,2017,52,2017,50,BGD,Bangladesh,M,Import,0,W00,World,0,W00,World,H5,HS,True,78,Lead and articles thereof,2,False,C00,TOTAL CPC,0,0,TOTAL MOT,-1,N/A,0.0,False,-1,N/A,0.0,False,0.0,False,0.0,False,83712679.474,,83712679.474,0,False,True
C,A,20170101,2017,52,2017,156,CHN,China,M,Import,0,W00,World,0,W00,World,H5,HS,True,99,Commodities not specified according to kind,2,False,C00,TOTAL CPC,0 ,0,TOTAL MOT,-1,N/A,0.0,False,-1,N/A,0.0,False,,False,,False,14685080240.0,,14685080240.0,0,False,True
C,A,20170101,2017,52,2017,156,CHN,China,M,Import,0,W00,World,0,W00,World,H5,HS,True,02,Meat and edible meat offal,2,False,C00,TOTAL CPC,0 ,0,TOTAL MOT,-1,N/A,0.0,False,-1,N/A,0.0,False,,False,,False,9486551081.0,,9486551081.0,0,False,True
C,A,20170101,2017,52,2017,156,CHN,China,M,Import,0,W00,World,0,W00,World,H5,HS,True,07,Vegetables and certain roots and tubers; edible,2,False,C00,TOTAL CPC,0 ,0,TOTAL MOT,-1,N/A,0.0,False,-1,N/A,0.0,False,,True,,False,2015745215.0,,2015745215.0,0,False,True
C,A,20170101,2017,52,2017,156,CHN,China,M,Import,0,W00,World,0,W00,World,H5,HS,True,06,"Trees and other plants, live; bulbs, roots and the like; cut flowers and ornamental foliage",2,False,C00,TOTAL CPC,0 ,0,TOTAL MOT,-1,N/A,0.0,False,-1,N/A,0.0,False,,True,,False,280863437.0,,280863437.0,0,False,True
C,A,20170101,2017,52,2017,156,CHN,China,M,Import,0,W00,World,0,W00,World,H5,HS,True,05,Animal originated products; not elsewhere specified or included,2,False,C00,TOTAL CPC,0 ,0,TOTAL MOT,-1,N/A,0.0,False,-1,N/A,0.0,False,,True,,False,613505827.0,,613505827.0,0,False,True
C,A,20170101,2017,52,2017,156,CHN,China,M,Import,0,W00,World,0,W00,World,H5,HS,True,04,"Dairy produce; birds' eggs; natural honey; edible products of animal origin, not elsewhere specified or included",2,False,C00,TOTAL CPC,0 ,0,TOTAL MOT,-1,N/A,0.0,False,-1,N/A,0.0,False,,True,,False,5069954056.0,,5069954056.0,0,False,True
C,A,20170101,2017,52,2017,156,CHN,China,M,Import,0,W00,World,0,W00,World,H5,HS,True,08,"Fruit and nuts, edible; peel of citrus fruit or melons",2,False,C00,TOTAL CPC,0 ,0,TOTAL MOT,-1,N/A,0.0,False,-1,N/A,0.0,False,,True,,False,6395218154.0,,6395218154.0,0,False,True
C,A,20170101,2017,52,2017,156,CHN,China,M,Import,0,W00,World,0,W00,World,H5,HS,True,09,"Coffee, tea, mate and spices",2,False,C00,TOTAL CPC,0 ,0,TOTAL MOT,-1,N/A,0.0,False,-1,N/A,0.0,False,,True,,False,472245966.0,,472245966.0,0,False,True
C,A,20170101,2017,52,2017,156,CHN,China,M,Import,0,W00,World,0,W00,World,H5,HS,True,15,Animal or vegetable fats and oils and their cleavage products; prepared animal fats; animal or vegetable waxes,2,False,C00,TOTAL CPC,0 ,0,TOTAL MOT,-1,N/A,0.0,False,-1,N/A,0.0,False,,True,,False,8285121759.0,,8285121759.0,0,False,True
C,A,20170101,2017,52,2017,156,CHN,China,M,Import,0,W00,World,0,W00,World,H5,HS,True,03,"Fish and crustaceans, molluscs and other aquatic invertebrates",2,False,C00,TOTAL CPC,0 ,0,TOTAL MOT,-1,N/A,0.0,False,-1,N/A,0.0,False,,True,,False,8070777269.0,,8070777269.0,0,False,True
C,A,20170101,2017,52,2017,156,CHN,China,M,Import,0,W00,World,0,W00,World,H5,HS,True,22,"Beverages, spirits and vinegar",2,False,C00,TOTAL CPC,0 ,0,TOTAL MOT,-1,N/A,0.0,False,-1,N/A,0.0,False,,True,,False,5288404782.0,,5288404782.0,0,False,True
C,A,20170101,2017,52,2017,156,CHN,China,M,Import,0,W00,World,0,W00,World,H5,HS,True,23,"Food industries, residues and wastes thereof; prepared animal fodder",2,False,C00,TOTAL CPC,0 ,0,TOTAL MOT,-1,N/A,0.0,False,-1,N/A,0.0,False,,True,,False,3397547944.0,,3397547944.0,0,False,True
C,A,20170101,2017,52,2017,156,CHN,China,M,Import,0,W00,World,0,W00,World,H5,HS,True,01,Animals; live,2,False,C00,TOTAL CPC,0 ,0,TOTAL MOT,-1,N/A,0.0,False,-1,N/A,0.0,False,,True,,False,363839499.0,,363839499.0,0,False,True
C,A,20170101,2017,52,2017,156,CHN,China,M,Import,0,W00,World,0,W00,World,H5,HS,True,12,"Oil seeds and oleaginous fruits; miscellaneous grains, seeds and fruit, industrial or medicinal plants; straw and fodder",2,False,C00,TOTAL CPC,0 ,0,TOTAL MOT,-1,N/A,0.0,False,-1,N/A,0.0,False,,True,,False,44514236242.0,,44514236242.0,0,False,True
C,A,20170101,2017,52,2017,156,CHN,China,M,Import,0,W00,World,0,W00,World,H5,HS,True,13,"Lac; gums, resins and other vegetable saps and extracts",2,False,C00,TOTAL CPC,0 ,0,TOTAL MOT,-1,N/A,0.0,False,-1,N/A,0.0,False,,True,,False,255906924.0,,255906924.0,0,False,True
C,A,20170101,2017,52,2017,156,CHN,China,M,Import,0,W00,World,0,W00,World,H5,HS,True,14,Vegetable plaiting materials; vegetable products not elsewhere specified or included,2,False,C00,TOTAL CPC,0 ,0,TOTAL MOT,-1,N/A,0.0,False,-1,N/A,0.0,False,,True,,False,174995350.0,,174995350.0,0,False,True
C,A,20170101,2017,52,2017,156,CHN,China,M,Import,0,W00,World,0,W00,World,H5,HS,True,10,Cereals,2,False,C00,TOTAL CPC,0 ,0,TOTAL MOT,-1,N/A,0.0,False,-1,N/A,0.0,False,,True,,False,6400876094.0,,6400876094.0,0,False,True
C,A,20170101,2017,52,2017,156,CHN,China,M,Import,0,W00,World,0,W00,World,H5,HS,True,11,"Products of the milling industry; malt, starches, inulin, wheat gluten",2,False,C00,TOTAL CPC,0 ,0,TOTAL MOT,-1,N/A,0.0,False,-1,N/A,0.0,False,,True,,False,970485259.0,,970485259.0,0,False,True
C,A,20170101,2017,52,2017,156,CHN,China,M,Import,0,W00,World,0,W00,World,H5,HS,True,16,"Meat, fish or crustaceans, molluscs or other aquatic invertebrates; preparations thereof",2,False,C00,TOTAL CPC,0 ,0,TOTAL MOT,-1,N/A,0.0,False,-1,N/A,0.0,False,,True,,False,239087870.0,,239087870.0,0,False,True
C,A,20170101,2017,52,2017,156,CHN,China,M,Import,0,W00,World,0,W00,World,H5,HS,True,17,Sugars and sugar confectionery,2,False,C00,TOTAL CPC,0 ,0,TOTAL MOT,-1,N/A,0.0,False,-1,N/A,0.0,False,,True,,False,1407716201.0,,1407716201.0,0,False,True
C,A,20170101,2017,52,2017,156,CHN,China,M,Import,0,W00,World,0,W00,World,H5,HS,True,18,Cocoa and cocoa preparations,2,False,C00,TOTAL CPC,0 ,0,TOTAL MOT,-1,N/A,0.0,False,-1,N/A,0.0,False,,True,,False,659889629.0,,659889629.0,0,False,True
C,A,20170101,2017,52,2017,156,CHN,China,M,Import,0,W00,World,0,W00,World,H5,HS,True,19,"Preparations of cereals, flour, starch or milk; pastrycooks' products",2,False,C00,TOTAL CPC,0 ,0,TOTAL MOT,-1,N/A,0.0,False,-1,N/A,0.0,False,,True,,False,5685817639.0,,5685817639.0,0,False,True
C,A,20170101,2017,52,2017,156,CHN,China,M,Import,0,W00,World,0,W00,World,H5,HS,True,20,"Preparations of vegetables, fruit, nuts or other parts of plants",2,False,C00,TOTAL CPC,0 ,0,TOTAL MOT,-1,N/A,0.0,False,-1,N/A,0.0,False,,True,,False,1093174614.0,,1093174614.0,0,False,True
C,A,20170101,2017,52,2017,156,CHN,China,M,Import,0,W00,World,0,W00,World,H5,HS,True,21,Miscellaneous edible preparations,2,False,C00,TOTAL CPC,0 ,0,TOTAL MOT,-1,N/A,0.0,False,-1,N/A,0.0,False,,True,,False,2388101508.0,,2388101508.0,0,False,True
C,A,20170101,2017,52,2017,156,CHN,China,M,Import,0,W00,World,0,W00,World,H5,HS,True,24,Tobacco and manufactured tobacco substitutes,2,False,C00,TOTAL CPC,0 ,0,TOTAL MOT,-1,N/A,0.0,False,-1,N/A,0.0,False,,True,,False,1762675490.0,,1762675490.0,0,False,True
C,A,20170101,2017,52,2017,156,CHN,China,M,Import,0,W00,World,0,W00,World,H5,HS,True,25,"Salt; sulphur; earths, stone; plastering materials, lime and cement",2,False,C00,TOTAL CPC,0 ,0,TOTAL MOT,-1,N/A,0.0,False,-1,N/A,0.0,False,,True,,False,6367474093.0,,6367474093.0,0,False,True
C,A,20170101,2017,52,2017,156,CHN,China,M,Import,0,W00,World,0,W00,World,H5,HS,True,26,"Ores, slag and ash",2,False,C00,TOTAL CPC,0 ,0,TOTAL MOT,-1,N/A,0.0,False,-1,N/A,0.0,False,,True,,False,126477634212.0,,126477634212.0,0,False,True
C,A,20170101,2017,52,2017,156,CHN,China,M,Import,0,W00,World,0,W00,World,H5,HS,True,27,"Mineral fuels, mineral oils and products of their distillation; bituminous substances; mineral waxes",2,False,C00,TOTAL CPC,0 ,0,TOTAL MOT,-1,N/A,0.0,False,-1,N/A,0.0,False,,True,,False,249624522202.0,,249624522202.0,0,False,True
C,A,20170101,2017,52,2017,156,CHN,China,M,Import,0,W00,World,0,W00,World,H5,HS,True,28,"Inorganic chemicals; organic and inorganic compounds of precious metals; of rare earth metals, of radio-active elements and of isotopes",2,False,C00,TOTAL CPC,0 ,0,TOTAL MOT,-1,N/A,0.0,False,-1,N/A,0.0,False,,True,,False,10433675245.0,,10433675245.0,0,False,True
C,A,20170101,2017,52,2017,156,CHN,China,M,Import,0,W00,World,0,W00,World,H5,HS,True,29,Organic chemicals,2,False,C00,TOTAL CPC,0 ,0,TOTAL MOT,-1,N/A,0.0,False,-1,N/A,0.0,False,,True,,False,55837858384.0,,55837858384.0,0,False,True
C,A,20170101,2017,52,2017,156,CHN,China,M,Import,0,W00,World,0,W00,World,H5,HS,True,30,Pharmaceutical products,2,False,C00,TOTAL CPC,0 ,0,TOTAL MOT,-1,N/A,0.0,False,-1,N/A,0.0,False,,True,,False,25364914055.0,,25364914055.0,0,False,True
C,A,20170101,2017,52,2017,156,CHN,China,M,Import,0,W00,World,0,W00,World,H5,HS,True,31,Fertilizers,2,False,C00,TOTAL CPC,0 ,0,TOTAL MOT,-1,N/A,0.0,False,-1,N/A,0.0,False,,True,,False,2314165806.0,,2314165806.0,0,False,True
C,A,20170101,2017,52,2017,156,CHN,China,M,Import,0,W00,World,0,W00,World,H5,HS,True,32,"Tanning or dyeing extracts; tannins and their derivatives; dyes, pigments and other colouring matter; paints, varnishes; putty, other mastics; inks",2,False,C00,TOTAL CPC,0 ,0,TOTAL MOT,-1,N/A,0.0,False,-1,N/A,0.0,False,,True,,False,4652151693.0,,4652151693.0,0,False,True
C,A,20170101,2017,52,2017,156,CHN,China,M,Import,0,W00,World,0,W00,World,H5,HS,True,33,"Essential oils and resinoids; perfumery, cosmetic or toilet preparations",2,False,C00,TOTAL CPC,0 ,0,TOTAL MOT,-1,N/A,0.0,False,-1,N/A,0.0,False,,True,,False,7658011298.0,,7658011298.0,0,False,True
C,A,20170101,2017,52,2017,156,CHN,China,M,Import,0,W00,World,0,W00,World,H5,HS,True,34,"Soap, organic surface-active agents; washing, lubricating, polishing or scouring preparations; artificial or prepared waxes, candles and similar articles, modelling pastes, dental waxes and dental preparations with a basis of plaster",2,False,C00,TOTAL CPC,0 ,0,TOTAL MOT,-1,N/A,0.0,False,-1,N/A,0.0,False,,True,,False,4460519373.0,,4460519373.0,0,False,True
C,A,20170101,2017,52,2017,156,CHN,China,M,Import,0,W00,World,0,W00,World,H5,HS,True,35,Albuminoidal substances; modified starches; glues; enzymes,2,False,C00,TOTAL CPC,0 ,0,TOTAL MOT,-1,N/A,0.0,False,-1,N/A,0.0,False,,True,,False,3355159223.0,,3355159223.0,0,False,True
C,A,20170101,2017,52,2017,156,CHN,China,M,Import,0,W00,World,0,W00,World,H5,HS,True,36,Explosives; pyrotechnic products; matches; pyrophoric alloys; certain combustible preparations,2,False,C00,TOTAL CPC,0 ,0,TOTAL MOT,-1,N/A,0.0,False,-1,N/A,0.0,False,,True,,False,164243850.0,,164243850.0,0,False,True
C,A,20170101,2017,52,2017,156,CHN,China,M,Import,0,W00,World,0,W00,World,H5,HS,True,37,Photographic or cinematographic goods,2,False,C00,TOTAL CPC,0 ,0,TOTAL MOT,-1,N/A,0.0,False,-1,N/A,0.0,False,,True,,False,2372879268.0,,2372879268.0,0,False,True
C,A,20170101,2017,52,2017,156,CHN,China,M,Import,0,W00,World,0,W00,World,H5,HS,True,38,Chemical products n.e.c.,2,False,C00,TOTAL CPC,0 ,0,TOTAL MOT,-1,N/A,0.0,False,-1,N/A,0.0,False,,True,,False,15937606743.0,,15937606743.0,0,False,True
C,A,20170101,2017,52,2017,156,CHN,China,M,Import,0,W00,World,0,W00,World,H5,HS,True,39,Plastics and articles thereof,2,False,C00,TOTAL CPC,0 ,0,TOTAL MOT,-1,N/A,0.0,False,-1,N/A,0.0,False,,True,,False,68929152803.0,,68929152803.0,0,False,True
C,A,20170101,2017,52,2017,156,CHN,China,M,Import,0,W00,World,0,W00,World,H5,HS,True,40,Rubber and articles thereof,2,False,C00,TOTAL CPC,0 ,0,TOTAL MOT,-1,N/A,0.0,False,-1,N/A,0.0,False,,True,,False,18754065159.0,,18754065159.0,0,False,True
C,A,20170101,2017,52,2017,156,CHN,China,M,Import,0,W00,World,0,W00,World,H5,HS,True,41,Raw hides and skins (other than furskins) and leather,2,False,C00,TOTAL CPC,0 ,0,TOTAL MOT,-1,N/A,0.0,False,-1,N/A,0.0,False,,True,,False,5648927066.0,,5648927066.0,0,False,True
C,A,20170101,2017,52,2017,156,CHN,China,M,Import,0,W00,World,0,W00,World,H5,HS,True,42,"Articles of leather; saddlery and harness; travel goods, handbags and similar containers; articles of animal gut (other than silk-worm gut)",2,False,C00,TOTAL CPC,0 ,0,TOTAL MOT,-1,N/A,0.0,False,-1,N/A,0.0,False,,True,,False,2630682295.0,,2630682295.0,0,False,True
C,A,20170101,2017,52,2017,156,CHN,China,M,Import,0,W00,World,0,W00,World,H5,HS,True,43,Furskins and artificial fur; manufactures thereof,2,False,C00,TOTAL CPC,0 ,0,TOTAL MOT,-1,N/A,0.0,False,-1,N/A,0.0,False,,True,,False,1241833122.0,,1241833122.0,0,False,True
C,A,20170101,2017,52,2017,156,CHN,China,M,Import,0,W00,World,0,W00,World,H5,HS,True,44,Wood and articles of wood; wood charcoal,2,False,C00,TOTAL CPC,0 ,0,TOTAL MOT,-1,N/A,0.0,False,-1,N/A,0.0,False,,True,,False,23421966357.0,,23421966357.0,0,False,True
C,A,20170101,2017,52,2017,156,CHN,China,M,Import,0,W00,World,0,W00,World,H5,HS,True,52,Cotton,2,False,C00,TOTAL CPC,0 ,0,TOTAL MOT,-1,N/A,0.0,False,-1,N/A,0.0,False,,True,,False,8614957705.0,,8614957705.0,0,False,True
C,A,20170101,2017,52,2017,156,CHN,China,M,Import,0,W00,World,0,W00,World,H5,HS,True,51,"Wool, fine or coarse animal hair; horsehair yarn and woven fabric",2,False,C00,TOTAL CPC,0 ,0,TOTAL MOT,-1,N/A,0.0,False,-1,N/A,0.0,False,,True,,False,3632012972.0,,3632012972.0,0,False,True
C,A,20170101,2017,52,2017,156,CHN,China,M,Import,0,W00,World,0,W00,World,H5,HS,True,50,Silk,2,False,C00,TOTAL CPC,0 ,0,TOTAL MOT,-1,N/A,0.0,False,-1,N/A,0.0,False,,True,,False,50634382.0,,50634382.0,0,False,True
C,A,20170101,2017,52,2017,156,CHN,China,M,Import,0,W00,World,0,W00,World,H5,HS,True,49,"Printed books, newspapers, pictures and other products of the printing industry; manuscripts, typescripts and plans",2,False,C00,TOTAL CPC,0 ,0,TOTAL MOT,-1,N/A,0.0,False,-1,N/A,0.0,False,,True,,False,1714290695.0,,1714290695.0,0,False,True
C,A,20170101,2017,52,2017,156,CHN,China,M,Import,0,W00,World,0,W00,World,H5,HS,True,55,Man-made staple fibres,2,False,C00,TOTAL CPC,0 ,0,TOTAL MOT,-1,N/A,0.0,False,-1,N/A,0.0,False,,True,,False,2376398615.0,,2376398615.0,0,False,True
C,A,20170101,2017,52,2017,156,CHN,China,M,Import,0,W00,World,0,W00,World,H5,HS,True,58,"Fabrics; special woven fabrics, tufted textile fabrics, lace, tapestries, trimmings, embroidery",2,False,C00,TOTAL CPC,0 ,0,TOTAL MOT,-1,N/A,0.0,False,-1,N/A,0.0,False,,True,,False,521085864.0,,521085864.0,0,False,True
C,A,20170101,2017,52,2017,156,CHN,China,M,Import,0,W00,World,0,W00,World,H5,HS,True,48,"Paper and paperboard; articles of paper pulp, of paper or paperboard",2,False,C00,TOTAL CPC,0 ,0,TOTAL MOT,-1,N/A,0.0,False,-1,N/A,0.0,False,,True,,False,4981982649.0,,4981982649.0,0,False,True
C,A,20170101,2017,52,2017,156,CHN,China,M,Import,0,W00,World,0,W00,World,H5,HS,True,47,Pulp of wood or other fibrous cellulosic material; recovered (waste and scrap) paper or paperboard,2,False,C00,TOTAL CPC,0 ,0,TOTAL MOT,-1,N/A,0.0,False,-1,N/A,0.0,False,,True,,False,21214006775.0,,21214006775.0,0,False,True
C,A,20170101,2017,52,2017,156,CHN,China,M,Import,0,W00,World,0,W00,World,H5,HS,True,46,"Manufactures of straw, esparto or other plaiting materials; basketware and wickerwork",2,False,C00,TOTAL CPC,0 ,0,TOTAL MOT,-1,N/A,0.0,False,-1,N/A,0.0,False,,True,,False,14575420.0,,14575420.0,0,False,True
C,A,20170101,2017,52,2017,156,CHN,China,M,Import,0,W00,World,0,W00,World,H5,HS,True,45,Cork and articles of cork,2,False,C00,TOTAL CPC,0 ,0,TOTAL MOT,-1,N/A,0.0,False,-1,N/A,0.0,False,,True,,False,47686673.0,,47686673.0,0,False,True
C,A,20170101,2017,52,2017,156,CHN,China,M,Import,0,W00,World,0,W00,World,H5,HS,True,62,Apparel and clothing accessories; not knitted or crocheted,2,False,C00,TOTAL CPC,0 ,0,TOTAL MOT,-1,N/A,0.0,False,-1,N/A,0.0,False,,True,,False,3874680893.0,,3874680893.0,0,False,True
C,A,20170101,2017,52,2017,156,CHN,China,M,Import,0,W00,World,0,W00,World,H5,HS,True,53,Vegetable textile fibres; paper yarn and woven fabrics of paper yarn,2,False,C00,TOTAL CPC,0 ,0,TOTAL MOT,-1,N/A,0.0,False,-1,N/A,0.0,False,,True,,False,806377918.0,,806377918.0,0,False,True
C,A,20170101,2017,52,2017,156,CHN,China,M,Import,0,W00,World,0,W00,World,H5,HS,True,54,Man-made filaments; strip and the like of man-made textile materials,2,False,C00,TOTAL CPC,0 ,0,TOTAL MOT,-1,N/A,0.0,False,-1,N/A,0.0,False,,True,,False,3009220528.0,,3009220528.0,0,False,True
C,A,20170101,2017,52,2017,156,CHN,China,M,Import,0,W00,World,0,W00,World,H5,HS,True,56,"Wadding, felt and nonwovens, special yarns; twine, cordage, ropes and cables and articles thereof",2,False,C00,TOTAL CPC,0 ,0,TOTAL MOT,-1,N/A,0.0,False,-1,N/A,0.0,False,,True,,False,1298862241.0,,1298862241.0,0,False,True
C,A,20170101,2017,52,2017,156,CHN,China,M,Import,0,W00,World,0,W00,World,H5,HS,True,57,Carpets and other textile floor coverings,2,False,C00,TOTAL CPC,0 ,0,TOTAL MOT,-1,N/A,0.0,False,-1,N/A,0.0,False,,True,,False,132834607.0,,132834607.0,0,False,True
C,A,20170101,2017,52,2017,156,CHN,China,M,Import,0,W00,World,0,W00,World,H5,HS,True,61,Apparel and clothing accessories; knitted or crocheted,2,False,C00,TOTAL CPC,0 ,0,TOTAL MOT,-1,N/A,0.0,False,-1,N/A,0.0,False,,True,,False,2798682742.0,,2798682742.0,0,False,True
C,A,20170101,2017,52,2017,156,CHN,China,M,Import,0,W00,World,0,W00,World,H5,HS,True,63,"Textiles, made up articles; sets; worn clothing and worn textile articles; rags",2,False,C00,TOTAL CPC,0 ,0,TOTAL MOT,-1,N/A,0.0,False,-1,N/A,0.0,False,,True,,False,506114555.0,,506114555.0,0,False,True
C,A,20170101,2017,52,2017,156,CHN,China,M,Import,0,W00,World,0,W00,World,H5,HS,True,64,Footwear; gaiters and the like; parts of such articles,2,False,C00,TOTAL CPC,0 ,0,TOTAL MOT,-1,N/A,0.0,False,-1,N/A,0.0,False,,True,,False,3650839518.0,,3650839518.0,0,False,True
C,A,20170101,2017,52,2017,156,CHN,China,M,Import,0,W00,World,0,W00,World,H5,HS,True,65,Headgear and parts thereof,2,False,C00,TOTAL CPC,0 ,0,TOTAL MOT,-1,N/A,0.0,False,-1,N/A,0.0,False,,True,,False,79621530.0,,79621530.0,0,False,True
C,A,20170101,2017,52,2017,156,CHN,China,M,Import,0,W00,World,0,W00,World,H5,HS,True,66,"Umbrellas, sun umbrellas, walking-sticks, seat sticks, whips, riding crops; and parts thereof",2,False,C00,TOTAL CPC,0 ,0,TOTAL MOT,-1,N/A,0.0,False,-1,N/A,0.0,False,,True,,False,11987796.0,,11987796.0,0,False,True
C,A,20170101,2017,52,2017,156,CHN,China,M,Import,0,W00,World,0,W00,World,H5,HS,True,67,"Feathers and down, prepared; and articles made of feather or of down; artificial flowers; articles of human hair",2,False,C00,TOTAL CPC,0 ,0,TOTAL MOT,-1,N/A,0.0,False,-1,N/A,0.0,False,,True,,False,218563098.0,,218563098.0,0,False,True
C,A,20170101,2017,52,2017,156,CHN,China,M,Import,0,W00,World,0,W00,World,H5,HS,True,68,"Stone, plaster, cement, asbestos, mica or similar materials; articles thereof",2,False,C00,TOTAL CPC,0 ,0,TOTAL MOT,-1,N/A,0.0,False,-1,N/A,0.0,False,,True,,False,1669702722.0,,1669702722.0,0,False,True
C,A,20170101,2017,52,2017,156,CHN,China,M,Import,0,W00,World,0,W00,World,H5,HS,True,59,"Textile fabrics; impregnated, coated, covered or laminated; textile articles of a kind suitable for industrial use",2,False,C00,TOTAL CPC,0 ,0,TOTAL MOT,-1,N/A,0.0,False,-1,N/A,0.0,False,,True,,False,1786517251.0,,1786517251.0,0,False,True
C,A,20170101,2017,52,2017,156,CHN,China,M,Import,0,W00,World,0,W00,World,H5,HS,True,60,Fabrics; knitted or crocheted,2,False,C00,TOTAL CPC,0 ,0,TOTAL MOT,-1,N/A,0.0,False,-1,N/A,0.0,False,,True,,False,1690963046.0,,1690963046.0,0,False,True
C,A,20170101,2017,52,2017,156,CHN,China,M,Import,0,W00,World,0,W00,World,H5,HS,True,69,Ceramic products,2,False,C00,TOTAL CPC,0 ,0,TOTAL MOT,-1,N/A,0.0,False,-1,N/A,0.0,False,,True,,False,1023009705.0,,1023009705.0,0,False,True
C,A,20170101,2017,52,2017,156,CHN,China,M,Import,0,W00,World,0,W00,World,H5,HS,True,70,Glass and glassware,2,False,C00,TOTAL CPC,0 ,0,TOTAL MOT,-1,N/A,0.0,False,-1,N/A,0.0,False,,True,,False,7219290605.0,,7219290605.0,0,False,True
C,A,20170101,2017,52,2017,156,CHN,China,M,Import,0,W00,World,0,W00,World,H5,HS,True,71,"Natural, cultured pearls; precious, semi-precious stones; precious metals, metals clad with precious metal, and articles thereof; imitation jewellery; coin",2,False,C00,TOTAL CPC,0 ,0,TOTAL MOT,-1,N/A,0.0,False,-1,N/A,0.0,False,,True,,False,65288227194.0,,65288227194.0,0,False,True
C,A,20170101,2017,52,2017,156,CHN,China,M,Import,0,W00,World,0,W00,World,H5,HS,True,72,Iron and steel,2,False,C00,TOTAL CPC,0 ,0,TOTAL MOT,-1,N/A,0.0,False,-1,N/A,0.0,False,,True,,False,21475573590.0,,21475573590.0,0,False,True
C,A,20170101,2017,52,2017,156,CHN,China,M,Import,0,W00,World,0,W00,World,H5,HS,True,73,Iron or steel articles,2,False,C00,TOTAL CPC,0 ,0,TOTAL MOT,-1,N/A,0.0,False,-1,N/A,0.0,False,,True,,False,10020271142.0,,10020271142.0,0,False,True
C,A,20170101,2017,52,2017,156,CHN,China,M,Import,0,W00,World,0,W00,World,H5,HS,True,74,Copper and articles thereof,2,False,C00,TOTAL CPC,0 ,0,TOTAL MOT,-1,N/A,0.0,False,-1,N/A,0.0,False,,True,,False,41284905694.0,,41284905694.0,0,False,True
C,A,20170101,2017,52,2017,156,CHN,China,M,Import,0,W00,World,0,W00,World,H5,HS,True,75,Nickel and articles thereof,2,False,C00,TOTAL CPC,0 ,0,TOTAL MOT,-1,N/A,0.0,False,-1,N/A,0.0,False,,True,,False,4643077817.0,,4643077817.0,0,False,True
C,A,20170101,2017,52,2017,156,CHN,China,M,Import,0,W00,World,0,W00,World,H5,HS,True,76,Aluminium and articles thereof,2,False,C00,TOTAL CPC,0 ,0,TOTAL MOT,-1,N/A,0.0,False,-1,N/A,0.0,False,,True,,False,6618069715.0,,6618069715.0,0,False,True
C,A,20170101,2017,52,2017,156,CHN,China,M,Import,0,W00,World,0,W00,World,H5,HS,True,78,Lead and articles thereof,2,False,C00,TOTAL CPC,0 ,0,TOTAL MOT,-1,N/A,0.0,False,-1,N/A,0.0,False,,True,,False,265146035.0,,265146035.0,0,False,True
C,A,20170101,2017,52,2017,156,CHN,China,M,Import,0,W00,World,0,W00,World,H5,HS,True,79,Zinc and articles thereof,2,False,C00,TOTAL CPC,0 ,0,TOTAL MOT,-1,N/A,0.0,False,-1,N/A,0.0,False,,True,,False,2496799321.0,,2496799321.0,0,False,True
C,A,20170101,2017,52,2017,156,CHN,China,M,Import,0,W00,World,0,W00,World,H5,HS,True,80,Tin; articles thereof,2,False,C00,TOTAL CPC,0 ,0,TOTAL MOT,-1,N/A,0.0,False,-1,N/A,0.0,False,,True,,False,208780375.0,,208780375.0,0,False,True
C,A,20170101,2017,52,2017,156,CHN,China,M,Import,0,W00,World,0,W00,World,H5,HS,True,81,"Metals; n.e.c., cermets and articles thereof",2,False,C00,TOTAL CPC,0 ,0,TOTAL MOT,-1,N/A,0.0,False,-1,N/A,0.0,False,,True,,False,3098410139.0,,3098410139.0,0,False,True
C,A,20170101,2017,52,2017,156,CHN,China,M,Import,0,W00,World,0,W00,World,H5,HS,True,82,"Tools, implements, cutlery, spoons and forks, of base metal; parts thereof, of base metal",2,False,C00,TOTAL CPC,0 ,0,TOTAL MOT,-1,N/A,0.0,False,-1,N/A,0.0,False,,True,,False,3642705879.0,,3642705879.0,0,False,True
C,A,20170101,2017,52,2017,156,CHN,China,M,Import,0,W00,World,0,W00,World,H5,HS,True,83,Metal; miscellaneous products of base metal,2,False,C00,TOTAL CPC,0 ,0,TOTAL MOT,-1,N/A,0.0,False,-1,N/A,0.0,False,,True,,False,1810032719.0,,1810032719.0,0,False,True
C,A,20170101,2017,52,2017,156,CHN,China,M,Import,0,W00,World,0,W00,World,H5,HS,True,86,"Railway, tramway locomotives, rolling-stock and parts thereof; railway or tramway track fixtures and fittings and parts thereof; mechanical (including electro-mechanical) traffic signalling equipment of all kinds",2,False,C00,TOTAL CPC,0 ,0,TOTAL MOT,-1,N/A,0.0,False,-1,N/A,0.0,False,,True,,False,762788310.0,,762788310.0,0,False,True
C,A,20170101,2017,52,2017,156,CHN,China,M,Import,0,W00,World,0,W00,World,H5,HS,True,96,Miscellaneous manufactured articles,2,False,C00,TOTAL CPC,0 ,0,TOTAL MOT,-1,N/A,0.0,False,-1,N/A,0.0,False,,True,,False,2633976198.0,,2633976198.0,0,False,True
C,A,20170101,2017,52,2017,156,CHN,China,M,Import,0,W00,World,0,W00,World,H5,HS,True,88,"Aircraft, spacecraft and parts thereof",2,False,C00,TOTAL CPC,0 ,0,TOTAL MOT,-1,N/A,0.0,False,-1,N/A,0.0,False,,True,,False,25493484213.0,,25493484213.0,0,False,True
C,A,20170101,2017,52,2017,156,CHN,China,M,Import,0,W00,World,0,W00,World,H5,HS,True,91,Clocks and watches and parts thereof,2,False,C00,TOTAL CPC,0 ,0,TOTAL MOT,-1,N/A,0.0,False,-1,N/A,0.0,False,,True,,False,3327457565.0,,3327457565.0,0,False,True
C,A,20170101,2017,52,2017,156,CHN,China,M,Import,0,W00,World,0,W00,World,H5,HS,True,92,Musical instruments; parts and accessories of such articles,2,False,C00,TOTAL CPC,0 ,0,TOTAL MOT,-1,N/A,0.0,False,-1,N/A,0.0,False,,True,,False,403360661.0,,403360661.0,0,False,True
C,A,20170101,2017,52,2017,156,CHN,China,M,Import,0,W00,World,0,W00,World,H5,HS,True,93,Arms and ammunition; parts and accessories thereof,2,False,C00,TOTAL CPC,0 ,0,TOTAL MOT,-1,N/A,0.0,False,-1,N/A,0.0,False,,True,,False,7072914.0,,7072914.0,0,False,True
C,A,20170101,2017,52,2017,156,CHN,China,M,Import,0,W00,World,0,W00,World,H5,HS,True,94,"Furniture; bedding, mattresses, mattress supports, cushions and similar stuffed furnishings; lamps and lighting fittings, n.e.c.; illuminated signs, illuminated name-plates and the like; prefabricated buildings",2,False,C00,TOTAL CPC,0 ,0,TOTAL MOT,-1,N/A,0.0,False,-1,N/A,0.0,False,,True,,False,3700688801.0,,3700688801.0,0,False,True
C,A,20170101,2017,52,2017,156,CHN,China,M,Import,0,W00,World,0,W00,World,H5,HS,True,95,"Toys, games and sports requisites; parts and accessories thereof",2,False,C00,TOTAL CPC,0 ,0,TOTAL MOT,-1,N/A,0.0,False,-1,N/A,0.0,False,,True,,False,2030334575.0,,2030334575.0,0,False,True
C,A,20170101,2017,52,2017,156,CHN,China,M,Import,0,W00,World,0,W00,World,H5,HS,True,97,Works of art; collectors' pieces and antiques,2,False,C00,TOTAL CPC,0 ,0,TOTAL MOT,-1,N/A,0.0,False,-1,N/A,0.0,False,,True,,False,76640000.0,,76640000.0,0,False,True
C,A,20170101,2017,52,2017,156,CHN,China,M,Import,0,W00,World,0,W00,World,H5,HS,True,89,"Ships, boats and floating structures",2,False,C00,TOTAL CPC,0 ,0,TOTAL MOT,-1,N/A,0.0,False,-1,N/A,0.0,False,,True,,False,1765833226.0,,1765833226.0,0,False,True
C,A,20170101,2017,52,2017,156,CHN,China,M,Import,0,W00,World,0,W00,World,H5,HS,True,87,"Vehicles; other than railway or tramway rolling stock, and parts and accessories thereof",2,False,C00,TOTAL CPC,0 ,0,TOTAL MOT,-1,N/A,0.0,False,-1,N/A,0.0,False,,True,,False,79245672137.0,,79245672137.0,0,False,True
C,A,20170101,2017,52,2017,156,CHN,China,M,Import,0,W00,World,0,W00,World,H5,HS,True,84,"Nuclear reactors, boilers, machinery and mechanical appliances; parts thereof",2,False,C00,TOTAL CPC,0 ,0,TOTAL MOT,-1,N/A,0.0,False,-1,N/A,0.0,False,,True,,False,169532408468.0,,169532408468.0,0,False,True
C,A,20170101,2017,52,2017,156,CHN,China,M,Import,0,W00,World,0,W00,World,H5,HS,True,90,"Optical, photographic, cinematographic, measuring, checking, medical or surgical instruments and apparatus; parts and accessories",2,False,C00,TOTAL CPC,0 ,0,TOTAL MOT,-1,N/A,0.0,False,-1,N/A,0.0,False,,True,,False,97468605433.0,,97468605433.0,0,False,True
C,A,20170101,2017,52,2017,156,CHN,China,M,Import,0,W00,World,0,W00,World,H5,HS,True,85,"Electrical machinery and equipment and parts thereof; sound recorders and reproducers; television image and sound recorders and reproducers, parts and accessories of such articles",2,False,C00,TOTAL CPC,0 ,0,TOTAL MOT,-1,N/A,0.0,False,-1,N/A,0.0,False,,True,,False,457922455873.0,,457922455873.0,0,False,True
C,A,20170101,2017,52,2017,699,IND,India,M,Import,0,W00,World,0,W00,World,H5,HS,True,09,"Coffee, tea, mate and spices",2,False,C00,TOTAL CPC,0 ,0,TOTAL MOT,-1,N/A,0.0,False,-1,N/A,0.0,False,,True,,False,810733118.446,,810733118.446,0,False,True
C,A,20170101,2017,52,2017,699,IND,India,M,Import,0,W00,World,0,W00,World,H5,HS,True,12,"Oil seeds and oleaginous fruits; miscellaneous grains, seeds and fruit, industrial or medicinal plants; straw and fodder",2,False,C00,TOTAL CPC,0 ,0,TOTAL MOT,-1,N/A,0.0,False,-1,N/A,0.0,False,,True,,False,334755147.361,,334755147.361,0,False,True
C,A,20170101,2017,52,2017,699,IND,India,M,Import,0,W00,World,0,W00,World,H5,HS,True,13,"Lac; gums, resins and other vegetable saps and extracts",2,False,C00,TOTAL CPC,0 ,0,TOTAL MOT,-1,N/A,0.0,False,-1,N/A,0.0,False,,True,,False,245327084.459,,245327084.459,0,False,True
C,A,20170101,2017,52,2017,699,IND,India,M,Import,0,W00,World,0,W00,World,H5,HS,True,15,Animal or vegetable fats and oils and their cleavage products; prepared animal fats; animal or vegetable waxes,2,False,C00,TOTAL CPC,0 ,0,TOTAL MOT,-1,N/A,0.0,False,-1,N/A,0.0,False,,True,,False,11874177370.665,,11874177370.665,0,False,True
C,A,20170101,2017,52,2017,699,IND,India,M,Import,0,W00,World,0,W00,World,H5,HS,True,11,"Products of the milling industry; malt, starches, inulin, wheat gluten",2,False,C00,TOTAL CPC,0 ,0,TOTAL MOT,-1,N/A,0.0,False,-1,N/A,0.0,False,,True,,False,73998351.708,,73998351.708,0,False,True
C,A,20170101,2017,52,2017,699,IND,India,M,Import,0,W00,World,0,W00,World,H5,HS,True,04,"Dairy produce; birds' eggs; natural honey; edible products of animal origin, not elsewhere specified or included",2,False,C00,TOTAL CPC,0 ,0,TOTAL MOT,-1,N/A,0.0,False,-1,N/A,0.0,False,,True,,False,44385011.406,,44385011.406,0,False,True
C,A,20170101,2017,52,2017,699,IND,India,M,Import,0,W00,World,0,W00,World,H5,HS,True,01,Animals; live,2,False,C00,TOTAL CPC,0 ,0,TOTAL MOT,-1,N/A,0.0,False,-1,N/A,0.0,False,,True,,False,7900762.557,,7900762.557,0,False,True
C,A,20170101,2017,52,2017,699,IND,India,M,Import,0,W00,World,0,W00,World,H5,HS,True,17,Sugars and sugar confectionery,2,False,C00,TOTAL CPC,0 ,0,TOTAL MOT,-1,N/A,0.0,False,-1,N/A,0.0,False,,True,,False,1163537184.107,,1163537184.107,0,False,True
C,A,20170101,2017,52,2017,699,IND,India,M,Import,0,W00,World,0,W00,World,H5,HS,True,21,Miscellaneous edible preparations,2,False,C00,TOTAL CPC,0 ,0,TOTAL MOT,-1,N/A,0.0,False,-1,N/A,0.0,False,,True,,False,182971145.368,,182971145.368,0,False,True
C,A,20170101,2017,52,2017,699,IND,India,M,Import,0,W00,World,0,W00,World,H5,HS,True,22,"Beverages, spirits and vinegar",2,False,C00,TOTAL CPC,0 ,0,TOTAL MOT,-1,N/A,0.0,False,-1,N/A,0.0,False,,True,,False,703451844.39,,703451844.39,0,False,True
C,A,20170101,2017,52,2017,699,IND,India,M,Import,0,W00,World,0,W00,World,H5,HS,True,24,Tobacco and manufactured tobacco substitutes,2,False,C00,TOTAL CPC,0 ,0,TOTAL MOT,-1,N/A,0.0,False,-1,N/A,0.0,False,,True,,False,41691022.566,,41691022.566,0,False,True
C,A,20170101,2017,52,2017,699,IND,India,M,Import,0,W00,World,0,W00,World,H5,HS,True,25,"Salt; sulphur; earths, stone; plastering materials, lime and cement",2,False,C00,TOTAL CPC,0 ,0,TOTAL MOT,-1,N/A,0.0,False,-1,N/A,0.0,False,,True,,False,2314943709.043,,2314943709.043,0,False,True
C,A,20170101,2017,52,2017,699,IND,India,M,Import,0,W00,World,0,W00,World,H5,HS,True,26,"Ores, slag and ash",2,False,C00,TOTAL CPC,0 ,0,TOTAL MOT,-1,N/A,0.0,False,-1,N/A,0.0,False,,True,,False,5872227984.285,,5872227984.285,0,False,True
C,A,20170101,2017,52,2017,699,IND,India,M,Import,0,W00,World,0,W00,World,H5,HS,True,27,"Mineral fuels, mineral oils and products of their distillation; bituminous substances; mineral waxes",2,False,C00,TOTAL CPC,0 ,0,TOTAL MOT,-1,N/A,0.0,False,-1,N/A,0.0,False,,True,,False,123108161090.718,,123108161090.718,0,False,True
C,A,20170101,2017,52,2017,699,IND,India,M,Import,0,W00,World,0,W00,World,H5,HS,True,28,"Inorganic chemicals; organic and inorganic compounds of precious metals; of rare earth metals, of radio-active elements and of isotopes",2,False,C00,TOTAL CPC,0 ,0,TOTAL MOT,-1,N/A,0.0,False,-1,N/A,0.0,False,,True,,False,5587630256.847,,5587630256.847,0,False,True
C,A,20170101,2017,52,2017,699,IND,India,M,Import,0,W00,World,0,W00,World,H5,HS,True,29,Organic chemicals,2,False,C00,TOTAL CPC,0 ,0,TOTAL MOT,-1,N/A,0.0,False,-1,N/A,0.0,False,,True,,False,17966048582.221,,17966048582.221,0,False,True
C,A,20170101,2017,52,2017,699,IND,India,M,Import,0,W00,World,0,W00,World,H5,HS,True,30,Pharmaceutical products,2,False,C00,TOTAL CPC,0 ,0,TOTAL MOT,-1,N/A,0.0,False,-1,N/A,0.0,False,,True,,False,1809322574.626,,1809322574.626,0,False,True
C,A,20170101,2017,52,2017,699,IND,India,M,Import,0,W00,World,0,W00,World,H5,HS,True,32,"Tanning or dyeing extracts; tannins and their derivatives; dyes, pigments and other colouring matter; paints, varnishes; putty, other mastics; inks",2,False,C00,TOTAL CPC,0 ,0,TOTAL MOT,-1,N/A,0.0,False,-1,N/A,0.0,False,,True,,False,1977812429.838,,1977812429.838,0,False,True
C,A,20170101,2017,52,2017,699,IND,India,M,Import,0,W00,World,0,W00,World,H5,HS,True,39,Plastics and articles thereof,2,False,C00,TOTAL CPC,0 ,0,TOTAL MOT,-1,N/A,0.0,False,-1,N/A,0.0,False,,True,,False,13008523717.774,,13008523717.774,0,False,True
C,A,20170101,2017,52,2017,699,IND,India,M,Import,0,W00,World,0,W00,World,H5,HS,True,38,Chemical products n.e.c.,2,False,C00,TOTAL CPC,0 ,0,TOTAL MOT,-1,N/A,0.0,False,-1,N/A,0.0,False,,True,,False,5233486480.262,,5233486480.262,0,False,True
C,A,20170101,2017,52,2017,699,IND,India,M,Import,0,W00,World,0,W00,World,H5,HS,True,37,Photographic or cinematographic goods,2,False,C00,TOTAL CPC,0 ,0,TOTAL MOT,-1,N/A,0.0,False,-1,N/A,0.0,False,,True,,False,201804148.92,,201804148.92,0,False,True
C,A,20170101,2017,52,2017,699,IND,India,M,Import,0,W00,World,0,W00,World,H5,HS,True,36,Explosives; pyrotechnic products; matches; pyrophoric alloys; certain combustible preparations,2,False,C00,TOTAL CPC,0 ,0,TOTAL MOT,-1,N/A,0.0,False,-1,N/A,0.0,False,,True,,False,7399270.717,,7399270.717,0,False,True
C,A,20170101,2017,52,2017,699,IND,India,M,Import,0,W00,World,0,W00,World,H5,HS,True,35,Albuminoidal substances; modified starches; glues; enzymes,2,False,C00,TOTAL CPC,0 ,0,TOTAL MOT,-1,N/A,0.0,False,-1,N/A,0.0,False,,True,,False,403449021.099,,403449021.099,0,False,True
C,A,20170101,2017,52,2017,699,IND,India,M,Import,0,W00,World,0,W00,World,H5,HS,True,34,"Soap, organic surface-active agents; washing, lubricating, polishing or scouring preparations; artificial or prepared waxes, candles and similar articles, modelling pastes, dental waxes and dental preparations with a basis of plaster",2,False,C00,TOTAL CPC,0 ,0,TOTAL MOT,-1,N/A,0.0,False,-1,N/A,0.0,False,,True,,False,747093098.092,,747093098.092,0,False,True
C,A,20170101,2017,52,2017,699,IND,India,M,Import,0,W00,World,0,W00,World,H5,HS,True,33,"Essential oils and resinoids; perfumery, cosmetic or toilet preparations",2,False,C00,TOTAL CPC,0 ,0,TOTAL MOT,-1,N/A,0.0,False,-1,N/A,0.0,False,,True,,False,799066872.836,,799066872.836,0,False,True
C,A,20170101,2017,52,2017,699,IND,India,M,Import,0,W00,World,0,W00,World,H5,HS,True,31,Fertilizers,2,False,C00,TOTAL CPC,0 ,0,TOTAL MOT,-1,N/A,0.0,False,-1,N/A,0.0,False,,True,,False,4243771817.453,,4243771817.453,0,False,True
C,A,20170101,2017,52,2017,699,IND,India,M,Import,0,W00,World,0,W00,World,H5,HS,True,40,Rubber and articles thereof,2,False,C00,TOTAL CPC,0 ,0,TOTAL MOT,-1,N/A,0.0,False,-1,N/A,0.0,False,,True,,False,3252789468.41,,3252789468.41,0,False,True
C,A,20170101,2017,52,2017,699,IND,India,M,Import,0,W00,World,0,W00,World,H5,HS,True,41,Raw hides and skins (other than furskins) and leather,2,False,C00,TOTAL CPC,0 ,0,TOTAL MOT,-1,N/A,0.0,False,-1,N/A,0.0,False,,True,,False,617864528.093,,617864528.093,0,False,True
C,A,20170101,2017,52,2017,699,IND,India,M,Import,0,W00,World,0,W00,World,H5,HS,True,42,"Articles of leather; saddlery and harness; travel goods, handbags and similar containers; articles of animal gut (other than silk-worm gut)",2,False,C00,TOTAL CPC,0 ,0,TOTAL MOT,-1,N/A,0.0,False,-1,N/A,0.0,False,,True,,False,388553826.233,,388553826.233,0,False,True
C,A,20170101,2017,52,2017,699,IND,India,M,Import,0,W00,World,0,W00,World,H5,HS,True,51,"Wool, fine or coarse animal hair; horsehair yarn and woven fabric",2,False,C00,TOTAL CPC,0 ,0,TOTAL MOT,-1,N/A,0.0,False,-1,N/A,0.0,False,,True,,False,348058909.838,,348058909.838,0,False,True
C,A,20170101,2017,52,2017,699,IND,India,M,Import,0,W00,World,0,W00,World,H5,HS,True,50,Silk,2,False,C00,TOTAL CPC,0 ,0,TOTAL MOT,-1,N/A,0.0,False,-1,N/A,0.0,False,,True,,False,250819943.616,,250819943.616,0,False,True
C,A,20170101,2017,52,2017,699,IND,India,M,Import,0,W00,World,0,W00,World,H5,HS,True,49,"Printed books, newspapers, pictures and other products of the printing industry; manuscripts, typescripts and plans",2,False,C00,TOTAL CPC,0 ,0,TOTAL MOT,-1,N/A,0.0,False,-1,N/A,0.0,False,,True,,False,303377186.48,,303377186.48,0,False,True
C,A,20170101,2017,52,2017,699,IND,India,M,Import,0,W00,World,0,W00,World,H5,HS,True,53,Vegetable textile fibres; paper yarn and woven fabrics of paper yarn,2,False,C00,TOTAL CPC,0 ,0,TOTAL MOT,-1,N/A,0.0,False,-1,N/A,0.0,False,,True,,False,311521071.295,,311521071.295,0,False,True
C,A,20170101,2017,52,2017,699,IND,India,M,Import,0,W00,World,0,W00,World,H5,HS,True,48,"Paper and paperboard; articles of paper pulp, of paper or paperboard",2,False,C00,TOTAL CPC,0 ,0,TOTAL MOT,-1,N/A,0.0,False,-1,N/A,0.0,False,,True,,False,3070441799.829,,3070441799.829,0,False,True
C,A,20170101,2017,52,2017,699,IND,India,M,Import,0,W00,World,0,W00,World,H5,HS,True,44,Wood and articles of wood; wood charcoal,2,False,C00,TOTAL CPC,0 ,0,TOTAL MOT,-1,N/A,0.0,False,-1,N/A,0.0,False,,True,,False,2187847284.368,,2187847284.368,0,False,True
C,A,20170101,2017,52,2017,699,IND,India,M,Import,0,W00,World,0,W00,World,H5,HS,True,43,Furskins and artificial fur; manufactures thereof,2,False,C00,TOTAL CPC,0 ,0,TOTAL MOT,-1,N/A,0.0,False,-1,N/A,0.0,False,,True,,False,4889311.076,,4889311.076,0,False,True
C,A,20170101,2017,52,2017,699,IND,India,M,Import,0,W00,World,0,W00,World,H5,HS,True,52,Cotton,2,False,C00,TOTAL CPC,0 ,0,TOTAL MOT,-1,N/A,0.0,False,-1,N/A,0.0,False,,True,,False,1155919926.666,,1155919926.666,0,False,True
C,A,20170101,2017,52,2017,699,IND,India,M,Import,0,W00,World,0,W00,World,H5,HS,True,45,Cork and articles of cork,2,False,C00,TOTAL CPC,0 ,0,TOTAL MOT,-1,N/A,0.0,False,-1,N/A,0.0,False,,True,,False,5740802.019,,5740802.019,0,False,True
C,A,20170101,2017,52,2017,699,IND,India,M,Import,0,W00,World,0,W00,World,H5,HS,True,54,Man-made filaments; strip and the like of man-made textile materials,2,False,C00,TOTAL CPC,0 ,0,TOTAL MOT,-1,N/A,0.0,False,-1,N/A,0.0,False,,True,,False,810737585.174,,810737585.174,0,False,True
C,A,20170101,2017,52,2017,699,IND,India,M,Import,0,W00,World,0,W00,World,H5,HS,True,55,Man-made staple fibres,2,False,C00,TOTAL CPC,0 ,0,TOTAL MOT,-1,N/A,0.0,False,-1,N/A,0.0,False,,True,,False,650851658.6,,650851658.6,0,False,True
C,A,20170101,2017,52,2017,699,IND,India,M,Import,0,W00,World,0,W00,World,H5,HS,True,61,Apparel and clothing accessories; knitted or crocheted,2,False,C00,TOTAL CPC,0 ,0,TOTAL MOT,-1,N/A,0.0,False,-1,N/A,0.0,False,,True,,False,315902184.336,,315902184.336,0,False,True
C,A,20170101,2017,52,2017,699,IND,India,M,Import,0,W00,World,0,W00,World,H5,HS,True,60,Fabrics; knitted or crocheted,2,False,C00,TOTAL CPC,0 ,0,TOTAL MOT,-1,N/A,0.0,False,-1,N/A,0.0,False,,True,,False,548458393.172,,548458393.172,0,False,True
C,A,20170101,2017,52,2017,699,IND,India,M,Import,0,W00,World,0,W00,World,H5,HS,True,59,"Textile fabrics; impregnated, coated, covered or laminated; textile articles of a kind suitable for industrial use",2,False,C00,TOTAL CPC,0 ,0,TOTAL MOT,-1,N/A,0.0,False,-1,N/A,0.0,False,,True,,False,794349638.27,,794349638.27,0,False,True
C,A,20170101,2017,52,2017,699,IND,India,M,Import,0,W00,World,0,W00,World,H5,HS,True,58,"Fabrics; special woven fabrics, tufted textile fabrics, lace, tapestries, trimmings, embroidery",2,False,C00,TOTAL CPC,0 ,0,TOTAL MOT,-1,N/A,0.0,False,-1,N/A,0.0,False,,True,,False,198903496.813,,198903496.813,0,False,True
C,A,20170101,2017,52,2017,699,IND,India,M,Import,0,W00,World,0,W00,World,H5,HS,True,57,Carpets and other textile floor coverings,2,False,C00,TOTAL CPC,0 ,0,TOTAL MOT,-1,N/A,0.0,False,-1,N/A,0.0,False,,True,,False,103346624.378,,103346624.378,0,False,True
C,A,20170101,2017,52,2017,699,IND,India,M,Import,0,W00,World,0,W00,World,H5,HS,True,56,"Wadding, felt and nonwovens, special yarns; twine, cordage, ropes and cables and articles thereof",2,False,C00,TOTAL CPC,0 ,0,TOTAL MOT,-1,N/A,0.0,False,-1,N/A,0.0,False,,True,,False,311698318.672,,311698318.672,0,False,True
C,A,20170101,2017,52,2017,699,IND,India,M,Import,0,W00,World,0,W00,World,H5,HS,True,62,Apparel and clothing accessories; not knitted or crocheted,2,False,C00,TOTAL CPC,0 ,0,TOTAL MOT,-1,N/A,0.0,False,-1,N/A,0.0,False,,True,,False,372516455.379,,372516455.379,0,False,True
C,A,20170101,2017,52,2017,699,IND,India,M,Import,0,W00,World,0,W00,World,H5,HS,True,63,"Textiles, made up articles; sets; worn clothing and worn textile articles; rags",2,False,C00,TOTAL CPC,0 ,0,TOTAL MOT,-1,N/A,0.0,False,-1,N/A,0.0,False,,True,,False,431251103.816,,431251103.816,0,False,True
C,A,20170101,2017,52,2017,699,IND,India,M,Import,0,W00,World,0,W00,World,H5,HS,True,64,Footwear; gaiters and the like; parts of such articles,2,False,C00,TOTAL CPC,0 ,0,TOTAL MOT,-1,N/A,0.0,False,-1,N/A,0.0,False,,True,,False,629204283.365,,629204283.365,0,False,True
C,A,20170101,2017,52,2017,699,IND,India,M,Import,0,W00,World,0,W00,World,H5,HS,True,73,Iron or steel articles,2,False,C00,TOTAL CPC,0 ,0,TOTAL MOT,-1,N/A,0.0,False,-1,N/A,0.0,False,,True,,False,3736964458.728,,3736964458.728,0,False,True
C,A,20170101,2017,52,2017,699,IND,India,M,Import,0,W00,World,0,W00,World,H5,HS,True,65,Headgear and parts thereof,2,False,C00,TOTAL CPC,0 ,0,TOTAL MOT,-1,N/A,0.0,False,-1,N/A,0.0,False,,True,,False,20205035.886,,20205035.886,0,False,True
C,A,20170101,2017,52,2017,699,IND,India,M,Import,0,W00,World,0,W00,World,H5,HS,True,66,"Umbrellas, sun umbrellas, walking-sticks, seat sticks, whips, riding crops; and parts thereof",2,False,C00,TOTAL CPC,0 ,0,TOTAL MOT,-1,N/A,0.0,False,-1,N/A,0.0,False,,True,,False,30536906.343,,30536906.343,0,False,True
C,A,20170101,2017,52,2017,699,IND,India,M,Import,0,W00,World,0,W00,World,H5,HS,True,67,"Feathers and down, prepared; and articles made of feather or of down; artificial flowers; articles of human hair",2,False,C00,TOTAL CPC,0 ,0,TOTAL MOT,-1,N/A,0.0,False,-1,N/A,0.0,False,,True,,False,14667573.406,,14667573.406,0,False,True
C,A,20170101,2017,52,2017,699,IND,India,M,Import,0,W00,World,0,W00,World,H5,HS,True,68,"Stone, plaster, cement, asbestos, mica or similar materials; articles thereof",2,False,C00,TOTAL CPC,0 ,0,TOTAL MOT,-1,N/A,0.0,False,-1,N/A,0.0,False,,True,,False,755864357.066,,755864357.066,0,False,True
C,A,20170101,2017,52,2017,699,IND,India,M,Import,0,W00,World,0,W00,World,H5,HS,True,70,Glass and glassware,2,False,C00,TOTAL CPC,0 ,0,TOTAL MOT,-1,N/A,0.0,False,-1,N/A,0.0,False,,True,,False,1178905690.781,,1178905690.781,0,False,True
C,A,20170101,2017,52,2017,699,IND,India,M,Import,0,W00,World,0,W00,World,H5,HS,True,71,"Natural, cultured pearls; precious, semi-precious stones; precious metals, metals clad with precious metal, and articles thereof; imitation jewellery; coin",2,False,C00,TOTAL CPC,0 ,0,TOTAL MOT,-1,N/A,0.0,False,-1,N/A,0.0,False,,True,,False,74307377422.844,,74307377422.844,0,False,True
C,A,20170101,2017,52,2017,699,IND,India,M,Import,0,W00,World,0,W00,World,H5,HS,True,72,Iron and steel,2,False,C00,TOTAL CPC,0 ,0,TOTAL MOT,-1,N/A,0.0,False,-1,N/A,0.0,False,,True,,False,9958826899.893,,9958826899.893,0,False,True
C,A,20170101,2017,52,2017,699,IND,India,M,Import,0,W00,World,0,W00,World,H5,HS,True,69,Ceramic products,2,False,C00,TOTAL CPC,0 ,0,TOTAL MOT,-1,N/A,0.0,False,-1,N/A,0.0,False,,True,,False,565216604.96,,565216604.96,0,False,True
C,A,20170101,2017,52,2017,699,IND,India,M,Import,0,W00,World,0,W00,World,H5,HS,True,74,Copper and articles thereof,2,False,C00,TOTAL CPC,0 ,0,TOTAL MOT,-1,N/A,0.0,False,-1,N/A,0.0,False,,True,,False,4263491861.617,,4263491861.617,0,False,True
C,A,20170101,2017,52,2017,699,IND,India,M,Import,0,W00,World,0,W00,World,H5,HS,True,75,Nickel and articles thereof,2,False,C00,TOTAL CPC,0 ,0,TOTAL MOT,-1,N/A,0.0,False,-1,N/A,0.0,False,,True,,False,551991280.66,,551991280.66,0,False,True
C,A,20170101,2017,52,2017,699,IND,India,M,Import,0,W00,World,0,W00,World,H5,HS,True,76,Aluminium and articles thereof,2,False,C00,TOTAL CPC,0 ,0,TOTAL MOT,-1,N/A,0.0,False,-1,N/A,0.0,False,,True,,False,4149314293.404,,4149314293.404,0,False,True
C,A,20170101,2017,52,2017,699,IND,India,M,Import,0,W00,World,0,W00,World,H5,HS,True,78,Lead and articles thereof,2,False,C00,TOTAL CPC,0 ,0,TOTAL MOT,-1,N/A,0.0,False,-1,N/A,0.0,False,,True,,False,743708941.594,,743708941.594,0,False,True
C,A,20170101,2017,52,2017,699,IND,India,M,Import,0,W00,World,0,W00,World,H5,HS,True,79,Zinc and articles thereof,2,False,C00,TOTAL CPC,0 ,0,TOTAL MOT,-1,N/A,0.0,False,-1,N/A,0.0,False,,True,,False,721108819.152,,721108819.152,0,False,True
C,A,20170101,2017,52,2017,699,IND,India,M,Import,0,W00,World,0,W00,World,H5,HS,True,80,Tin; articles thereof,2,False,C00,TOTAL CPC,0 ,0,TOTAL MOT,-1,N/A,0.0,False,-1,N/A,0.0,False,,True,,False,220297141.69,,220297141.69,0,False,True
C,A,20170101,2017,52,2017,699,IND,India,M,Import,0,W00,World,0,W00,World,H5,HS,True,81,"Metals; n.e.c., cermets and articles thereof",2,False,C00,TOTAL CPC,0 ,0,TOTAL MOT,-1,N/A,0.0,False,-1,N/A,0.0,False,,True,,False,373859207.743,,373859207.743,0,False,True
C,A,20170101,2017,52,2017,699,IND,India,M,Import,0,W00,World,0,W00,World,H5,HS,True,82,"Tools, implements, cutlery, spoons and forks, of base metal; parts thereof, of base metal",2,False,C00,TOTAL CPC,0 ,0,TOTAL MOT,-1,N/A,0.0,False,-1,N/A,0.0,False,,True,,False,967491377.017,,967491377.017,0,False,True
C,A,20170101,2017,52,2017,699,IND,India,M,Import,0,W00,World,0,W00,World,H5,HS,True,83,Metal; miscellaneous products of base metal,2,False,C00,TOTAL CPC,0 ,0,TOTAL MOT,-1,N/A,0.0,False,-1,N/A,0.0,False,,True,,False,830765232.877,,830765232.877,0,False,True
C,A,20170101,2017,52,2017,699,IND,India,M,Import,0,W00,World,0,W00,World,H5,HS,True,87,"Vehicles; other than railway or tramway rolling stock, and parts and accessories thereof",2,False,C00,TOTAL CPC,0 ,0,TOTAL MOT,-1,N/A,0.0,False,-1,N/A,0.0,False,,True,,False,5493297921.183,,5493297921.183,0,False,True
C,A,20170101,2017,52,2017,699,IND,India,M,Import,0,W00,World,0,W00,World,H5,HS,True,88,"Aircraft, spacecraft and parts thereof",2,False,C00,TOTAL CPC,0 ,0,TOTAL MOT,-1,N/A,0.0,False,-1,N/A,0.0,False,,True,,False,4159638489.805,,4159638489.805,0,False,True
C,A,20170101,2017,52,2017,699,IND,India,M,Import,0,W00,World,0,W00,World,H5,HS,True,86,"Railway, tramway locomotives, rolling-stock and parts thereof; railway or tramway track fixtures and fittings and parts thereof; mechanical (including electro-mechanical) traffic signalling equipment of all kinds",2,False,C00,TOTAL CPC,0 ,0,TOTAL MOT,-1,N/A,0.0,False,-1,N/A,0.0,False,,True,,False,391203190.557,,391203190.557,0,False,True
C,A,20170101,2017,52,2017,699,IND,India,M,Import,0,W00,World,0,W00,World,H5,HS,True,89,"Ships, boats and floating structures",2,False,C00,TOTAL CPC,0 ,0,TOTAL MOT,-1,N/A,0.0,False,-1,N/A,0.0,False,,True,,False,4394972368.94,,4394972368.94,0,False,True
C,A,20170101,2017,52,2017,699,IND,India,M,Import,0,W00,World,0,W00,World,H5,HS,True,91,Clocks and watches and parts thereof,2,False,C00,TOTAL CPC,0 ,0,TOTAL MOT,-1,N/A,0.0,False,-1,N/A,0.0,False,,True,,False,308214476.8,,308214476.8,0,False,True
C,A,20170101,2017,52,2017,699,IND,India,M,Import,0,W00,World,0,W00,World,H5,HS,True,92,Musical instruments; parts and accessories of such articles,2,False,C00,TOTAL CPC,0 ,0,TOTAL MOT,-1,N/A,0.0,False,-1,N/A,0.0,False,,True,,False,46284514.614,,46284514.614,0,False,True
C,A,20170101,2017,52,2017,699,IND,India,M,Import,0,W00,World,0,W00,World,H5,HS,True,93,Arms and ammunition; parts and accessories thereof,2,False,C00,TOTAL CPC,0 ,0,TOTAL MOT,-1,N/A,0.0,False,-1,N/A,0.0,False,,True,,False,34890869.133,,34890869.133,0,False,True
C,A,20170101,2017,52,2017,699,IND,India,M,Import,0,W00,World,0,W00,World,H5,HS,True,94,"Furniture; bedding, mattresses, mattress supports, cushions and similar stuffed furnishings; lamps and lighting fittings, n.e.c.; illuminated signs, illuminated name-plates and the like; prefabricated buildings",2,False,C00,TOTAL CPC,0 ,0,TOTAL MOT,-1,N/A,0.0,False,-1,N/A,0.0,False,,True,,False,1745037373.781,,1745037373.781,0,False,True
C,A,20170101,2017,52,2017,699,IND,India,M,Import,0,W00,World,0,W00,World,H5,HS,True,95,"Toys, games and sports requisites; parts and accessories thereof",2,False,C00,TOTAL CPC,0 ,0,TOTAL MOT,-1,N/A,0.0,False,-1,N/A,0.0,False,,True,,False,550039272.127,,550039272.127,0,False,True
C,A,20170101,2017,52,2017,699,IND,India,M,Import,0,W00,World,0,W00,World,H5,HS,True,96,Miscellaneous manufactured articles,2,False,C00,TOTAL CPC,0 ,0,TOTAL MOT,-1,N/A,0.0,False,-1,N/A,0.0,False,,True,,False,507809820.616,,507809820.616,0,False,True
C,A,20170101,2017,52,2017,699,IND,India,M,Import,0,W00,World,0,W00,World,H5,HS,True,97,Works of art; collectors' pieces and antiques,2,False,C00,TOTAL CPC,0 ,0,TOTAL MOT,-1,N/A,0.0,False,-1,N/A,0.0,False,,True,,False,130057378.141,,130057378.141,0,False,True
C,A,20170101,2017,52,2017,699,IND,India,M,Import,0,W00,World,0,W00,World,H5,HS,True,90,"Optical, photographic, cinematographic, measuring, checking, medical or surgical instruments and apparatus; parts and accessories",2,False,C00,TOTAL CPC,0 ,0,TOTAL MOT,-1,N/A,0.0,False,-1,N/A,0.0,False,,True,,False,8440689333.034,,8440689333.034,0,False,True
C,A,20170101,2017,52,2017,699,IND,India,M,Import,0,W00,World,0,W00,World,H5,HS,True,84,"Nuclear reactors, boilers, machinery and mechanical appliances; parts thereof",2,False,C00,TOTAL CPC,0 ,0,TOTAL MOT,-1,N/A,0.0,False,-1,N/A,0.0,False,,True,,False,36005667944.226,,36005667944.226,0,False,True
C,A,20170101,2017,52,2017,699,IND,India,M,Import,0,W00,World,0,W00,World,H5,HS,True,85,"Electrical machinery and equipment and parts thereof; sound recorders and reproducers; television image and sound recorders and reproducers, parts and accessories of such articles",2,False,C00,TOTAL CPC,0 ,0,TOTAL MOT,-1,N/A,0.0,False,-1,N/A,0.0,False,,True,,False,46846397392.795,,46846397392.795,0,False,True
C,A,20170101,2017,52,2017,699,IND,India,M,Import,0,W00,World,0,W00,World,H5,HS,True,05,Animal originated products; not elsewhere specified or included,2,False,C00,TOTAL CPC,0 ,0,TOTAL MOT,-1,N/A,0.0,False,-1,N/A,0.0,False,,False,,False,43350847.226,,43350847.226,0,False,True
C,A,20170101,2017,52,2017,699,IND,India,M,Import,0,W00,World,0,W00,World,H5,HS,True,07,Vegetables and certain roots and tubers; edible,2,False,C00,TOTAL CPC,0 ,0,TOTAL MOT,-1,N/A,0.0,False,-1,N/A,0.0,False,,False,,False,3961263439.458,,3961263439.458,0,False,True
C,A,20170101,2017,52,2017,699,IND,India,M,Import,0,W00,World,0,W00,World,H5,HS,True,14,Vegetable plaiting materials; vegetable products not elsewhere specified or included,2,False,C00,TOTAL CPC,0 ,0,TOTAL MOT,-1,N/A,0.0,False,-1,N/A,0.0,False,,False,,False,32889206.961,,32889206.961,0,False,True
C,A,20170101,2017,52,2017,699,IND,India,M,Import,0,W00,World,0,W00,World,H5,HS,True,10,Cereals,2,False,C00,TOTAL CPC,0 ,0,TOTAL MOT,-1,N/A,0.0,False,-1,N/A,0.0,False,,False,,False,1310364167.359,,1310364167.359,0,False,True
C,A,20170101,2017,52,2017,699,IND,India,M,Import,0,W00,World,0,W00,World,H5,HS,True,08,"Fruit and nuts, edible; peel of citrus fruit or melons",2,False,C00,TOTAL CPC,0 ,0,TOTAL MOT,-1,N/A,0.0,False,-1,N/A,0.0,False,,False,,False,3427020418.303,,3427020418.303,0,False,True
C,A,20170101,2017,52,2017,699,IND,India,M,Import,0,W00,World,0,W00,World,H5,HS,True,06,"Trees and other plants, live; bulbs, roots and the like; cut flowers and ornamental foliage",2,False,C00,TOTAL CPC,0 ,0,TOTAL MOT,-1,N/A,0.0,False,-1,N/A,0.0,False,,False,,False,20552328.582,,20552328.582,0,False,True
C,A,20170101,2017,52,2017,699,IND,India,M,Import,0,W00,World,0,W00,World,H5,HS,True,03,"Fish and crustaceans, molluscs and other aquatic invertebrates",2,False,C00,TOTAL CPC,0 ,0,TOTAL MOT,-1,N/A,0.0,False,-1,N/A,0.0,False,,False,,False,76394513.828,,76394513.828,0,False,True
C,A,20170101,2017,52,2017,699,IND,India,M,Import,0,W00,World,0,W00,World,H5,HS,True,02,Meat and edible meat offal,2,False,C00,TOTAL CPC,0 ,0,TOTAL MOT,-1,N/A,0.0,False,-1,N/A,0.0,False,,False,,False,4554501.836,,4554501.836,0,False,True
C,A,20170101,2017,52,2017,699,IND,India,M,Import,0,W00,World,0,W00,World,H5,HS,True,16,"Meat, fish or crustaceans, molluscs or other aquatic invertebrates; preparations thereof",2,False,C00,TOTAL CPC,0 ,0,TOTAL MOT,-1,N/A,0.0,False,-1,N/A,0.0,False,,False,,False,4290995.413,,4290995.413,0,False,True
C,A,20170101,2017,52,2017,699,IND,India,M,Import,0,W00,World,0,W00,World,H5,HS,True,18,Cocoa and cocoa preparations,2,False,C00,TOTAL CPC,0 ,0,TOTAL MOT,-1,N/A,0.0,False,-1,N/A,0.0,False,,False,,False,224115679.674,,224115679.674,0,False,True
C,A,20170101,2017,52,2017,699,IND,India,M,Import,0,W00,World,0,W00,World,H5,HS,True,19,"Preparations of cereals, flour, starch or milk; pastrycooks' products",2,False,C00,TOTAL CPC,0 ,0,TOTAL MOT,-1,N/A,0.0,False,-1,N/A,0.0,False,,False,,False,59781450.665,,59781450.665,0,False,True
C,A,20170101,2017,52,2017,699,IND,India,M,Import,0,W00,World,0,W00,World,H5,HS,True,20,"Preparations of vegetables, fruit, nuts or other parts of plants",2,False,C00,TOTAL CPC,0 ,0,TOTAL MOT,-1,N/A,0.0,False,-1,N/A,0.0,False,,False,,False,96438418.319,,96438418.319,0,False,True
C,A,20170101,2017,52,2017,699,IND,India,M,Import,0,W00,World,0,W00,World,H5,HS,True,23,"Food industries, residues and wastes thereof; prepared animal fodder",2,False,C00,TOTAL CPC,0 ,0,TOTAL MOT,-1,N/A,0.0,False,-1,N/A,0.0,False,,False,,False,503976274.071,,503976274.071,0,False,True
C,A,20170101,2017,52,2017,699,IND,India,M,Import,0,W00,World,0,W00,World,H5,HS,True,47,Pulp of wood or other fibrous cellulosic material; recovered (waste and scrap) paper or paperboard,2,False,C00,TOTAL CPC,0 ,0,TOTAL MOT,-1,N/A,0.0,False,-1,N/A,0.0,False,,False,,False,1949770145.352,,1949770145.352,0,False,True
C,A,20170101,2017,52,2017,699,IND,India,M,Import,0,W00,World,0,W00,World,H5,HS,True,46,"Manufactures of straw, esparto or other plaiting materials; basketware and wickerwork",2,False,C00,TOTAL CPC,0 ,0,TOTAL MOT,-1,N/A,0.0,False,-1,N/A,0.0,False,,False,,False,2393684.596,,2393684.596,0,False,True
C,A,20170101,2017,52,2017,699,IND,India,M,Import,0,W00,World,0,W00,World,H5,HS,True,99,Commodities not specified according to kind,2,False,C00,TOTAL CPC,0 ,0,TOTAL MOT,-1,N/A,0.0,False,-1,N/A,0.0,False,,False,,False,4061691415.566,,4061691415.566,0,False,True
C,A,20170101,2017,52,2017,704,VNM,Viet Nam,M,Import,0,W00,World,0,W00,World,H4,HS,True,09,"Coffee, tea, mate and spices",2,False,C00,TOTAL CPC,0 ,0,TOTAL MOT,-1,N/A,0.0,False,-1,N/A,0.0,False,,True,,False,213727540.6,,213727540.6,0,False,True
C,A,20170101,2017,52,2017,704,VNM,Viet Nam,M,Import,0,W00,World,0,W00,World,H4,HS,True,08,"Fruit and nuts, edible; peel of citrus fruit or melons",2,False,C00,TOTAL CPC,0 ,0,TOTAL MOT,-1,N/A,0.0,False,-1,N/A,0.0,False,,True,,False,3721340775.9,,3721340775.9,0,False,True
C,A,20170101,2017,52,2017,704,VNM,Viet Nam,M,Import,0,W00,World,0,W00,World,H4,HS,True,07,Vegetables and certain roots and tubers; edible,2,False,C00,TOTAL CPC,0 ,0,TOTAL MOT,-1,N/A,0.0,False,-1,N/A,0.0,False,,True,,False,644269256.2,,644269256.2,0,False,True
C,A,20170101,2017,52,2017,704,VNM,Viet Nam,M,Import,0,W00,World,0,W00,World,H4,HS,True,06,"Trees and other plants, live; bulbs, roots and the like; cut flowers and ornamental foliage",2,False,C00,TOTAL CPC,0 ,0,TOTAL MOT,-1,N/A,0.0,False,-1,N/A,0.0,False,,True,,False,103158525.1,,103158525.1,0,False,True
C,A,20170101,2017,52,2017,704,VNM,Viet Nam,M,Import,0,W00,World,0,W00,World,H4,HS,True,05,Animal originated products; not elsewhere specified or included,2,False,C00,TOTAL CPC,0 ,0,TOTAL MOT,-1,N/A,0.0,False,-1,N/A,0.0,False,,True,,False,246477136.7,,246477136.7,0,False,True
C,A,20170101,2017,52,2017,704,VNM,Viet Nam,M,Import,0,W00,World,0,W00,World,H4,HS,True,04,"Dairy produce; birds' eggs; natural honey; edible products of animal origin, not elsewhere specified or included",2,False,C00,TOTAL CPC,0 ,0,TOTAL MOT,-1,N/A,0.0,False,-1,N/A,0.0,False,,True,,False,607341590.9,,607341590.9,0,False,True
C,A,20170101,2017,52,2017,704,VNM,Viet Nam,M,Import,0,W00,World,0,W00,World,H4,HS,True,03,"Fish and crustaceans, molluscs and other aquatic invertebrates",2,False,C00,TOTAL CPC,0 ,0,TOTAL MOT,-1,N/A,0.0,False,-1,N/A,0.0,False,,True,,False,1386235620.4,,1386235620.4,0,False,True
C,A,20170101,2017,52,2017,704,VNM,Viet Nam,M,Import,0,W00,World,0,W00,World,H4,HS,True,02,Meat and edible meat offal,2,False,C00,TOTAL CPC,0 ,0,TOTAL MOT,-1,N/A,0.0,False,-1,N/A,0.0,False,,True,,False,351995453.1,,351995453.1,0,False,True
C,A,20170101,2017,52,2017,704,VNM,Viet Nam,M,Import,0,W00,World,0,W00,World,H4,HS,True,01,Animals; live,2,False,C00,TOTAL CPC,0 ,0,TOTAL MOT,-1,N/A,0.0,False,-1,N/A,0.0,False,,True,,False,343053655.1,,343053655.1,0,False,True
C,A,20170101,2017,52,2017,704,VNM,Viet Nam,M,Import,0,W00,World,0,W00,World,H4,HS,True,10,Cereals,2,False,C00,TOTAL CPC,0 ,0,TOTAL MOT,-1,N/A,0.0,False,-1,N/A,0.0,False,,True,,False,2577072909.8,,2577072909.8,0,False,True
C,A,20170101,2017,52,2017,704,VNM,Viet Nam,M,Import,0,W00,World,0,W00,World,H4,HS,True,11,"Products of the milling industry; malt, starches, inulin, wheat gluten",2,False,C00,TOTAL CPC,0 ,0,TOTAL MOT,-1,N/A,0.0,False,-1,N/A,0.0,False,,True,,False,258542779.5,,258542779.5,0,False,True
C,A,20170101,2017,52,2017,704,VNM,Viet Nam,M,Import,0,W00,World,0,W00,World,H4,HS,True,12,"Oil seeds and oleaginous fruits; miscellaneous grains, seeds and fruit, industrial or medicinal plants; straw and fodder",2,False,C00,TOTAL CPC,0 ,0,TOTAL MOT,-1,N/A,0.0,False,-1,N/A,0.0,False,,True,,False,889671448.7,,889671448.7,0,False,True
C,A,20170101,2017,52,2017,704,VNM,Viet Nam,M,Import,0,W00,World,0,W00,World,H4,HS,True,13,"Lac; gums, resins and other vegetable saps and extracts",2,False,C00,TOTAL CPC,0 ,0,TOTAL MOT,-1,N/A,0.0,False,-1,N/A,0.0,False,,True,,False,69449156.9,,69449156.9,0,False,True
C,A,20170101,2017,52,2017,704,VNM,Viet Nam,M,Import,0,W00,World,0,W00,World,H4,HS,True,14,Vegetable plaiting materials; vegetable products not elsewhere specified or included,2,False,C00,TOTAL CPC,0 ,0,TOTAL MOT,-1,N/A,0.0,False,-1,N/A,0.0,False,,True,,False,3543857.7,,3543857.7,0,False,True
C,A,20170101,2017,52,2017,704,VNM,Viet Nam,M,Import,0,W00,World,0,W00,World,H4,HS,True,15,Animal or vegetable fats and oils and their cleavage products; prepared animal fats; animal or vegetable waxes,2,False,C00,TOTAL CPC,0 ,0,TOTAL MOT,-1,N/A,0.0,False,-1,N/A,0.0,False,,True,,False,766849628.6,,766849628.6,0,False,True
C,A,20170101,2017,52,2017,704,VNM,Viet Nam,M,Import,0,W00,World,0,W00,World,H4,HS,True,16,"Meat, fish or crustaceans, molluscs or other aquatic invertebrates; preparations thereof",2,False,C00,TOTAL CPC,0 ,0,TOTAL MOT,-1,N/A,0.0,False,-1,N/A,0.0,False,,True,,False,58012743.4,,58012743.4,0,False,True
C,A,20170101,2017,52,2017,704,VNM,Viet Nam,M,Import,0,W00,World,0,W00,World,H4,HS,True,17,Sugars and sugar confectionery,2,False,C00,TOTAL CPC,0 ,0,TOTAL MOT,-1,N/A,0.0,False,-1,N/A,0.0,False,,True,,False,301748858.3,,301748858.3,0,False,True
C,A,20170101,2017,52,2017,704,VNM,Viet Nam,M,Import,0,W00,World,0,W00,World,H4,HS,True,18,Cocoa and cocoa preparations,2,False,C00,TOTAL CPC,0 ,0,TOTAL MOT,-1,N/A,0.0,False,-1,N/A,0.0,False,,True,,False,50527036.2,,50527036.2,0,False,True
C,A,20170101,2017,52,2017,704,VNM,Viet Nam,M,Import,0,W00,World,0,W00,World,H4,HS,True,19,"Preparations of cereals, flour, starch or milk; pastrycooks' products",2,False,C00,TOTAL CPC,0 ,0,TOTAL MOT,-1,N/A,0.0,False,-1,N/A,0.0,False,,True,,False,552103014.1,,552103014.1,0,False,True
C,A,20170101,2017,52,2017,704,VNM,Viet Nam,M,Import,0,W00,World,0,W00,World,H4,HS,True,20,"Preparations of vegetables, fruit, nuts or other parts of plants",2,False,C00,TOTAL CPC,0 ,0,TOTAL MOT,-1,N/A,0.0,False,-1,N/A,0.0,False,,True,,False,76429077.0,,76429077.0,0,False,True
C,A,20170101,2017,52,2017,704,VNM,Viet Nam,M,Import,0,W00,World,0,W00,World,H4,HS,True,21,Miscellaneous edible preparations,2,False,C00,TOTAL CPC,0 ,0,TOTAL MOT,-1,N/A,0.0,False,-1,N/A,0.0,False,,True,,False,691553026.6,,691553026.6,0,False,True
C,A,20170101,2017,52,2017,704,VNM,Viet Nam,M,Import,0,W00,World,0,W00,World,H4,HS,True,22,"Beverages, spirits and vinegar",2,False,C00,TOTAL CPC,0 ,0,TOTAL MOT,-1,N/A,0.0,False,-1,N/A,0.0,False,,True,,False,189717902.1,,189717902.1,0,False,True
C,A,20170101,2017,52,2017,704,VNM,Viet Nam,M,Import,0,W00,World,0,W00,World,H4,HS,True,23,"Food industries, residues and wastes thereof; prepared animal fodder",2,False,C00,TOTAL CPC,0 ,0,TOTAL MOT,-1,N/A,0.0,False,-1,N/A,0.0,False,,True,,False,3227719982.2,,3227719982.2,0,False,True
C,A,20170101,2017,52,2017,704,VNM,Viet Nam,M,Import,0,W00,World,0,W00,World,H4,HS,True,24,Tobacco and manufactured tobacco substitutes,2,False,C00,TOTAL CPC,0 ,0,TOTAL MOT,-1,N/A,0.0,False,-1,N/A,0.0,False,,True,,False,302491099.3,,302491099.3,0,False,True
C,A,20170101,2017,52,2017,704,VNM,Viet Nam,M,Import,0,W00,World,0,W00,World,H4,HS,True,25,"Salt; sulphur; earths, stone; plastering materials, lime and cement",2,False,C00,TOTAL CPC,0 ,0,TOTAL MOT,-1,N/A,0.0,False,-1,N/A,0.0,False,,True,,False,392817869.6,,392817869.6,0,False,True
C,A,20170101,2017,52,2017,704,VNM,Viet Nam,M,Import,0,W00,World,0,W00,World,H4,HS,True,26,"Ores, slag and ash",2,False,C00,TOTAL CPC,0 ,0,TOTAL MOT,-1,N/A,0.0,False,-1,N/A,0.0,False,,True,,False,451265139.1,,451265139.1,0,False,True
C,A,20170101,2017,52,2017,704,VNM,Viet Nam,M,Import,0,W00,World,0,W00,World,H4,HS,True,27,"Mineral fuels, mineral oils and products of their distillation; bituminous substances; mineral waxes",2,False,C00,TOTAL CPC,0 ,0,TOTAL MOT,-1,N/A,0.0,False,-1,N/A,0.0,False,,True,,False,11036918870.9,,11036918870.9,0,False,True
C,A,20170101,2017,52,2017,704,VNM,Viet Nam,M,Import,0,W00,World,0,W00,World,H4,HS,True,28,"Inorganic chemicals; organic and inorganic compounds of precious metals; of rare earth metals, of radio-active elements and of isotopes",2,False,C00,TOTAL CPC,0 ,0,TOTAL MOT,-1,N/A,0.0,False,-1,N/A,0.0,False,,True,,False,1336130676.3,,1336130676.3,0,False,True
C,A,20170101,2017,52,2017,704,VNM,Viet Nam,M,Import,0,W00,World,0,W00,World,H4,HS,True,29,Organic chemicals,2,False,C00,TOTAL CPC,0 ,0,TOTAL MOT,-1,N/A,0.0,False,-1,N/A,0.0,False,,True,,False,3162033578.4,,3162033578.4,0,False,True
C,A,20170101,2017,52,2017,704,VNM,Viet Nam,M,Import,0,W00,World,0,W00,World,H4,HS,True,30,Pharmaceutical products,2,False,C00,TOTAL CPC,0 ,0,TOTAL MOT,-1,N/A,0.0,False,-1,N/A,0.0,False,,True,,False,3038302692.9,,3038302692.9,0,False,True
C,A,20170101,2017,52,2017,704,VNM,Viet Nam,M,Import,0,W00,World,0,W00,World,H4,HS,True,31,Fertilizers,2,False,C00,TOTAL CPC,0 ,0,TOTAL MOT,-1,N/A,0.0,False,-1,N/A,0.0,False,,True,,False,1293077787.5,,1293077787.5,0,False,True
C,A,20170101,2017,52,2017,704,VNM,Viet Nam,M,Import,0,W00,World,0,W00,World,H4,HS,True,32,"Tanning or dyeing extracts; tannins and their derivatives; dyes, pigments and other colouring matter; paints, varnishes; putty, other mastics; inks",2,False,C00,TOTAL CPC,0 ,0,TOTAL MOT,-1,N/A,0.0,False,-1,N/A,0.0,False,,True,,False,1484653105.3,,1484653105.3,0,False,True
C,A,20170101,2017,52,2017,704,VNM,Viet Nam,M,Import,0,W00,World,0,W00,World,H4,HS,True,33,"Essential oils and resinoids; perfumery, cosmetic or toilet preparations",2,False,C00,TOTAL CPC,0 ,0,TOTAL MOT,-1,N/A,0.0,False,-1,N/A,0.0,False,,True,,False,673589089.8,,673589089.8,0,False,True
C,A,20170101,2017,52,2017,704,VNM,Viet Nam,M,Import,0,W00,World,0,W00,World,H4,HS,True,34,"Soap, organic surface-active agents; washing, lubricating, polishing or scouring preparations; artificial or prepared waxes, candles and similar articles, modelling pastes, dental waxes and dental preparations with a basis of plaster",2,False,C00,TOTAL CPC,0 ,0,TOTAL MOT,-1,N/A,0.0,False,-1,N/A,0.0,False,,True,,False,624575684.4,,624575684.4,0,False,True
C,A,20170101,2017,52,2017,704,VNM,Viet Nam,M,Import,0,W00,World,0,W00,World,H4,HS,True,35,Albuminoidal substances; modified starches; glues; enzymes,2,False,C00,TOTAL CPC,0 ,0,TOTAL MOT,-1,N/A,0.0,False,-1,N/A,0.0,False,,True,,False,631655625.8,,631655625.8,0,False,True
C,A,20170101,2017,52,2017,704,VNM,Viet Nam,M,Import,0,W00,World,0,W00,World,H4,HS,True,36,Explosives; pyrotechnic products; matches; pyrophoric alloys; certain combustible preparations,2,False,C00,TOTAL CPC,0 ,0,TOTAL MOT,-1,N/A,0.0,False,-1,N/A,0.0,False,,True,,False,1355683.5,,1355683.5,0,False,True
C,A,20170101,2017,52,2017,704,VNM,Viet Nam,M,Import,0,W00,World,0,W00,World,H4,HS,True,37,Photographic or cinematographic goods,2,False,C00,TOTAL CPC,0 ,0,TOTAL MOT,-1,N/A,0.0,False,-1,N/A,0.0,False,,True,,False,97237915.4,,97237915.4,0,False,True
C,A,20170101,2017,52,2017,704,VNM,Viet Nam,M,Import,0,W00,World,0,W00,World,H4,HS,True,38,Chemical products n.e.c.,2,False,C00,TOTAL CPC,0 ,0,TOTAL MOT,-1,N/A,0.0,False,-1,N/A,0.0,False,,True,,False,2894570859.2,,2894570859.2,0,False,True
C,A,20170101,2017,52,2017,704,VNM,Viet Nam,M,Import,0,W00,World,0,W00,World,H4,HS,True,39,Plastics and articles thereof,2,False,C00,TOTAL CPC,0 ,0,TOTAL MOT,-1,N/A,0.0,False,-1,N/A,0.0,False,,True,,False,13313631952.7,,13313631952.7,0,False,True
C,A,20170101,2017,52,2017,704,VNM,Viet Nam,M,Import,0,W00,World,0,W00,World,H4,HS,True,42,"Articles of leather; saddlery and harness; travel goods, handbags and similar containers; articles of animal gut (other than silk-worm gut)",2,False,C00,TOTAL CPC,0 ,0,TOTAL MOT,-1,N/A,0.0,False,-1,N/A,0.0,False,,True,,False,139379331.7,,139379331.7,0,False,True
C,A,20170101,2017,52,2017,704,VNM,Viet Nam,M,Import,0,W00,World,0,W00,World,H4,HS,True,45,Cork and articles of cork,2,False,C00,TOTAL CPC,0 ,0,TOTAL MOT,-1,N/A,0.0,False,-1,N/A,0.0,False,,True,,False,784066.6,,784066.6,0,False,True
C,A,20170101,2017,52,2017,704,VNM,Viet Nam,M,Import,0,W00,World,0,W00,World,H4,HS,True,46,"Manufactures of straw, esparto or other plaiting materials; basketware and wickerwork",2,False,C00,TOTAL CPC,0 ,0,TOTAL MOT,-1,N/A,0.0,False,-1,N/A,0.0,False,,True,,False,12282716.8,,12282716.8,0,False,True
C,A,20170101,2017,52,2017,704,VNM,Viet Nam,M,Import,0,W00,World,0,W00,World,H4,HS,True,51,"Wool, fine or coarse animal hair; horsehair yarn and woven fabric",2,False,C00,TOTAL CPC,0 ,0,TOTAL MOT,-1,N/A,0.0,False,-1,N/A,0.0,False,,True,,False,233085052.2,,233085052.2,0,False,True
C,A,20170101,2017,52,2017,704,VNM,Viet Nam,M,Import,0,W00,World,0,W00,World,H4,HS,True,52,Cotton,2,False,C00,TOTAL CPC,0 ,0,TOTAL MOT,-1,N/A,0.0,False,-1,N/A,0.0,False,,True,,False,4055422761.9,,4055422761.9,0,False,True
C,A,20170101,2017,52,2017,704,VNM,Viet Nam,M,Import,0,W00,World,0,W00,World,H4,HS,True,50,Silk,2,False,C00,TOTAL CPC,0 ,0,TOTAL MOT,-1,N/A,0.0,False,-1,N/A,0.0,False,,True,,False,61293547.0,,61293547.0,0,False,True
C,A,20170101,2017,52,2017,704,VNM,Viet Nam,M,Import,0,W00,World,0,W00,World,H4,HS,True,49,"Printed books, newspapers, pictures and other products of the printing industry; manuscripts, typescripts and plans",2,False,C00,TOTAL CPC,0 ,0,TOTAL MOT,-1,N/A,0.0,False,-1,N/A,0.0,False,,True,,False,165835555.0,,165835555.0,0,False,True
C,A,20170101,2017,52,2017,704,VNM,Viet Nam,M,Import,0,W00,World,0,W00,World,H4,HS,True,54,Man-made filaments; strip and the like of man-made textile materials,2,False,C00,TOTAL CPC,0 ,0,TOTAL MOT,-1,N/A,0.0,False,-1,N/A,0.0,False,,True,,False,2512175728.4,,2512175728.4,0,False,True
C,A,20170101,2017,52,2017,704,VNM,Viet Nam,M,Import,0,W00,World,0,W00,World,H4,HS,True,48,"Paper and paperboard; articles of paper pulp, of paper or paperboard",2,False,C00,TOTAL CPC,0 ,0,TOTAL MOT,-1,N/A,0.0,False,-1,N/A,0.0,False,,True,,False,2363112671.1,,2363112671.1,0,False,True
C,A,20170101,2017,52,2017,704,VNM,Viet Nam,M,Import,0,W00,World,0,W00,World,H4,HS,True,47,Pulp of wood or other fibrous cellulosic material; recovered (waste and scrap) paper or paperboard,2,False,C00,TOTAL CPC,0 ,0,TOTAL MOT,-1,N/A,0.0,False,-1,N/A,0.0,False,,True,,False,507471527.1,,507471527.1,0,False,True
C,A,20170101,2017,52,2017,704,VNM,Viet Nam,M,Import,0,W00,World,0,W00,World,H4,HS,True,44,Wood and articles of wood; wood charcoal,2,False,C00,TOTAL CPC,0 ,0,TOTAL MOT,-1,N/A,0.0,False,-1,N/A,0.0,False,,True,,False,2093062909.5,,2093062909.5,0,False,True
C,A,20170101,2017,52,2017,704,VNM,Viet Nam,M,Import,0,W00,World,0,W00,World,H4,HS,True,43,Furskins and artificial fur; manufactures thereof,2,False,C00,TOTAL CPC,0 ,0,TOTAL MOT,-1,N/A,0.0,False,-1,N/A,0.0,False,,True,,False,238189193.2,,238189193.2,0,False,True
C,A,20170101,2017,52,2017,704,VNM,Viet Nam,M,Import,0,W00,World,0,W00,World,H4,HS,True,41,Raw hides and skins (other than furskins) and leather,2,False,C00,TOTAL CPC,0 ,0,TOTAL MOT,-1,N/A,0.0,False,-1,N/A,0.0,False,,True,,False,1693948208.1,,1693948208.1,0,False,True
C,A,20170101,2017,52,2017,704,VNM,Viet Nam,M,Import,0,W00,World,0,W00,World,H4,HS,True,40,Rubber and articles thereof,2,False,C00,TOTAL CPC,0 ,0,TOTAL MOT,-1,N/A,0.0,False,-1,N/A,0.0,False,,True,,False,2472518120.6,,2472518120.6,0,False,True
C,A,20170101,2017,52,2017,704,VNM,Viet Nam,M,Import,0,W00,World,0,W00,World,H4,HS,True,53,Vegetable textile fibres; paper yarn and woven fabrics of paper yarn,2,False,C00,TOTAL CPC,0 ,0,TOTAL MOT,-1,N/A,0.0,False,-1,N/A,0.0,False,,True,,False,69654009.7,,69654009.7,0,False,True
C,A,20170101,2017,52,2017,704,VNM,Viet Nam,M,Import,0,W00,World,0,W00,World,H4,HS,True,55,Man-made staple fibres,2,False,C00,TOTAL CPC,0 ,0,TOTAL MOT,-1,N/A,0.0,False,-1,N/A,0.0,False,,True,,False,3060344113.8,,3060344113.8,0,False,True
C,A,20170101,2017,52,2017,704,VNM,Viet Nam,M,Import,0,W00,World,0,W00,World,H4,HS,True,56,"Wadding, felt and nonwovens, special yarns; twine, cordage, ropes and cables and articles thereof",2,False,C00,TOTAL CPC,0 ,0,TOTAL MOT,-1,N/A,0.0,False,-1,N/A,0.0,False,,True,,False,729299601.5,,729299601.5,0,False,True
C,A,20170101,2017,52,2017,704,VNM,Viet Nam,M,Import,0,W00,World,0,W00,World,H4,HS,True,64,Footwear; gaiters and the like; parts of such articles,2,False,C00,TOTAL CPC,0 ,0,TOTAL MOT,-1,N/A,0.0,False,-1,N/A,0.0,False,,True,,False,907125116.5,,907125116.5,0,False,True
C,A,20170101,2017,52,2017,704,VNM,Viet Nam,M,Import,0,W00,World,0,W00,World,H4,HS,True,65,Headgear and parts thereof,2,False,C00,TOTAL CPC,0 ,0,TOTAL MOT,-1,N/A,0.0,False,-1,N/A,0.0,False,,True,,False,17229328.9,,17229328.9,0,False,True
C,A,20170101,2017,52,2017,704,VNM,Viet Nam,M,Import,0,W00,World,0,W00,World,H4,HS,True,66,"Umbrellas, sun umbrellas, walking-sticks, seat sticks, whips, riding crops; and parts thereof",2,False,C00,TOTAL CPC,0 ,0,TOTAL MOT,-1,N/A,0.0,False,-1,N/A,0.0,False,,True,,False,8541864.8,,8541864.8,0,False,True
C,A,20170101,2017,52,2017,704,VNM,Viet Nam,M,Import,0,W00,World,0,W00,World,H4,HS,True,57,Carpets and other textile floor coverings,2,False,C00,TOTAL CPC,0 ,0,TOTAL MOT,-1,N/A,0.0,False,-1,N/A,0.0,False,,True,,False,54183496.8,,54183496.8,0,False,True
C,A,20170101,2017,52,2017,704,VNM,Viet Nam,M,Import,0,W00,World,0,W00,World,H4,HS,True,59,"Textile fabrics; impregnated, coated, covered or laminated; textile articles of a kind suitable for industrial use",2,False,C00,TOTAL CPC,0 ,0,TOTAL MOT,-1,N/A,0.0,False,-1,N/A,0.0,False,,True,,False,1115389630.6,,1115389630.6,0,False,True
C,A,20170101,2017,52,2017,704,VNM,Viet Nam,M,Import,0,W00,World,0,W00,World,H4,HS,True,60,Fabrics; knitted or crocheted,2,False,C00,TOTAL CPC,0 ,0,TOTAL MOT,-1,N/A,0.0,False,-1,N/A,0.0,False,,True,,False,4433584721.1,,4433584721.1,0,False,True
C,A,20170101,2017,52,2017,704,VNM,Viet Nam,M,Import,0,W00,World,0,W00,World,H4,HS,True,61,Apparel and clothing accessories; knitted or crocheted,2,False,C00,TOTAL CPC,0 ,0,TOTAL MOT,-1,N/A,0.0,False,-1,N/A,0.0,False,,True,,False,284746788.0,,284746788.0,0,False,True
C,A,20170101,2017,52,2017,704,VNM,Viet Nam,M,Import,0,W00,World,0,W00,World,H4,HS,True,62,Apparel and clothing accessories; not knitted or crocheted,2,False,C00,TOTAL CPC,0 ,0,TOTAL MOT,-1,N/A,0.0,False,-1,N/A,0.0,False,,True,,False,233766660.9,,233766660.9,0,False,True
C,A,20170101,2017,52,2017,704,VNM,Viet Nam,M,Import,0,W00,World,0,W00,World,H4,HS,True,63,"Textiles, made up articles; sets; worn clothing and worn textile articles; rags",2,False,C00,TOTAL CPC,0 ,0,TOTAL MOT,-1,N/A,0.0,False,-1,N/A,0.0,False,,True,,False,110550811.6,,110550811.6,0,False,True
C,A,20170101,2017,52,2017,704,VNM,Viet Nam,M,Import,0,W00,World,0,W00,World,H4,HS,True,58,"Fabrics; special woven fabrics, tufted textile fabrics, lace, tapestries, trimmings, embroidery",2,False,C00,TOTAL CPC,0 ,0,TOTAL MOT,-1,N/A,0.0,False,-1,N/A,0.0,False,,True,,False,1013128167.4,,1013128167.4,0,False,True
C,A,20170101,2017,52,2017,704,VNM,Viet Nam,M,Import,0,W00,World,0,W00,World,H4,HS,True,67,"Feathers and down, prepared; and articles made of feather or of down; artificial flowers; articles of human hair",2,False,C00,TOTAL CPC,0 ,0,TOTAL MOT,-1,N/A,0.0,False,-1,N/A,0.0,False,,True,,False,44561734.2,,44561734.2,0,False,True
C,A,20170101,2017,52,2017,704,VNM,Viet Nam,M,Import,0,W00,World,0,W00,World,H4,HS,True,68,"Stone, plaster, cement, asbestos, mica or similar materials; articles thereof",2,False,C00,TOTAL CPC,0 ,0,TOTAL MOT,-1,N/A,0.0,False,-1,N/A,0.0,False,,True,,False,402846581.0,,402846581.0,0,False,True
C,A,20170101,2017,52,2017,704,VNM,Viet Nam,M,Import,0,W00,World,0,W00,World,H4,HS,True,69,Ceramic products,2,False,C00,TOTAL CPC,0 ,0,TOTAL MOT,-1,N/A,0.0,False,-1,N/A,0.0,False,,True,,False,331208333.3,,331208333.3,0,False,True
C,A,20170101,2017,52,2017,704,VNM,Viet Nam,M,Import,0,W00,World,0,W00,World,H4,HS,True,70,Glass and glassware,2,False,C00,TOTAL CPC,0 ,0,TOTAL MOT,-1,N/A,0.0,False,-1,N/A,0.0,False,,True,,False,1071848507.6,,1071848507.6,0,False,True
C,A,20170101,2017,52,2017,704,VNM,Viet Nam,M,Import,0,W00,World,0,W00,World,H4,HS,True,71,"Natural, cultured pearls; precious, semi-precious stones; precious metals, metals clad with precious metal, and articles thereof; imitation jewellery; coin",2,False,C00,TOTAL CPC,0 ,0,TOTAL MOT,-1,N/A,0.0,False,-1,N/A,0.0,False,,True,,False,612659503.0,,612659503.0,0,False,True
C,A,20170101,2017,52,2017,704,VNM,Viet Nam,M,Import,0,W00,World,0,W00,World,H4,HS,True,72,Iron and steel,2,False,C00,TOTAL CPC,0 ,0,TOTAL MOT,-1,N/A,0.0,False,-1,N/A,0.0,False,,True,,False,10682441538.6,,10682441538.6,0,False,True
C,A,20170101,2017,52,2017,704,VNM,Viet Nam,M,Import,0,W00,World,0,W00,World,H4,HS,True,73,Iron or steel articles,2,False,C00,TOTAL CPC,0 ,0,TOTAL MOT,-1,N/A,0.0,False,-1,N/A,0.0,False,,True,,False,3156559662.8,,3156559662.8,0,False,True
C,A,20170101,2017,52,2017,704,VNM,Viet Nam,M,Import,0,W00,World,0,W00,World,H4,HS,True,74,Copper and articles thereof,2,False,C00,TOTAL CPC,0 ,0,TOTAL MOT,-1,N/A,0.0,False,-1,N/A,0.0,False,,True,,False,2705336480.7,,2705336480.7,0,False,True
C,A,20170101,2017,52,2017,704,VNM,Viet Nam,M,Import,0,W00,World,0,W00,World,H4,HS,True,75,Nickel and articles thereof,2,False,C00,TOTAL CPC,0 ,0,TOTAL MOT,-1,N/A,0.0,False,-1,N/A,0.0,False,,True,,False,82027152.5,,82027152.5,0,False,True
C,A,20170101,2017,52,2017,704,VNM,Viet Nam,M,Import,0,W00,World,0,W00,World,H4,HS,True,76,Aluminium and articles thereof,2,False,C00,TOTAL CPC,0 ,0,TOTAL MOT,-1,N/A,0.0,False,-1,N/A,0.0,False,,True,,False,3057972843.9,,3057972843.9,0,False,True
C,A,20170101,2017,52,2017,704,VNM,Viet Nam,M,Import,0,W00,World,0,W00,World,H4,HS,True,78,Lead and articles thereof,2,False,C00,TOTAL CPC,0 ,0,TOTAL MOT,-1,N/A,0.0,False,-1,N/A,0.0,False,,True,,False,368763782.2,,368763782.2,0,False,True
C,A,20170101,2017,52,2017,704,VNM,Viet Nam,M,Import,0,W00,World,0,W00,World,H4,HS,True,79,Zinc and articles thereof,2,False,C00,TOTAL CPC,0 ,0,TOTAL MOT,-1,N/A,0.0,False,-1,N/A,0.0,False,,True,,False,509482400.3,,509482400.3,0,False,True
C,A,20170101,2017,52,2017,704,VNM,Viet Nam,M,Import,0,W00,World,0,W00,World,H4,HS,True,80,Tin; articles thereof,2,False,C00,TOTAL CPC,0 ,0,TOTAL MOT,-1,N/A,0.0,False,-1,N/A,0.0,False,,True,,False,77242621.6,,77242621.6,0,False,True
C,A,20170101,2017,52,2017,704,VNM,Viet Nam,M,Import,0,W00,World,0,W00,World,H4,HS,True,81,"Metals; n.e.c., cermets and articles thereof",2,False,C00,TOTAL CPC,0 ,0,TOTAL MOT,-1,N/A,0.0,False,-1,N/A,0.0,False,,True,,False,50565088.3,,50565088.3,0,False,True
C,A,20170101,2017,52,2017,704,VNM,Viet Nam,M,Import,0,W00,World,0,W00,World,H4,HS,True,82,"Tools, implements, cutlery, spoons and forks, of base metal; parts thereof, of base metal",2,False,C00,TOTAL CPC,0 ,0,TOTAL MOT,-1,N/A,0.0,False,-1,N/A,0.0,False,,True,,False,510040275.3,,510040275.3,0,False,True
C,A,20170101,2017,52,2017,704,VNM,Viet Nam,M,Import,0,W00,World,0,W00,World,H4,HS,True,83,Metal; miscellaneous products of base metal,2,False,C00,TOTAL CPC,0 ,0,TOTAL MOT,-1,N/A,0.0,False,-1,N/A,0.0,False,,True,,False,756882229.1,,756882229.1,0,False,True
C,A,20170101,2017,52,2017,704,VNM,Viet Nam,M,Import,0,W00,World,0,W00,World,H4,HS,True,84,"Nuclear reactors, boilers, machinery and mechanical appliances; parts thereof",2,False,C00,TOTAL CPC,0 ,0,TOTAL MOT,-1,N/A,0.0,False,-1,N/A,0.0,False,,True,,False,22638090017.2,,22638090017.2,0,False,True
C,A,20170101,2017,52,2017,704,VNM,Viet Nam,M,Import,0,W00,World,0,W00,World,H4,HS,True,90,"Optical, photographic, cinematographic, measuring, checking, medical or surgical instruments and apparatus; parts and accessories",2,False,C00,TOTAL CPC,0 ,0,TOTAL MOT,-1,N/A,0.0,False,-1,N/A,0.0,False,,True,,False,8353026424.3,,8353026424.3,0,False,True
C,A,20170101,2017,52,2017,704,VNM,Viet Nam,M,Import,0,W00,World,0,W00,World,H4,HS,True,89,"Ships, boats and floating structures",2,False,C00,TOTAL CPC,0 ,0,TOTAL MOT,-1,N/A,0.0,False,-1,N/A,0.0,False,,True,,False,187329351.6,,187329351.6,0,False,True
C,A,20170101,2017,52,2017,704,VNM,Viet Nam,M,Import,0,W00,World,0,W00,World,H4,HS,True,88,"Aircraft, spacecraft and parts thereof",2,False,C00,TOTAL CPC,0 ,0,TOTAL MOT,-1,N/A,0.0,False,-1,N/A,0.0,False,,True,,False,312409223.6,,312409223.6,0,False,True
C,A,20170101,2017,52,2017,704,VNM,Viet Nam,M,Import,0,W00,World,0,W00,World,H4,HS,True,87,"Vehicles; other than railway or tramway rolling stock, and parts and accessories thereof",2,False,C00,TOTAL CPC,0 ,0,TOTAL MOT,-1,N/A,0.0,False,-1,N/A,0.0,False,,True,,False,4635642328.8,,4635642328.8,0,False,True
C,A,20170101,2017,52,2017,704,VNM,Viet Nam,M,Import,0,W00,World,0,W00,World,H4,HS,True,86,"Railway, tramway locomotives, rolling-stock and parts thereof; railway or tramway track fixtures and fittings and parts thereof; mechanical (including electro-mechanical) traffic signalling equipment of all kinds",2,False,C00,TOTAL CPC,0 ,0,TOTAL MOT,-1,N/A,0.0,False,-1,N/A,0.0,False,,True,,False,74982668.6,,74982668.6,0,False,True
C,A,20170101,2017,52,2017,704,VNM,Viet Nam,M,Import,0,W00,World,0,W00,World,H4,HS,True,85,"Electrical machinery and equipment and parts thereof; sound recorders and reproducers; television image and sound recorders and reproducers, parts and accessories of such articles",2,False,C00,TOTAL CPC,0 ,0,TOTAL MOT,-1,N/A,0.0,False,-1,N/A,0.0,False,,True,,False,63776692755.2,,63776692755.2,0,False,True
C,A,20170101,2017,52,2017,704,VNM,Viet Nam,M,Import,0,W00,World,0,W00,World,H4,HS,True,91,Clocks and watches and parts thereof,2,False,C00,TOTAL CPC,0 ,0,TOTAL MOT,-1,N/A,0.0,False,-1,N/A,0.0,False,,True,,False,98684337.7,,98684337.7,0,False,True
C,A,20170101,2017,52,2017,704,VNM,Viet Nam,M,Import,0,W00,World,0,W00,World,H4,HS,True,92,Musical instruments; parts and accessories of such articles,2,False,C00,TOTAL CPC,0 ,0,TOTAL MOT,-1,N/A,0.0,False,-1,N/A,0.0,False,,True,,False,26387054.5,,26387054.5,0,False,True
C,A,20170101,2017,52,2017,704,VNM,Viet Nam,M,Import,0,W00,World,0,W00,World,H4,HS,True,94,"Furniture; bedding, mattresses, mattress supports, cushions and similar stuffed furnishings; lamps and lighting fittings, n.e.c.; illuminated signs, illuminated name-plates and the like; prefabricated buildings",2,False,C00,TOTAL CPC,0 ,0,TOTAL MOT,-1,N/A,0.0,False,-1,N/A,0.0,False,,True,,False,632432934.5,,632432934.5,0,False,True
C,A,20170101,2017,52,2017,704,VNM,Viet Nam,M,Import,0,W00,World,0,W00,World,H4,HS,True,95,"Toys, games and sports requisites; parts and accessories thereof",2,False,C00,TOTAL CPC,0 ,0,TOTAL MOT,-1,N/A,0.0,False,-1,N/A,0.0,False,,True,,False,249535541.0,,249535541.0,0,False,True
C,A,20170101,2017,52,2017,704,VNM,Viet Nam,M,Import,0,W00,World,0,W00,World,H4,HS,True,96,Miscellaneous manufactured articles,2,False,C00,TOTAL CPC,0 ,0,TOTAL MOT,-1,N/A,0.0,False,-1,N/A,0.0,False,,True,,False,867812357.2,,867812357.2,0,False,True
C,A,20170101,2017,52,2017,704,VNM,Viet Nam,M,Import,0,W00,World,0,W00,World,H4,HS,True,97,Works of art; collectors' pieces and antiques,2,False,C00,TOTAL CPC,0 ,0,TOTAL MOT,-1,N/A,0.0,False,-1,N/A,0.0,False,,True,,False,497991.9,,497991.9,0,False,True
C,A,20170101,2017,52,2017,704,VNM,Viet Nam,M,Import,0,W00,World,0,W00,World,H4,HS,True,99,Commodities not specified according to kind,2,False,C00,TOTAL CPC,0 ,0,TOTAL MOT,-1,N/A,0.0,False,-1,N/A,0.0,False,,False,,False,290383112.8,,290383112.8,0,False,True
C,A,20180101,2018,52,2018,50,BGD,Bangladesh,M,Import,0,W00,World,0,W00,World,H5,HS,True,82,"Tools, implements, cutlery, spoons and forks, of base metal; parts thereof, of base metal",2,False,C00,TOTAL CPC,0,0,TOTAL MOT,-1,N/A,0.0,False,-1,N/A,0.0,False,,False,0.0,False,81291207.902,,81291207.902,0,False,True
C,A,20180101,2018,52,2018,50,BGD,Bangladesh,M,Import,0,W00,World,0,W00,World,H5,HS,True,86,"Railway, tramway locomotives, rolling-stock and parts thereof; railway or tramway track fixtures and fittings and parts thereof; mechanical (including electro-mechanical) traffic signalling equipment of all kinds",2,False,C00,TOTAL CPC,0,0,TOTAL MOT,-1,N/A,0.0,False,-1,N/A,0.0,False,,False,0.0,False,23660929.565,,23660929.565,0,False,True
C,A,20180101,2018,52,2018,50,BGD,Bangladesh,M,Import,0,W00,World,0,W00,World,H5,HS,True,57,Carpets and other textile floor coverings,2,False,C00,TOTAL CPC,0,0,TOTAL MOT,-1,N/A,0.0,False,-1,N/A,0.0,False,,False,0.0,False,7567502.516,,7567502.516,0,False,True
C,A,20180101,2018,52,2018,50,BGD,Bangladesh,M,Import,0,W00,World,0,W00,World,H5,HS,True,91,Clocks and watches and parts thereof,2,False,C00,TOTAL CPC,0,0,TOTAL MOT,-1,N/A,0.0,False,-1,N/A,0.0,False,,False,0.0,False,10856372.019,,10856372.019,0,False,True
C,A,20180101,2018,52,2018,50,BGD,Bangladesh,M,Import,0,W00,World,0,W00,World,H5,HS,True,01,Animals; live,2,False,C00,TOTAL CPC,0,0,TOTAL MOT,-1,N/A,0.0,False,-1,N/A,0.0,False,,False,0.0,False,29793037.797,,29793037.797,0,False,True
C,A,20180101,2018,52,2018,50,BGD,Bangladesh,M,Import,0,W00,World,0,W00,World,H5,HS,True,92,Musical instruments; parts and accessories of such articles,2,False,C00,TOTAL CPC,0,0,TOTAL MOT,-1,N/A,0.0,False,-1,N/A,0.0,False,,False,0.0,False,1179443.898,,1179443.898,0,False,True
C,A,20180101,2018,52,2018,50,BGD,Bangladesh,M,Import,0,W00,World,0,W00,World,H5,HS,True,10,Cereals,2,False,C00,TOTAL CPC,0,0,TOTAL MOT,-1,N/A,0.0,False,-1,N/A,0.0,False,,False,0.0,False,2455299611.017,,2455299611.017,0,False,True
C,A,20180101,2018,52,2018,50,BGD,Bangladesh,M,Import,0,W00,World,0,W00,World,H5,HS,True,93,Arms and ammunition; parts and accessories thereof,2,False,C00,TOTAL CPC,0,0,TOTAL MOT,-1,N/A,0.0,False,-1,N/A,0.0,False,,False,0.0,False,176487260.388,,176487260.388,0,False,True
C,A,20180101,2018,52,2018,50,BGD,Bangladesh,M,Import,0,W00,World,0,W00,World,H5,HS,True,85,"Electrical machinery and equipment and parts thereof; sound recorders and reproducers; television image and sound recorders and reproducers, parts and accessories of such articles",2,False,C00,TOTAL CPC,0,0,TOTAL MOT,-1,N/A,0.0,False,-1,N/A,0.0,False,,False,0.0,False,5823166732.44,,5823166732.44,0,False,True
C,A,20180101,2018,52,2018,50,BGD,Bangladesh,M,Import,0,W00,World,0,W00,World,H5,HS,True,89,"Ships, boats and floating structures",2,False,C00,TOTAL CPC,0,0,TOTAL MOT,-1,N/A,0.0,False,-1,N/A,0.0,False,,False,0.0,False,1977410364.565,,1977410364.565,0,False,True
C,A,20180101,2018,52,2018,50,BGD,Bangladesh,M,Import,0,W00,World,0,W00,World,H5,HS,True,37,Photographic or cinematographic goods,2,False,C00,TOTAL CPC,0,0,TOTAL MOT,-1,N/A,0.0,False,-1,N/A,0.0,False,,False,0.0,False,26943490.022,,26943490.022,0,False,True
C,A,20180101,2018,52,2018,50,BGD,Bangladesh,M,Import,0,W00,World,0,W00,World,H5,HS,True,44,Wood and articles of wood; wood charcoal,2,False,C00,TOTAL CPC,0,0,TOTAL MOT,-1,N/A,0.0,False,-1,N/A,0.0,False,,False,0.0,False,144920152.753,,144920152.753,0,False,True
C,A,20180101,2018,52,2018,50,BGD,Bangladesh,M,Import,0,W00,World,0,W00,World,H5,HS,True,62,Apparel and clothing accessories; not knitted or crocheted,2,False,C00,TOTAL CPC,0,0,TOTAL MOT,-1,N/A,0.0,False,-1,N/A,0.0,False,,False,0.0,False,1202588261.182,,1202588261.182,0,False,True
C,A,20180101,2018,52,2018,50,BGD,Bangladesh,M,Import,0,W00,World,0,W00,World,H5,HS,True,42,"Articles of leather; saddlery and harness; travel goods, handbags and similar containers; articles of animal gut (other than silk-worm gut)",2,False,C00,TOTAL CPC,0,0,TOTAL MOT,-1,N/A,0.0,False,-1,N/A,0.0,False,,False,0.0,False,45573016.61,,45573016.61,0,False,True
C,A,20180101,2018,52,2018,50,BGD,Bangladesh,M,Import,0,W00,World,0,W00,World,H5,HS,True,97,Works of art; collectors' pieces and antiques,2,False,C00,TOTAL CPC,0,0,TOTAL MOT,-1,N/A,0.0,False,-1,N/A,0.0,False,,False,0.0,False,2962664.772,,2962664.772,0,False,True
C,A,20180101,2018,52,2018,50,BGD,Bangladesh,M,Import,0,W00,World,0,W00,World,H5,HS,True,90,"Optical, photographic, cinematographic, measuring, checking, medical or surgical instruments and apparatus; parts and accessories",2,False,C00,TOTAL CPC,0,0,TOTAL MOT,-1,N/A,0.0,False,-1,N/A,0.0,False,,False,0.0,False,810467627.091,,810467627.091,0,False,True
C,A,20180101,2018,52,2018,50,BGD,Bangladesh,M,Import,0,W00,World,0,W00,World,H5,HS,True,78,Lead and articles thereof,2,False,C00,TOTAL CPC,0,0,TOTAL MOT,-1,N/A,0.0,False,-1,N/A,0.0,False,,False,0.0,False,73958634.912,,73958634.912,0,False,True
C,A,20180101,2018,52,2018,50,BGD,Bangladesh,M,Import,0,W00,World,0,W00,World,H5,HS,True,03,"Fish and crustaceans, molluscs and other aquatic invertebrates",2,False,C00,TOTAL CPC,0,0,TOTAL MOT,-1,N/A,0.0,False,-1,N/A,0.0,False,,False,0.0,False,61208151.553,,61208151.553,0,False,True
C,A,20180101,2018,52,2018,50,BGD,Bangladesh,M,Import,0,W00,World,0,W00,World,H5,HS,True,55,Man-made staple fibres,2,False,C00,TOTAL CPC,0,0,TOTAL MOT,-1,N/A,0.0,False,-1,N/A,0.0,False,0.0,True,0.0,False,2664323668.59,,2664323668.59,4,False,True
C,A,20180101,2018,52,2018,50,BGD,Bangladesh,M,Import,0,W00,World,0,W00,World,H5,HS,True,64,Footwear; gaiters and the like; parts of such articles,2,False,C00,TOTAL CPC,0,0,TOTAL MOT,-1,N/A,0.0,False,-1,N/A,0.0,False,0.0,True,0.0,False,310057279.623,,310057279.623,4,False,True
C,A,20180101,2018,52,2018,50,BGD,Bangladesh,M,Import,0,W00,World,0,W00,World,H5,HS,True,63,"Textiles, made up articles; sets; worn clothing and worn textile articles; rags",2,False,C00,TOTAL CPC,0,0,TOTAL MOT,-1,N/A,0.0,False,-1,N/A,0.0,False,0.0,True,0.0,False,93434577.652,,93434577.652,4,False,True
C,A,20180101,2018,52,2018,50,BGD,Bangladesh,M,Import,0,W00,World,0,W00,World,H5,HS,True,34,"Soap, organic surface-active agents; washing, lubricating, polishing or scouring preparations; artificial or prepared waxes, candles and similar articles, modelling pastes, dental waxes and dental preparations with a basis of plaster",2,False,C00,TOTAL CPC,0,0,TOTAL MOT,-1,N/A,0.0,False,-1,N/A,0.0,False,0.0,True,0.0,False,219474838.423,,219474838.423,4,False,True
C,A,20180101,2018,52,2018,50,BGD,Bangladesh,M,Import,0,W00,World,0,W00,World,H5,HS,True,23,"Food industries, residues and wastes thereof; prepared animal fodder",2,False,C00,TOTAL CPC,0,0,TOTAL MOT,-1,N/A,0.0,False,-1,N/A,0.0,False,0.0,True,0.0,False,640810690.9,,640810690.9,4,False,True
C,A,20180101,2018,52,2018,50,BGD,Bangladesh,M,Import,0,W00,World,0,W00,World,H5,HS,True,60,Fabrics; knitted or crocheted,2,False,C00,TOTAL CPC,0,0,TOTAL MOT,-1,N/A,0.0,False,-1,N/A,0.0,False,0.0,True,0.0,False,1744271531.77,,1744271531.77,4,False,True
C,A,20180101,2018,52,2018,50,BGD,Bangladesh,M,Import,0,W00,World,0,W00,World,H5,HS,True,20,"Preparations of vegetables, fruit, nuts or other parts of plants",2,False,C00,TOTAL CPC,0,0,TOTAL MOT,-1,N/A,0.0,False,-1,N/A,0.0,False,0.0,True,0.0,False,14456155.941,,14456155.941,4,False,True
C,A,20180101,2018,52,2018,50,BGD,Bangladesh,M,Import,0,W00,World,0,W00,World,H5,HS,True,95,"Toys, games and sports requisites; parts and accessories thereof",2,False,C00,TOTAL CPC,0,0,TOTAL MOT,-1,N/A,0.0,False,-1,N/A,0.0,False,0.0,True,0.0,False,56224761.027,,56224761.027,4,False,True
C,A,20180101,2018,52,2018,50,BGD,Bangladesh,M,Import,0,W00,World,0,W00,World,H5,HS,True,24,Tobacco and manufactured tobacco substitutes,2,False,C00,TOTAL CPC,0,0,TOTAL MOT,-1,N/A,0.0,False,-1,N/A,0.0,False,0.0,True,0.0,False,14539631.34,,14539631.34,4,False,True
C,A,20180101,2018,52,2018,50,BGD,Bangladesh,M,Import,0,W00,World,0,W00,World,H5,HS,True,28,"Inorganic chemicals; organic and inorganic compounds of precious metals; of rare earth metals, of radio-active elements and of isotopes",2,False,C00,TOTAL CPC,0,0,TOTAL MOT,-1,N/A,0.0,False,-1,N/A,0.0,False,0.0,True,0.0,False,491518328.386,,491518328.386,4,False,True
C,A,20180101,2018,52,2018,50,BGD,Bangladesh,M,Import,0,W00,World,0,W00,World,H5,HS,True,47,Pulp of wood or other fibrous cellulosic material; recovered (waste and scrap) paper or paperboard,2,False,C00,TOTAL CPC,0,0,TOTAL MOT,-1,N/A,0.0,False,-1,N/A,0.0,False,0.0,True,0.0,False,293469197.288,,293469197.288,4,False,True
C,A,20180101,2018,52,2018,50,BGD,Bangladesh,M,Import,0,W00,World,0,W00,World,H5,HS,True,67,"Feathers and down, prepared; and articles made of feather or of down; artificial flowers; articles of human hair",2,False,C00,TOTAL CPC,0,0,TOTAL MOT,-1,N/A,0.0,False,-1,N/A,0.0,False,0.0,True,0.0,False,33863991.158,,33863991.158,4,False,True
C,A,20180101,2018,52,2018,50,BGD,Bangladesh,M,Import,0,W00,World,0,W00,World,H5,HS,True,71,"Natural, cultured pearls; precious, semi-precious stones; precious metals, metals clad with precious metal, and articles thereof; imitation jewellery; coin",2,False,C00,TOTAL CPC,0,0,TOTAL MOT,-1,N/A,0.0,False,-1,N/A,0.0,False,0.0,True,0.0,False,9725961.237,,9725961.237,4,False,True
C,A,20180101,2018,52,2018,50,BGD,Bangladesh,M,Import,0,W00,World,0,W00,World,H5,HS,True,72,Iron and steel,2,False,C00,TOTAL CPC,0,0,TOTAL MOT,-1,N/A,0.0,False,-1,N/A,0.0,False,0.0,True,0.0,False,3892078136.138,,3892078136.138,4,False,True
C,A,20180101,2018,52,2018,50,BGD,Bangladesh,M,Import,0,W00,World,0,W00,World,H5,HS,True,74,Copper and articles thereof,2,False,C00,TOTAL CPC,0,0,TOTAL MOT,-1,N/A,0.0,False,-1,N/A,0.0,False,0.0,True,0.0,False,366107043.994,,366107043.994,4,False,True
C,A,20180101,2018,52,2018,50,BGD,Bangladesh,M,Import,0,W00,World,0,W00,World,H5,HS,True,56,"Wadding, felt and nonwovens, special yarns; twine, cordage, ropes and cables and articles thereof",2,False,C00,TOTAL CPC,0,0,TOTAL MOT,-1,N/A,0.0,False,-1,N/A,0.0,False,0.0,True,0.0,False,145157931.925,,145157931.925,4,False,True
C,A,20180101,2018,52,2018,50,BGD,Bangladesh,M,Import,0,W00,World,0,W00,World,H5,HS,True,49,"Printed books, newspapers, pictures and other products of the printing industry; manuscripts, typescripts and plans",2,False,C00,TOTAL CPC,0,0,TOTAL MOT,-1,N/A,0.0,False,-1,N/A,0.0,False,0.0,True,0.0,False,122495373.584,,122495373.584,4,False,True
C,A,20180101,2018,52,2018,50,BGD,Bangladesh,M,Import,0,W00,World,0,W00,World,H5,HS,True,13,"Lac; gums, resins and other vegetable saps and extracts",2,False,C00,TOTAL CPC,0,0,TOTAL MOT,-1,N/A,0.0,False,-1,N/A,0.0,False,0.0,True,0.0,False,17742810.834,,17742810.834,4,False,True
C,A,20180101,2018,52,2018,50,BGD,Bangladesh,M,Import,0,W00,World,0,W00,World,H5,HS,True,14,Vegetable plaiting materials; vegetable products not elsewhere specified or included,2,False,C00,TOTAL CPC,0,0,TOTAL MOT,-1,N/A,0.0,False,-1,N/A,0.0,False,0.0,True,0.0,False,14662341.072,,14662341.072,4,False,True
C,A,20180101,2018,52,2018,50,BGD,Bangladesh,M,Import,0,W00,World,0,W00,World,H5,HS,True,19,"Preparations of cereals, flour, starch or milk; pastrycooks' products",2,False,C00,TOTAL CPC,0,0,TOTAL MOT,-1,N/A,0.0,False,-1,N/A,0.0,False,0.0,True,0.0,False,112687018.488,,112687018.488,4,False,True
C,A,20180101,2018,52,2018,50,BGD,Bangladesh,M,Import,0,W00,World,0,W00,World,H5,HS,True,29,Organic chemicals,2,False,C00,TOTAL CPC,0,0,TOTAL MOT,-1,N/A,0.0,False,-1,N/A,0.0,False,0.0,True,0.0,False,999204767.443,,999204767.443,4,False,True
C,A,20180101,2018,52,2018,50,BGD,Bangladesh,M,Import,0,W00,World,0,W00,World,H5,HS,True,40,Rubber and articles thereof,2,False,C00,TOTAL CPC,0,0,TOTAL MOT,-1,N/A,0.0,False,-1,N/A,0.0,False,0.0,True,0.0,False,423042375.763,,423042375.763,4,False,True
C,A,20180101,2018,52,2018,50,BGD,Bangladesh,M,Import,0,W00,World,0,W00,World,H5,HS,True,70,Glass and glassware,2,False,C00,TOTAL CPC,0,0,TOTAL MOT,-1,N/A,0.0,False,-1,N/A,0.0,False,0.0,True,0.0,False,161696113.847,,161696113.847,4,False,True
C,A,20180101,2018,52,2018,50,BGD,Bangladesh,M,Import,0,W00,World,0,W00,World,H5,HS,True,68,"Stone, plaster, cement, asbestos, mica or similar materials; articles thereof",2,False,C00,TOTAL CPC,0,0,TOTAL MOT,-1,N/A,0.0,False,-1,N/A,0.0,False,0.0,True,0.0,False,137123925.75,,137123925.75,4,False,True
C,A,20180101,2018,52,2018,50,BGD,Bangladesh,M,Import,0,W00,World,0,W00,World,H5,HS,True,25,"Salt; sulphur; earths, stone; plastering materials, lime and cement",2,False,C00,TOTAL CPC,0,0,TOTAL MOT,-1,N/A,0.0,False,-1,N/A,0.0,False,0.0,True,0.0,False,1832987608.281,,1832987608.281,4,False,True
C,A,20180101,2018,52,2018,50,BGD,Bangladesh,M,Import,0,W00,World,0,W00,World,H5,HS,True,18,Cocoa and cocoa preparations,2,False,C00,TOTAL CPC,0,0,TOTAL MOT,-1,N/A,0.0,False,-1,N/A,0.0,False,0.0,True,0.0,False,13106132.829,,13106132.829,4,False,True
C,A,20180101,2018,52,2018,50,BGD,Bangladesh,M,Import,0,W00,World,0,W00,World,H5,HS,True,73,Iron or steel articles,2,False,C00,TOTAL CPC,0,0,TOTAL MOT,-1,N/A,0.0,False,-1,N/A,0.0,False,0.0,True,0.0,False,1414571715.484,,1414571715.484,4,False,True
C,A,20180101,2018,52,2018,50,BGD,Bangladesh,M,Import,0,W00,World,0,W00,World,H5,HS,True,79,Zinc and articles thereof,2,False,C00,TOTAL CPC,0,0,TOTAL MOT,-1,N/A,0.0,False,-1,N/A,0.0,False,0.0,True,0.0,False,234072632.264,,234072632.264,4,False,True
C,A,20180101,2018,52,2018,50,BGD,Bangladesh,M,Import,0,W00,World,0,W00,World,H5,HS,True,15,Animal or vegetable fats and oils and their cleavage products; prepared animal fats; animal or vegetable waxes,2,False,C00,TOTAL CPC,0,0,TOTAL MOT,-1,N/A,0.0,False,-1,N/A,0.0,False,0.0,True,0.0,False,3469599780.34,,3469599780.34,4,False,True
C,A,20180101,2018,52,2018,50,BGD,Bangladesh,M,Import,0,W00,World,0,W00,World,H5,HS,True,48,"Paper and paperboard; articles of paper pulp, of paper or paperboard",2,False,C00,TOTAL CPC,0,0,TOTAL MOT,-1,N/A,0.0,False,-1,N/A,0.0,False,0.0,True,0.0,False,1014011420.0,,1014011420.0,4,False,True
C,A,20180101,2018,52,2018,50,BGD,Bangladesh,M,Import,0,W00,World,0,W00,World,H5,HS,True,41,Raw hides and skins (other than furskins) and leather,2,False,C00,TOTAL CPC,0,0,TOTAL MOT,-1,N/A,0.0,False,-1,N/A,0.0,False,0.0,True,0.0,False,254754989.897,,254754989.897,4,False,True
C,A,20180101,2018,52,2018,50,BGD,Bangladesh,M,Import,0,W00,World,0,W00,World,H5,HS,True,65,Headgear and parts thereof,2,False,C00,TOTAL CPC,0,0,TOTAL MOT,-1,N/A,0.0,False,-1,N/A,0.0,False,0.0,True,0.0,False,7464941.232,,7464941.232,4,False,True
C,A,20180101,2018,52,2018,50,BGD,Bangladesh,M,Import,0,W00,World,0,W00,World,H5,HS,True,52,Cotton,2,False,C00,TOTAL CPC,0,0,TOTAL MOT,-1,N/A,0.0,False,-1,N/A,0.0,False,0.0,True,0.0,False,10714319622.469,,10714319622.469,4,False,True
C,A,20180101,2018,52,2018,50,BGD,Bangladesh,M,Import,0,W00,World,0,W00,World,H5,HS,True,59,"Textile fabrics; impregnated, coated, covered or laminated; textile articles of a kind suitable for industrial use",2,False,C00,TOTAL CPC,0,0,TOTAL MOT,-1,N/A,0.0,False,-1,N/A,0.0,False,0.0,True,0.0,False,400028346.423,,400028346.423,4,False,True
C,A,20180101,2018,52,2018,50,BGD,Bangladesh,M,Import,0,W00,World,0,W00,World,H5,HS,True,17,Sugars and sugar confectionery,2,False,C00,TOTAL CPC,0,0,TOTAL MOT,-1,N/A,0.0,False,-1,N/A,0.0,False,0.0,True,0.0,False,678850259.084,,678850259.084,4,False,True
C,A,20180101,2018,52,2018,50,BGD,Bangladesh,M,Import,0,W00,World,0,W00,World,H5,HS,True,32,"Tanning or dyeing extracts; tannins and their derivatives; dyes, pigments and other colouring matter; paints, varnishes; putty, other mastics; inks",2,False,C00,TOTAL CPC,0,0,TOTAL MOT,-1,N/A,0.0,False,-1,N/A,0.0,False,0.0,True,0.0,False,864501248.151,,864501248.151,4,False,True
C,A,20180101,2018,52,2018,50,BGD,Bangladesh,M,Import,0,W00,World,0,W00,World,H5,HS,True,83,Metal; miscellaneous products of base metal,2,False,C00,TOTAL CPC,0,0,TOTAL MOT,-1,N/A,0.0,False,-1,N/A,0.0,False,0.0,True,0.0,False,191536975.431,,191536975.431,4,False,True
C,A,20180101,2018,52,2018,50,BGD,Bangladesh,M,Import,0,W00,World,0,W00,World,H5,HS,True,53,Vegetable textile fibres; paper yarn and woven fabrics of paper yarn,2,False,C00,TOTAL CPC,0,0,TOTAL MOT,-1,N/A,0.0,False,-1,N/A,0.0,False,0.0,True,0.0,False,173298677.44,,173298677.44,4,False,True
C,A,20180101,2018,52,2018,50,BGD,Bangladesh,M,Import,0,W00,World,0,W00,World,H5,HS,True,50,Silk,2,False,C00,TOTAL CPC,0,0,TOTAL MOT,-1,N/A,0.0,False,-1,N/A,0.0,False,0.0,True,0.0,False,2978253.6,,2978253.6,4,False,True
C,A,20180101,2018,52,2018,50,BGD,Bangladesh,M,Import,0,W00,World,0,W00,World,H5,HS,True,43,Furskins and artificial fur; manufactures thereof,2,False,C00,TOTAL CPC,0,0,TOTAL MOT,-1,N/A,0.0,False,-1,N/A,0.0,False,0.0,True,0.0,False,1234929.279,,1234929.279,4,False,True
C,A,20180101,2018,52,2018,50,BGD,Bangladesh,M,Import,0,W00,World,0,W00,World,H5,HS,True,35,Albuminoidal substances; modified starches; glues; enzymes,2,False,C00,TOTAL CPC,0,0,TOTAL MOT,-1,N/A,0.0,False,-1,N/A,0.0,False,0.0,True,0.0,False,118899345.603,,118899345.603,4,False,True
C,A,20180101,2018,52,2018,50,BGD,Bangladesh,M,Import,0,W00,World,0,W00,World,H5,HS,True,12,"Oil seeds and oleaginous fruits; miscellaneous grains, seeds and fruit, industrial or medicinal plants; straw and fodder",2,False,C00,TOTAL CPC,0,0,TOTAL MOT,-1,N/A,0.0,False,-1,N/A,0.0,False,0.0,True,0.0,False,679539169.329,,679539169.329,4,False,True
C,A,20180101,2018,52,2018,50,BGD,Bangladesh,M,Import,0,W00,World,0,W00,World,H5,HS,True,88,"Aircraft, spacecraft and parts thereof",2,False,C00,TOTAL CPC,0,0,TOTAL MOT,-1,N/A,0.0,False,-1,N/A,0.0,False,0.0,True,0.0,False,380545700.429,,380545700.429,4,False,True
C,A,20180101,2018,52,2018,50,BGD,Bangladesh,M,Import,0,W00,World,0,W00,World,H5,HS,True,66,"Umbrellas, sun umbrellas, walking-sticks, seat sticks, whips, riding crops; and parts thereof",2,False,C00,TOTAL CPC,0,0,TOTAL MOT,-1,N/A,0.0,False,-1,N/A,0.0,False,0.0,True,0.0,False,10801779.862,,10801779.862,4,False,True
C,A,20180101,2018,52,2018,50,BGD,Bangladesh,M,Import,0,W00,World,0,W00,World,H5,HS,True,75,Nickel and articles thereof,2,False,C00,TOTAL CPC,0,0,TOTAL MOT,-1,N/A,0.0,False,-1,N/A,0.0,False,0.0,True,0.0,False,4729978.844,,4729978.844,4,False,True
C,A,20180101,2018,52,2018,50,BGD,Bangladesh,M,Import,0,W00,World,0,W00,World,H5,HS,True,76,Aluminium and articles thereof,2,False,C00,TOTAL CPC,0,0,TOTAL MOT,-1,N/A,0.0,False,-1,N/A,0.0,False,0.0,True,0.0,False,497438634.733,,497438634.733,4,False,True
C,A,20180101,2018,52,2018,50,BGD,Bangladesh,M,Import,0,W00,World,0,W00,World,H5,HS,True,81,"Metals; n.e.c., cermets and articles thereof",2,False,C00,TOTAL CPC,0,0,TOTAL MOT,-1,N/A,0.0,False,-1,N/A,0.0,False,0.0,True,0.0,False,5155955.802,,5155955.802,4,False,True
C,A,20180101,2018,52,2018,50,BGD,Bangladesh,M,Import,0,W00,World,0,W00,World,H5,HS,True,11,"Products of the milling industry; malt, starches, inulin, wheat gluten",2,False,C00,TOTAL CPC,0,0,TOTAL MOT,-1,N/A,0.0,False,-1,N/A,0.0,False,0.0,True,0.0,False,37773136.139,,37773136.139,4,False,True
C,A,20180101,2018,52,2018,50,BGD,Bangladesh,M,Import,0,W00,World,0,W00,World,H5,HS,True,54,Man-made filaments; strip and the like of man-made textile materials,2,False,C00,TOTAL CPC,0,0,TOTAL MOT,-1,N/A,0.0,False,-1,N/A,0.0,False,0.0,True,0.0,False,2539190429.749,,2539190429.749,4,False,True
C,A,20180101,2018,52,2018,50,BGD,Bangladesh,M,Import,0,W00,World,0,W00,World,H5,HS,True,51,"Wool, fine or coarse animal hair; horsehair yarn and woven fabric",2,False,C00,TOTAL CPC,0,0,TOTAL MOT,-1,N/A,0.0,False,-1,N/A,0.0,False,0.0,True,0.0,False,50200709.886,,50200709.886,4,False,True
C,A,20180101,2018,52,2018,50,BGD,Bangladesh,M,Import,0,W00,World,0,W00,World,H5,HS,True,46,"Manufactures of straw, esparto or other plaiting materials; basketware and wickerwork",2,False,C00,TOTAL CPC,0,0,TOTAL MOT,-1,N/A,0.0,False,-1,N/A,0.0,False,0.0,True,0.0,False,1613434.005,,1613434.005,4,False,True
C,A,20180101,2018,52,2018,50,BGD,Bangladesh,M,Import,0,W00,World,0,W00,World,H5,HS,True,27,"Mineral fuels, mineral oils and products of their distillation; bituminous substances; mineral waxes",2,False,C00,TOTAL CPC,0,0,TOTAL MOT,-1,N/A,0.0,False,-1,N/A,0.0,False,0.0,True,0.0,False,8148804687.798,,8148804687.798,4,False,True
C,A,20180101,2018,52,2018,50,BGD,Bangladesh,M,Import,0,W00,World,0,W00,World,H5,HS,True,31,Fertilizers,2,False,C00,TOTAL CPC,0,0,TOTAL MOT,-1,N/A,0.0,False,-1,N/A,0.0,False,0.0,True,0.0,False,1416427216.109,,1416427216.109,4,False,True
C,A,20180101,2018,52,2018,50,BGD,Bangladesh,M,Import,0,W00,World,0,W00,World,H5,HS,True,22,"Beverages, spirits and vinegar",2,False,C00,TOTAL CPC,0,0,TOTAL MOT,-1,N/A,0.0,False,-1,N/A,0.0,False,0.0,True,0.0,False,11285303.73,,11285303.73,4,False,True
C,A,20180101,2018,52,2018,50,BGD,Bangladesh,M,Import,0,W00,World,0,W00,World,H5,HS,True,05,Animal originated products; not elsewhere specified or included,2,False,C00,TOTAL CPC,0,0,TOTAL MOT,-1,N/A,0.0,False,-1,N/A,0.0,False,0.0,True,0.0,False,40920990.569,,40920990.569,4,False,True
C,A,20180101,2018,52,2018,50,BGD,Bangladesh,M,Import,0,W00,World,0,W00,World,H5,HS,True,07,Vegetables and certain roots and tubers; edible,2,False,C00,TOTAL CPC,0,0,TOTAL MOT,-1,N/A,0.0,False,-1,N/A,0.0,False,0.0,True,0.0,False,926833254.885,,926833254.885,4,False,True
C,A,20180101,2018,52,2018,50,BGD,Bangladesh,M,Import,0,W00,World,0,W00,World,H5,HS,True,96,Miscellaneous manufactured articles,2,False,C00,TOTAL CPC,0,0,TOTAL MOT,-1,N/A,0.0,False,-1,N/A,0.0,False,0.0,True,0.0,False,484770477.002,,484770477.002,4,False,True
C,A,20180101,2018,52,2018,50,BGD,Bangladesh,M,Import,0,W00,World,0,W00,World,H5,HS,True,69,Ceramic products,2,False,C00,TOTAL CPC,0,0,TOTAL MOT,-1,N/A,0.0,False,-1,N/A,0.0,False,0.0,True,0.0,False,135891589.749,,135891589.749,4,False,True
C,A,20180101,2018,52,2018,50,BGD,Bangladesh,M,Import,0,W00,World,0,W00,World,H5,HS,True,21,Miscellaneous edible preparations,2,False,C00,TOTAL CPC,0,0,TOTAL MOT,-1,N/A,0.0,False,-1,N/A,0.0,False,0.0,True,0.0,False,121107375.189,,121107375.189,4,False,True
C,A,20180101,2018,52,2018,50,BGD,Bangladesh,M,Import,0,W00,World,0,W00,World,H5,HS,True,38,Chemical products n.e.c.,2,False,C00,TOTAL CPC,0,0,TOTAL MOT,-1,N/A,0.0,False,-1,N/A,0.0,False,0.0,True,0.0,False,770196319.312,,770196319.312,4,False,True
C,A,20180101,2018,52,2018,50,BGD,Bangladesh,M,Import,0,W00,World,0,W00,World,H5,HS,True,87,"Vehicles; other than railway or tramway rolling stock, and parts and accessories thereof",2,False,C00,TOTAL CPC,0,0,TOTAL MOT,-1,N/A,0.0,False,-1,N/A,0.0,False,0.0,True,0.0,False,2334828775.834,,2334828775.834,4,False,True
C,A,20180101,2018,52,2018,50,BGD,Bangladesh,M,Import,0,W00,World,0,W00,World,H5,HS,True,58,"Fabrics; special woven fabrics, tufted textile fabrics, lace, tapestries, trimmings, embroidery",2,False,C00,TOTAL CPC,0,0,TOTAL MOT,-1,N/A,0.0,False,-1,N/A,0.0,False,0.0,True,0.0,False,402552831.426,,402552831.426,4,False,True
C,A,20180101,2018,52,2018,50,BGD,Bangladesh,M,Import,0,W00,World,0,W00,World,H5,HS,True,39,Plastics and articles thereof,2,False,C00,TOTAL CPC,0,0,TOTAL MOT,-1,N/A,0.0,False,-1,N/A,0.0,False,0.0,True,0.0,False,2874419695.457,,2874419695.457,4,False,True
C,A,20180101,2018,52,2018,50,BGD,Bangladesh,M,Import,0,W00,World,0,W00,World,H5,HS,True,26,"Ores, slag and ash",2,False,C00,TOTAL CPC,0,0,TOTAL MOT,-1,N/A,0.0,False,-1,N/A,0.0,False,0.0,True,0.0,False,208888355.418,,208888355.418,4,False,True
C,A,20180101,2018,52,2018,50,BGD,Bangladesh,M,Import,0,W00,World,0,W00,World,H5,HS,True,33,"Essential oils and resinoids; perfumery, cosmetic or toilet preparations",2,False,C00,TOTAL CPC,0,0,TOTAL MOT,-1,N/A,0.0,False,-1,N/A,0.0,False,0.0,True,0.0,False,123328127.58,,123328127.58,4,False,True
C,A,20180101,2018,52,2018,50,BGD,Bangladesh,M,Import,0,W00,World,0,W00,World,H5,HS,True,30,Pharmaceutical products,2,False,C00,TOTAL CPC,0,0,TOTAL MOT,-1,N/A,0.0,False,-1,N/A,0.0,False,0.0,True,0.0,False,260976869.658,,260976869.658,4,False,True
C,A,20180101,2018,52,2018,50,BGD,Bangladesh,M,Import,0,W00,World,0,W00,World,H5,HS,True,36,Explosives; pyrotechnic products; matches; pyrophoric alloys; certain combustible preparations,2,False,C00,TOTAL CPC,0,0,TOTAL MOT,-1,N/A,0.0,False,-1,N/A,0.0,False,0.0,True,0.0,False,3757469.854,,3757469.854,4,False,True
C,A,20180101,2018,52,2018,50,BGD,Bangladesh,M,Import,0,W00,World,0,W00,World,H5,HS,True,94,"Furniture; bedding, mattresses, mattress supports, cushions and similar stuffed furnishings; lamps and lighting fittings, n.e.c.; illuminated signs, illuminated name-plates and the like; prefabricated buildings",2,False,C00,TOTAL CPC,0,0,TOTAL MOT,-1,N/A,0.0,False,-1,N/A,0.0,False,0.0,True,0.0,False,180100710.132,,180100710.132,4,False,True
C,A,20180101,2018,52,2018,50,BGD,Bangladesh,M,Import,0,W00,World,0,W00,World,H5,HS,True,02,Meat and edible meat offal,2,False,C00,TOTAL CPC,0,0,TOTAL MOT,-1,N/A,0.0,False,-1,N/A,0.0,False,0.0,True,0.0,False,7050833.56,,7050833.56,4,False,True
C,A,20180101,2018,52,2018,50,BGD,Bangladesh,M,Import,0,W00,World,0,W00,World,H5,HS,True,04,"Dairy produce; birds' eggs; natural honey; edible products of animal origin, not elsewhere specified or included",2,False,C00,TOTAL CPC,0,0,TOTAL MOT,-1,N/A,0.0,False,-1,N/A,0.0,False,0.0,True,0.0,False,472233909.258,,472233909.258,4,False,True
C,A,20180101,2018,52,2018,50,BGD,Bangladesh,M,Import,0,W00,World,0,W00,World,H5,HS,True,06,"Trees and other plants, live; bulbs, roots and the like; cut flowers and ornamental foliage",2,False,C00,TOTAL CPC,0,0,TOTAL MOT,-1,N/A,0.0,False,-1,N/A,0.0,False,0.0,True,0.0,False,1163501.537,,1163501.537,4,False,True
C,A,20180101,2018,52,2018,50,BGD,Bangladesh,M,Import,0,W00,World,0,W00,World,H5,HS,True,08,"Fruit and nuts, edible; peel of citrus fruit or melons",2,False,C00,TOTAL CPC,0,0,TOTAL MOT,-1,N/A,0.0,False,-1,N/A,0.0,False,0.0,True,0.0,False,392178921.564,,392178921.564,4,False,True
C,A,20180101,2018,52,2018,50,BGD,Bangladesh,M,Import,0,W00,World,0,W00,World,H5,HS,True,80,Tin; articles thereof,2,False,C00,TOTAL CPC,0,0,TOTAL MOT,-1,N/A,0.0,False,-1,N/A,0.0,False,0.0,True,0.0,False,3856479.149,,3856479.149,4,False,True
C,A,20180101,2018,52,2018,50,BGD,Bangladesh,M,Import,0,W00,World,0,W00,World,H5,HS,True,09,"Coffee, tea, mate and spices",2,False,C00,TOTAL CPC,0,0,TOTAL MOT,-1,N/A,0.0,False,-1,N/A,0.0,False,0.0,True,0.0,False,377862233.842,,377862233.842,4,False,True
C,A,20180101,2018,52,2018,50,BGD,Bangladesh,M,Import,0,W00,World,0,W00,World,H5,HS,True,84,"Nuclear reactors, boilers, machinery and mechanical appliances; parts thereof",2,False,C00,TOTAL CPC,0,0,TOTAL MOT,-1,N/A,0.0,False,-1,N/A,0.0,False,0.0,True,0.0,False,9243159820.913,,9243159820.913,4,False,True
C,A,20180101,2018,52,2018,50,BGD,Bangladesh,M,Import,0,W00,World,0,W00,World,H5,HS,True,61,Apparel and clothing accessories; knitted or crocheted,2,False,C00,TOTAL CPC,0,0,TOTAL MOT,-1,N/A,0.0,False,-1,N/A,0.0,False,0.0,True,0.0,False,36718869.667,,36718869.667,4,False,True
C,A,20180101,2018,52,2018,50,BGD,Bangladesh,M,Import,0,W00,World,0,W00,World,H5,HS,True,99,Commodities not specified according to kind,2,False,C00,TOTAL CPC,0,0,TOTAL MOT,-1,N/A,0.0,False,-1,N/A,0.0,False,0.0,False,0.0,False,390393.613,,390393.613,0,False,True
C,A,20180101,2018,52,2018,50,BGD,Bangladesh,M,Import,0,W00,World,0,W00,World,H5,HS,True,45,Cork and articles of cork,2,False,C00,TOTAL CPC,0,0,TOTAL MOT,-1,N/A,0.0,False,-1,N/A,0.0,False,0.0,False,0.0,False,605871.561,,605871.561,0,False,True
C,A,20180101,2018,52,2018,50,BGD,Bangladesh,M,Import,0,W00,World,0,W00,World,H5,HS,True,16,"Meat, fish or crustaceans, molluscs or other aquatic invertebrates; preparations thereof",2,False,C00,TOTAL CPC,0,0,TOTAL MOT,-1,N/A,0.0,False,-1,N/A,0.0,False,0.0,False,0.0,False,1793299.147,,1793299.147,0,False,True
C,A,20180101,2018,52,2018,156,CHN,China,M,Import,0,W00,World,0,W00,World,H5,HS,True,56,"Wadding, felt and nonwovens, special yarns; twine, cordage, ropes and cables and articles thereof",2,False,C00,TOTAL CPC,0,0,TOTAL MOT,-1,N/A,0.0,False,-1,N/A,0.0,False,0.0,True,0.0,False,1325884872.0,0.0,1325884872.0,4,False,True
C,A,20180101,2018,52,2018,156,CHN,China,M,Import,0,W00,World,0,W00,World,H5,HS,True,57,Carpets and other textile floor coverings,2,False,C00,TOTAL CPC,0,0,TOTAL MOT,-1,N/A,0.0,False,-1,N/A,0.0,False,0.0,True,0.0,False,136618887.0,0.0,136618887.0,4,False,True
C,A,20180101,2018,52,2018,156,CHN,China,M,Import,0,W00,World,0,W00,World,H5,HS,True,58,"Fabrics; special woven fabrics, tufted textile fabrics, lace, tapestries, trimmings, embroidery",2,False,C00,TOTAL CPC,0,0,TOTAL MOT,-1,N/A,0.0,False,-1,N/A,0.0,False,0.0,True,0.0,False,512879466.0,0.0,512879466.0,4,False,True
C,A,20180101,2018,52,2018,156,CHN,China,M,Import,0,W00,World,0,W00,World,H5,HS,True,59,"Textile fabrics; impregnated, coated, covered or laminated; textile articles of a kind suitable for industrial use",2,False,C00,TOTAL CPC,0,0,TOTAL MOT,-1,N/A,0.0,False,-1,N/A,0.0,False,0.0,True,0.0,False,1809506975.0,0.0,1809506975.0,4,False,True
C,A,20180101,2018,52,2018,156,CHN,China,M,Import,0,W00,World,0,W00,World,H5,HS,True,60,Fabrics; knitted or crocheted,2,False,C00,TOTAL CPC,0,0,TOTAL MOT,-1,N/A,0.0,False,-1,N/A,0.0,False,0.0,True,0.0,False,1638452493.0,0.0,1638452493.0,4,False,True
C,A,20180101,2018,52,2018,156,CHN,China,M,Import,0,W00,World,0,W00,World,H5,HS,True,61,Apparel and clothing accessories; knitted or crocheted,2,False,C00,TOTAL CPC,0,0,TOTAL MOT,-1,N/A,0.0,False,-1,N/A,0.0,False,0.0,True,0.0,False,3380713450.0,0.0,3380713450.0,4,False,True
C,A,20180101,2018,52,2018,156,CHN,China,M,Import,0,W00,World,0,W00,World,H5,HS,True,62,Apparel and clothing accessories; not knitted or crocheted,2,False,C00,TOTAL CPC,0,0,TOTAL MOT,-1,N/A,0.0,False,-1,N/A,0.0,False,0.0,True,0.0,False,4158572011.0,0.0,4158572011.0,4,False,True
C,A,20180101,2018,52,2018,156,CHN,China,M,Import,0,W00,World,0,W00,World,H5,HS,True,63,"Textiles, made up articles; sets; worn clothing and worn textile articles; rags",2,False,C00,TOTAL CPC,0,0,TOTAL MOT,-1,N/A,0.0,False,-1,N/A,0.0,False,0.0,True,0.0,False,486579307.0,0.0,486579307.0,4,False,True
C,A,20180101,2018,52,2018,156,CHN,China,M,Import,0,W00,World,0,W00,World,H5,HS,True,65,Headgear and parts thereof,2,False,C00,TOTAL CPC,0,0,TOTAL MOT,-1,N/A,0.0,False,-1,N/A,0.0,False,0.0,True,0.0,False,99584974.0,0.0,99584974.0,4,False,True
C,A,20180101,2018,52,2018,156,CHN,China,M,Import,0,W00,World,0,W00,World,H5,HS,True,87,"Vehicles; other than railway or tramway rolling stock, and parts and accessories thereof",2,False,C00,TOTAL CPC,0,0,TOTAL MOT,-1,N/A,0.0,False,-1,N/A,0.0,False,0.0,True,0.0,False,81519614884.0,0.0,81519614884.0,4,False,True
C,A,20180101,2018,52,2018,156,CHN,China,M,Import,0,W00,World,0,W00,World,H5,HS,True,88,"Aircraft, spacecraft and parts thereof",2,False,C00,TOTAL CPC,0,0,TOTAL MOT,-1,N/A,0.0,False,-1,N/A,0.0,False,0.0,True,0.0,False,30541058766.0,0.0,30541058766.0,4,False,True
C,A,20180101,2018,52,2018,156,CHN,China,M,Import,0,W00,World,0,W00,World,H5,HS,True,93,Arms and ammunition; parts and accessories thereof,2,False,C00,TOTAL CPC,0,0,TOTAL MOT,-1,N/A,0.0,False,-1,N/A,0.0,False,0.0,True,0.0,False,8448960.0,0.0,8448960.0,4,False,True
C,A,20180101,2018,52,2018,156,CHN,China,M,Import,0,W00,World,0,W00,World,H5,HS,True,94,"Furniture; bedding, mattresses, mattress supports, cushions and similar stuffed furnishings; lamps and lighting fittings, n.e.c.; illuminated signs, illuminated name-plates and the like; prefabricated buildings",2,False,C00,TOTAL CPC,0,0,TOTAL MOT,-1,N/A,0.0,False,-1,N/A,0.0,False,0.0,True,0.0,False,3968843160.0,0.0,3968843160.0,4,False,True
C,A,20180101,2018,52,2018,156,CHN,China,M,Import,0,W00,World,0,W00,World,H5,HS,True,96,Miscellaneous manufactured articles,2,False,C00,TOTAL CPC,0,0,TOTAL MOT,-1,N/A,0.0,False,-1,N/A,0.0,False,0.0,True,0.0,False,2591564083.0,0.0,2591564083.0,4,False,True
C,A,20180101,2018,52,2018,156,CHN,China,M,Import,0,W00,World,0,W00,World,H5,HS,True,30,Pharmaceutical products,2,False,C00,TOTAL CPC,0,0,TOTAL MOT,-1,N/A,0.0,False,-1,N/A,0.0,False,0.0,True,0.0,False,27931121390.0,0.0,27931121390.0,4,False,True
C,A,20180101,2018,52,2018,156,CHN,China,M,Import,0,W00,World,0,W00,World,H5,HS,True,33,"Essential oils and resinoids; perfumery, cosmetic or toilet preparations",2,False,C00,TOTAL CPC,0,0,TOTAL MOT,-1,N/A,0.0,False,-1,N/A,0.0,False,0.0,True,0.0,False,12383030100.0,0.0,12383030100.0,4,False,True
C,A,20180101,2018,52,2018,156,CHN,China,M,Import,0,W00,World,0,W00,World,H5,HS,True,34,"Soap, organic surface-active agents; washing, lubricating, polishing or scouring preparations; artificial or prepared waxes, candles and similar articles, modelling pastes, dental waxes and dental preparations with a basis of plaster",2,False,C00,TOTAL CPC,0,0,TOTAL MOT,-1,N/A,0.0,False,-1,N/A,0.0,False,0.0,True,0.0,False,4914416988.0,0.0,4914416988.0,4,False,True
C,A,20180101,2018,52,2018,156,CHN,China,M,Import,0,W00,World,0,W00,World,H5,HS,True,35,Albuminoidal substances; modified starches; glues; enzymes,2,False,C00,TOTAL CPC,0,0,TOTAL MOT,-1,N/A,0.0,False,-1,N/A,0.0,False,0.0,True,0.0,False,3600473784.0,0.0,3600473784.0,4,False,True
C,A,20180101,2018,52,2018,156,CHN,China,M,Import,0,W00,World,0,W00,World,H5,HS,True,36,Explosives; pyrotechnic products; matches; pyrophoric alloys; certain combustible preparations,2,False,C00,TOTAL CPC,0,0,TOTAL MOT,-1,N/A,0.0,False,-1,N/A,0.0,False,0.0,True,0.0,False,139937622.0,0.0,139937622.0,4,False,True
C,A,20180101,2018,52,2018,156,CHN,China,M,Import,0,W00,World,0,W00,World,H5,HS,True,38,Chemical products n.e.c.,2,False,C00,TOTAL CPC,0,0,TOTAL MOT,-1,N/A,0.0,False,-1,N/A,0.0,False,0.0,True,0.0,False,18070929463.0,0.0,18070929463.0,4,False,True
C,A,20180101,2018,52,2018,156,CHN,China,M,Import,0,W00,World,0,W00,World,H5,HS,True,39,Plastics and articles thereof,2,False,C00,TOTAL CPC,0,0,TOTAL MOT,-1,N/A,0.0,False,-1,N/A,0.0,False,0.0,True,0.0,False,74885268567.0,0.0,74885268567.0,4,False,True
C,A,20180101,2018,52,2018,156,CHN,China,M,Import,0,W00,World,0,W00,World,H5,HS,True,75,Nickel and articles thereof,2,False,C00,TOTAL CPC,0,0,TOTAL MOT,-1,N/A,0.0,False,-1,N/A,0.0,False,0.0,True,0.0,False,5486753857.0,0.0,5486753857.0,4,False,True
C,A,20180101,2018,52,2018,156,CHN,China,M,Import,0,W00,World,0,W00,World,H5,HS,True,78,Lead and articles thereof,2,False,C00,TOTAL CPC,0,0,TOTAL MOT,-1,N/A,0.0,False,-1,N/A,0.0,False,0.0,True,0.0,False,401899307.0,0.0,401899307.0,4,False,True
C,A,20180101,2018,52,2018,156,CHN,China,M,Import,0,W00,World,0,W00,World,H5,HS,True,79,Zinc and articles thereof,2,False,C00,TOTAL CPC,0,0,TOTAL MOT,-1,N/A,0.0,False,-1,N/A,0.0,False,0.0,True,0.0,False,2573363136.0,0.0,2573363136.0,4,False,True
C,A,20180101,2018,52,2018,156,CHN,China,M,Import,0,W00,World,0,W00,World,H5,HS,True,80,Tin; articles thereof,2,False,C00,TOTAL CPC,0,0,TOTAL MOT,-1,N/A,0.0,False,-1,N/A,0.0,False,0.0,True,0.0,False,178853720.0,0.0,178853720.0,4,False,True
C,A,20180101,2018,52,2018,156,CHN,China,M,Import,0,W00,World,0,W00,World,H5,HS,True,81,"Metals; n.e.c., cermets and articles thereof",2,False,C00,TOTAL CPC,0,0,TOTAL MOT,-1,N/A,0.0,False,-1,N/A,0.0,False,0.0,True,0.0,False,4780277651.0,0.0,4780277651.0,4,False,True
C,A,20180101,2018,52,2018,156,CHN,China,M,Import,0,W00,World,0,W00,World,H5,HS,True,83,Metal; miscellaneous products of base metal,2,False,C00,TOTAL CPC,0,0,TOTAL MOT,-1,N/A,0.0,False,-1,N/A,0.0,False,0.0,True,0.0,False,1940200532.0,0.0,1940200532.0,4,False,True
C,A,20180101,2018,52,2018,156,CHN,China,M,Import,0,W00,World,0,W00,World,H5,HS,True,84,"Nuclear reactors, boilers, machinery and mechanical appliances; parts thereof",2,False,C00,TOTAL CPC,0,0,TOTAL MOT,-1,N/A,0.0,False,-1,N/A,0.0,False,0.0,True,0.0,False,202191235432.0,0.0,202191235432.0,4,False,True
C,A,20180101,2018,52,2018,156,CHN,China,M,Import,0,W00,World,0,W00,World,H5,HS,True,67,"Feathers and down, prepared; and articles made of feather or of down; artificial flowers; articles of human hair",2,False,C00,TOTAL CPC,0,0,TOTAL MOT,-1,N/A,0.0,False,-1,N/A,0.0,False,0.0,True,0.0,False,230916407.0,0.0,230916407.0,4,False,True
C,A,20180101,2018,52,2018,156,CHN,China,M,Import,0,W00,World,0,W00,World,H5,HS,True,68,"Stone, plaster, cement, asbestos, mica or similar materials; articles thereof",2,False,C00,TOTAL CPC,0,0,TOTAL MOT,-1,N/A,0.0,False,-1,N/A,0.0,False,0.0,True,0.0,False,1842697260.0,0.0,1842697260.0,4,False,True
C,A,20180101,2018,52,2018,156,CHN,China,M,Import,0,W00,World,0,W00,World,H5,HS,True,69,Ceramic products,2,False,C00,TOTAL CPC,0,0,TOTAL MOT,-1,N/A,0.0,False,-1,N/A,0.0,False,0.0,True,0.0,False,1222357018.0,0.0,1222357018.0,4,False,True
C,A,20180101,2018,52,2018,156,CHN,China,M,Import,0,W00,World,0,W00,World,H5,HS,True,71,"Natural, cultured pearls; precious, semi-precious stones; precious metals, metals clad with precious metal, and articles thereof; imitation jewellery; coin",2,False,C00,TOTAL CPC,0,0,TOTAL MOT,-1,N/A,0.0,False,-1,N/A,0.0,False,0.0,True,0.0,False,78045977834.0,0.0,78045977834.0,4,False,True
C,A,20180101,2018,52,2018,156,CHN,China,M,Import,0,W00,World,0,W00,World,H5,HS,True,72,Iron and steel,2,False,C00,TOTAL CPC,0,0,TOTAL MOT,-1,N/A,0.0,False,-1,N/A,0.0,False,0.0,True,0.0,False,22369894746.0,0.0,22369894746.0,4,False,True
C,A,20180101,2018,52,2018,156,CHN,China,M,Import,0,W00,World,0,W00,World,H5,HS,True,73,Iron or steel articles,2,False,C00,TOTAL CPC,0,0,TOTAL MOT,-1,N/A,0.0,False,-1,N/A,0.0,False,0.0,True,0.0,False,10760592478.0,0.0,10760592478.0,4,False,True
C,A,20180101,2018,52,2018,156,CHN,China,M,Import,0,W00,World,0,W00,World,H5,HS,True,74,Copper and articles thereof,2,False,C00,TOTAL CPC,0,0,TOTAL MOT,-1,N/A,0.0,False,-1,N/A,0.0,False,0.0,True,0.0,False,47536738321.0,0.0,47536738321.0,4,False,True
C,A,20180101,2018,52,2018,156,CHN,China,M,Import,0,W00,World,0,W00,World,H5,HS,True,03,"Fish and crustaceans, molluscs and other aquatic invertebrates",2,False,C00,TOTAL CPC,0,0,TOTAL MOT,-1,N/A,0.0,False,-1,N/A,0.0,False,0.0,True,0.0,False,11599017824.0,0.0,11599017824.0,4,False,True
C,A,20180101,2018,52,2018,156,CHN,China,M,Import,0,W00,World,0,W00,World,H5,HS,True,04,"Dairy produce; birds' eggs; natural honey; edible products of animal origin, not elsewhere specified or included",2,False,C00,TOTAL CPC,0,0,TOTAL MOT,-1,N/A,0.0,False,-1,N/A,0.0,False,0.0,True,0.0,False,5601287389.0,0.0,5601287389.0,4,False,True
C,A,20180101,2018,52,2018,156,CHN,China,M,Import,0,W00,World,0,W00,World,H5,HS,True,05,Animal originated products; not elsewhere specified or included,2,False,C00,TOTAL CPC,0,0,TOTAL MOT,-1,N/A,0.0,False,-1,N/A,0.0,False,0.0,True,0.0,False,729635050.0,0.0,729635050.0,4,False,True
C,A,20180101,2018,52,2018,156,CHN,China,M,Import,0,W00,World,0,W00,World,H5,HS,True,06,"Trees and other plants, live; bulbs, roots and the like; cut flowers and ornamental foliage",2,False,C00,TOTAL CPC,0,0,TOTAL MOT,-1,N/A,0.0,False,-1,N/A,0.0,False,0.0,True,0.0,False,292744148.0,0.0,292744148.0,4,False,True
C,A,20180101,2018,52,2018,156,CHN,China,M,Import,0,W00,World,0,W00,World,H5,HS,True,07,Vegetables and certain roots and tubers; edible,2,False,C00,TOTAL CPC,0,0,TOTAL MOT,-1,N/A,0.0,False,-1,N/A,0.0,False,0.0,True,0.0,False,2037929387.0,0.0,2037929387.0,4,False,True
C,A,20180101,2018,52,2018,156,CHN,China,M,Import,0,W00,World,0,W00,World,H5,HS,True,08,"Fruit and nuts, edible; peel of citrus fruit or melons",2,False,C00,TOTAL CPC,0,0,TOTAL MOT,-1,N/A,0.0,False,-1,N/A,0.0,False,0.0,True,0.0,False,8682012304.0,0.0,8682012304.0,4,False,True
C,A,20180101,2018,52,2018,156,CHN,China,M,Import,0,W00,World,0,W00,World,H5,HS,True,09,"Coffee, tea, mate and spices",2,False,C00,TOTAL CPC,0,0,TOTAL MOT,-1,N/A,0.0,False,-1,N/A,0.0,False,0.0,True,0.0,False,633849640.0,0.0,633849640.0,4,False,True
C,A,20180101,2018,52,2018,156,CHN,China,M,Import,0,W00,World,0,W00,World,H5,HS,True,10,Cereals,2,False,C00,TOTAL CPC,0,0,TOTAL MOT,-1,N/A,0.0,False,-1,N/A,0.0,False,0.0,True,0.0,False,5793591003.0,0.0,5793591003.0,4,False,True
C,A,20180101,2018,52,2018,156,CHN,China,M,Import,0,W00,World,0,W00,World,H5,HS,True,11,"Products of the milling industry; malt, starches, inulin, wheat gluten",2,False,C00,TOTAL CPC,0,0,TOTAL MOT,-1,N/A,0.0,False,-1,N/A,0.0,False,0.0,True,0.0,False,1178936051.0,0.0,1178936051.0,4,False,True
C,A,20180101,2018,52,2018,156,CHN,China,M,Import,0,W00,World,0,W00,World,H5,HS,True,12,"Oil seeds and oleaginous fruits; miscellaneous grains, seeds and fruit, industrial or medicinal plants; straw and fodder",2,False,C00,TOTAL CPC,0,0,TOTAL MOT,-1,N/A,0.0,False,-1,N/A,0.0,False,0.0,True,0.0,False,43379520601.0,0.0,43379520601.0,4,False,True
C,A,20180101,2018,52,2018,156,CHN,China,M,Import,0,W00,World,0,W00,World,H5,HS,True,13,"Lac; gums, resins and other vegetable saps and extracts",2,False,C00,TOTAL CPC,0,0,TOTAL MOT,-1,N/A,0.0,False,-1,N/A,0.0,False,0.0,True,0.0,False,313727306.0,0.0,313727306.0,4,False,True
C,A,20180101,2018,52,2018,156,CHN,China,M,Import,0,W00,World,0,W00,World,H5,HS,True,14,Vegetable plaiting materials; vegetable products not elsewhere specified or included,2,False,C00,TOTAL CPC,0,0,TOTAL MOT,-1,N/A,0.0,False,-1,N/A,0.0,False,0.0,True,0.0,False,142392501.0,0.0,142392501.0,4,False,True
C,A,20180101,2018,52,2018,156,CHN,China,M,Import,0,W00,World,0,W00,World,H5,HS,True,15,Animal or vegetable fats and oils and their cleavage products; prepared animal fats; animal or vegetable waxes,2,False,C00,TOTAL CPC,0,0,TOTAL MOT,-1,N/A,0.0,False,-1,N/A,0.0,False,0.0,True,0.0,False,8608587332.0,0.0,8608587332.0,4,False,True
C,A,20180101,2018,52,2018,156,CHN,China,M,Import,0,W00,World,0,W00,World,H5,HS,True,16,"Meat, fish or crustaceans, molluscs or other aquatic invertebrates; preparations thereof",2,False,C00,TOTAL CPC,0,0,TOTAL MOT,-1,N/A,0.0,False,-1,N/A,0.0,False,0.0,True,0.0,False,394332702.0,0.0,394332702.0,4,False,True
C,A,20180101,2018,52,2018,156,CHN,China,M,Import,0,W00,World,0,W00,World,H5,HS,True,17,Sugars and sugar confectionery,2,False,C00,TOTAL CPC,0,0,TOTAL MOT,-1,N/A,0.0,False,-1,N/A,0.0,False,0.0,True,0.0,False,1421410192.0,0.0,1421410192.0,4,False,True
C,A,20180101,2018,52,2018,156,CHN,China,M,Import,0,W00,World,0,W00,World,H5,HS,True,18,Cocoa and cocoa preparations,2,False,C00,TOTAL CPC,0,0,TOTAL MOT,-1,N/A,0.0,False,-1,N/A,0.0,False,0.0,True,0.0,False,787906699.0,0.0,787906699.0,4,False,True
C,A,20180101,2018,52,2018,156,CHN,China,M,Import,0,W00,World,0,W00,World,H5,HS,True,19,"Preparations of cereals, flour, starch or milk; pastrycooks' products",2,False,C00,TOTAL CPC,0,0,TOTAL MOT,-1,N/A,0.0,False,-1,N/A,0.0,False,0.0,True,0.0,False,6665804181.0,0.0,6665804181.0,4,False,True
C,A,20180101,2018,52,2018,156,CHN,China,M,Import,0,W00,World,0,W00,World,H5,HS,True,20,"Preparations of vegetables, fruit, nuts or other parts of plants",2,False,C00,TOTAL CPC,0,0,TOTAL MOT,-1,N/A,0.0,False,-1,N/A,0.0,False,0.0,True,0.0,False,1401762649.0,0.0,1401762649.0,4,False,True
C,A,20180101,2018,52,2018,156,CHN,China,M,Import,0,W00,World,0,W00,World,H5,HS,True,21,Miscellaneous edible preparations,2,False,C00,TOTAL CPC,0,0,TOTAL MOT,-1,N/A,0.0,False,-1,N/A,0.0,False,0.0,True,0.0,False,3256095786.0,0.0,3256095786.0,4,False,True
C,A,20180101,2018,52,2018,156,CHN,China,M,Import,0,W00,World,0,W00,World,H5,HS,True,22,"Beverages, spirits and vinegar",2,False,C00,TOTAL CPC,0,0,TOTAL MOT,-1,N/A,0.0,False,-1,N/A,0.0,False,0.0,True,0.0,False,6434464262.0,0.0,6434464262.0,4,False,True
C,A,20180101,2018,52,2018,156,CHN,China,M,Import,0,W00,World,0,W00,World,H5,HS,True,23,"Food industries, residues and wastes thereof; prepared animal fodder",2,False,C00,TOTAL CPC,0,0,TOTAL MOT,-1,N/A,0.0,False,-1,N/A,0.0,False,0.0,True,0.0,False,3804178353.0,0.0,3804178353.0,4,False,True
C,A,20180101,2018,52,2018,156,CHN,China,M,Import,0,W00,World,0,W00,World,H5,HS,True,25,"Salt; sulphur; earths, stone; plastering materials, lime and cement",2,False,C00,TOTAL CPC,0,0,TOTAL MOT,-1,N/A,0.0,False,-1,N/A,0.0,False,0.0,True,0.0,False,8024739437.0,0.0,8024739437.0,4,False,True
C,A,20180101,2018,52,2018,156,CHN,China,M,Import,0,W00,World,0,W00,World,H5,HS,True,26,"Ores, slag and ash",2,False,C00,TOTAL CPC,0,0,TOTAL MOT,-1,N/A,0.0,False,-1,N/A,0.0,False,0.0,True,0.0,False,135868105618.0,0.0,135868105618.0,4,False,True
C,A,20180101,2018,52,2018,156,CHN,China,M,Import,0,W00,World,0,W00,World,H5,HS,True,28,"Inorganic chemicals; organic and inorganic compounds of precious metals; of rare earth metals, of radio-active elements and of isotopes",2,False,C00,TOTAL CPC,0,0,TOTAL MOT,-1,N/A,0.0,False,-1,N/A,0.0,False,0.0,True,0.0,False,10835891955.0,0.0,10835891955.0,4,False,True
C,A,20180101,2018,52,2018,156,CHN,China,M,Import,0,W00,World,0,W00,World,H5,HS,True,29,Organic chemicals,2,False,C00,TOTAL CPC,0,0,TOTAL MOT,-1,N/A,0.0,False,-1,N/A,0.0,False,0.0,True,0.0,False,67304605342.0,0.0,67304605342.0,4,False,True
C,A,20180101,2018,52,2018,156,CHN,China,M,Import,0,W00,World,0,W00,World,H5,HS,True,41,Raw hides and skins (other than furskins) and leather,2,False,C00,TOTAL CPC,0,0,TOTAL MOT,-1,N/A,0.0,False,-1,N/A,0.0,False,0.0,True,0.0,False,4778566238.0,0.0,4778566238.0,4,False,True
C,A,20180101,2018,52,2018,156,CHN,China,M,Import,0,W00,World,0,W00,World,H5,HS,True,43,Furskins and artificial fur; manufactures thereof,2,False,C00,TOTAL CPC,0,0,TOTAL MOT,-1,N/A,0.0,False,-1,N/A,0.0,False,0.0,True,0.0,False,1038386033.0,0.0,1038386033.0,4,False,True
C,A,20180101,2018,52,2018,156,CHN,China,M,Import,0,W00,World,0,W00,World,H5,HS,True,44,Wood and articles of wood; wood charcoal,2,False,C00,TOTAL CPC,0,0,TOTAL MOT,-1,N/A,0.0,False,-1,N/A,0.0,False,0.0,True,0.0,False,24919348503.0,0.0,24919348503.0,4,False,True
C,A,20180101,2018,52,2018,156,CHN,China,M,Import,0,W00,World,0,W00,World,H5,HS,True,45,Cork and articles of cork,2,False,C00,TOTAL CPC,0,0,TOTAL MOT,-1,N/A,0.0,False,-1,N/A,0.0,False,0.0,True,0.0,False,56106616.0,0.0,56106616.0,4,False,True
C,A,20180101,2018,52,2018,156,CHN,China,M,Import,0,W00,World,0,W00,World,H5,HS,True,46,"Manufactures of straw, esparto or other plaiting materials; basketware and wickerwork",2,False,C00,TOTAL CPC,0,0,TOTAL MOT,-1,N/A,0.0,False,-1,N/A,0.0,False,0.0,True,0.0,False,15779829.0,0.0,15779829.0,4,False,True
C,A,20180101,2018,52,2018,156,CHN,China,M,Import,0,W00,World,0,W00,World,H5,HS,True,47,Pulp of wood or other fibrous cellulosic material; recovered (waste and scrap) paper or paperboard,2,False,C00,TOTAL CPC,0,0,TOTAL MOT,-1,N/A,0.0,False,-1,N/A,0.0,False,0.0,True,0.0,False,24010355653.0,0.0,24010355653.0,4,False,True
C,A,20180101,2018,52,2018,156,CHN,China,M,Import,0,W00,World,0,W00,World,H5,HS,True,48,"Paper and paperboard; articles of paper pulp, of paper or paperboard",2,False,C00,TOTAL CPC,0,0,TOTAL MOT,-1,N/A,0.0,False,-1,N/A,0.0,False,0.0,True,0.0,False,6203230715.0,0.0,6203230715.0,4,False,True
C,A,20180101,2018,52,2018,156,CHN,China,M,Import,0,W00,World,0,W00,World,H5,HS,True,49,"Printed books, newspapers, pictures and other products of the printing industry; manuscripts, typescripts and plans",2,False,C00,TOTAL CPC,0,0,TOTAL MOT,-1,N/A,0.0,False,-1,N/A,0.0,False,0.0,True,0.0,False,2073895816.0,0.0,2073895816.0,4,False,True
C,A,20180101,2018,52,2018,156,CHN,China,M,Import,0,W00,World,0,W00,World,H5,HS,True,50,Silk,2,False,C00,TOTAL CPC,0,0,TOTAL MOT,-1,N/A,0.0,False,-1,N/A,0.0,False,0.0,True,0.0,False,53310286.0,0.0,53310286.0,4,False,True
C,A,20180101,2018,52,2018,156,CHN,China,M,Import,0,W00,World,0,W00,World,H5,HS,True,51,"Wool, fine or coarse animal hair; horsehair yarn and woven fabric",2,False,C00,TOTAL CPC,0,0,TOTAL MOT,-1,N/A,0.0,False,-1,N/A,0.0,False,0.0,True,0.0,False,4197661745.0,0.0,4197661745.0,4,False,True
C,A,20180101,2018,52,2018,156,CHN,China,M,Import,0,W00,World,0,W00,World,H5,HS,True,52,Cotton,2,False,C00,TOTAL CPC,0,0,TOTAL MOT,-1,N/A,0.0,False,-1,N/A,0.0,False,0.0,True,0.0,False,9889820819.0,0.0,9889820819.0,4,False,True
C,A,20180101,2018,52,2018,156,CHN,China,M,Import,0,W00,World,0,W00,World,H5,HS,True,53,Vegetable textile fibres; paper yarn and woven fabrics of paper yarn,2,False,C00,TOTAL CPC,0,0,TOTAL MOT,-1,N/A,0.0,False,-1,N/A,0.0,False,0.0,True,0.0,False,916946323.0,0.0,916946323.0,4,False,True
C,A,20180101,2018,52,2018,156,CHN,China,M,Import,0,W00,World,0,W00,World,H5,HS,True,54,Man-made filaments; strip and the like of man-made textile materials,2,False,C00,TOTAL CPC,0,0,TOTAL MOT,-1,N/A,0.0,False,-1,N/A,0.0,False,0.0,True,0.0,False,3153496811.0,0.0,3153496811.0,4,False,True
C,A,20180101,2018,52,2018,156,CHN,China,M,Import,0,W00,World,0,W00,World,H5,HS,True,55,Man-made staple fibres,2,False,C00,TOTAL CPC,0,0,TOTAL MOT,-1,N/A,0.0,False,-1,N/A,0.0,False,0.0,True,0.0,False,2477355644.0,0.0,2477355644.0,4,False,True
C,A,20180101,2018,52,2018,156,CHN,China,M,Import,0,W00,World,0,W00,World,H5,HS,True,64,Footwear; gaiters and the like; parts of such articles,2,False,C00,TOTAL CPC,0,0,TOTAL MOT,-1,N/A,0.0,False,-1,N/A,0.0,False,0.0,True,0.0,False,4660965295.0,0.0,4660965295.0,4,False,True
C,A,20180101,2018,52,2018,156,CHN,China,M,Import,0,W00,World,0,W00,World,H5,HS,True,95,"Toys, games and sports requisites; parts and accessories thereof",2,False,C00,TOTAL CPC,0,0,TOTAL MOT,-1,N/A,0.0,False,-1,N/A,0.0,False,0.0,True,0.0,False,2108906431.0,0.0,2108906431.0,4,False,True
C,A,20180101,2018,52,2018,156,CHN,China,M,Import,0,W00,World,0,W00,World,H5,HS,True,37,Photographic or cinematographic goods,2,False,C00,TOTAL CPC,0,0,TOTAL MOT,-1,N/A,0.0,False,-1,N/A,0.0,False,0.0,True,0.0,False,2603469875.0,0.0,2603469875.0,4,False,True
C,A,20180101,2018,52,2018,156,CHN,China,M,Import,0,W00,World,0,W00,World,H5,HS,True,40,Rubber and articles thereof,2,False,C00,TOTAL CPC,0,0,TOTAL MOT,-1,N/A,0.0,False,-1,N/A,0.0,False,0.0,True,0.0,False,16910434580.0,0.0,16910434580.0,4,False,True
C,A,20180101,2018,52,2018,156,CHN,China,M,Import,0,W00,World,0,W00,World,H5,HS,True,82,"Tools, implements, cutlery, spoons and forks, of base metal; parts thereof, of base metal",2,False,C00,TOTAL CPC,0,0,TOTAL MOT,-1,N/A,0.0,False,-1,N/A,0.0,False,0.0,True,0.0,False,3851791474.0,0.0,3851791474.0,4,False,True
C,A,20180101,2018,52,2018,156,CHN,China,M,Import,0,W00,World,0,W00,World,H5,HS,True,66,"Umbrellas, sun umbrellas, walking-sticks, seat sticks, whips, riding crops; and parts thereof",2,False,C00,TOTAL CPC,0,0,TOTAL MOT,-1,N/A,0.0,False,-1,N/A,0.0,False,0.0,True,0.0,False,33284869.0,0.0,33284869.0,4,False,True
C,A,20180101,2018,52,2018,156,CHN,China,M,Import,0,W00,World,0,W00,World,H5,HS,True,70,Glass and glassware,2,False,C00,TOTAL CPC,0,0,TOTAL MOT,-1,N/A,0.0,False,-1,N/A,0.0,False,0.0,True,0.0,False,7784375272.0,0.0,7784375272.0,4,False,True
C,A,20180101,2018,52,2018,156,CHN,China,M,Import,0,W00,World,0,W00,World,H5,HS,True,01,Animals; live,2,False,C00,TOTAL CPC,0,0,TOTAL MOT,-1,N/A,0.0,False,-1,N/A,0.0,False,0.0,True,0.0,False,411709783.0,0.0,411709783.0,4,False,True
C,A,20180101,2018,52,2018,156,CHN,China,M,Import,0,W00,World,0,W00,World,H5,HS,True,42,"Articles of leather; saddlery and harness; travel goods, handbags and similar containers; articles of animal gut (other than silk-worm gut)",2,False,C00,TOTAL CPC,0,0,TOTAL MOT,-1,N/A,0.0,False,-1,N/A,0.0,False,0.0,True,0.0,False,3314302958.0,0.0,3314302958.0,4,False,True
C,A,20180101,2018,52,2018,156,CHN,China,M,Import,0,W00,World,0,W00,World,H5,HS,True,02,Meat and edible meat offal,2,False,C00,TOTAL CPC,0,0,TOTAL MOT,-1,N/A,0.0,False,-1,N/A,0.0,False,0.0,False,0.0,False,11018384512.0,0.0,11018384512.0,0,False,True
C,A,20180101,2018,52,2018,156,CHN,China,M,Import,0,W00,World,0,W00,World,H5,HS,True,24,Tobacco and manufactured tobacco substitutes,2,False,C00,TOTAL CPC,0,0,TOTAL MOT,-1,N/A,0.0,False,-1,N/A,0.0,False,0.0,False,0.0,False,1758782405.0,0.0,1758782405.0,0,False,True
C,A,20180101,2018,52,2018,156,CHN,China,M,Import,0,W00,World,0,W00,World,H5,HS,True,99,Commodities not specified according to kind,2,False,C00,TOTAL CPC,0,0,TOTAL MOT,-1,N/A,0.0,False,-1,N/A,0.0,False,0.0,False,0.0,False,13335402847.0,0.0,13335402847.0,0,False,True
C,A,20180101,2018,52,2018,156,CHN,China,M,Import,0,W00,World,0,W00,World,H5,HS,True,85,"Electrical machinery and equipment and parts thereof; sound recorders and reproducers; television image and sound recorders and reproducers, parts and accessories of such articles",2,False,C00,TOTAL CPC,0,0,TOTAL MOT,-1,N/A,0.0,False,-1,N/A,0.0,False,0.0,False,0.0,False,521631590196.0,0.0,521631590196.0,0,False,True
C,A,20180101,2018,52,2018,156,CHN,China,M,Import,0,W00,World,0,W00,World,H5,HS,True,86,"Railway, tramway locomotives, rolling-stock and parts thereof; railway or tramway track fixtures and fittings and parts thereof; mechanical (including electro-mechanical) traffic signalling equipment of all kinds",2,False,C00,TOTAL CPC,0,0,TOTAL MOT,-1,N/A,0.0,False,-1,N/A,0.0,False,0.0,False,0.0,False,792958660.0,0.0,792958660.0,0,False,True
C,A,20180101,2018,52,2018,156,CHN,China,M,Import,0,W00,World,0,W00,World,H5,HS,True,89,"Ships, boats and floating structures",2,False,C00,TOTAL CPC,0,0,TOTAL MOT,-1,N/A,0.0,False,-1,N/A,0.0,False,0.0,False,0.0,False,2057043431.0,0.0,2057043431.0,0,False,True
C,A,20180101,2018,52,2018,156,CHN,China,M,Import,0,W00,World,0,W00,World,H5,HS,True,90,"Optical, photographic, cinematographic, measuring, checking, medical or surgical instruments and apparatus; parts and accessories",2,False,C00,TOTAL CPC,0,0,TOTAL MOT,-1,N/A,0.0,False,-1,N/A,0.0,False,0.0,False,0.0,False,102626058041.0,0.0,102626058041.0,0,False,True
C,A,20180101,2018,52,2018,156,CHN,China,M,Import,0,W00,World,0,W00,World,H5,HS,True,91,Clocks and watches and parts thereof,2,False,C00,TOTAL CPC,0,0,TOTAL MOT,-1,N/A,0.0,False,-1,N/A,0.0,False,0.0,False,0.0,False,3790747148.0,0.0,3790747148.0,0,False,True
C,A,20180101,2018,52,2018,156,CHN,China,M,Import,0,W00,World,0,W00,World,H5,HS,True,92,Musical instruments; parts and accessories of such articles,2,False,C00,TOTAL CPC,0,0,TOTAL MOT,-1,N/A,0.0,False,-1,N/A,0.0,False,0.0,False,0.0,False,488204363.0,0.0,488204363.0,0,False,True
C,A,20180101,2018,52,2018,156,CHN,China,M,Import,0,W00,World,0,W00,World,H5,HS,True,31,Fertilizers,2,False,C00,TOTAL CPC,0,0,TOTAL MOT,-1,N/A,0.0,False,-1,N/A,0.0,False,0.0,False,0.0,False,2731898628.0,0.0,2731898628.0,0,False,True
C,A,20180101,2018,52,2018,156,CHN,China,M,Import,0,W00,World,0,W00,World,H5,HS,True,32,"Tanning or dyeing extracts; tannins and their derivatives; dyes, pigments and other colouring matter; paints, varnishes; putty, other mastics; inks",2,False,C00,TOTAL CPC,0,0,TOTAL MOT,-1,N/A,0.0,False,-1,N/A,0.0,False,0.0,False,0.0,False,5036285546.0,0.0,5036285546.0,0,False,True
C,A,20180101,2018,52,2018,156,CHN,China,M,Import,0,W00,World,0,W00,World,H5,HS,True,76,Aluminium and articles thereof,2,False,C00,TOTAL CPC,0,0,TOTAL MOT,-1,N/A,0.0,False,-1,N/A,0.0,False,0.0,False,0.0,False,6643371182.0,0.0,6643371182.0,0,False,True
C,A,20180101,2018,52,2018,156,CHN,China,M,Import,0,W00,World,0,W00,World,H5,HS,True,27,"Mineral fuels, mineral oils and products of their distillation; bituminous substances; mineral waxes",2,False,C00,TOTAL CPC,0,0,TOTAL MOT,-1,N/A,0.0,False,-1,N/A,0.0,False,0.0,False,0.0,False,347199945635.0,0.0,347199945635.0,0,False,True
C,A,20180101,2018,52,2018,156,CHN,China,M,Import,0,W00,World,0,W00,World,H5,HS,True,97,Works of art; collectors' pieces and antiques,2,False,C00,TOTAL CPC,0,0,TOTAL MOT,-1,N/A,0.0,False,-1,N/A,0.0,False,0.0,False,0.0,False,173437281.0,0.0,173437281.0,0,False,True
C,A,20180101,2018,52,2018,704,VNM,Viet Nam,M,Import,0,W00,World,0,W00,World,H5,HS,True,03,"Fish and crustaceans, molluscs and other aquatic invertebrates",2,False,C00,TOTAL CPC,0,0,TOTAL MOT,-1,N/A,0.0,False,-1,N/A,0.0,False,,True,0.0,False,1522080124.83,,1522080124.83,4,False,True
C,A,20180101,2018,52,2018,704,VNM,Viet Nam,M,Import,0,W00,World,0,W00,World,H5,HS,True,08,"Fruit and nuts, edible; peel of citrus fruit or melons",2,False,C00,TOTAL CPC,0,0,TOTAL MOT,-1,N/A,0.0,False,-1,N/A,0.0,False,,True,0.0,False,3150653208.36,,3150653208.36,4,False,True
C,A,20180101,2018,52,2018,704,VNM,Viet Nam,M,Import,0,W00,World,0,W00,World,H5,HS,True,07,Vegetables and certain roots and tubers; edible,2,False,C00,TOTAL CPC,0,0,TOTAL MOT,-1,N/A,0.0,False,-1,N/A,0.0,False,,True,0.0,False,690633253.5,,690633253.5,4,False,True
C,A,20180101,2018,52,2018,704,VNM,Viet Nam,M,Import,0,W00,World,0,W00,World,H5,HS,True,06,"Trees and other plants, live; bulbs, roots and the like; cut flowers and ornamental foliage",2,False,C00,TOTAL CPC,0,0,TOTAL MOT,-1,N/A,0.0,False,-1,N/A,0.0,False,,True,0.0,False,111142738.74,,111142738.74,4,False,True
C,A,20180101,2018,52,2018,704,VNM,Viet Nam,M,Import,0,W00,World,0,W00,World,H5,HS,True,05,Animal originated products; not elsewhere specified or included,2,False,C00,TOTAL CPC,0,0,TOTAL MOT,-1,N/A,0.0,False,-1,N/A,0.0,False,,True,0.0,False,382365165.58,,382365165.58,4,False,True
C,A,20180101,2018,52,2018,704,VNM,Viet Nam,M,Import,0,W00,World,0,W00,World,H5,HS,True,13,"Lac; gums, resins and other vegetable saps and extracts",2,False,C00,TOTAL CPC,0,0,TOTAL MOT,-1,N/A,0.0,False,-1,N/A,0.0,False,,True,0.0,False,89298059.66,,89298059.66,4,False,True
C,A,20180101,2018,52,2018,704,VNM,Viet Nam,M,Import,0,W00,World,0,W00,World,H5,HS,True,01,Animals; live,2,False,C00,TOTAL CPC,0,0,TOTAL MOT,-1,N/A,0.0,False,-1,N/A,0.0,False,,True,0.0,False,373424461.01,,373424461.01,4,False,True
C,A,20180101,2018,52,2018,704,VNM,Viet Nam,M,Import,0,W00,World,0,W00,World,H5,HS,True,10,Cereals,2,False,C00,TOTAL CPC,0,0,TOTAL MOT,-1,N/A,0.0,False,-1,N/A,0.0,False,,True,0.0,False,3382277112.43,,3382277112.43,4,False,True
C,A,20180101,2018,52,2018,704,VNM,Viet Nam,M,Import,0,W00,World,0,W00,World,H5,HS,True,12,"Oil seeds and oleaginous fruits; miscellaneous grains, seeds and fruit, industrial or medicinal plants; straw and fodder",2,False,C00,TOTAL CPC,0,0,TOTAL MOT,-1,N/A,0.0,False,-1,N/A,0.0,False,,True,0.0,False,990410796.31,,990410796.31,4,False,True
C,A,20180101,2018,52,2018,704,VNM,Viet Nam,M,Import,0,W00,World,0,W00,World,H5,HS,True,15,Animal or vegetable fats and oils and their cleavage products; prepared animal fats; animal or vegetable waxes,2,False,C00,TOTAL CPC,0,0,TOTAL MOT,-1,N/A,0.0,False,-1,N/A,0.0,False,,True,0.0,False,752433403.3,,752433403.3,4,False,True
C,A,20180101,2018,52,2018,704,VNM,Viet Nam,M,Import,0,W00,World,0,W00,World,H5,HS,True,21,Miscellaneous edible preparations,2,False,C00,TOTAL CPC,0,0,TOTAL MOT,-1,N/A,0.0,False,-1,N/A,0.0,False,,True,0.0,False,779800575.43,,779800575.43,4,False,True
C,A,20180101,2018,52,2018,704,VNM,Viet Nam,M,Import,0,W00,World,0,W00,World,H5,HS,True,22,"Beverages, spirits and vinegar",2,False,C00,TOTAL CPC,0,0,TOTAL MOT,-1,N/A,0.0,False,-1,N/A,0.0,False,,True,0.0,False,292172544.68,,292172544.68,4,False,True
C,A,20180101,2018,52,2018,704,VNM,Viet Nam,M,Import,0,W00,World,0,W00,World,H5,HS,True,25,"Salt; sulphur; earths, stone; plastering materials, lime and cement",2,False,C00,TOTAL CPC,0,0,TOTAL MOT,-1,N/A,0.0,False,-1,N/A,0.0,False,,True,0.0,False,386403878.85,,386403878.85,4,False,True
C,A,20180101,2018,52,2018,704,VNM,Viet Nam,M,Import,0,W00,World,0,W00,World,H5,HS,True,28,"Inorganic chemicals; organic and inorganic compounds of precious metals; of rare earth metals, of radio-active elements and of isotopes",2,False,C00,TOTAL CPC,0,0,TOTAL MOT,-1,N/A,0.0,False,-1,N/A,0.0,False,,True,0.0,False,1458132585.73,,1458132585.73,4,False,True
C,A,20180101,2018,52,2018,704,VNM,Viet Nam,M,Import,0,W00,World,0,W00,World,H5,HS,True,26,"Ores, slag and ash",2,False,C00,TOTAL CPC,0,0,TOTAL MOT,-1,N/A,0.0,False,-1,N/A,0.0,False,,True,0.0,False,883612425.19,,883612425.19,4,False,True
C,A,20180101,2018,52,2018,704,VNM,Viet Nam,M,Import,0,W00,World,0,W00,World,H5,HS,True,29,Organic chemicals,2,False,C00,TOTAL CPC,0,0,TOTAL MOT,-1,N/A,0.0,False,-1,N/A,0.0,False,,True,0.0,False,3925030777.04,,3925030777.04,4,False,True
C,A,20180101,2018,52,2018,704,VNM,Viet Nam,M,Import,0,W00,World,0,W00,World,H5,HS,True,27,"Mineral fuels, mineral oils and products of their distillation; bituminous substances; mineral waxes",2,False,C00,TOTAL CPC,0,0,TOTAL MOT,-1,N/A,0.0,False,-1,N/A,0.0,False,,True,0.0,False,15010022259.72,,15010022259.72,4,False,True
C,A,20180101,2018,52,2018,704,VNM,Viet Nam,M,Import,0,W00,World,0,W00,World,H5,HS,True,30,Pharmaceutical products,2,False,C00,TOTAL CPC,0,0,TOTAL MOT,-1,N/A,0.0,False,-1,N/A,0.0,False,,True,0.0,False,3027091839.26,,3027091839.26,4,False,True
C,A,20180101,2018,52,2018,704,VNM,Viet Nam,M,Import,0,W00,World,0,W00,World,H5,HS,True,31,Fertilizers,2,False,C00,TOTAL CPC,0,0,TOTAL MOT,-1,N/A,0.0,False,-1,N/A,0.0,False,,True,0.0,False,1200213554.53,,1200213554.53,4,False,True
C,A,20180101,2018,52,2018,704,VNM,Viet Nam,M,Import,0,W00,World,0,W00,World,H5,HS,True,32,"Tanning or dyeing extracts; tannins and their derivatives; dyes, pigments and other colouring matter; paints, varnishes; putty, other mastics; inks",2,False,C00,TOTAL CPC,0,0,TOTAL MOT,-1,N/A,0.0,False,-1,N/A,0.0,False,,True,0.0,False,1704801842.26,,1704801842.26,4,False,True
C,A,20180101,2018,52,2018,704,VNM,Viet Nam,M,Import,0,W00,World,0,W00,World,H5,HS,True,33,"Essential oils and resinoids; perfumery, cosmetic or toilet preparations",2,False,C00,TOTAL CPC,0,0,TOTAL MOT,-1,N/A,0.0,False,-1,N/A,0.0,False,,True,0.0,False,792608884.8,,792608884.8,4,False,True
C,A,20180101,2018,52,2018,704,VNM,Viet Nam,M,Import,0,W00,World,0,W00,World,H5,HS,True,41,Raw hides and skins (other than furskins) and leather,2,False,C00,TOTAL CPC,0,0,TOTAL MOT,-1,N/A,0.0,False,-1,N/A,0.0,False,,True,0.0,False,1693514714.92,,1693514714.92,4,False,True
C,A,20180101,2018,52,2018,704,VNM,Viet Nam,M,Import,0,W00,World,0,W00,World,H5,HS,True,38,Chemical products n.e.c.,2,False,C00,TOTAL CPC,0,0,TOTAL MOT,-1,N/A,0.0,False,-1,N/A,0.0,False,,True,0.0,False,2903242867.08,,2903242867.08,4,False,True
C,A,20180101,2018,52,2018,704,VNM,Viet Nam,M,Import,0,W00,World,0,W00,World,H5,HS,True,37,Photographic or cinematographic goods,2,False,C00,TOTAL CPC,0,0,TOTAL MOT,-1,N/A,0.0,False,-1,N/A,0.0,False,,True,0.0,False,105166901.58,,105166901.58,4,False,True
C,A,20180101,2018,52,2018,704,VNM,Viet Nam,M,Import,0,W00,World,0,W00,World,H5,HS,True,36,Explosives; pyrotechnic products; matches; pyrophoric alloys; certain combustible preparations,2,False,C00,TOTAL CPC,0,0,TOTAL MOT,-1,N/A,0.0,False,-1,N/A,0.0,False,,True,0.0,False,6390800.8,,6390800.8,4,False,True
C,A,20180101,2018,52,2018,704,VNM,Viet Nam,M,Import,0,W00,World,0,W00,World,H5,HS,True,42,"Articles of leather; saddlery and harness; travel goods, handbags and similar containers; articles of animal gut (other than silk-worm gut)",2,False,C00,TOTAL CPC,0,0,TOTAL MOT,-1,N/A,0.0,False,-1,N/A,0.0,False,,True,0.0,False,160303144.87,,160303144.87,4,False,True
C,A,20180101,2018,52,2018,704,VNM,Viet Nam,M,Import,0,W00,World,0,W00,World,H5,HS,True,43,Furskins and artificial fur; manufactures thereof,2,False,C00,TOTAL CPC,0,0,TOTAL MOT,-1,N/A,0.0,False,-1,N/A,0.0,False,,True,0.0,False,252633190.78,,252633190.78,4,False,True
C,A,20180101,2018,52,2018,704,VNM,Viet Nam,M,Import,0,W00,World,0,W00,World,H5,HS,True,44,Wood and articles of wood; wood charcoal,2,False,C00,TOTAL CPC,0,0,TOTAL MOT,-1,N/A,0.0,False,-1,N/A,0.0,False,,True,0.0,False,1996178454.38,,1996178454.38,4,False,True
C,A,20180101,2018,52,2018,704,VNM,Viet Nam,M,Import,0,W00,World,0,W00,World,H5,HS,True,49,"Printed books, newspapers, pictures and other products of the printing industry; manuscripts, typescripts and plans",2,False,C00,TOTAL CPC,0,0,TOTAL MOT,-1,N/A,0.0,False,-1,N/A,0.0,False,,True,0.0,False,112818636.85,,112818636.85,4,False,True
C,A,20180101,2018,52,2018,704,VNM,Viet Nam,M,Import,0,W00,World,0,W00,World,H5,HS,True,52,Cotton,2,False,C00,TOTAL CPC,0,0,TOTAL MOT,-1,N/A,0.0,False,-1,N/A,0.0,False,,True,0.0,False,4765087091.32,,4765087091.32,4,False,True
C,A,20180101,2018,52,2018,704,VNM,Viet Nam,M,Import,0,W00,World,0,W00,World,H5,HS,True,54,Man-made filaments; strip and the like of man-made textile materials,2,False,C00,TOTAL CPC,0,0,TOTAL MOT,-1,N/A,0.0,False,-1,N/A,0.0,False,,True,0.0,False,2987505748.03,,2987505748.03,4,False,True
C,A,20180101,2018,52,2018,704,VNM,Viet Nam,M,Import,0,W00,World,0,W00,World,H5,HS,True,48,"Paper and paperboard; articles of paper pulp, of paper or paperboard",2,False,C00,TOTAL CPC,0,0,TOTAL MOT,-1,N/A,0.0,False,-1,N/A,0.0,False,,True,0.0,False,2554975193.05,,2554975193.05,4,False,True
C,A,20180101,2018,52,2018,704,VNM,Viet Nam,M,Import,0,W00,World,0,W00,World,H5,HS,True,55,Man-made staple fibres,2,False,C00,TOTAL CPC,0,0,TOTAL MOT,-1,N/A,0.0,False,-1,N/A,0.0,False,,True,0.0,False,3389367763.23,,3389367763.23,4,False,True
C,A,20180101,2018,52,2018,704,VNM,Viet Nam,M,Import,0,W00,World,0,W00,World,H5,HS,True,58,"Fabrics; special woven fabrics, tufted textile fabrics, lace, tapestries, trimmings, embroidery",2,False,C00,TOTAL CPC,0,0,TOTAL MOT,-1,N/A,0.0,False,-1,N/A,0.0,False,,True,0.0,False,1086334864.75,,1086334864.75,4,False,True
C,A,20180101,2018,52,2018,704,VNM,Viet Nam,M,Import,0,W00,World,0,W00,World,H5,HS,True,61,Apparel and clothing accessories; knitted or crocheted,2,False,C00,TOTAL CPC,0,0,TOTAL MOT,-1,N/A,0.0,False,-1,N/A,0.0,False,,True,0.0,False,231069380.34,,231069380.34,4,False,True
C,A,20180101,2018,52,2018,704,VNM,Viet Nam,M,Import,0,W00,World,0,W00,World,H5,HS,True,66,"Umbrellas, sun umbrellas, walking-sticks, seat sticks, whips, riding crops; and parts thereof",2,False,C00,TOTAL CPC,0,0,TOTAL MOT,-1,N/A,0.0,False,-1,N/A,0.0,False,,True,0.0,False,8141507.75,,8141507.75,4,False,True
C,A,20180101,2018,52,2018,704,VNM,Viet Nam,M,Import,0,W00,World,0,W00,World,H5,HS,True,65,Headgear and parts thereof,2,False,C00,TOTAL CPC,0,0,TOTAL MOT,-1,N/A,0.0,False,-1,N/A,0.0,False,,True,0.0,False,17304232.26,,17304232.26,4,False,True
C,A,20180101,2018,52,2018,704,VNM,Viet Nam,M,Import,0,W00,World,0,W00,World,H5,HS,True,62,Apparel and clothing accessories; not knitted or crocheted,2,False,C00,TOTAL CPC,0,0,TOTAL MOT,-1,N/A,0.0,False,-1,N/A,0.0,False,,True,0.0,False,256355598.37,,256355598.37,4,False,True
C,A,20180101,2018,52,2018,704,VNM,Viet Nam,M,Import,0,W00,World,0,W00,World,H5,HS,True,69,Ceramic products,2,False,C00,TOTAL CPC,0,0,TOTAL MOT,-1,N/A,0.0,False,-1,N/A,0.0,False,,True,0.0,False,452052137.02,,452052137.02,4,False,True
C,A,20180101,2018,52,2018,704,VNM,Viet Nam,M,Import,0,W00,World,0,W00,World,H5,HS,True,68,"Stone, plaster, cement, asbestos, mica or similar materials; articles thereof",2,False,C00,TOTAL CPC,0,0,TOTAL MOT,-1,N/A,0.0,False,-1,N/A,0.0,False,,True,0.0,False,450655482.35,,450655482.35,4,False,True
C,A,20180101,2018,52,2018,704,VNM,Viet Nam,M,Import,0,W00,World,0,W00,World,H5,HS,True,70,Glass and glassware,2,False,C00,TOTAL CPC,0,0,TOTAL MOT,-1,N/A,0.0,False,-1,N/A,0.0,False,,True,0.0,False,1019777359.96,,1019777359.96,4,False,True
C,A,20180101,2018,52,2018,704,VNM,Viet Nam,M,Import,0,W00,World,0,W00,World,H5,HS,True,74,Copper and articles thereof,2,False,C00,TOTAL CPC,0,0,TOTAL MOT,-1,N/A,0.0,False,-1,N/A,0.0,False,,True,0.0,False,2972206410.5,,2972206410.5,4,False,True
C,A,20180101,2018,52,2018,704,VNM,Viet Nam,M,Import,0,W00,World,0,W00,World,H5,HS,True,75,Nickel and articles thereof,2,False,C00,TOTAL CPC,0,0,TOTAL MOT,-1,N/A,0.0,False,-1,N/A,0.0,False,,True,0.0,False,92253825.38,,92253825.38,4,False,True
C,A,20180101,2018,52,2018,704,VNM,Viet Nam,M,Import,0,W00,World,0,W00,World,H5,HS,True,83,Metal; miscellaneous products of base metal,2,False,C00,TOTAL CPC,0,0,TOTAL MOT,-1,N/A,0.0,False,-1,N/A,0.0,False,,True,0.0,False,835717962.78,,835717962.78,4,False,True
C,A,20180101,2018,52,2018,704,VNM,Viet Nam,M,Import,0,W00,World,0,W00,World,H5,HS,True,84,"Nuclear reactors, boilers, machinery and mechanical appliances; parts thereof",2,False,C00,TOTAL CPC,0,0,TOTAL MOT,-1,N/A,0.0,False,-1,N/A,0.0,False,,True,0.0,False,21656503783.89,,21656503783.89,4,False,True
C,A,20180101,2018,52,2018,704,VNM,Viet Nam,M,Import,0,W00,World,0,W00,World,H5,HS,True,71,"Natural, cultured pearls; precious, semi-precious stones; precious metals, metals clad with precious metal, and articles thereof; imitation jewellery; coin",2,False,C00,TOTAL CPC,0,0,TOTAL MOT,-1,N/A,0.0,False,-1,N/A,0.0,False,,True,0.0,False,561463040.1,,561463040.1,4,False,True
C,A,20180101,2018,52,2018,704,VNM,Viet Nam,M,Import,0,W00,World,0,W00,World,H5,HS,True,81,"Metals; n.e.c., cermets and articles thereof",2,False,C00,TOTAL CPC,0,0,TOTAL MOT,-1,N/A,0.0,False,-1,N/A,0.0,False,,True,0.0,False,61339175.17,,61339175.17,4,False,True
C,A,20180101,2018,52,2018,704,VNM,Viet Nam,M,Import,0,W00,World,0,W00,World,H5,HS,True,82,"Tools, implements, cutlery, spoons and forks, of base metal; parts thereof, of base metal",2,False,C00,TOTAL CPC,0,0,TOTAL MOT,-1,N/A,0.0,False,-1,N/A,0.0,False,,True,0.0,False,558164018.53,,558164018.53,4,False,True
C,A,20180101,2018,52,2018,704,VNM,Viet Nam,M,Import,0,W00,World,0,W00,World,H5,HS,True,85,"Electrical machinery and equipment and parts thereof; sound recorders and reproducers; television image and sound recorders and reproducers, parts and accessories of such articles",2,False,C00,TOTAL CPC,0,0,TOTAL MOT,-1,N/A,0.0,False,-1,N/A,0.0,False,,True,0.0,False,67898518869.95,,67898518869.95,4,False,True
C,A,20180101,2018,52,2018,704,VNM,Viet Nam,M,Import,0,W00,World,0,W00,World,H5,HS,True,94,"Furniture; bedding, mattresses, mattress supports, cushions and similar stuffed furnishings; lamps and lighting fittings, n.e.c.; illuminated signs, illuminated name-plates and the like; prefabricated buildings",2,False,C00,TOTAL CPC,0,0,TOTAL MOT,-1,N/A,0.0,False,-1,N/A,0.0,False,,True,0.0,False,701081022.4,,701081022.4,4,False,True
C,A,20180101,2018,52,2018,704,VNM,Viet Nam,M,Import,0,W00,World,0,W00,World,H5,HS,True,96,Miscellaneous manufactured articles,2,False,C00,TOTAL CPC,0,0,TOTAL MOT,-1,N/A,0.0,False,-1,N/A,0.0,False,,True,0.0,False,974500083.27,,974500083.27,4,False,True
C,A,20180101,2018,52,2018,704,VNM,Viet Nam,M,Import,0,W00,World,0,W00,World,H5,HS,True,88,"Aircraft, spacecraft and parts thereof",2,False,C00,TOTAL CPC,0,0,TOTAL MOT,-1,N/A,0.0,False,-1,N/A,0.0,False,,True,0.0,False,513893840.53,,513893840.53,4,False,True
C,A,20180101,2018,52,2018,704,VNM,Viet Nam,M,Import,0,W00,World,0,W00,World,H5,HS,True,89,"Ships, boats and floating structures",2,False,C00,TOTAL CPC,0,0,TOTAL MOT,-1,N/A,0.0,False,-1,N/A,0.0,False,,True,0.0,False,156088300.97,,156088300.97,4,False,True
C,A,20180101,2018,52,2018,704,VNM,Viet Nam,M,Import,0,W00,World,0,W00,World,H5,HS,True,90,"Optical, photographic, cinematographic, measuring, checking, medical or surgical instruments and apparatus; parts and accessories",2,False,C00,TOTAL CPC,0,0,TOTAL MOT,-1,N/A,0.0,False,-1,N/A,0.0,False,,True,0.0,False,9330911967.07,,9330911967.07,4,False,True
C,A,20180101,2018,52,2018,704,VNM,Viet Nam,M,Import,0,W00,World,0,W00,World,H5,HS,True,91,Clocks and watches and parts thereof,2,False,C00,TOTAL CPC,0,0,TOTAL MOT,-1,N/A,0.0,False,-1,N/A,0.0,False,,True,0.0,False,104521880.36,,104521880.36,4,False,True
C,A,20180101,2018,52,2018,704,VNM,Viet Nam,M,Import,0,W00,World,0,W00,World,H5,HS,True,92,Musical instruments; parts and accessories of such articles,2,False,C00,TOTAL CPC,0,0,TOTAL MOT,-1,N/A,0.0,False,-1,N/A,0.0,False,,True,0.0,False,27280326.45,,27280326.45,4,False,True
C,A,20180101,2018,52,2018,704,VNM,Viet Nam,M,Import,0,W00,World,0,W00,World,H5,HS,True,86,"Railway, tramway locomotives, rolling-stock and parts thereof; railway or tramway track fixtures and fittings and parts thereof; mechanical (including electro-mechanical) traffic signalling equipment of all kinds",2,False,C00,TOTAL CPC,0,0,TOTAL MOT,-1,N/A,0.0,False,-1,N/A,0.0,False,,True,0.0,False,49050910.82,,49050910.82,4,False,True
C,A,20180101,2018,52,2018,704,VNM,Viet Nam,M,Import,0,W00,World,0,W00,World,H5,HS,True,97,Works of art; collectors' pieces and antiques,2,False,C00,TOTAL CPC,0,0,TOTAL MOT,-1,N/A,0.0,False,-1,N/A,0.0,False,,True,0.0,False,1863769.5,,1863769.5,4,False,True
C,A,20180101,2018,52,2018,704,VNM,Viet Nam,M,Import,0,W00,World,0,W00,World,H5,HS,True,99,Commodities not specified according to kind,2,False,C00,TOTAL CPC,0,0,TOTAL MOT,-1,N/A,0.0,False,-1,N/A,0.0,False,0.0,False,0.0,False,3258628663.93,,3258628663.93,0,False,True
C,A,20180101,2018,52,2018,704,VNM,Viet Nam,M,Import,0,W00,World,0,W00,World,H5,HS,True,04,"Dairy produce; birds' eggs; natural honey; edible products of animal origin, not elsewhere specified or included",2,False,C00,TOTAL CPC,0,0,TOTAL MOT,-1,N/A,0.0,False,-1,N/A,0.0,False,0.0,True,0.0,False,636771257.27,,636771257.27,4,False,True
C,A,20180101,2018,52,2018,704,VNM,Viet Nam,M,Import,0,W00,World,0,W00,World,H5,HS,True,02,Meat and edible meat offal,2,False,C00,TOTAL CPC,0,0,TOTAL MOT,-1,N/A,0.0,False,-1,N/A,0.0,False,0.0,True,0.0,False,529320613.38,,529320613.38,4,False,True
C,A,20180101,2018,52,2018,704,VNM,Viet Nam,M,Import,0,W00,World,0,W00,World,H5,HS,True,11,"Products of the milling industry; malt, starches, inulin, wheat gluten",2,False,C00,TOTAL CPC,0,0,TOTAL MOT,-1,N/A,0.0,False,-1,N/A,0.0,False,0.0,True,0.0,False,278916897.09,,278916897.09,4,False,True
C,A,20180101,2018,52,2018,704,VNM,Viet Nam,M,Import,0,W00,World,0,W00,World,H5,HS,True,09,"Coffee, tea, mate and spices",2,False,C00,TOTAL CPC,0,0,TOTAL MOT,-1,N/A,0.0,False,-1,N/A,0.0,False,0.0,True,0.0,False,231331794.93,,231331794.93,4,False,True
C,A,20180101,2018,52,2018,704,VNM,Viet Nam,M,Import,0,W00,World,0,W00,World,H5,HS,True,14,Vegetable plaiting materials; vegetable products not elsewhere specified or included,2,False,C00,TOTAL CPC,0,0,TOTAL MOT,-1,N/A,0.0,False,-1,N/A,0.0,False,0.0,True,0.0,False,6025903.31,,6025903.31,4,False,True
C,A,20180101,2018,52,2018,704,VNM,Viet Nam,M,Import,0,W00,World,0,W00,World,H5,HS,True,16,"Meat, fish or crustaceans, molluscs or other aquatic invertebrates; preparations thereof",2,False,C00,TOTAL CPC,0,0,TOTAL MOT,-1,N/A,0.0,False,-1,N/A,0.0,False,0.0,True,0.0,False,37317539.39,,37317539.39,4,False,True
C,A,20180101,2018,52,2018,704,VNM,Viet Nam,M,Import,0,W00,World,0,W00,World,H5,HS,True,17,Sugars and sugar confectionery,2,False,C00,TOTAL CPC,0,0,TOTAL MOT,-1,N/A,0.0,False,-1,N/A,0.0,False,0.0,True,0.0,False,321223969.98,,321223969.98,4,False,True
C,A,20180101,2018,52,2018,704,VNM,Viet Nam,M,Import,0,W00,World,0,W00,World,H5,HS,True,18,Cocoa and cocoa preparations,2,False,C00,TOTAL CPC,0,0,TOTAL MOT,-1,N/A,0.0,False,-1,N/A,0.0,False,0.0,True,0.0,False,56627498.55,,56627498.55,4,False,True
C,A,20180101,2018,52,2018,704,VNM,Viet Nam,M,Import,0,W00,World,0,W00,World,H5,HS,True,19,"Preparations of cereals, flour, starch or milk; pastrycooks' products",2,False,C00,TOTAL CPC,0,0,TOTAL MOT,-1,N/A,0.0,False,-1,N/A,0.0,False,0.0,True,0.0,False,603517474.54,,603517474.54,4,False,True
C,A,20180101,2018,52,2018,704,VNM,Viet Nam,M,Import,0,W00,World,0,W00,World,H5,HS,True,20,"Preparations of vegetables, fruit, nuts or other parts of plants",2,False,C00,TOTAL CPC,0,0,TOTAL MOT,-1,N/A,0.0,False,-1,N/A,0.0,False,0.0,True,0.0,False,91867341.83,,91867341.83,4,False,True
C,A,20180101,2018,52,2018,704,VNM,Viet Nam,M,Import,0,W00,World,0,W00,World,H5,HS,True,23,"Food industries, residues and wastes thereof; prepared animal fodder",2,False,C00,TOTAL CPC,0,0,TOTAL MOT,-1,N/A,0.0,False,-1,N/A,0.0,False,0.0,True,0.0,False,3867850965.99,,3867850965.99,4,False,True
C,A,20180101,2018,52,2018,704,VNM,Viet Nam,M,Import,0,W00,World,0,W00,World,H5,HS,True,24,Tobacco and manufactured tobacco substitutes,2,False,C00,TOTAL CPC,0,0,TOTAL MOT,-1,N/A,0.0,False,-1,N/A,0.0,False,0.0,True,0.0,False,313609015.94,,313609015.94,4,False,True
C,A,20180101,2018,52,2018,704,VNM,Viet Nam,M,Import,0,W00,World,0,W00,World,H5,HS,True,40,Rubber and articles thereof,2,False,C00,TOTAL CPC,0,0,TOTAL MOT,-1,N/A,0.0,False,-1,N/A,0.0,False,0.0,True,0.0,False,2388847637.05,,2388847637.05,4,False,True
C,A,20180101,2018,52,2018,704,VNM,Viet Nam,M,Import,0,W00,World,0,W00,World,H5,HS,True,39,Plastics and articles thereof,2,False,C00,TOTAL CPC,0,0,TOTAL MOT,-1,N/A,0.0,False,-1,N/A,0.0,False,0.0,True,0.0,False,15299978299.46,,15299978299.46,4,False,True
C,A,20180101,2018,52,2018,704,VNM,Viet Nam,M,Import,0,W00,World,0,W00,World,H5,HS,True,35,Albuminoidal substances; modified starches; glues; enzymes,2,False,C00,TOTAL CPC,0,0,TOTAL MOT,-1,N/A,0.0,False,-1,N/A,0.0,False,0.0,True,0.0,False,710794248.37,,710794248.37,4,False,True
C,A,20180101,2018,52,2018,704,VNM,Viet Nam,M,Import,0,W00,World,0,W00,World,H5,HS,True,34,"Soap, organic surface-active agents; washing, lubricating, polishing or scouring preparations; artificial or prepared waxes, candles and similar articles, modelling pastes, dental waxes and dental preparations with a basis of plaster",2,False,C00,TOTAL CPC,0,0,TOTAL MOT,-1,N/A,0.0,False,-1,N/A,0.0,False,0.0,True,0.0,False,730810995.39,,730810995.39,4,False,True
C,A,20180101,2018,52,2018,704,VNM,Viet Nam,M,Import,0,W00,World,0,W00,World,H5,HS,True,45,Cork and articles of cork,2,False,C00,TOTAL CPC,0,0,TOTAL MOT,-1,N/A,0.0,False,-1,N/A,0.0,False,0.0,True,0.0,False,1144353.18,,1144353.18,4,False,True
C,A,20180101,2018,52,2018,704,VNM,Viet Nam,M,Import,0,W00,World,0,W00,World,H5,HS,True,46,"Manufactures of straw, esparto or other plaiting materials; basketware and wickerwork",2,False,C00,TOTAL CPC,0,0,TOTAL MOT,-1,N/A,0.0,False,-1,N/A,0.0,False,0.0,True,0.0,False,14788332.42,,14788332.42,4,False,True
C,A,20180101,2018,52,2018,704,VNM,Viet Nam,M,Import,0,W00,World,0,W00,World,H5,HS,True,47,Pulp of wood or other fibrous cellulosic material; recovered (waste and scrap) paper or paperboard,2,False,C00,TOTAL CPC,0,0,TOTAL MOT,-1,N/A,0.0,False,-1,N/A,0.0,False,0.0,True,0.0,False,656665451.46,,656665451.46,4,False,True
C,A,20180101,2018,52,2018,704,VNM,Viet Nam,M,Import,0,W00,World,0,W00,World,H5,HS,True,50,Silk,2,False,C00,TOTAL CPC,0,0,TOTAL MOT,-1,N/A,0.0,False,-1,N/A,0.0,False,0.0,True,0.0,False,57831047.62,,57831047.62,4,False,True
C,A,20180101,2018,52,2018,704,VNM,Viet Nam,M,Import,0,W00,World,0,W00,World,H5,HS,True,51,"Wool, fine or coarse animal hair; horsehair yarn and woven fabric",2,False,C00,TOTAL CPC,0,0,TOTAL MOT,-1,N/A,0.0,False,-1,N/A,0.0,False,0.0,True,0.0,False,317424717.09,,317424717.09,4,False,True
C,A,20180101,2018,52,2018,704,VNM,Viet Nam,M,Import,0,W00,World,0,W00,World,H5,HS,True,53,Vegetable textile fibres; paper yarn and woven fabrics of paper yarn,2,False,C00,TOTAL CPC,0,0,TOTAL MOT,-1,N/A,0.0,False,-1,N/A,0.0,False,0.0,True,0.0,False,81415287.52,,81415287.52,4,False,True
C,A,20180101,2018,52,2018,704,VNM,Viet Nam,M,Import,0,W00,World,0,W00,World,H5,HS,True,56,"Wadding, felt and nonwovens, special yarns; twine, cordage, ropes and cables and articles thereof",2,False,C00,TOTAL CPC,0,0,TOTAL MOT,-1,N/A,0.0,False,-1,N/A,0.0,False,0.0,True,0.0,False,843863437.21,,843863437.21,4,False,True
C,A,20180101,2018,52,2018,704,VNM,Viet Nam,M,Import,0,W00,World,0,W00,World,H5,HS,True,57,Carpets and other textile floor coverings,2,False,C00,TOTAL CPC,0,0,TOTAL MOT,-1,N/A,0.0,False,-1,N/A,0.0,False,0.0,True,0.0,False,62642829.67,,62642829.67,4,False,True
C,A,20180101,2018,52,2018,704,VNM,Viet Nam,M,Import,0,W00,World,0,W00,World,H5,HS,True,59,"Textile fabrics; impregnated, coated, covered or laminated; textile articles of a kind suitable for industrial use",2,False,C00,TOTAL CPC,0,0,TOTAL MOT,-1,N/A,0.0,False,-1,N/A,0.0,False,0.0,True,0.0,False,1277234518.99,,1277234518.99,4,False,True
C,A,20180101,2018,52,2018,704,VNM,Viet Nam,M,Import,0,W00,World,0,W00,World,H5,HS,True,60,Fabrics; knitted or crocheted,2,False,C00,TOTAL CPC,0,0,TOTAL MOT,-1,N/A,0.0,False,-1,N/A,0.0,False,0.0,True,0.0,False,5001586869.78,,5001586869.78,4,False,True
C,A,20180101,2018,52,2018,704,VNM,Viet Nam,M,Import,0,W00,World,0,W00,World,H5,HS,True,67,"Feathers and down, prepared; and articles made of feather or of down; artificial flowers; articles of human hair",2,False,C00,TOTAL CPC,0,0,TOTAL MOT,-1,N/A,0.0,False,-1,N/A,0.0,False,0.0,True,0.0,False,74376616.63,,74376616.63,4,False,True
C,A,20180101,2018,52,2018,704,VNM,Viet Nam,M,Import,0,W00,World,0,W00,World,H5,HS,True,64,Footwear; gaiters and the like; parts of such articles,2,False,C00,TOTAL CPC,0,0,TOTAL MOT,-1,N/A,0.0,False,-1,N/A,0.0,False,0.0,True,0.0,False,952918981.5,,952918981.5,4,False,True
C,A,20180101,2018,52,2018,704,VNM,Viet Nam,M,Import,0,W00,World,0,W00,World,H5,HS,True,63,"Textiles, made up articles; sets; worn clothing and worn textile articles; rags",2,False,C00,TOTAL CPC,0,0,TOTAL MOT,-1,N/A,0.0,False,-1,N/A,0.0,False,0.0,True,0.0,False,109168315.93,,109168315.93,4,False,True
C,A,20180101,2018,52,2018,704,VNM,Viet Nam,M,Import,0,W00,World,0,W00,World,H5,HS,True,72,Iron and steel,2,False,C00,TOTAL CPC,0,0,TOTAL MOT,-1,N/A,0.0,False,-1,N/A,0.0,False,0.0,True,0.0,False,12013269251.64,,12013269251.64,4,False,True
C,A,20180101,2018,52,2018,704,VNM,Viet Nam,M,Import,0,W00,World,0,W00,World,H5,HS,True,78,Lead and articles thereof,2,False,C00,TOTAL CPC,0,0,TOTAL MOT,-1,N/A,0.0,False,-1,N/A,0.0,False,0.0,True,0.0,False,435836575.93,,435836575.93,4,False,True
C,A,20180101,2018,52,2018,704,VNM,Viet Nam,M,Import,0,W00,World,0,W00,World,H5,HS,True,76,Aluminium and articles thereof,2,False,C00,TOTAL CPC,0,0,TOTAL MOT,-1,N/A,0.0,False,-1,N/A,0.0,False,0.0,True,0.0,False,4731600959.2,,4731600959.2,4,False,True
C,A,20180101,2018,52,2018,704,VNM,Viet Nam,M,Import,0,W00,World,0,W00,World,H5,HS,True,79,Zinc and articles thereof,2,False,C00,TOTAL CPC,0,0,TOTAL MOT,-1,N/A,0.0,False,-1,N/A,0.0,False,0.0,True,0.0,False,537826499.32,,537826499.32,4,False,True
C,A,20180101,2018,52,2018,704,VNM,Viet Nam,M,Import,0,W00,World,0,W00,World,H5,HS,True,80,Tin; articles thereof,2,False,C00,TOTAL CPC,0,0,TOTAL MOT,-1,N/A,0.0,False,-1,N/A,0.0,False,0.0,True,0.0,False,74295627.54,,74295627.54,4,False,True
C,A,20180101,2018,52,2018,704,VNM,Viet Nam,M,Import,0,W00,World,0,W00,World,H5,HS,True,73,Iron or steel articles,2,False,C00,TOTAL CPC,0,0,TOTAL MOT,-1,N/A,0.0,False,-1,N/A,0.0,False,0.0,True,0.0,False,3659889033.37,,3659889033.37,4,False,True
C,A,20180101,2018,52,2018,704,VNM,Viet Nam,M,Import,0,W00,World,0,W00,World,H5,HS,True,95,"Toys, games and sports requisites; parts and accessories thereof",2,False,C00,TOTAL CPC,0,0,TOTAL MOT,-1,N/A,0.0,False,-1,N/A,0.0,False,0.0,True,0.0,False,247365863.29,,247365863.29,4,False,True
C,A,20180101,2018,52,2018,704,VNM,Viet Nam,M,Import,0,W00,World,0,W00,World,H5,HS,True,87,"Vehicles; other than railway or tramway rolling stock, and parts and accessories thereof",2,False,C00,TOTAL CPC,0,0,TOTAL MOT,-1,N/A,0.0,False,-1,N/A,0.0,False,0.0,True,0.0,False,4505003965.92,,4505003965.92,4,False,True
C,A,20180101,2018,52,2018,704,VNM,Viet Nam,M,Import,0,W00,World,0,W00,World,H5,HS,True,93,Arms and ammunition; parts and accessories thereof,2,False,C00,TOTAL CPC,0,0,TOTAL MOT,-1,N/A,0.0,False,-1,N/A,0.0,False,0.0,True,0.0,False,390361.6,,390361.6,4,False,True
C,A,20180101,2018,52,2018,699,IND,India,M,Import,0,W00,World,0,W00,World,H5,HS,True,11,"Products of the milling industry; malt, starches, inulin, wheat gluten",2,False,C00,TOTAL CPC,0 ,0,TOTAL MOT,-1,N/A,0.0,False,-1,N/A,0.0,False,,True,,False,78288732.421,,78288732.421,0,False,True
C,A,20180101,2018,52,2018,699,IND,India,M,Import,0,W00,World,0,W00,World,H5,HS,True,10,Cereals,2,False,C00,TOTAL CPC,0 ,0,TOTAL MOT,-1,N/A,0.0,False,-1,N/A,0.0,False,,True,,False,65250932.254,,65250932.254,0,False,True
C,A,20180101,2018,52,2018,699,IND,India,M,Import,0,W00,World,0,W00,World,H5,HS,True,09,"Coffee, tea, mate and spices",2,False,C00,TOTAL CPC,0 ,0,TOTAL MOT,-1,N/A,0.0,False,-1,N/A,0.0,False,,True,,False,755959309.41,,755959309.41,0,False,True
C,A,20180101,2018,52,2018,699,IND,India,M,Import,0,W00,World,0,W00,World,H5,HS,True,06,"Trees and other plants, live; bulbs, roots and the like; cut flowers and ornamental foliage",2,False,C00,TOTAL CPC,0 ,0,TOTAL MOT,-1,N/A,0.0,False,-1,N/A,0.0,False,,True,,False,24154494.832,,24154494.832,0,False,True
C,A,20180101,2018,52,2018,699,IND,India,M,Import,0,W00,World,0,W00,World,H5,HS,True,21,Miscellaneous edible preparations,2,False,C00,TOTAL CPC,0 ,0,TOTAL MOT,-1,N/A,0.0,False,-1,N/A,0.0,False,,True,,False,209784897.54,,209784897.54,0,False,True
C,A,20180101,2018,52,2018,699,IND,India,M,Import,0,W00,World,0,W00,World,H5,HS,True,05,Animal originated products; not elsewhere specified or included,2,False,C00,TOTAL CPC,0 ,0,TOTAL MOT,-1,N/A,0.0,False,-1,N/A,0.0,False,,True,,False,49020676.719,,49020676.719,0,False,True
C,A,20180101,2018,52,2018,699,IND,India,M,Import,0,W00,World,0,W00,World,H5,HS,True,04,"Dairy produce; birds' eggs; natural honey; edible products of animal origin, not elsewhere specified or included",2,False,C00,TOTAL CPC,0 ,0,TOTAL MOT,-1,N/A,0.0,False,-1,N/A,0.0,False,,True,,False,34611243.484,,34611243.484,0,False,True
C,A,20180101,2018,52,2018,699,IND,India,M,Import,0,W00,World,0,W00,World,H5,HS,True,25,"Salt; sulphur; earths, stone; plastering materials, lime and cement",2,False,C00,TOTAL CPC,0 ,0,TOTAL MOT,-1,N/A,0.0,False,-1,N/A,0.0,False,,True,,False,2757329030.666,,2757329030.666,0,False,True
C,A,20180101,2018,52,2018,699,IND,India,M,Import,0,W00,World,0,W00,World,H5,HS,True,01,Animals; live,2,False,C00,TOTAL CPC,0 ,0,TOTAL MOT,-1,N/A,0.0,False,-1,N/A,0.0,False,,True,,False,10382343.712,,10382343.712,0,False,True
C,A,20180101,2018,52,2018,699,IND,India,M,Import,0,W00,World,0,W00,World,H5,HS,True,27,"Mineral fuels, mineral oils and products of their distillation; bituminous substances; mineral waxes",2,False,C00,TOTAL CPC,0 ,0,TOTAL MOT,-1,N/A,0.0,False,-1,N/A,0.0,False,,True,,False,168786293541.8,,168786293541.8,0,False,True
C,A,20180101,2018,52,2018,699,IND,India,M,Import,0,W00,World,0,W00,World,H5,HS,True,12,"Oil seeds and oleaginous fruits; miscellaneous grains, seeds and fruit, industrial or medicinal plants; straw and fodder",2,False,C00,TOTAL CPC,0 ,0,TOTAL MOT,-1,N/A,0.0,False,-1,N/A,0.0,False,,True,,False,527584940.057,,527584940.057,0,False,True
C,A,20180101,2018,52,2018,699,IND,India,M,Import,0,W00,World,0,W00,World,H5,HS,True,28,"Inorganic chemicals; organic and inorganic compounds of precious metals; of rare earth metals, of radio-active elements and of isotopes",2,False,C00,TOTAL CPC,0 ,0,TOTAL MOT,-1,N/A,0.0,False,-1,N/A,0.0,False,,True,,False,7269389003.689,,7269389003.689,0,False,True
C,A,20180101,2018,52,2018,699,IND,India,M,Import,0,W00,World,0,W00,World,H5,HS,True,13,"Lac; gums, resins and other vegetable saps and extracts",2,False,C00,TOTAL CPC,0 ,0,TOTAL MOT,-1,N/A,0.0,False,-1,N/A,0.0,False,,True,,False,246932892.945,,246932892.945,0,False,True
C,A,20180101,2018,52,2018,699,IND,India,M,Import,0,W00,World,0,W00,World,H5,HS,True,14,Vegetable plaiting materials; vegetable products not elsewhere specified or included,2,False,C00,TOTAL CPC,0 ,0,TOTAL MOT,-1,N/A,0.0,False,-1,N/A,0.0,False,,True,,False,45263730.154,,45263730.154,0,False,True
C,A,20180101,2018,52,2018,699,IND,India,M,Import,0,W00,World,0,W00,World,H5,HS,True,15,Animal or vegetable fats and oils and their cleavage products; prepared animal fats; animal or vegetable waxes,2,False,C00,TOTAL CPC,0 ,0,TOTAL MOT,-1,N/A,0.0,False,-1,N/A,0.0,False,,True,,False,10131997900.41,,10131997900.41,0,False,True
C,A,20180101,2018,52,2018,699,IND,India,M,Import,0,W00,World,0,W00,World,H5,HS,True,17,Sugars and sugar confectionery,2,False,C00,TOTAL CPC,0 ,0,TOTAL MOT,-1,N/A,0.0,False,-1,N/A,0.0,False,,True,,False,684391274.546,,684391274.546,0,False,True
C,A,20180101,2018,52,2018,699,IND,India,M,Import,0,W00,World,0,W00,World,H5,HS,True,19,"Preparations of cereals, flour, starch or milk; pastrycooks' products",2,False,C00,TOTAL CPC,0 ,0,TOTAL MOT,-1,N/A,0.0,False,-1,N/A,0.0,False,,True,,False,90540889.156,,90540889.156,0,False,True
C,A,20180101,2018,52,2018,699,IND,India,M,Import,0,W00,World,0,W00,World,H5,HS,True,20,"Preparations of vegetables, fruit, nuts or other parts of plants",2,False,C00,TOTAL CPC,0 ,0,TOTAL MOT,-1,N/A,0.0,False,-1,N/A,0.0,False,,True,,False,116760468.564,,116760468.564,0,False,True
C,A,20180101,2018,52,2018,699,IND,India,M,Import,0,W00,World,0,W00,World,H5,HS,True,22,"Beverages, spirits and vinegar",2,False,C00,TOTAL CPC,0 ,0,TOTAL MOT,-1,N/A,0.0,False,-1,N/A,0.0,False,,True,,False,738986544.872,,738986544.872,0,False,True
C,A,20180101,2018,52,2018,699,IND,India,M,Import,0,W00,World,0,W00,World,H5,HS,True,24,Tobacco and manufactured tobacco substitutes,2,False,C00,TOTAL CPC,0 ,0,TOTAL MOT,-1,N/A,0.0,False,-1,N/A,0.0,False,,True,,False,46733586.362,,46733586.362,0,False,True
C,A,20180101,2018,52,2018,699,IND,India,M,Import,0,W00,World,0,W00,World,H5,HS,True,26,"Ores, slag and ash",2,False,C00,TOTAL CPC,0 ,0,TOTAL MOT,-1,N/A,0.0,False,-1,N/A,0.0,False,,True,,False,5427559345.412,,5427559345.412,0,False,True
C,A,20180101,2018,52,2018,699,IND,India,M,Import,0,W00,World,0,W00,World,H5,HS,True,29,Organic chemicals,2,False,C00,TOTAL CPC,0 ,0,TOTAL MOT,-1,N/A,0.0,False,-1,N/A,0.0,False,,True,,False,22585958056.168,,22585958056.168,0,False,True
C,A,20180101,2018,52,2018,699,IND,India,M,Import,0,W00,World,0,W00,World,H5,HS,True,30,Pharmaceutical products,2,False,C00,TOTAL CPC,0 ,0,TOTAL MOT,-1,N/A,0.0,False,-1,N/A,0.0,False,,True,,False,2064096677.747,,2064096677.747,0,False,True
C,A,20180101,2018,52,2018,699,IND,India,M,Import,0,W00,World,0,W00,World,H5,HS,True,31,Fertilizers,2,False,C00,TOTAL CPC,0 ,0,TOTAL MOT,-1,N/A,0.0,False,-1,N/A,0.0,False,,True,,False,5928636277.795,,5928636277.795,0,False,True
C,A,20180101,2018,52,2018,699,IND,India,M,Import,0,W00,World,0,W00,World,H5,HS,True,32,"Tanning or dyeing extracts; tannins and their derivatives; dyes, pigments and other colouring matter; paints, varnishes; putty, other mastics; inks",2,False,C00,TOTAL CPC,0 ,0,TOTAL MOT,-1,N/A,0.0,False,-1,N/A,0.0,False,,True,,False,2179462993.706,,2179462993.706,0,False,True
C,A,20180101,2018,52,2018,699,IND,India,M,Import,0,W00,World,0,W00,World,H5,HS,True,33,"Essential oils and resinoids; perfumery, cosmetic or toilet preparations",2,False,C00,TOTAL CPC,0 ,0,TOTAL MOT,-1,N/A,0.0,False,-1,N/A,0.0,False,,True,,False,1045521073.615,,1045521073.615,0,False,True
C,A,20180101,2018,52,2018,699,IND,India,M,Import,0,W00,World,0,W00,World,H5,HS,True,34,"Soap, organic surface-active agents; washing, lubricating, polishing or scouring preparations; artificial or prepared waxes, candles and similar articles, modelling pastes, dental waxes and dental preparations with a basis of plaster",2,False,C00,TOTAL CPC,0 ,0,TOTAL MOT,-1,N/A,0.0,False,-1,N/A,0.0,False,,True,,False,902811116.241,,902811116.241,0,False,True
C,A,20180101,2018,52,2018,699,IND,India,M,Import,0,W00,World,0,W00,World,H5,HS,True,37,Photographic or cinematographic goods,2,False,C00,TOTAL CPC,0 ,0,TOTAL MOT,-1,N/A,0.0,False,-1,N/A,0.0,False,,True,,False,212676086.24,,212676086.24,0,False,True
C,A,20180101,2018,52,2018,699,IND,India,M,Import,0,W00,World,0,W00,World,H5,HS,True,40,Rubber and articles thereof,2,False,C00,TOTAL CPC,0 ,0,TOTAL MOT,-1,N/A,0.0,False,-1,N/A,0.0,False,,True,,False,3772857578.824,,3772857578.824,0,False,True
C,A,20180101,2018,52,2018,699,IND,India,M,Import,0,W00,World,0,W00,World,H5,HS,True,39,Plastics and articles thereof,2,False,C00,TOTAL CPC,0 ,0,TOTAL MOT,-1,N/A,0.0,False,-1,N/A,0.0,False,,True,,False,15187643656.899,,15187643656.899,0,False,True
C,A,20180101,2018,52,2018,699,IND,India,M,Import,0,W00,World,0,W00,World,H5,HS,True,38,Chemical products n.e.c.,2,False,C00,TOTAL CPC,0 ,0,TOTAL MOT,-1,N/A,0.0,False,-1,N/A,0.0,False,,True,,False,5937654547.851,,5937654547.851,0,False,True
C,A,20180101,2018,52,2018,699,IND,India,M,Import,0,W00,World,0,W00,World,H5,HS,True,36,Explosives; pyrotechnic products; matches; pyrophoric alloys; certain combustible preparations,2,False,C00,TOTAL CPC,0 ,0,TOTAL MOT,-1,N/A,0.0,False,-1,N/A,0.0,False,,True,,False,9716888.549,,9716888.549,0,False,True
C,A,20180101,2018,52,2018,699,IND,India,M,Import,0,W00,World,0,W00,World,H5,HS,True,35,Albuminoidal substances; modified starches; glues; enzymes,2,False,C00,TOTAL CPC,0 ,0,TOTAL MOT,-1,N/A,0.0,False,-1,N/A,0.0,False,,True,,False,504367798.883,,504367798.883,0,False,True
C,A,20180101,2018,52,2018,699,IND,India,M,Import,0,W00,World,0,W00,World,H5,HS,True,42,"Articles of leather; saddlery and harness; travel goods, handbags and similar containers; articles of animal gut (other than silk-worm gut)",2,False,C00,TOTAL CPC,0 ,0,TOTAL MOT,-1,N/A,0.0,False,-1,N/A,0.0,False,,True,,False,499770580.729,,499770580.729,0,False,True
C,A,20180101,2018,52,2018,699,IND,India,M,Import,0,W00,World,0,W00,World,H5,HS,True,43,Furskins and artificial fur; manufactures thereof,2,False,C00,TOTAL CPC,0 ,0,TOTAL MOT,-1,N/A,0.0,False,-1,N/A,0.0,False,,True,,False,6867324.012,,6867324.012,0,False,True
C,A,20180101,2018,52,2018,699,IND,India,M,Import,0,W00,World,0,W00,World,H5,HS,True,45,Cork and articles of cork,2,False,C00,TOTAL CPC,0 ,0,TOTAL MOT,-1,N/A,0.0,False,-1,N/A,0.0,False,,True,,False,7898783.48,,7898783.48,0,False,True
C,A,20180101,2018,52,2018,699,IND,India,M,Import,0,W00,World,0,W00,World,H5,HS,True,48,"Paper and paperboard; articles of paper pulp, of paper or paperboard",2,False,C00,TOTAL CPC,0 ,0,TOTAL MOT,-1,N/A,0.0,False,-1,N/A,0.0,False,,True,,False,2984787051.981,,2984787051.981,0,False,True
C,A,20180101,2018,52,2018,699,IND,India,M,Import,0,W00,World,0,W00,World,H5,HS,True,49,"Printed books, newspapers, pictures and other products of the printing industry; manuscripts, typescripts and plans",2,False,C00,TOTAL CPC,0 ,0,TOTAL MOT,-1,N/A,0.0,False,-1,N/A,0.0,False,,True,,False,346615557.637,,346615557.637,0,False,True
C,A,20180101,2018,52,2018,699,IND,India,M,Import,0,W00,World,0,W00,World,H5,HS,True,52,Cotton,2,False,C00,TOTAL CPC,0 ,0,TOTAL MOT,-1,N/A,0.0,False,-1,N/A,0.0,False,,True,,False,839791835.727,,839791835.727,0,False,True
C,A,20180101,2018,52,2018,699,IND,India,M,Import,0,W00,World,0,W00,World,H5,HS,True,53,Vegetable textile fibres; paper yarn and woven fabrics of paper yarn,2,False,C00,TOTAL CPC,0 ,0,TOTAL MOT,-1,N/A,0.0,False,-1,N/A,0.0,False,,True,,False,325170596.938,,325170596.938,0,False,True
C,A,20180101,2018,52,2018,699,IND,India,M,Import,0,W00,World,0,W00,World,H5,HS,True,54,Man-made filaments; strip and the like of man-made textile materials,2,False,C00,TOTAL CPC,0 ,0,TOTAL MOT,-1,N/A,0.0,False,-1,N/A,0.0,False,,True,,False,938632346.568,,938632346.568,0,False,True
C,A,20180101,2018,52,2018,699,IND,India,M,Import,0,W00,World,0,W00,World,H5,HS,True,55,Man-made staple fibres,2,False,C00,TOTAL CPC,0 ,0,TOTAL MOT,-1,N/A,0.0,False,-1,N/A,0.0,False,,True,,False,922894836.436,,922894836.436,0,False,True
C,A,20180101,2018,52,2018,699,IND,India,M,Import,0,W00,World,0,W00,World,H5,HS,True,50,Silk,2,False,C00,TOTAL CPC,0 ,0,TOTAL MOT,-1,N/A,0.0,False,-1,N/A,0.0,False,,True,,False,208012549.954,,208012549.954,0,False,True
C,A,20180101,2018,52,2018,699,IND,India,M,Import,0,W00,World,0,W00,World,H5,HS,True,51,"Wool, fine or coarse animal hair; horsehair yarn and woven fabric",2,False,C00,TOTAL CPC,0 ,0,TOTAL MOT,-1,N/A,0.0,False,-1,N/A,0.0,False,,True,,False,384394048.69,,384394048.69,0,False,True
C,A,20180101,2018,52,2018,699,IND,India,M,Import,0,W00,World,0,W00,World,H5,HS,True,56,"Wadding, felt and nonwovens, special yarns; twine, cordage, ropes and cables and articles thereof",2,False,C00,TOTAL CPC,0 ,0,TOTAL MOT,-1,N/A,0.0,False,-1,N/A,0.0,False,,True,,False,357761112.982,,357761112.982,0,False,True
C,A,20180101,2018,52,2018,699,IND,India,M,Import,0,W00,World,0,W00,World,H5,HS,True,57,Carpets and other textile floor coverings,2,False,C00,TOTAL CPC,0 ,0,TOTAL MOT,-1,N/A,0.0,False,-1,N/A,0.0,False,,True,,False,122720301.127,,122720301.127,0,False,True
C,A,20180101,2018,52,2018,699,IND,India,M,Import,0,W00,World,0,W00,World,H5,HS,True,58,"Fabrics; special woven fabrics, tufted textile fabrics, lace, tapestries, trimmings, embroidery",2,False,C00,TOTAL CPC,0 ,0,TOTAL MOT,-1,N/A,0.0,False,-1,N/A,0.0,False,,True,,False,203833570.039,,203833570.039,0,False,True
C,A,20180101,2018,52,2018,699,IND,India,M,Import,0,W00,World,0,W00,World,H5,HS,True,59,"Textile fabrics; impregnated, coated, covered or laminated; textile articles of a kind suitable for industrial use",2,False,C00,TOTAL CPC,0 ,0,TOTAL MOT,-1,N/A,0.0,False,-1,N/A,0.0,False,,True,,False,879462731.836,,879462731.836,0,False,True
C,A,20180101,2018,52,2018,699,IND,India,M,Import,0,W00,World,0,W00,World,H5,HS,True,60,Fabrics; knitted or crocheted,2,False,C00,TOTAL CPC,0 ,0,TOTAL MOT,-1,N/A,0.0,False,-1,N/A,0.0,False,,True,,False,576018961.468,,576018961.468,0,False,True
C,A,20180101,2018,52,2018,699,IND,India,M,Import,0,W00,World,0,W00,World,H5,HS,True,61,Apparel and clothing accessories; knitted or crocheted,2,False,C00,TOTAL CPC,0 ,0,TOTAL MOT,-1,N/A,0.0,False,-1,N/A,0.0,False,,True,,False,451087143.346,,451087143.346,0,False,True
C,A,20180101,2018,52,2018,699,IND,India,M,Import,0,W00,World,0,W00,World,H5,HS,True,62,Apparel and clothing accessories; not knitted or crocheted,2,False,C00,TOTAL CPC,0 ,0,TOTAL MOT,-1,N/A,0.0,False,-1,N/A,0.0,False,,True,,False,612999963.922,,612999963.922,0,False,True
C,A,20180101,2018,52,2018,699,IND,India,M,Import,0,W00,World,0,W00,World,H5,HS,True,63,"Textiles, made up articles; sets; worn clothing and worn textile articles; rags",2,False,C00,TOTAL CPC,0 ,0,TOTAL MOT,-1,N/A,0.0,False,-1,N/A,0.0,False,,True,,False,496556006.292,,496556006.292,0,False,True
C,A,20180101,2018,52,2018,699,IND,India,M,Import,0,W00,World,0,W00,World,H5,HS,True,65,Headgear and parts thereof,2,False,C00,TOTAL CPC,0 ,0,TOTAL MOT,-1,N/A,0.0,False,-1,N/A,0.0,False,,True,,False,26963401.558,,26963401.558,0,False,True
C,A,20180101,2018,52,2018,699,IND,India,M,Import,0,W00,World,0,W00,World,H5,HS,True,69,Ceramic products,2,False,C00,TOTAL CPC,0 ,0,TOTAL MOT,-1,N/A,0.0,False,-1,N/A,0.0,False,,True,,False,600143971.768,,600143971.768,0,False,True
C,A,20180101,2018,52,2018,699,IND,India,M,Import,0,W00,World,0,W00,World,H5,HS,True,73,Iron or steel articles,2,False,C00,TOTAL CPC,0 ,0,TOTAL MOT,-1,N/A,0.0,False,-1,N/A,0.0,False,,True,,False,4985254041.645,,4985254041.645,0,False,True
C,A,20180101,2018,52,2018,699,IND,India,M,Import,0,W00,World,0,W00,World,H5,HS,True,72,Iron and steel,2,False,C00,TOTAL CPC,0 ,0,TOTAL MOT,-1,N/A,0.0,False,-1,N/A,0.0,False,,True,,False,12000631456.139,,12000631456.139,0,False,True
C,A,20180101,2018,52,2018,699,IND,India,M,Import,0,W00,World,0,W00,World,H5,HS,True,71,"Natural, cultured pearls; precious, semi-precious stones; precious metals, metals clad with precious metal, and articles thereof; imitation jewellery; coin",2,False,C00,TOTAL CPC,0 ,0,TOTAL MOT,-1,N/A,0.0,False,-1,N/A,0.0,False,,True,,False,64864466447.602,,64864466447.602,0,False,True
C,A,20180101,2018,52,2018,699,IND,India,M,Import,0,W00,World,0,W00,World,H5,HS,True,70,Glass and glassware,2,False,C00,TOTAL CPC,0 ,0,TOTAL MOT,-1,N/A,0.0,False,-1,N/A,0.0,False,,True,,False,1340347825.902,,1340347825.902,0,False,True
C,A,20180101,2018,52,2018,699,IND,India,M,Import,0,W00,World,0,W00,World,H5,HS,True,68,"Stone, plaster, cement, asbestos, mica or similar materials; articles thereof",2,False,C00,TOTAL CPC,0 ,0,TOTAL MOT,-1,N/A,0.0,False,-1,N/A,0.0,False,,True,,False,1005111764.064,,1005111764.064,0,False,True
C,A,20180101,2018,52,2018,699,IND,India,M,Import,0,W00,World,0,W00,World,H5,HS,True,67,"Feathers and down, prepared; and articles made of feather or of down; artificial flowers; articles of human hair",2,False,C00,TOTAL CPC,0 ,0,TOTAL MOT,-1,N/A,0.0,False,-1,N/A,0.0,False,,True,,False,24396164.204,,24396164.204,0,False,True
C,A,20180101,2018,52,2018,699,IND,India,M,Import,0,W00,World,0,W00,World,H5,HS,True,66,"Umbrellas, sun umbrellas, walking-sticks, seat sticks, whips, riding crops; and parts thereof",2,False,C00,TOTAL CPC,0 ,0,TOTAL MOT,-1,N/A,0.0,False,-1,N/A,0.0,False,,True,,False,37757828.883,,37757828.883,0,False,True
C,A,20180101,2018,52,2018,699,IND,India,M,Import,0,W00,World,0,W00,World,H5,HS,True,64,Footwear; gaiters and the like; parts of such articles,2,False,C00,TOTAL CPC,0 ,0,TOTAL MOT,-1,N/A,0.0,False,-1,N/A,0.0,False,,True,,False,743100171.826,,743100171.826,0,False,True
C,A,20180101,2018,52,2018,699,IND,India,M,Import,0,W00,World,0,W00,World,H5,HS,True,74,Copper and articles thereof,2,False,C00,TOTAL CPC,0 ,0,TOTAL MOT,-1,N/A,0.0,False,-1,N/A,0.0,False,,True,,False,5137048411.203,,5137048411.203,0,False,True
C,A,20180101,2018,52,2018,699,IND,India,M,Import,0,W00,World,0,W00,World,H5,HS,True,75,Nickel and articles thereof,2,False,C00,TOTAL CPC,0 ,0,TOTAL MOT,-1,N/A,0.0,False,-1,N/A,0.0,False,,True,,False,745427317.501,,745427317.501,0,False,True
C,A,20180101,2018,52,2018,699,IND,India,M,Import,0,W00,World,0,W00,World,H5,HS,True,76,Aluminium and articles thereof,2,False,C00,TOTAL CPC,0 ,0,TOTAL MOT,-1,N/A,0.0,False,-1,N/A,0.0,False,,True,,False,5488755874.334,,5488755874.334,0,False,True
C,A,20180101,2018,52,2018,699,IND,India,M,Import,0,W00,World,0,W00,World,H5,HS,True,78,Lead and articles thereof,2,False,C00,TOTAL CPC,0 ,0,TOTAL MOT,-1,N/A,0.0,False,-1,N/A,0.0,False,,True,,False,859536460.389,,859536460.389,0,False,True
C,A,20180101,2018,52,2018,699,IND,India,M,Import,0,W00,World,0,W00,World,H5,HS,True,79,Zinc and articles thereof,2,False,C00,TOTAL CPC,0 ,0,TOTAL MOT,-1,N/A,0.0,False,-1,N/A,0.0,False,,True,,False,862547537.17,,862547537.17,0,False,True
C,A,20180101,2018,52,2018,699,IND,India,M,Import,0,W00,World,0,W00,World,H5,HS,True,80,Tin; articles thereof,2,False,C00,TOTAL CPC,0 ,0,TOTAL MOT,-1,N/A,0.0,False,-1,N/A,0.0,False,,True,,False,234329043.603,,234329043.603,0,False,True
C,A,20180101,2018,52,2018,699,IND,India,M,Import,0,W00,World,0,W00,World,H5,HS,True,81,"Metals; n.e.c., cermets and articles thereof",2,False,C00,TOTAL CPC,0 ,0,TOTAL MOT,-1,N/A,0.0,False,-1,N/A,0.0,False,,True,,False,485248056.554,,485248056.554,0,False,True
C,A,20180101,2018,52,2018,699,IND,India,M,Import,0,W00,World,0,W00,World,H5,HS,True,82,"Tools, implements, cutlery, spoons and forks, of base metal; parts thereof, of base metal",2,False,C00,TOTAL CPC,0 ,0,TOTAL MOT,-1,N/A,0.0,False,-1,N/A,0.0,False,,True,,False,1176924886.3,,1176924886.3,0,False,True
C,A,20180101,2018,52,2018,699,IND,India,M,Import,0,W00,World,0,W00,World,H5,HS,True,83,Metal; miscellaneous products of base metal,2,False,C00,TOTAL CPC,0 ,0,TOTAL MOT,-1,N/A,0.0,False,-1,N/A,0.0,False,,True,,False,982783717.61,,982783717.61,0,False,True
C,A,20180101,2018,52,2018,699,IND,India,M,Import,0,W00,World,0,W00,World,H5,HS,True,87,"Vehicles; other than railway or tramway rolling stock, and parts and accessories thereof",2,False,C00,TOTAL CPC,0 ,0,TOTAL MOT,-1,N/A,0.0,False,-1,N/A,0.0,False,,True,,False,6215590265.486,,6215590265.486,0,False,True
C,A,20180101,2018,52,2018,699,IND,India,M,Import,0,W00,World,0,W00,World,H5,HS,True,86,"Railway, tramway locomotives, rolling-stock and parts thereof; railway or tramway track fixtures and fittings and parts thereof; mechanical (including electro-mechanical) traffic signalling equipment of all kinds",2,False,C00,TOTAL CPC,0 ,0,TOTAL MOT,-1,N/A,0.0,False,-1,N/A,0.0,False,,True,,False,650856158.132,,650856158.132,0,False,True
C,A,20180101,2018,52,2018,699,IND,India,M,Import,0,W00,World,0,W00,World,H5,HS,True,88,"Aircraft, spacecraft and parts thereof",2,False,C00,TOTAL CPC,0 ,0,TOTAL MOT,-1,N/A,0.0,False,-1,N/A,0.0,False,,True,,False,1668901803.235,,1668901803.235,0,False,True
C,A,20180101,2018,52,2018,699,IND,India,M,Import,0,W00,World,0,W00,World,H5,HS,True,89,"Ships, boats and floating structures",2,False,C00,TOTAL CPC,0 ,0,TOTAL MOT,-1,N/A,0.0,False,-1,N/A,0.0,False,,True,,False,5317369590.599,,5317369590.599,0,False,True
C,A,20180101,2018,52,2018,699,IND,India,M,Import,0,W00,World,0,W00,World,H5,HS,True,91,Clocks and watches and parts thereof,2,False,C00,TOTAL CPC,0 ,0,TOTAL MOT,-1,N/A,0.0,False,-1,N/A,0.0,False,,True,,False,377406002.881,,377406002.881,0,False,True
C,A,20180101,2018,52,2018,699,IND,India,M,Import,0,W00,World,0,W00,World,H5,HS,True,92,Musical instruments; parts and accessories of such articles,2,False,C00,TOTAL CPC,0 ,0,TOTAL MOT,-1,N/A,0.0,False,-1,N/A,0.0,False,,True,,False,56806802.389,,56806802.389,0,False,True
C,A,20180101,2018,52,2018,699,IND,India,M,Import,0,W00,World,0,W00,World,H5,HS,True,93,Arms and ammunition; parts and accessories thereof,2,False,C00,TOTAL CPC,0 ,0,TOTAL MOT,-1,N/A,0.0,False,-1,N/A,0.0,False,,True,,False,60947477.922,,60947477.922,0,False,True
C,A,20180101,2018,52,2018,699,IND,India,M,Import,0,W00,World,0,W00,World,H5,HS,True,94,"Furniture; bedding, mattresses, mattress supports, cushions and similar stuffed furnishings; lamps and lighting fittings, n.e.c.; illuminated signs, illuminated name-plates and the like; prefabricated buildings",2,False,C00,TOTAL CPC,0 ,0,TOTAL MOT,-1,N/A,0.0,False,-1,N/A,0.0,False,,True,,False,1843098144.361,,1843098144.361,0,False,True
C,A,20180101,2018,52,2018,699,IND,India,M,Import,0,W00,World,0,W00,World,H5,HS,True,95,"Toys, games and sports requisites; parts and accessories thereof",2,False,C00,TOTAL CPC,0 ,0,TOTAL MOT,-1,N/A,0.0,False,-1,N/A,0.0,False,,True,,False,660695616.527,,660695616.527,0,False,True
C,A,20180101,2018,52,2018,699,IND,India,M,Import,0,W00,World,0,W00,World,H5,HS,True,96,Miscellaneous manufactured articles,2,False,C00,TOTAL CPC,0 ,0,TOTAL MOT,-1,N/A,0.0,False,-1,N/A,0.0,False,,True,,False,649675270.027,,649675270.027,0,False,True
C,A,20180101,2018,52,2018,699,IND,India,M,Import,0,W00,World,0,W00,World,H5,HS,True,97,Works of art; collectors' pieces and antiques,2,False,C00,TOTAL CPC,0 ,0,TOTAL MOT,-1,N/A,0.0,False,-1,N/A,0.0,False,,True,,False,171469466.721,,171469466.721,0,False,True
C,A,20180101,2018,52,2018,699,IND,India,M,Import,0,W00,World,0,W00,World,H5,HS,True,44,Wood and articles of wood; wood charcoal,2,False,C00,TOTAL CPC,0 ,0,TOTAL MOT,-1,N/A,0.0,False,-1,N/A,0.0,False,,True,,False,2219961262.363,,2219961262.363,0,False,True
C,A,20180101,2018,52,2018,699,IND,India,M,Import,0,W00,World,0,W00,World,H5,HS,True,90,"Optical, photographic, cinematographic, measuring, checking, medical or surgical instruments and apparatus; parts and accessories",2,False,C00,TOTAL CPC,0 ,0,TOTAL MOT,-1,N/A,0.0,False,-1,N/A,0.0,False,,True,,False,9460752910.367,,9460752910.367,0,False,True
C,A,20180101,2018,52,2018,699,IND,India,M,Import,0,W00,World,0,W00,World,H5,HS,True,85,"Electrical machinery and equipment and parts thereof; sound recorders and reproducers; television image and sound recorders and reproducers, parts and accessories of such articles",2,False,C00,TOTAL CPC,0 ,0,TOTAL MOT,-1,N/A,0.0,False,-1,N/A,0.0,False,,True,,False,52450743852.251,,52450743852.251,0,False,True
C,A,20180101,2018,52,2018,699,IND,India,M,Import,0,W00,World,0,W00,World,H5,HS,True,84,"Nuclear reactors, boilers, machinery and mechanical appliances; parts thereof",2,False,C00,TOTAL CPC,0 ,0,TOTAL MOT,-1,N/A,0.0,False,-1,N/A,0.0,False,,True,,False,43206328080.227,,43206328080.227,0,False,True
C,A,20180101,2018,52,2018,699,IND,India,M,Import,0,W00,World,0,W00,World,H5,HS,True,41,Raw hides and skins (other than furskins) and leather,2,False,C00,TOTAL CPC,0 ,0,TOTAL MOT,-1,N/A,0.0,False,-1,N/A,0.0,False,,False,,False,586975996.86,,586975996.86,0,False,True
C,A,20180101,2018,52,2018,699,IND,India,M,Import,0,W00,World,0,W00,World,H5,HS,True,16,"Meat, fish or crustaceans, molluscs or other aquatic invertebrates; preparations thereof",2,False,C00,TOTAL CPC,0 ,0,TOTAL MOT,-1,N/A,0.0,False,-1,N/A,0.0,False,,False,,False,4696534.738,,4696534.738,0,False,True
C,A,20180101,2018,52,2018,699,IND,India,M,Import,0,W00,World,0,W00,World,H5,HS,True,08,"Fruit and nuts, edible; peel of citrus fruit or melons",2,False,C00,TOTAL CPC,0 ,0,TOTAL MOT,-1,N/A,0.0,False,-1,N/A,0.0,False,,False,,False,3772296334.872,,3772296334.872,0,False,True
C,A,20180101,2018,52,2018,699,IND,India,M,Import,0,W00,World,0,W00,World,H5,HS,True,07,Vegetables and certain roots and tubers; edible,2,False,C00,TOTAL CPC,0 ,0,TOTAL MOT,-1,N/A,0.0,False,-1,N/A,0.0,False,,False,,False,1083951421.23,,1083951421.23,0,False,True
C,A,20180101,2018,52,2018,699,IND,India,M,Import,0,W00,World,0,W00,World,H5,HS,True,03,"Fish and crustaceans, molluscs and other aquatic invertebrates",2,False,C00,TOTAL CPC,0 ,0,TOTAL MOT,-1,N/A,0.0,False,-1,N/A,0.0,False,,False,,False,98663517.34,,98663517.34,0,False,True
C,A,20180101,2018,52,2018,699,IND,India,M,Import,0,W00,World,0,W00,World,H5,HS,True,02,Meat and edible meat offal,2,False,C00,TOTAL CPC,0 ,0,TOTAL MOT,-1,N/A,0.0,False,-1,N/A,0.0,False,,False,,False,4407256.285,,4407256.285,0,False,True
C,A,20180101,2018,52,2018,699,IND,India,M,Import,0,W00,World,0,W00,World,H5,HS,True,18,Cocoa and cocoa preparations,2,False,C00,TOTAL CPC,0 ,0,TOTAL MOT,-1,N/A,0.0,False,-1,N/A,0.0,False,,False,,False,266285642.753,,266285642.753,0,False,True
C,A,20180101,2018,52,2018,699,IND,India,M,Import,0,W00,World,0,W00,World,H5,HS,True,23,"Food industries, residues and wastes thereof; prepared animal fodder",2,False,C00,TOTAL CPC,0 ,0,TOTAL MOT,-1,N/A,0.0,False,-1,N/A,0.0,False,,False,,False,628316132.686,,628316132.686,0,False,True
C,A,20180101,2018,52,2018,699,IND,India,M,Import,0,W00,World,0,W00,World,H5,HS,True,46,"Manufactures of straw, esparto or other plaiting materials; basketware and wickerwork",2,False,C00,TOTAL CPC,0 ,0,TOTAL MOT,-1,N/A,0.0,False,-1,N/A,0.0,False,,False,,False,3719893.582,,3719893.582,0,False,True
C,A,20180101,2018,52,2018,699,IND,India,M,Import,0,W00,World,0,W00,World,H5,HS,True,47,Pulp of wood or other fibrous cellulosic material; recovered (waste and scrap) paper or paperboard,2,False,C00,TOTAL CPC,0 ,0,TOTAL MOT,-1,N/A,0.0,False,-1,N/A,0.0,False,,False,,False,2570626541.825,,2570626541.825,0,False,True
C,A,20180101,2018,52,2018,699,IND,India,M,Import,0,W00,World,0,W00,World,H5,HS,True,99,Commodities not specified according to kind,2,False,C00,TOTAL CPC,0 ,0,TOTAL MOT,-1,N/A,0.0,False,-1,N/A,0.0,False,,False,,False,2390522838.481,,2390522838.481,0,False,True
C,A,20190101,2019,52,2019,156,CHN,China,M,Import,0,W00,World,0,W00,World,H5,HS,True,92,Musical instruments; parts and accessories of such articles,2,False,C00,TOTAL CPC,0,0,TOTAL MOT,-1,N/A,0.0,False,-1,N/A,0.0,False,0.0,True,0.0,False,528476298.0,0.0,528476298.0,4,False,True
C,A,20190101,2019,52,2019,156,CHN,China,M,Import,0,W00,World,0,W00,World,H5,HS,True,94,"Furniture; bedding, mattresses, mattress supports, cushions and similar stuffed furnishings; lamps and lighting fittings, n.e.c.; illuminated signs, illuminated name-plates and the like; prefabricated buildings",2,False,C00,TOTAL CPC,0,0,TOTAL MOT,-1,N/A,0.0,False,-1,N/A,0.0,False,0.0,True,0.0,False,3522346682.0,0.0,3522346682.0,4,False,True
C,A,20190101,2019,52,2019,156,CHN,China,M,Import,0,W00,World,0,W00,World,H5,HS,True,95,"Toys, games and sports requisites; parts and accessories thereof",2,False,C00,TOTAL CPC,0,0,TOTAL MOT,-1,N/A,0.0,False,-1,N/A,0.0,False,0.0,True,0.0,False,2527927039.0,0.0,2527927039.0,4,False,True
C,A,20190101,2019,52,2019,156,CHN,China,M,Import,0,W00,World,0,W00,World,H5,HS,True,96,Miscellaneous manufactured articles,2,False,C00,TOTAL CPC,0,0,TOTAL MOT,-1,N/A,0.0,False,-1,N/A,0.0,False,0.0,True,0.0,False,2360410792.0,0.0,2360410792.0,4,False,True
C,A,20190101,2019,52,2019,156,CHN,China,M,Import,0,W00,World,0,W00,World,H5,HS,True,85,"Electrical machinery and equipment and parts thereof; sound recorders and reproducers; television image and sound recorders and reproducers, parts and accessories of such articles",2,False,C00,TOTAL CPC,0,0,TOTAL MOT,-1,N/A,0.0,False,-1,N/A,0.0,False,0.0,True,0.0,False,497419966768.0,0.0,497419966768.0,4,False,True
C,A,20190101,2019,52,2019,156,CHN,China,M,Import,0,W00,World,0,W00,World,H5,HS,True,03,"Fish and crustaceans, molluscs and other aquatic invertebrates",2,False,C00,TOTAL CPC,0,0,TOTAL MOT,-1,N/A,0.0,False,-1,N/A,0.0,False,0.0,True,0.0,False,15414354725.0,0.0,15414354725.0,4,False,True
C,A,20190101,2019,52,2019,156,CHN,China,M,Import,0,W00,World,0,W00,World,H5,HS,True,04,"Dairy produce; birds' eggs; natural honey; edible products of animal origin, not elsewhere specified or included",2,False,C00,TOTAL CPC,0,0,TOTAL MOT,-1,N/A,0.0,False,-1,N/A,0.0,False,0.0,True,0.0,False,6349591220.0,0.0,6349591220.0,4,False,True
C,A,20190101,2019,52,2019,156,CHN,China,M,Import,0,W00,World,0,W00,World,H5,HS,True,05,Animal originated products; not elsewhere specified or included,2,False,C00,TOTAL CPC,0,0,TOTAL MOT,-1,N/A,0.0,False,-1,N/A,0.0,False,0.0,True,0.0,False,855814367.0,0.0,855814367.0,4,False,True
C,A,20190101,2019,52,2019,156,CHN,China,M,Import,0,W00,World,0,W00,World,H5,HS,True,06,"Trees and other plants, live; bulbs, roots and the like; cut flowers and ornamental foliage",2,False,C00,TOTAL CPC,0,0,TOTAL MOT,-1,N/A,0.0,False,-1,N/A,0.0,False,0.0,True,0.0,False,269969913.0,0.0,269969913.0,4,False,True
C,A,20190101,2019,52,2019,156,CHN,China,M,Import,0,W00,World,0,W00,World,H5,HS,True,07,Vegetables and certain roots and tubers; edible,2,False,C00,TOTAL CPC,0,0,TOTAL MOT,-1,N/A,0.0,False,-1,N/A,0.0,False,0.0,True,0.0,False,1566462071.0,0.0,1566462071.0,4,False,True
C,A,20190101,2019,52,2019,156,CHN,China,M,Import,0,W00,World,0,W00,World,H5,HS,True,08,"Fruit and nuts, edible; peel of citrus fruit or melons",2,False,C00,TOTAL CPC,0,0,TOTAL MOT,-1,N/A,0.0,False,-1,N/A,0.0,False,0.0,True,0.0,False,11665067121.0,0.0,11665067121.0,4,False,True
C,A,20190101,2019,52,2019,156,CHN,China,M,Import,0,W00,World,0,W00,World,H5,HS,True,09,"Coffee, tea, mate and spices",2,False,C00,TOTAL CPC,0,0,TOTAL MOT,-1,N/A,0.0,False,-1,N/A,0.0,False,0.0,True,0.0,False,952080719.0,0.0,952080719.0,4,False,True
C,A,20190101,2019,52,2019,156,CHN,China,M,Import,0,W00,World,0,W00,World,H5,HS,True,10,Cereals,2,False,C00,TOTAL CPC,0,0,TOTAL MOT,-1,N/A,0.0,False,-1,N/A,0.0,False,0.0,True,0.0,False,5054886700.0,0.0,5054886700.0,4,False,True
C,A,20190101,2019,52,2019,156,CHN,China,M,Import,0,W00,World,0,W00,World,H5,HS,True,11,"Products of the milling industry; malt, starches, inulin, wheat gluten",2,False,C00,TOTAL CPC,0,0,TOTAL MOT,-1,N/A,0.0,False,-1,N/A,0.0,False,0.0,True,0.0,False,1321751082.0,0.0,1321751082.0,4,False,True
C,A,20190101,2019,52,2019,156,CHN,China,M,Import,0,W00,World,0,W00,World,H5,HS,True,12,"Oil seeds and oleaginous fruits; miscellaneous grains, seeds and fruit, industrial or medicinal plants; straw and fodder",2,False,C00,TOTAL CPC,0,0,TOTAL MOT,-1,N/A,0.0,False,-1,N/A,0.0,False,0.0,True,0.0,False,40082336265.0,0.0,40082336265.0,4,False,True
C,A,20190101,2019,52,2019,156,CHN,China,M,Import,0,W00,World,0,W00,World,H5,HS,True,13,"Lac; gums, resins and other vegetable saps and extracts",2,False,C00,TOTAL CPC,0,0,TOTAL MOT,-1,N/A,0.0,False,-1,N/A,0.0,False,0.0,True,0.0,False,412483153.0,0.0,412483153.0,4,False,True
C,A,20190101,2019,52,2019,156,CHN,China,M,Import,0,W00,World,0,W00,World,H5,HS,True,14,Vegetable plaiting materials; vegetable products not elsewhere specified or included,2,False,C00,TOTAL CPC,0,0,TOTAL MOT,-1,N/A,0.0,False,-1,N/A,0.0,False,0.0,True,0.0,False,143715228.0,0.0,143715228.0,4,False,True
C,A,20190101,2019,52,2019,156,CHN,China,M,Import,0,W00,World,0,W00,World,H5,HS,True,15,Animal or vegetable fats and oils and their cleavage products; prepared animal fats; animal or vegetable waxes,2,False,C00,TOTAL CPC,0,0,TOTAL MOT,-1,N/A,0.0,False,-1,N/A,0.0,False,0.0,True,0.0,False,9933201512.0,0.0,9933201512.0,4,False,True
C,A,20190101,2019,52,2019,156,CHN,China,M,Import,0,W00,World,0,W00,World,H5,HS,True,16,"Meat, fish or crustaceans, molluscs or other aquatic invertebrates; preparations thereof",2,False,C00,TOTAL CPC,0,0,TOTAL MOT,-1,N/A,0.0,False,-1,N/A,0.0,False,0.0,True,0.0,False,394313298.0,0.0,394313298.0,4,False,True
C,A,20190101,2019,52,2019,156,CHN,China,M,Import,0,W00,World,0,W00,World,H5,HS,True,17,Sugars and sugar confectionery,2,False,C00,TOTAL CPC,0,0,TOTAL MOT,-1,N/A,0.0,False,-1,N/A,0.0,False,0.0,True,0.0,False,1603258118.0,0.0,1603258118.0,4,False,True
C,A,20190101,2019,52,2019,156,CHN,China,M,Import,0,W00,World,0,W00,World,H5,HS,True,18,Cocoa and cocoa preparations,2,False,C00,TOTAL CPC,0,0,TOTAL MOT,-1,N/A,0.0,False,-1,N/A,0.0,False,0.0,True,0.0,False,811261695.0,0.0,811261695.0,4,False,True
C,A,20190101,2019,52,2019,156,CHN,China,M,Import,0,W00,World,0,W00,World,H5,HS,True,19,"Preparations of cereals, flour, starch or milk; pastrycooks' products",2,False,C00,TOTAL CPC,0,0,TOTAL MOT,-1,N/A,0.0,False,-1,N/A,0.0,False,0.0,True,0.0,False,7209856236.0,0.0,7209856236.0,4,False,True
C,A,20190101,2019,52,2019,156,CHN,China,M,Import,0,W00,World,0,W00,World,H5,HS,True,20,"Preparations of vegetables, fruit, nuts or other parts of plants",2,False,C00,TOTAL CPC,0,0,TOTAL MOT,-1,N/A,0.0,False,-1,N/A,0.0,False,0.0,True,0.0,False,1495814469.0,0.0,1495814469.0,4,False,True
C,A,20190101,2019,52,2019,156,CHN,China,M,Import,0,W00,World,0,W00,World,H5,HS,True,21,Miscellaneous edible preparations,2,False,C00,TOTAL CPC,0,0,TOTAL MOT,-1,N/A,0.0,False,-1,N/A,0.0,False,0.0,True,0.0,False,3689475177.0,0.0,3689475177.0,4,False,True
C,A,20190101,2019,52,2019,156,CHN,China,M,Import,0,W00,World,0,W00,World,H5,HS,True,22,"Beverages, spirits and vinegar",2,False,C00,TOTAL CPC,0,0,TOTAL MOT,-1,N/A,0.0,False,-1,N/A,0.0,False,0.0,True,0.0,False,5817387073.0,0.0,5817387073.0,4,False,True
C,A,20190101,2019,52,2019,156,CHN,China,M,Import,0,W00,World,0,W00,World,H5,HS,True,23,"Food industries, residues and wastes thereof; prepared animal fodder",2,False,C00,TOTAL CPC,0,0,TOTAL MOT,-1,N/A,0.0,False,-1,N/A,0.0,False,0.0,True,0.0,False,3971971529.0,0.0,3971971529.0,4,False,True
C,A,20190101,2019,52,2019,156,CHN,China,M,Import,0,W00,World,0,W00,World,H5,HS,True,24,Tobacco and manufactured tobacco substitutes,2,False,C00,TOTAL CPC,0,0,TOTAL MOT,-1,N/A,0.0,False,-1,N/A,0.0,False,0.0,True,0.0,False,1904745485.0,0.0,1904745485.0,4,False,True
C,A,20190101,2019,52,2019,156,CHN,China,M,Import,0,W00,World,0,W00,World,H5,HS,True,25,"Salt; sulphur; earths, stone; plastering materials, lime and cement",2,False,C00,TOTAL CPC,0,0,TOTAL MOT,-1,N/A,0.0,False,-1,N/A,0.0,False,0.0,True,0.0,False,8145574671.0,0.0,8145574671.0,4,False,True
C,A,20190101,2019,52,2019,156,CHN,China,M,Import,0,W00,World,0,W00,World,H5,HS,True,27,"Mineral fuels, mineral oils and products of their distillation; bituminous substances; mineral waxes",2,False,C00,TOTAL CPC,0,0,TOTAL MOT,-1,N/A,0.0,False,-1,N/A,0.0,False,0.0,True,0.0,False,348125013257.0,0.0,348125013257.0,4,False,True
C,A,20190101,2019,52,2019,156,CHN,China,M,Import,0,W00,World,0,W00,World,H5,HS,True,28,"Inorganic chemicals; organic and inorganic compounds of precious metals; of rare earth metals, of radio-active elements and of isotopes",2,False,C00,TOTAL CPC,0,0,TOTAL MOT,-1,N/A,0.0,False,-1,N/A,0.0,False,0.0,True,0.0,False,10366322755.0,0.0,10366322755.0,4,False,True
C,A,20190101,2019,52,2019,156,CHN,China,M,Import,0,W00,World,0,W00,World,H5,HS,True,29,Organic chemicals,2,False,C00,TOTAL CPC,0,0,TOTAL MOT,-1,N/A,0.0,False,-1,N/A,0.0,False,0.0,True,0.0,False,57506948923.0,0.0,57506948923.0,4,False,True
C,A,20190101,2019,52,2019,156,CHN,China,M,Import,0,W00,World,0,W00,World,H5,HS,True,62,Apparel and clothing accessories; not knitted or crocheted,2,False,C00,TOTAL CPC,0,0,TOTAL MOT,-1,N/A,0.0,False,-1,N/A,0.0,False,0.0,True,0.0,False,4478232745.0,0.0,4478232745.0,4,False,True
C,A,20190101,2019,52,2019,156,CHN,China,M,Import,0,W00,World,0,W00,World,H5,HS,True,63,"Textiles, made up articles; sets; worn clothing and worn textile articles; rags",2,False,C00,TOTAL CPC,0,0,TOTAL MOT,-1,N/A,0.0,False,-1,N/A,0.0,False,0.0,True,0.0,False,477073528.0,0.0,477073528.0,4,False,True
C,A,20190101,2019,52,2019,156,CHN,China,M,Import,0,W00,World,0,W00,World,H5,HS,True,65,Headgear and parts thereof,2,False,C00,TOTAL CPC,0,0,TOTAL MOT,-1,N/A,0.0,False,-1,N/A,0.0,False,0.0,True,0.0,False,130192213.0,0.0,130192213.0,4,False,True
C,A,20190101,2019,52,2019,156,CHN,China,M,Import,0,W00,World,0,W00,World,H5,HS,True,67,"Feathers and down, prepared; and articles made of feather or of down; artificial flowers; articles of human hair",2,False,C00,TOTAL CPC,0,0,TOTAL MOT,-1,N/A,0.0,False,-1,N/A,0.0,False,0.0,True,0.0,False,320116500.0,0.0,320116500.0,4,False,True
C,A,20190101,2019,52,2019,156,CHN,China,M,Import,0,W00,World,0,W00,World,H5,HS,True,68,"Stone, plaster, cement, asbestos, mica or similar materials; articles thereof",2,False,C00,TOTAL CPC,0,0,TOTAL MOT,-1,N/A,0.0,False,-1,N/A,0.0,False,0.0,True,0.0,False,1771854025.0,0.0,1771854025.0,4,False,True
C,A,20190101,2019,52,2019,156,CHN,China,M,Import,0,W00,World,0,W00,World,H5,HS,True,70,Glass and glassware,2,False,C00,TOTAL CPC,0,0,TOTAL MOT,-1,N/A,0.0,False,-1,N/A,0.0,False,0.0,True,0.0,False,7586927060.0,0.0,7586927060.0,4,False,True
C,A,20190101,2019,52,2019,156,CHN,China,M,Import,0,W00,World,0,W00,World,H5,HS,True,71,"Natural, cultured pearls; precious, semi-precious stones; precious metals, metals clad with precious metal, and articles thereof; imitation jewellery; coin",2,False,C00,TOTAL CPC,0,0,TOTAL MOT,-1,N/A,0.0,False,-1,N/A,0.0,False,0.0,True,0.0,False,60463720659.0,0.0,60463720659.0,4,False,True
C,A,20190101,2019,52,2019,156,CHN,China,M,Import,0,W00,World,0,W00,World,H5,HS,True,72,Iron and steel,2,False,C00,TOTAL CPC,0,0,TOTAL MOT,-1,N/A,0.0,False,-1,N/A,0.0,False,0.0,True,0.0,False,23409734687.0,0.0,23409734687.0,4,False,True
C,A,20190101,2019,52,2019,156,CHN,China,M,Import,0,W00,World,0,W00,World,H5,HS,True,74,Copper and articles thereof,2,False,C00,TOTAL CPC,0,0,TOTAL MOT,-1,N/A,0.0,False,-1,N/A,0.0,False,0.0,True,0.0,False,40626446365.0,0.0,40626446365.0,4,False,True
C,A,20190101,2019,52,2019,156,CHN,China,M,Import,0,W00,World,0,W00,World,H5,HS,True,75,Nickel and articles thereof,2,False,C00,TOTAL CPC,0,0,TOTAL MOT,-1,N/A,0.0,False,-1,N/A,0.0,False,0.0,True,0.0,False,5571682110.0,0.0,5571682110.0,4,False,True
C,A,20190101,2019,52,2019,156,CHN,China,M,Import,0,W00,World,0,W00,World,H5,HS,True,76,Aluminium and articles thereof,2,False,C00,TOTAL CPC,0,0,TOTAL MOT,-1,N/A,0.0,False,-1,N/A,0.0,False,0.0,True,0.0,False,5796670399.0,0.0,5796670399.0,4,False,True
C,A,20190101,2019,52,2019,156,CHN,China,M,Import,0,W00,World,0,W00,World,H5,HS,True,40,Rubber and articles thereof,2,False,C00,TOTAL CPC,0,0,TOTAL MOT,-1,N/A,0.0,False,-1,N/A,0.0,False,0.0,True,0.0,False,15366386547.0,0.0,15366386547.0,4,False,True
C,A,20190101,2019,52,2019,156,CHN,China,M,Import,0,W00,World,0,W00,World,H5,HS,True,41,Raw hides and skins (other than furskins) and leather,2,False,C00,TOTAL CPC,0,0,TOTAL MOT,-1,N/A,0.0,False,-1,N/A,0.0,False,0.0,True,0.0,False,3660015734.0,0.0,3660015734.0,4,False,True
C,A,20190101,2019,52,2019,156,CHN,China,M,Import,0,W00,World,0,W00,World,H5,HS,True,43,Furskins and artificial fur; manufactures thereof,2,False,C00,TOTAL CPC,0,0,TOTAL MOT,-1,N/A,0.0,False,-1,N/A,0.0,False,0.0,True,0.0,False,1020386972.0,0.0,1020386972.0,4,False,True
C,A,20190101,2019,52,2019,156,CHN,China,M,Import,0,W00,World,0,W00,World,H5,HS,True,44,Wood and articles of wood; wood charcoal,2,False,C00,TOTAL CPC,0,0,TOTAL MOT,-1,N/A,0.0,False,-1,N/A,0.0,False,0.0,True,0.0,False,21982012564.0,0.0,21982012564.0,4,False,True
C,A,20190101,2019,52,2019,156,CHN,China,M,Import,0,W00,World,0,W00,World,H5,HS,True,45,Cork and articles of cork,2,False,C00,TOTAL CPC,0,0,TOTAL MOT,-1,N/A,0.0,False,-1,N/A,0.0,False,0.0,True,0.0,False,40526846.0,0.0,40526846.0,4,False,True
C,A,20190101,2019,52,2019,156,CHN,China,M,Import,0,W00,World,0,W00,World,H5,HS,True,46,"Manufactures of straw, esparto or other plaiting materials; basketware and wickerwork",2,False,C00,TOTAL CPC,0,0,TOTAL MOT,-1,N/A,0.0,False,-1,N/A,0.0,False,0.0,True,0.0,False,18623385.0,0.0,18623385.0,4,False,True
C,A,20190101,2019,52,2019,156,CHN,China,M,Import,0,W00,World,0,W00,World,H5,HS,True,47,Pulp of wood or other fibrous cellulosic material; recovered (waste and scrap) paper or paperboard,2,False,C00,TOTAL CPC,0,0,TOTAL MOT,-1,N/A,0.0,False,-1,N/A,0.0,False,0.0,True,0.0,False,19055987837.0,0.0,19055987837.0,4,False,True
C,A,20190101,2019,52,2019,156,CHN,China,M,Import,0,W00,World,0,W00,World,H5,HS,True,48,"Paper and paperboard; articles of paper pulp, of paper or paperboard",2,False,C00,TOTAL CPC,0,0,TOTAL MOT,-1,N/A,0.0,False,-1,N/A,0.0,False,0.0,True,0.0,False,5272058135.0,0.0,5272058135.0,4,False,True
C,A,20190101,2019,52,2019,156,CHN,China,M,Import,0,W00,World,0,W00,World,H5,HS,True,49,"Printed books, newspapers, pictures and other products of the printing industry; manuscripts, typescripts and plans",2,False,C00,TOTAL CPC,0,0,TOTAL MOT,-1,N/A,0.0,False,-1,N/A,0.0,False,0.0,True,0.0,False,2362934161.0,0.0,2362934161.0,4,False,True
C,A,20190101,2019,52,2019,156,CHN,China,M,Import,0,W00,World,0,W00,World,H5,HS,True,78,Lead and articles thereof,2,False,C00,TOTAL CPC,0,0,TOTAL MOT,-1,N/A,0.0,False,-1,N/A,0.0,False,0.0,True,0.0,False,369685547.0,0.0,369685547.0,4,False,True
C,A,20190101,2019,52,2019,156,CHN,China,M,Import,0,W00,World,0,W00,World,H5,HS,True,79,Zinc and articles thereof,2,False,C00,TOTAL CPC,0,0,TOTAL MOT,-1,N/A,0.0,False,-1,N/A,0.0,False,0.0,True,0.0,False,2092022514.0,0.0,2092022514.0,4,False,True
C,A,20190101,2019,52,2019,156,CHN,China,M,Import,0,W00,World,0,W00,World,H5,HS,True,80,Tin; articles thereof,2,False,C00,TOTAL CPC,0,0,TOTAL MOT,-1,N/A,0.0,False,-1,N/A,0.0,False,0.0,True,0.0,False,159022706.0,0.0,159022706.0,4,False,True
C,A,20190101,2019,52,2019,156,CHN,China,M,Import,0,W00,World,0,W00,World,H5,HS,True,81,"Metals; n.e.c., cermets and articles thereof",2,False,C00,TOTAL CPC,0,0,TOTAL MOT,-1,N/A,0.0,False,-1,N/A,0.0,False,0.0,True,0.0,False,3112541869.0,0.0,3112541869.0,4,False,True
C,A,20190101,2019,52,2019,156,CHN,China,M,Import,0,W00,World,0,W00,World,H5,HS,True,83,Metal; miscellaneous products of base metal,2,False,C00,TOTAL CPC,0,0,TOTAL MOT,-1,N/A,0.0,False,-1,N/A,0.0,False,0.0,True,0.0,False,1905150035.0,0.0,1905150035.0,4,False,True
C,A,20190101,2019,52,2019,156,CHN,China,M,Import,0,W00,World,0,W00,World,H5,HS,True,84,"Nuclear reactors, boilers, machinery and mechanical appliances; parts thereof",2,False,C00,TOTAL CPC,0,0,TOTAL MOT,-1,N/A,0.0,False,-1,N/A,0.0,False,0.0,True,0.0,False,190400422278.0,0.0,190400422278.0,4,False,True
C,A,20190101,2019,52,2019,156,CHN,China,M,Import,0,W00,World,0,W00,World,H5,HS,True,86,"Railway, tramway locomotives, rolling-stock and parts thereof; railway or tramway track fixtures and fittings and parts thereof; mechanical (including electro-mechanical) traffic signalling equipment of all kinds",2,False,C00,TOTAL CPC,0,0,TOTAL MOT,-1,N/A,0.0,False,-1,N/A,0.0,False,0.0,True,0.0,False,715240028.0,0.0,715240028.0,4,False,True
C,A,20190101,2019,52,2019,156,CHN,China,M,Import,0,W00,World,0,W00,World,H5,HS,True,87,"Vehicles; other than railway or tramway rolling stock, and parts and accessories thereof",2,False,C00,TOTAL CPC,0,0,TOTAL MOT,-1,N/A,0.0,False,-1,N/A,0.0,False,0.0,True,0.0,False,75137221974.0,0.0,75137221974.0,4,False,True
C,A,20190101,2019,52,2019,156,CHN,China,M,Import,0,W00,World,0,W00,World,H5,HS,True,88,"Aircraft, spacecraft and parts thereof",2,False,C00,TOTAL CPC,0,0,TOTAL MOT,-1,N/A,0.0,False,-1,N/A,0.0,False,0.0,True,0.0,False,19332821303.0,0.0,19332821303.0,4,False,True
C,A,20190101,2019,52,2019,156,CHN,China,M,Import,0,W00,World,0,W00,World,H5,HS,True,89,"Ships, boats and floating structures",2,False,C00,TOTAL CPC,0,0,TOTAL MOT,-1,N/A,0.0,False,-1,N/A,0.0,False,0.0,True,0.0,False,2206083590.0,0.0,2206083590.0,4,False,True
C,A,20190101,2019,52,2019,156,CHN,China,M,Import,0,W00,World,0,W00,World,H5,HS,True,30,Pharmaceutical products,2,False,C00,TOTAL CPC,0,0,TOTAL MOT,-1,N/A,0.0,False,-1,N/A,0.0,False,0.0,True,0.0,False,33605325868.0,0.0,33605325868.0,4,False,True
C,A,20190101,2019,52,2019,156,CHN,China,M,Import,0,W00,World,0,W00,World,H5,HS,True,31,Fertilizers,2,False,C00,TOTAL CPC,0,0,TOTAL MOT,-1,N/A,0.0,False,-1,N/A,0.0,False,0.0,True,0.0,False,3543694164.0,0.0,3543694164.0,4,False,True
C,A,20190101,2019,52,2019,156,CHN,China,M,Import,0,W00,World,0,W00,World,H5,HS,True,32,"Tanning or dyeing extracts; tannins and their derivatives; dyes, pigments and other colouring matter; paints, varnishes; putty, other mastics; inks",2,False,C00,TOTAL CPC,0,0,TOTAL MOT,-1,N/A,0.0,False,-1,N/A,0.0,False,0.0,True,0.0,False,5028980493.0,0.0,5028980493.0,4,False,True
C,A,20190101,2019,52,2019,156,CHN,China,M,Import,0,W00,World,0,W00,World,H5,HS,True,33,"Essential oils and resinoids; perfumery, cosmetic or toilet preparations",2,False,C00,TOTAL CPC,0,0,TOTAL MOT,-1,N/A,0.0,False,-1,N/A,0.0,False,0.0,True,0.0,False,16111757686.0,0.0,16111757686.0,4,False,True
C,A,20190101,2019,52,2019,156,CHN,China,M,Import,0,W00,World,0,W00,World,H5,HS,True,34,"Soap, organic surface-active agents; washing, lubricating, polishing or scouring preparations; artificial or prepared waxes, candles and similar articles, modelling pastes, dental waxes and dental preparations with a basis of plaster",2,False,C00,TOTAL CPC,0,0,TOTAL MOT,-1,N/A,0.0,False,-1,N/A,0.0,False,0.0,True,0.0,False,4751285131.0,0.0,4751285131.0,4,False,True
C,A,20190101,2019,52,2019,156,CHN,China,M,Import,0,W00,World,0,W00,World,H5,HS,True,35,Albuminoidal substances; modified starches; glues; enzymes,2,False,C00,TOTAL CPC,0,0,TOTAL MOT,-1,N/A,0.0,False,-1,N/A,0.0,False,0.0,True,0.0,False,3681731230.0,0.0,3681731230.0,4,False,True
C,A,20190101,2019,52,2019,156,CHN,China,M,Import,0,W00,World,0,W00,World,H5,HS,True,36,Explosives; pyrotechnic products; matches; pyrophoric alloys; certain combustible preparations,2,False,C00,TOTAL CPC,0,0,TOTAL MOT,-1,N/A,0.0,False,-1,N/A,0.0,False,0.0,True,0.0,False,113296666.0,0.0,113296666.0,4,False,True
C,A,20190101,2019,52,2019,156,CHN,China,M,Import,0,W00,World,0,W00,World,H5,HS,True,38,Chemical products n.e.c.,2,False,C00,TOTAL CPC,0,0,TOTAL MOT,-1,N/A,0.0,False,-1,N/A,0.0,False,0.0,True,0.0,False,17499909505.0,0.0,17499909505.0,4,False,True
C,A,20190101,2019,52,2019,156,CHN,China,M,Import,0,W00,World,0,W00,World,H5,HS,True,39,Plastics and articles thereof,2,False,C00,TOTAL CPC,0,0,TOTAL MOT,-1,N/A,0.0,False,-1,N/A,0.0,False,0.0,True,0.0,False,71593756350.0,0.0,71593756350.0,4,False,True
C,A,20190101,2019,52,2019,156,CHN,China,M,Import,0,W00,World,0,W00,World,H5,HS,True,50,Silk,2,False,C00,TOTAL CPC,0,0,TOTAL MOT,-1,N/A,0.0,False,-1,N/A,0.0,False,0.0,True,0.0,False,56580924.0,0.0,56580924.0,4,False,True
C,A,20190101,2019,52,2019,156,CHN,China,M,Import,0,W00,World,0,W00,World,H5,HS,True,51,"Wool, fine or coarse animal hair; horsehair yarn and woven fabric",2,False,C00,TOTAL CPC,0,0,TOTAL MOT,-1,N/A,0.0,False,-1,N/A,0.0,False,0.0,True,0.0,False,3223472562.0,0.0,3223472562.0,4,False,True
C,A,20190101,2019,52,2019,156,CHN,China,M,Import,0,W00,World,0,W00,World,H5,HS,True,52,Cotton,2,False,C00,TOTAL CPC,0,0,TOTAL MOT,-1,N/A,0.0,False,-1,N/A,0.0,False,0.0,True,0.0,False,9227514463.0,0.0,9227514463.0,4,False,True
C,A,20190101,2019,52,2019,156,CHN,China,M,Import,0,W00,World,0,W00,World,H5,HS,True,53,Vegetable textile fibres; paper yarn and woven fabrics of paper yarn,2,False,C00,TOTAL CPC,0,0,TOTAL MOT,-1,N/A,0.0,False,-1,N/A,0.0,False,0.0,True,0.0,False,1057997443.0,0.0,1057997443.0,4,False,True
C,A,20190101,2019,52,2019,156,CHN,China,M,Import,0,W00,World,0,W00,World,H5,HS,True,54,Man-made filaments; strip and the like of man-made textile materials,2,False,C00,TOTAL CPC,0,0,TOTAL MOT,-1,N/A,0.0,False,-1,N/A,0.0,False,0.0,True,0.0,False,2868858425.0,0.0,2868858425.0,4,False,True
C,A,20190101,2019,52,2019,156,CHN,China,M,Import,0,W00,World,0,W00,World,H5,HS,True,55,Man-made staple fibres,2,False,C00,TOTAL CPC,0,0,TOTAL MOT,-1,N/A,0.0,False,-1,N/A,0.0,False,0.0,True,0.0,False,2255966065.0,0.0,2255966065.0,4,False,True
C,A,20190101,2019,52,2019,156,CHN,China,M,Import,0,W00,World,0,W00,World,H5,HS,True,56,"Wadding, felt and nonwovens, special yarns; twine, cordage, ropes and cables and articles thereof",2,False,C00,TOTAL CPC,0,0,TOTAL MOT,-1,N/A,0.0,False,-1,N/A,0.0,False,0.0,True,0.0,False,1241669405.0,0.0,1241669405.0,4,False,True
C,A,20190101,2019,52,2019,156,CHN,China,M,Import,0,W00,World,0,W00,World,H5,HS,True,58,"Fabrics; special woven fabrics, tufted textile fabrics, lace, tapestries, trimmings, embroidery",2,False,C00,TOTAL CPC,0,0,TOTAL MOT,-1,N/A,0.0,False,-1,N/A,0.0,False,0.0,True,0.0,False,454256827.0,0.0,454256827.0,4,False,True
C,A,20190101,2019,52,2019,156,CHN,China,M,Import,0,W00,World,0,W00,World,H5,HS,True,59,"Textile fabrics; impregnated, coated, covered or laminated; textile articles of a kind suitable for industrial use",2,False,C00,TOTAL CPC,0,0,TOTAL MOT,-1,N/A,0.0,False,-1,N/A,0.0,False,0.0,True,0.0,False,1689662749.0,0.0,1689662749.0,4,False,True
C,A,20190101,2019,52,2019,156,CHN,China,M,Import,0,W00,World,0,W00,World,H5,HS,True,61,Apparel and clothing accessories; knitted or crocheted,2,False,C00,TOTAL CPC,0,0,TOTAL MOT,-1,N/A,0.0,False,-1,N/A,0.0,False,0.0,True,0.0,False,3654344108.0,0.0,3654344108.0,4,False,True
C,A,20190101,2019,52,2019,156,CHN,China,M,Import,0,W00,World,0,W00,World,H5,HS,True,01,Animals; live,2,False,C00,TOTAL CPC,0,0,TOTAL MOT,-1,N/A,0.0,False,-1,N/A,0.0,False,0.0,True,0.0,False,497696719.0,0.0,497696719.0,4,False,True
C,A,20190101,2019,52,2019,156,CHN,China,M,Import,0,W00,World,0,W00,World,H5,HS,True,64,Footwear; gaiters and the like; parts of such articles,2,False,C00,TOTAL CPC,0,0,TOTAL MOT,-1,N/A,0.0,False,-1,N/A,0.0,False,0.0,True,0.0,False,5635887938.0,0.0,5635887938.0,4,False,True
C,A,20190101,2019,52,2019,156,CHN,China,M,Import,0,W00,World,0,W00,World,H5,HS,True,66,"Umbrellas, sun umbrellas, walking-sticks, seat sticks, whips, riding crops; and parts thereof",2,False,C00,TOTAL CPC,0,0,TOTAL MOT,-1,N/A,0.0,False,-1,N/A,0.0,False,0.0,True,0.0,False,15670099.0,0.0,15670099.0,4,False,True
C,A,20190101,2019,52,2019,156,CHN,China,M,Import,0,W00,World,0,W00,World,H5,HS,True,69,Ceramic products,2,False,C00,TOTAL CPC,0,0,TOTAL MOT,-1,N/A,0.0,False,-1,N/A,0.0,False,0.0,True,0.0,False,1279141370.0,0.0,1279141370.0,4,False,True
C,A,20190101,2019,52,2019,156,CHN,China,M,Import,0,W00,World,0,W00,World,H5,HS,True,73,Iron or steel articles,2,False,C00,TOTAL CPC,0,0,TOTAL MOT,-1,N/A,0.0,False,-1,N/A,0.0,False,0.0,True,0.0,False,9859672764.0,0.0,9859672764.0,4,False,True
C,A,20190101,2019,52,2019,156,CHN,China,M,Import,0,W00,World,0,W00,World,H5,HS,True,42,"Articles of leather; saddlery and harness; travel goods, handbags and similar containers; articles of animal gut (other than silk-worm gut)",2,False,C00,TOTAL CPC,0,0,TOTAL MOT,-1,N/A,0.0,False,-1,N/A,0.0,False,0.0,True,0.0,False,3986223308.0,0.0,3986223308.0,4,False,True
C,A,20190101,2019,52,2019,156,CHN,China,M,Import,0,W00,World,0,W00,World,H5,HS,True,82,"Tools, implements, cutlery, spoons and forks, of base metal; parts thereof, of base metal",2,False,C00,TOTAL CPC,0,0,TOTAL MOT,-1,N/A,0.0,False,-1,N/A,0.0,False,0.0,True,0.0,False,3508786389.0,0.0,3508786389.0,4,False,True
C,A,20190101,2019,52,2019,156,CHN,China,M,Import,0,W00,World,0,W00,World,H5,HS,True,37,Photographic or cinematographic goods,2,False,C00,TOTAL CPC,0,0,TOTAL MOT,-1,N/A,0.0,False,-1,N/A,0.0,False,0.0,True,0.0,False,2710477597.0,0.0,2710477597.0,4,False,True
C,A,20190101,2019,52,2019,156,CHN,China,M,Import,0,W00,World,0,W00,World,H5,HS,True,57,Carpets and other textile floor coverings,2,False,C00,TOTAL CPC,0,0,TOTAL MOT,-1,N/A,0.0,False,-1,N/A,0.0,False,0.0,True,0.0,False,119776336.0,0.0,119776336.0,4,False,True
C,A,20190101,2019,52,2019,156,CHN,China,M,Import,0,W00,World,0,W00,World,H5,HS,True,99,Commodities not specified according to kind,2,False,C00,TOTAL CPC,0,0,TOTAL MOT,-1,N/A,0.0,False,-1,N/A,0.0,False,0.0,False,0.0,False,14911816984.0,0.0,14911816984.0,0,False,True
C,A,20190101,2019,52,2019,156,CHN,China,M,Import,0,W00,World,0,W00,World,H5,HS,True,02,Meat and edible meat offal,2,False,C00,TOTAL CPC,0,0,TOTAL MOT,-1,N/A,0.0,False,-1,N/A,0.0,False,0.0,False,0.0,False,18832475347.0,0.0,18832475347.0,0,False,True
C,A,20190101,2019,52,2019,156,CHN,China,M,Import,0,W00,World,0,W00,World,H5,HS,True,93,Arms and ammunition; parts and accessories thereof,2,False,C00,TOTAL CPC,0,0,TOTAL MOT,-1,N/A,0.0,False,-1,N/A,0.0,False,0.0,False,0.0,False,10250449.0,0.0,10250449.0,0,False,True
C,A,20190101,2019,52,2019,156,CHN,China,M,Import,0,W00,World,0,W00,World,H5,HS,True,97,Works of art; collectors' pieces and antiques,2,False,C00,TOTAL CPC,0,0,TOTAL MOT,-1,N/A,0.0,False,-1,N/A,0.0,False,0.0,False,0.0,False,840516965.0,0.0,840516965.0,0,False,True
C,A,20190101,2019,52,2019,156,CHN,China,M,Import,0,W00,World,0,W00,World,H5,HS,True,26,"Ores, slag and ash",2,False,C00,TOTAL CPC,0,0,TOTAL MOT,-1,N/A,0.0,False,-1,N/A,0.0,False,0.0,False,0.0,False,164958223211.0,0.0,164958223211.0,0,False,True
C,A,20190101,2019,52,2019,156,CHN,China,M,Import,0,W00,World,0,W00,World,H5,HS,True,90,"Optical, photographic, cinematographic, measuring, checking, medical or surgical instruments and apparatus; parts and accessories",2,False,C00,TOTAL CPC,0,0,TOTAL MOT,-1,N/A,0.0,False,-1,N/A,0.0,False,0.0,False,0.0,False,98708866323.0,0.0,98708866323.0,0,False,True
C,A,20190101,2019,52,2019,156,CHN,China,M,Import,0,W00,World,0,W00,World,H5,HS,True,91,Clocks and watches and parts thereof,2,False,C00,TOTAL CPC,0,0,TOTAL MOT,-1,N/A,0.0,False,-1,N/A,0.0,False,0.0,False,0.0,False,4114413492.0,0.0,4114413492.0,0,False,True
C,A,20190101,2019,52,2019,156,CHN,China,M,Import,0,W00,World,0,W00,World,H5,HS,True,60,Fabrics; knitted or crocheted,2,False,C00,TOTAL CPC,0,0,TOTAL MOT,-1,N/A,0.0,False,-1,N/A,0.0,False,0.0,False,0.0,False,1370965185.0,0.0,1370965185.0,0,False,True
C,A,20190101,2019,52,2019,699,IND,India,M,Import,0,W00,World,0,W00,World,H5,HS,True,02,Meat and edible meat offal,2,False,C00,TOTAL CPC,0,0,TOTAL MOT,-1,N/A,0.0,False,-1,N/A,0.0,False,0.0,False,0.0,False,5655207.775,0.0,5655207.775,0,False,True
C,A,20190101,2019,52,2019,699,IND,India,M,Import,0,W00,World,0,W00,World,H5,HS,True,03,"Fish and crustaceans, molluscs and other aquatic invertebrates",2,False,C00,TOTAL CPC,0,0,TOTAL MOT,-1,N/A,0.0,False,-1,N/A,0.0,False,0.0,False,0.0,False,111843234.775,0.0,111843234.775,0,False,True
C,A,20190101,2019,52,2019,699,IND,India,M,Import,0,W00,World,0,W00,World,H5,HS,True,16,"Meat, fish or crustaceans, molluscs or other aquatic invertebrates; preparations thereof",2,False,C00,TOTAL CPC,0,0,TOTAL MOT,-1,N/A,0.0,False,-1,N/A,0.0,False,0.0,False,0.0,False,8104561.925,0.0,8104561.925,0,False,True
C,A,20190101,2019,52,2019,699,IND,India,M,Import,0,W00,World,0,W00,World,H5,HS,True,23,"Food industries, residues and wastes thereof; prepared animal fodder",2,False,C00,TOTAL CPC,0,0,TOTAL MOT,-1,N/A,0.0,False,-1,N/A,0.0,False,0.0,False,0.0,False,677623865.059,0.0,677623865.059,0,False,True
C,A,20190101,2019,52,2019,699,IND,India,M,Import,0,W00,World,0,W00,World,H5,HS,True,47,Pulp of wood or other fibrous cellulosic material; recovered (waste and scrap) paper or paperboard,2,False,C00,TOTAL CPC,0,0,TOTAL MOT,-1,N/A,0.0,False,-1,N/A,0.0,False,0.0,False,0.0,False,2441819896.383,0.0,2441819896.383,0,False,True
C,A,20190101,2019,52,2019,699,IND,India,M,Import,0,W00,World,0,W00,World,H5,HS,True,99,Commodities not specified according to kind,2,False,C00,TOTAL CPC,0,0,TOTAL MOT,-1,N/A,0.0,False,-1,N/A,0.0,False,0.0,False,0.0,False,1992014754.493,0.0,1992014754.493,0,False,True
C,A,20190101,2019,52,2019,699,IND,India,M,Import,0,W00,World,0,W00,World,H5,HS,True,04,"Dairy produce; birds' eggs; natural honey; edible products of animal origin, not elsewhere specified or included",2,False,C00,TOTAL CPC,0,0,TOTAL MOT,-1,N/A,0.0,False,-1,N/A,0.0,False,0.0,True,0.0,False,35602305.686,0.0,35602305.686,4,False,True
C,A,20190101,2019,52,2019,699,IND,India,M,Import,0,W00,World,0,W00,World,H5,HS,True,05,Animal originated products; not elsewhere specified or included,2,False,C00,TOTAL CPC,0,0,TOTAL MOT,-1,N/A,0.0,False,-1,N/A,0.0,False,0.0,True,0.0,False,33825732.519,0.0,33825732.519,4,False,True
C,A,20190101,2019,52,2019,699,IND,India,M,Import,0,W00,World,0,W00,World,H5,HS,True,06,"Trees and other plants, live; bulbs, roots and the like; cut flowers and ornamental foliage",2,False,C00,TOTAL CPC,0,0,TOTAL MOT,-1,N/A,0.0,False,-1,N/A,0.0,False,0.0,True,0.0,False,31544787.236,0.0,31544787.236,4,False,True
C,A,20190101,2019,52,2019,699,IND,India,M,Import,0,W00,World,0,W00,World,H5,HS,True,07,Vegetables and certain roots and tubers; edible,2,False,C00,TOTAL CPC,0,0,TOTAL MOT,-1,N/A,0.0,False,-1,N/A,0.0,False,0.0,True,0.0,False,1605940791.15,0.0,1605940791.15,4,False,True
C,A,20190101,2019,52,2019,699,IND,India,M,Import,0,W00,World,0,W00,World,H5,HS,True,08,"Fruit and nuts, edible; peel of citrus fruit or melons",2,False,C00,TOTAL CPC,0,0,TOTAL MOT,-1,N/A,0.0,False,-1,N/A,0.0,False,0.0,True,0.0,False,3074986325.037,0.0,3074986325.037,4,False,True
C,A,20190101,2019,52,2019,699,IND,India,M,Import,0,W00,World,0,W00,World,H5,HS,True,09,"Coffee, tea, mate and spices",2,False,C00,TOTAL CPC,0,0,TOTAL MOT,-1,N/A,0.0,False,-1,N/A,0.0,False,0.0,True,0.0,False,709239031.738,0.0,709239031.738,4,False,True
C,A,20190101,2019,52,2019,699,IND,India,M,Import,0,W00,World,0,W00,World,H5,HS,True,10,Cereals,2,False,C00,TOTAL CPC,0,0,TOTAL MOT,-1,N/A,0.0,False,-1,N/A,0.0,False,0.0,True,0.0,False,162026875.535,0.0,162026875.535,4,False,True
C,A,20190101,2019,52,2019,699,IND,India,M,Import,0,W00,World,0,W00,World,H5,HS,True,11,"Products of the milling industry; malt, starches, inulin, wheat gluten",2,False,C00,TOTAL CPC,0,0,TOTAL MOT,-1,N/A,0.0,False,-1,N/A,0.0,False,0.0,True,0.0,False,73246120.406,0.0,73246120.406,4,False,True
C,A,20190101,2019,52,2019,699,IND,India,M,Import,0,W00,World,0,W00,World,H5,HS,True,12,"Oil seeds and oleaginous fruits; miscellaneous grains, seeds and fruit, industrial or medicinal plants; straw and fodder",2,False,C00,TOTAL CPC,0,0,TOTAL MOT,-1,N/A,0.0,False,-1,N/A,0.0,False,0.0,True,0.0,False,674759764.077,0.0,674759764.077,4,False,True
C,A,20190101,2019,52,2019,699,IND,India,M,Import,0,W00,World,0,W00,World,H5,HS,True,13,"Lac; gums, resins and other vegetable saps and extracts",2,False,C00,TOTAL CPC,0,0,TOTAL MOT,-1,N/A,0.0,False,-1,N/A,0.0,False,0.0,True,0.0,False,278689646.278,0.0,278689646.278,4,False,True
C,A,20190101,2019,52,2019,699,IND,India,M,Import,0,W00,World,0,W00,World,H5,HS,True,14,Vegetable plaiting materials; vegetable products not elsewhere specified or included,2,False,C00,TOTAL CPC,0,0,TOTAL MOT,-1,N/A,0.0,False,-1,N/A,0.0,False,0.0,True,0.0,False,61942572.542,0.0,61942572.542,4,False,True
C,A,20190101,2019,52,2019,699,IND,India,M,Import,0,W00,World,0,W00,World,H5,HS,True,15,Animal or vegetable fats and oils and their cleavage products; prepared animal fats; animal or vegetable waxes,2,False,C00,TOTAL CPC,0,0,TOTAL MOT,-1,N/A,0.0,False,-1,N/A,0.0,False,0.0,True,0.0,False,9830550739.166,0.0,9830550739.166,4,False,True
C,A,20190101,2019,52,2019,699,IND,India,M,Import,0,W00,World,0,W00,World,H5,HS,True,17,Sugars and sugar confectionery,2,False,C00,TOTAL CPC,0,0,TOTAL MOT,-1,N/A,0.0,False,-1,N/A,0.0,False,0.0,True,0.0,False,409958388.817,0.0,409958388.817,4,False,True
C,A,20190101,2019,52,2019,699,IND,India,M,Import,0,W00,World,0,W00,World,H5,HS,True,18,Cocoa and cocoa preparations,2,False,C00,TOTAL CPC,0,0,TOTAL MOT,-1,N/A,0.0,False,-1,N/A,0.0,False,0.0,True,0.0,False,260771267.963,0.0,260771267.963,4,False,True
C,A,20190101,2019,52,2019,699,IND,India,M,Import,0,W00,World,0,W00,World,H5,HS,True,19,"Preparations of cereals, flour, starch or milk; pastrycooks' products",2,False,C00,TOTAL CPC,0,0,TOTAL MOT,-1,N/A,0.0,False,-1,N/A,0.0,False,0.0,True,0.0,False,97351295.837,0.0,97351295.837,4,False,True
C,A,20190101,2019,52,2019,699,IND,India,M,Import,0,W00,World,0,W00,World,H5,HS,True,20,"Preparations of vegetables, fruit, nuts or other parts of plants",2,False,C00,TOTAL CPC,0,0,TOTAL MOT,-1,N/A,0.0,False,-1,N/A,0.0,False,0.0,True,0.0,False,118982265.638,0.0,118982265.638,4,False,True
C,A,20190101,2019,52,2019,699,IND,India,M,Import,0,W00,World,0,W00,World,H5,HS,True,21,Miscellaneous edible preparations,2,False,C00,TOTAL CPC,0,0,TOTAL MOT,-1,N/A,0.0,False,-1,N/A,0.0,False,0.0,True,0.0,False,210708263.7,0.0,210708263.7,4,False,True
C,A,20190101,2019,52,2019,699,IND,India,M,Import,0,W00,World,0,W00,World,H5,HS,True,22,"Beverages, spirits and vinegar",2,False,C00,TOTAL CPC,0,0,TOTAL MOT,-1,N/A,0.0,False,-1,N/A,0.0,False,0.0,True,0.0,False,837668432.492,0.0,837668432.492,4,False,True
C,A,20190101,2019,52,2019,699,IND,India,M,Import,0,W00,World,0,W00,World,H5,HS,True,24,Tobacco and manufactured tobacco substitutes,2,False,C00,TOTAL CPC,0,0,TOTAL MOT,-1,N/A,0.0,False,-1,N/A,0.0,False,0.0,True,0.0,False,48733446.966,0.0,48733446.966,4,False,True
C,A,20190101,2019,52,2019,699,IND,India,M,Import,0,W00,World,0,W00,World,H5,HS,True,25,"Salt; sulphur; earths, stone; plastering materials, lime and cement",2,False,C00,TOTAL CPC,0,0,TOTAL MOT,-1,N/A,0.0,False,-1,N/A,0.0,False,0.0,True,0.0,False,2731263669.262,0.0,2731263669.262,4,False,True
C,A,20190101,2019,52,2019,699,IND,India,M,Import,0,W00,World,0,W00,World,H5,HS,True,26,"Ores, slag and ash",2,False,C00,TOTAL CPC,0,0,TOTAL MOT,-1,N/A,0.0,False,-1,N/A,0.0,False,0.0,True,0.0,False,2754809306.801,0.0,2754809306.801,4,False,True
C,A,20190101,2019,52,2019,699,IND,India,M,Import,0,W00,World,0,W00,World,H5,HS,True,27,"Mineral fuels, mineral oils and products of their distillation; bituminous substances; mineral waxes",2,False,C00,TOTAL CPC,0,0,TOTAL MOT,-1,N/A,0.0,False,-1,N/A,0.0,False,0.0,True,0.0,False,152672230366.092,0.0,152672230366.092,4,False,True
C,A,20190101,2019,52,2019,699,IND,India,M,Import,0,W00,World,0,W00,World,H5,HS,True,28,"Inorganic chemicals; organic and inorganic compounds of precious metals; of rare earth metals, of radio-active elements and of isotopes",2,False,C00,TOTAL CPC,0,0,TOTAL MOT,-1,N/A,0.0,False,-1,N/A,0.0,False,0.0,True,0.0,False,6811318593.258,0.0,6811318593.258,4,False,True
C,A,20190101,2019,52,2019,699,IND,India,M,Import,0,W00,World,0,W00,World,H5,HS,True,29,Organic chemicals,2,False,C00,TOTAL CPC,0,0,TOTAL MOT,-1,N/A,0.0,False,-1,N/A,0.0,False,0.0,True,0.0,False,20533320112.094,0.0,20533320112.094,4,False,True
C,A,20190101,2019,52,2019,699,IND,India,M,Import,0,W00,World,0,W00,World,H5,HS,True,30,Pharmaceutical products,2,False,C00,TOTAL CPC,0,0,TOTAL MOT,-1,N/A,0.0,False,-1,N/A,0.0,False,0.0,True,0.0,False,2525996360.032,0.0,2525996360.032,4,False,True
C,A,20190101,2019,52,2019,699,IND,India,M,Import,0,W00,World,0,W00,World,H5,HS,True,31,Fertilizers,2,False,C00,TOTAL CPC,0,0,TOTAL MOT,-1,N/A,0.0,False,-1,N/A,0.0,False,0.0,True,0.0,False,7190726032.118,0.0,7190726032.118,4,False,True
C,A,20190101,2019,52,2019,699,IND,India,M,Import,0,W00,World,0,W00,World,H5,HS,True,32,"Tanning or dyeing extracts; tannins and their derivatives; dyes, pigments and other colouring matter; paints, varnishes; putty, other mastics; inks",2,False,C00,TOTAL CPC,0,0,TOTAL MOT,-1,N/A,0.0,False,-1,N/A,0.0,False,0.0,True,0.0,False,2112138572.017,0.0,2112138572.017,4,False,True
C,A,20190101,2019,52,2019,699,IND,India,M,Import,0,W00,World,0,W00,World,H5,HS,True,33,"Essential oils and resinoids; perfumery, cosmetic or toilet preparations",2,False,C00,TOTAL CPC,0,0,TOTAL MOT,-1,N/A,0.0,False,-1,N/A,0.0,False,0.0,True,0.0,False,1388447938.974,0.0,1388447938.974,4,False,True
C,A,20190101,2019,52,2019,699,IND,India,M,Import,0,W00,World,0,W00,World,H5,HS,True,34,"Soap, organic surface-active agents; washing, lubricating, polishing or scouring preparations; artificial or prepared waxes, candles and similar articles, modelling pastes, dental waxes and dental preparations with a basis of plaster",2,False,C00,TOTAL CPC,0,0,TOTAL MOT,-1,N/A,0.0,False,-1,N/A,0.0,False,0.0,True,0.0,False,890274895.385,0.0,890274895.385,4,False,True
C,A,20190101,2019,52,2019,699,IND,India,M,Import,0,W00,World,0,W00,World,H5,HS,True,35,Albuminoidal substances; modified starches; glues; enzymes,2,False,C00,TOTAL CPC,0,0,TOTAL MOT,-1,N/A,0.0,False,-1,N/A,0.0,False,0.0,True,0.0,False,547061656.779,0.0,547061656.779,4,False,True
C,A,20190101,2019,52,2019,699,IND,India,M,Import,0,W00,World,0,W00,World,H5,HS,True,36,Explosives; pyrotechnic products; matches; pyrophoric alloys; certain combustible preparations,2,False,C00,TOTAL CPC,0,0,TOTAL MOT,-1,N/A,0.0,False,-1,N/A,0.0,False,0.0,True,0.0,False,8992155.409,0.0,8992155.409,4,False,True
C,A,20190101,2019,52,2019,699,IND,India,M,Import,0,W00,World,0,W00,World,H5,HS,True,38,Chemical products n.e.c.,2,False,C00,TOTAL CPC,0,0,TOTAL MOT,-1,N/A,0.0,False,-1,N/A,0.0,False,0.0,True,0.0,False,5774308442.521,0.0,5774308442.521,4,False,True
C,A,20190101,2019,52,2019,699,IND,India,M,Import,0,W00,World,0,W00,World,H5,HS,True,39,Plastics and articles thereof,2,False,C00,TOTAL CPC,0,0,TOTAL MOT,-1,N/A,0.0,False,-1,N/A,0.0,False,0.0,True,0.0,False,14623222572.78,0.0,14623222572.78,4,False,True
C,A,20190101,2019,52,2019,699,IND,India,M,Import,0,W00,World,0,W00,World,H5,HS,True,40,Rubber and articles thereof,2,False,C00,TOTAL CPC,0,0,TOTAL MOT,-1,N/A,0.0,False,-1,N/A,0.0,False,0.0,True,0.0,False,3260965358.904,0.0,3260965358.904,4,False,True
C,A,20190101,2019,52,2019,699,IND,India,M,Import,0,W00,World,0,W00,World,H5,HS,True,41,Raw hides and skins (other than furskins) and leather,2,False,C00,TOTAL CPC,0,0,TOTAL MOT,-1,N/A,0.0,False,-1,N/A,0.0,False,0.0,True,0.0,False,561885573.624,0.0,561885573.624,4,False,True
C,A,20190101,2019,52,2019,699,IND,India,M,Import,0,W00,World,0,W00,World,H5,HS,True,43,Furskins and artificial fur; manufactures thereof,2,False,C00,TOTAL CPC,0,0,TOTAL MOT,-1,N/A,0.0,False,-1,N/A,0.0,False,0.0,True,0.0,False,7122671.071,0.0,7122671.071,4,False,True
C,A,20190101,2019,52,2019,699,IND,India,M,Import,0,W00,World,0,W00,World,H5,HS,True,44,Wood and articles of wood; wood charcoal,2,False,C00,TOTAL CPC,0,0,TOTAL MOT,-1,N/A,0.0,False,-1,N/A,0.0,False,0.0,True,0.0,False,2178453418.371,0.0,2178453418.371,4,False,True
C,A,20190101,2019,52,2019,699,IND,India,M,Import,0,W00,World,0,W00,World,H5,HS,True,45,Cork and articles of cork,2,False,C00,TOTAL CPC,0,0,TOTAL MOT,-1,N/A,0.0,False,-1,N/A,0.0,False,0.0,True,0.0,False,7144622.519,0.0,7144622.519,4,False,True
C,A,20190101,2019,52,2019,699,IND,India,M,Import,0,W00,World,0,W00,World,H5,HS,True,46,"Manufactures of straw, esparto or other plaiting materials; basketware and wickerwork",2,False,C00,TOTAL CPC,0,0,TOTAL MOT,-1,N/A,0.0,False,-1,N/A,0.0,False,0.0,True,0.0,False,5222152.974,0.0,5222152.974,4,False,True
C,A,20190101,2019,52,2019,699,IND,India,M,Import,0,W00,World,0,W00,World,H5,HS,True,48,"Paper and paperboard; articles of paper pulp, of paper or paperboard",2,False,C00,TOTAL CPC,0,0,TOTAL MOT,-1,N/A,0.0,False,-1,N/A,0.0,False,0.0,True,0.0,False,2886572589.845,0.0,2886572589.845,4,False,True
C,A,20190101,2019,52,2019,699,IND,India,M,Import,0,W00,World,0,W00,World,H5,HS,True,50,Silk,2,False,C00,TOTAL CPC,0,0,TOTAL MOT,-1,N/A,0.0,False,-1,N/A,0.0,False,0.0,True,0.0,False,210785639.996,0.0,210785639.996,4,False,True
C,A,20190101,2019,52,2019,699,IND,India,M,Import,0,W00,World,0,W00,World,H5,HS,True,51,"Wool, fine or coarse animal hair; horsehair yarn and woven fabric",2,False,C00,TOTAL CPC,0,0,TOTAL MOT,-1,N/A,0.0,False,-1,N/A,0.0,False,0.0,True,0.0,False,298088113.909,0.0,298088113.909,4,False,True
C,A,20190101,2019,52,2019,699,IND,India,M,Import,0,W00,World,0,W00,World,H5,HS,True,52,Cotton,2,False,C00,TOTAL CPC,0,0,TOTAL MOT,-1,N/A,0.0,False,-1,N/A,0.0,False,0.0,True,0.0,False,1552016182.714,0.0,1552016182.714,4,False,True
C,A,20190101,2019,52,2019,699,IND,India,M,Import,0,W00,World,0,W00,World,H5,HS,True,53,Vegetable textile fibres; paper yarn and woven fabrics of paper yarn,2,False,C00,TOTAL CPC,0,0,TOTAL MOT,-1,N/A,0.0,False,-1,N/A,0.0,False,0.0,True,0.0,False,382398198.533,0.0,382398198.533,4,False,True
C,A,20190101,2019,52,2019,699,IND,India,M,Import,0,W00,World,0,W00,World,H5,HS,True,54,Man-made filaments; strip and the like of man-made textile materials,2,False,C00,TOTAL CPC,0,0,TOTAL MOT,-1,N/A,0.0,False,-1,N/A,0.0,False,0.0,True,0.0,False,1069445792.534,0.0,1069445792.534,4,False,True
C,A,20190101,2019,52,2019,699,IND,India,M,Import,0,W00,World,0,W00,World,H5,HS,True,55,Man-made staple fibres,2,False,C00,TOTAL CPC,0,0,TOTAL MOT,-1,N/A,0.0,False,-1,N/A,0.0,False,0.0,True,0.0,False,964689421.483,0.0,964689421.483,4,False,True
C,A,20190101,2019,52,2019,699,IND,India,M,Import,0,W00,World,0,W00,World,H5,HS,True,56,"Wadding, felt and nonwovens, special yarns; twine, cordage, ropes and cables and articles thereof",2,False,C00,TOTAL CPC,0,0,TOTAL MOT,-1,N/A,0.0,False,-1,N/A,0.0,False,0.0,True,0.0,False,380478941.928,0.0,380478941.928,4,False,True
C,A,20190101,2019,52,2019,699,IND,India,M,Import,0,W00,World,0,W00,World,H5,HS,True,58,"Fabrics; special woven fabrics, tufted textile fabrics, lace, tapestries, trimmings, embroidery",2,False,C00,TOTAL CPC,0,0,TOTAL MOT,-1,N/A,0.0,False,-1,N/A,0.0,False,0.0,True,0.0,False,226582953.805,0.0,226582953.805,4,False,True
C,A,20190101,2019,52,2019,699,IND,India,M,Import,0,W00,World,0,W00,World,H5,HS,True,59,"Textile fabrics; impregnated, coated, covered or laminated; textile articles of a kind suitable for industrial use",2,False,C00,TOTAL CPC,0,0,TOTAL MOT,-1,N/A,0.0,False,-1,N/A,0.0,False,0.0,True,0.0,False,794714229.775,0.0,794714229.775,4,False,True
C,A,20190101,2019,52,2019,699,IND,India,M,Import,0,W00,World,0,W00,World,H5,HS,True,60,Fabrics; knitted or crocheted,2,False,C00,TOTAL CPC,0,0,TOTAL MOT,-1,N/A,0.0,False,-1,N/A,0.0,False,0.0,True,0.0,False,565792716.446,0.0,565792716.446,4,False,True
C,A,20190101,2019,52,2019,699,IND,India,M,Import,0,W00,World,0,W00,World,H5,HS,True,61,Apparel and clothing accessories; knitted or crocheted,2,False,C00,TOTAL CPC,0,0,TOTAL MOT,-1,N/A,0.0,False,-1,N/A,0.0,False,0.0,True,0.0,False,509623196.155,0.0,509623196.155,4,False,True
C,A,20190101,2019,52,2019,699,IND,India,M,Import,0,W00,World,0,W00,World,H5,HS,True,63,"Textiles, made up articles; sets; worn clothing and worn textile articles; rags",2,False,C00,TOTAL CPC,0,0,TOTAL MOT,-1,N/A,0.0,False,-1,N/A,0.0,False,0.0,True,0.0,False,567830636.206,0.0,567830636.206,4,False,True
C,A,20190101,2019,52,2019,699,IND,India,M,Import,0,W00,World,0,W00,World,H5,HS,True,64,Footwear; gaiters and the like; parts of such articles,2,False,C00,TOTAL CPC,0,0,TOTAL MOT,-1,N/A,0.0,False,-1,N/A,0.0,False,0.0,True,0.0,False,765239849.691,0.0,765239849.691,4,False,True
C,A,20190101,2019,52,2019,699,IND,India,M,Import,0,W00,World,0,W00,World,H5,HS,True,65,Headgear and parts thereof,2,False,C00,TOTAL CPC,0,0,TOTAL MOT,-1,N/A,0.0,False,-1,N/A,0.0,False,0.0,True,0.0,False,31503983.685,0.0,31503983.685,4,False,True
C,A,20190101,2019,52,2019,699,IND,India,M,Import,0,W00,World,0,W00,World,H5,HS,True,66,"Umbrellas, sun umbrellas, walking-sticks, seat sticks, whips, riding crops; and parts thereof",2,False,C00,TOTAL CPC,0,0,TOTAL MOT,-1,N/A,0.0,False,-1,N/A,0.0,False,0.0,True,0.0,False,36305500.793,0.0,36305500.793,4,False,True
C,A,20190101,2019,52,2019,699,IND,India,M,Import,0,W00,World,0,W00,World,H5,HS,True,67,"Feathers and down, prepared; and articles made of feather or of down; artificial flowers; articles of human hair",2,False,C00,TOTAL CPC,0,0,TOTAL MOT,-1,N/A,0.0,False,-1,N/A,0.0,False,0.0,True,0.0,False,28185479.055,0.0,28185479.055,4,False,True
C,A,20190101,2019,52,2019,699,IND,India,M,Import,0,W00,World,0,W00,World,H5,HS,True,68,"Stone, plaster, cement, asbestos, mica or similar materials; articles thereof",2,False,C00,TOTAL CPC,0,0,TOTAL MOT,-1,N/A,0.0,False,-1,N/A,0.0,False,0.0,True,0.0,False,931390863.858,0.0,931390863.858,4,False,True
C,A,20190101,2019,52,2019,699,IND,India,M,Import,0,W00,World,0,W00,World,H5,HS,True,69,Ceramic products,2,False,C00,TOTAL CPC,0,0,TOTAL MOT,-1,N/A,0.0,False,-1,N/A,0.0,False,0.0,True,0.0,False,616395847.717,0.0,616395847.717,4,False,True
C,A,20190101,2019,52,2019,699,IND,India,M,Import,0,W00,World,0,W00,World,H5,HS,True,71,"Natural, cultured pearls; precious, semi-precious stones; precious metals, metals clad with precious metal, and articles thereof; imitation jewellery; coin",2,False,C00,TOTAL CPC,0,0,TOTAL MOT,-1,N/A,0.0,False,-1,N/A,0.0,False,0.0,True,0.0,False,58908091065.799,0.0,58908091065.799,4,False,True
C,A,20190101,2019,52,2019,699,IND,India,M,Import,0,W00,World,0,W00,World,H5,HS,True,72,Iron and steel,2,False,C00,TOTAL CPC,0,0,TOTAL MOT,-1,N/A,0.0,False,-1,N/A,0.0,False,0.0,True,0.0,False,11800163136.313,0.0,11800163136.313,4,False,True
C,A,20190101,2019,52,2019,699,IND,India,M,Import,0,W00,World,0,W00,World,H5,HS,True,73,Iron or steel articles,2,False,C00,TOTAL CPC,0,0,TOTAL MOT,-1,N/A,0.0,False,-1,N/A,0.0,False,0.0,True,0.0,False,5023507985.199,0.0,5023507985.199,4,False,True
C,A,20190101,2019,52,2019,699,IND,India,M,Import,0,W00,World,0,W00,World,H5,HS,True,74,Copper and articles thereof,2,False,C00,TOTAL CPC,0,0,TOTAL MOT,-1,N/A,0.0,False,-1,N/A,0.0,False,0.0,True,0.0,False,5188508077.281,0.0,5188508077.281,4,False,True
C,A,20190101,2019,52,2019,699,IND,India,M,Import,0,W00,World,0,W00,World,H5,HS,True,75,Nickel and articles thereof,2,False,C00,TOTAL CPC,0,0,TOTAL MOT,-1,N/A,0.0,False,-1,N/A,0.0,False,0.0,True,0.0,False,744520553.97,0.0,744520553.97,4,False,True
C,A,20190101,2019,52,2019,699,IND,India,M,Import,0,W00,World,0,W00,World,H5,HS,True,76,Aluminium and articles thereof,2,False,C00,TOTAL CPC,0,0,TOTAL MOT,-1,N/A,0.0,False,-1,N/A,0.0,False,0.0,True,0.0,False,4600309349.851,0.0,4600309349.851,4,False,True
C,A,20190101,2019,52,2019,699,IND,India,M,Import,0,W00,World,0,W00,World,H5,HS,True,78,Lead and articles thereof,2,False,C00,TOTAL CPC,0,0,TOTAL MOT,-1,N/A,0.0,False,-1,N/A,0.0,False,0.0,True,0.0,False,664188618.637,0.0,664188618.637,4,False,True
C,A,20190101,2019,52,2019,699,IND,India,M,Import,0,W00,World,0,W00,World,H5,HS,True,79,Zinc and articles thereof,2,False,C00,TOTAL CPC,0,0,TOTAL MOT,-1,N/A,0.0,False,-1,N/A,0.0,False,0.0,True,0.0,False,680859387.072,0.0,680859387.072,4,False,True
C,A,20190101,2019,52,2019,699,IND,India,M,Import,0,W00,World,0,W00,World,H5,HS,True,80,Tin; articles thereof,2,False,C00,TOTAL CPC,0,0,TOTAL MOT,-1,N/A,0.0,False,-1,N/A,0.0,False,0.0,True,0.0,False,222022549.506,0.0,222022549.506,4,False,True
C,A,20190101,2019,52,2019,699,IND,India,M,Import,0,W00,World,0,W00,World,H5,HS,True,81,"Metals; n.e.c., cermets and articles thereof",2,False,C00,TOTAL CPC,0,0,TOTAL MOT,-1,N/A,0.0,False,-1,N/A,0.0,False,0.0,True,0.0,False,453605769.526,0.0,453605769.526,4,False,True
C,A,20190101,2019,52,2019,699,IND,India,M,Import,0,W00,World,0,W00,World,H5,HS,True,83,Metal; miscellaneous products of base metal,2,False,C00,TOTAL CPC,0,0,TOTAL MOT,-1,N/A,0.0,False,-1,N/A,0.0,False,0.0,True,0.0,False,984455028.987,0.0,984455028.987,4,False,True
C,A,20190101,2019,52,2019,699,IND,India,M,Import,0,W00,World,0,W00,World,H5,HS,True,87,"Vehicles; other than railway or tramway rolling stock, and parts and accessories thereof",2,False,C00,TOTAL CPC,0,0,TOTAL MOT,-1,N/A,0.0,False,-1,N/A,0.0,False,0.0,True,0.0,False,5376357885.411,0.0,5376357885.411,4,False,True
C,A,20190101,2019,52,2019,699,IND,India,M,Import,0,W00,World,0,W00,World,H5,HS,True,88,"Aircraft, spacecraft and parts thereof",2,False,C00,TOTAL CPC,0,0,TOTAL MOT,-1,N/A,0.0,False,-1,N/A,0.0,False,0.0,True,0.0,False,3316982973.296,0.0,3316982973.296,4,False,True
C,A,20190101,2019,52,2019,699,IND,India,M,Import,0,W00,World,0,W00,World,H5,HS,True,94,"Furniture; bedding, mattresses, mattress supports, cushions and similar stuffed furnishings; lamps and lighting fittings, n.e.c.; illuminated signs, illuminated name-plates and the like; prefabricated buildings",2,False,C00,TOTAL CPC,0,0,TOTAL MOT,-1,N/A,0.0,False,-1,N/A,0.0,False,0.0,True,0.0,False,1700966819.792,0.0,1700966819.792,4,False,True
C,A,20190101,2019,52,2019,699,IND,India,M,Import,0,W00,World,0,W00,World,H5,HS,True,95,"Toys, games and sports requisites; parts and accessories thereof",2,False,C00,TOTAL CPC,0,0,TOTAL MOT,-1,N/A,0.0,False,-1,N/A,0.0,False,0.0,True,0.0,False,606474728.932,0.0,606474728.932,4,False,True
C,A,20190101,2019,52,2019,699,IND,India,M,Import,0,W00,World,0,W00,World,H5,HS,True,96,Miscellaneous manufactured articles,2,False,C00,TOTAL CPC,0,0,TOTAL MOT,-1,N/A,0.0,False,-1,N/A,0.0,False,0.0,True,0.0,False,627225039.657,0.0,627225039.657,4,False,True
C,A,20190101,2019,52,2019,699,IND,India,M,Import,0,W00,World,0,W00,World,H5,HS,True,01,Animals; live,2,False,C00,TOTAL CPC,0,0,TOTAL MOT,-1,N/A,0.0,False,-1,N/A,0.0,False,0.0,True,0.0,False,7917876.049,0.0,7917876.049,4,False,True
C,A,20190101,2019,52,2019,699,IND,India,M,Import,0,W00,World,0,W00,World,H5,HS,True,37,Photographic or cinematographic goods,2,False,C00,TOTAL CPC,0,0,TOTAL MOT,-1,N/A,0.0,False,-1,N/A,0.0,False,0.0,True,0.0,False,200643550.047,0.0,200643550.047,4,False,True
C,A,20190101,2019,52,2019,699,IND,India,M,Import,0,W00,World,0,W00,World,H5,HS,True,42,"Articles of leather; saddlery and harness; travel goods, handbags and similar containers; articles of animal gut (other than silk-worm gut)",2,False,C00,TOTAL CPC,0,0,TOTAL MOT,-1,N/A,0.0,False,-1,N/A,0.0,False,0.0,True,0.0,False,484334761.742,0.0,484334761.742,4,False,True
C,A,20190101,2019,52,2019,699,IND,India,M,Import,0,W00,World,0,W00,World,H5,HS,True,49,"Printed books, newspapers, pictures and other products of the printing industry; manuscripts, typescripts and plans",2,False,C00,TOTAL CPC,0,0,TOTAL MOT,-1,N/A,0.0,False,-1,N/A,0.0,False,0.0,True,0.0,False,350167986.662,0.0,350167986.662,4,False,True
C,A,20190101,2019,52,2019,699,IND,India,M,Import,0,W00,World,0,W00,World,H5,HS,True,57,Carpets and other textile floor coverings,2,False,C00,TOTAL CPC,0,0,TOTAL MOT,-1,N/A,0.0,False,-1,N/A,0.0,False,0.0,True,0.0,False,135421063.747,0.0,135421063.747,4,False,True
C,A,20190101,2019,52,2019,699,IND,India,M,Import,0,W00,World,0,W00,World,H5,HS,True,62,Apparel and clothing accessories; not knitted or crocheted,2,False,C00,TOTAL CPC,0,0,TOTAL MOT,-1,N/A,0.0,False,-1,N/A,0.0,False,0.0,True,0.0,False,665329816.127,0.0,665329816.127,4,False,True
C,A,20190101,2019,52,2019,699,IND,India,M,Import,0,W00,World,0,W00,World,H5,HS,True,70,Glass and glassware,2,False,C00,TOTAL CPC,0,0,TOTAL MOT,-1,N/A,0.0,False,-1,N/A,0.0,False,0.0,True,0.0,False,1267654335.736,0.0,1267654335.736,4,False,True
C,A,20190101,2019,52,2019,699,IND,India,M,Import,0,W00,World,0,W00,World,H5,HS,True,82,"Tools, implements, cutlery, spoons and forks, of base metal; parts thereof, of base metal",2,False,C00,TOTAL CPC,0,0,TOTAL MOT,-1,N/A,0.0,False,-1,N/A,0.0,False,0.0,True,0.0,False,1186646479.382,0.0,1186646479.382,4,False,True
C,A,20190101,2019,52,2019,699,IND,India,M,Import,0,W00,World,0,W00,World,H5,HS,True,84,"Nuclear reactors, boilers, machinery and mechanical appliances; parts thereof",2,False,C00,TOTAL CPC,0,0,TOTAL MOT,-1,N/A,0.0,False,-1,N/A,0.0,False,0.0,True,0.0,False,44479054017.292,0.0,44479054017.292,4,False,True
C,A,20190101,2019,52,2019,699,IND,India,M,Import,0,W00,World,0,W00,World,H5,HS,True,85,"Electrical machinery and equipment and parts thereof; sound recorders and reproducers; television image and sound recorders and reproducers, parts and accessories of such articles",2,False,C00,TOTAL CPC,0,0,TOTAL MOT,-1,N/A,0.0,False,-1,N/A,0.0,False,0.0,True,0.0,False,50846328566.103,0.0,50846328566.103,4,False,True
C,A,20190101,2019,52,2019,699,IND,India,M,Import,0,W00,World,0,W00,World,H5,HS,True,86,"Railway, tramway locomotives, rolling-stock and parts thereof; railway or tramway track fixtures and fittings and parts thereof; mechanical (including electro-mechanical) traffic signalling equipment of all kinds",2,False,C00,TOTAL CPC,0,0,TOTAL MOT,-1,N/A,0.0,False,-1,N/A,0.0,False,0.0,True,0.0,False,516612247.899,0.0,516612247.899,4,False,True
C,A,20190101,2019,52,2019,699,IND,India,M,Import,0,W00,World,0,W00,World,H5,HS,True,89,"Ships, boats and floating structures",2,False,C00,TOTAL CPC,0,0,TOTAL MOT,-1,N/A,0.0,False,-1,N/A,0.0,False,0.0,True,0.0,False,4508041430.308,0.0,4508041430.308,4,False,True
C,A,20190101,2019,52,2019,699,IND,India,M,Import,0,W00,World,0,W00,World,H5,HS,True,90,"Optical, photographic, cinematographic, measuring, checking, medical or surgical instruments and apparatus; parts and accessories",2,False,C00,TOTAL CPC,0,0,TOTAL MOT,-1,N/A,0.0,False,-1,N/A,0.0,False,0.0,True,0.0,False,9506534397.268,0.0,9506534397.268,4,False,True
C,A,20190101,2019,52,2019,699,IND,India,M,Import,0,W00,World,0,W00,World,H5,HS,True,91,Clocks and watches and parts thereof,2,False,C00,TOTAL CPC,0,0,TOTAL MOT,-1,N/A,0.0,False,-1,N/A,0.0,False,0.0,True,0.0,False,373994673.445,0.0,373994673.445,4,False,True
C,A,20190101,2019,52,2019,699,IND,India,M,Import,0,W00,World,0,W00,World,H5,HS,True,92,Musical instruments; parts and accessories of such articles,2,False,C00,TOTAL CPC,0,0,TOTAL MOT,-1,N/A,0.0,False,-1,N/A,0.0,False,0.0,True,0.0,False,54620831.782,0.0,54620831.782,4,False,True
C,A,20190101,2019,52,2019,699,IND,India,M,Import,0,W00,World,0,W00,World,H5,HS,True,93,Arms and ammunition; parts and accessories thereof,2,False,C00,TOTAL CPC,0,0,TOTAL MOT,-1,N/A,0.0,False,-1,N/A,0.0,False,0.0,True,0.0,False,67040845.901,0.0,67040845.901,4,False,True
C,A,20190101,2019,52,2019,699,IND,India,M,Import,0,W00,World,0,W00,World,H5,HS,True,97,Works of art; collectors' pieces and antiques,2,False,C00,TOTAL CPC,0,0,TOTAL MOT,-1,N/A,0.0,False,-1,N/A,0.0,False,0.0,True,0.0,False,138613080.383,0.0,138613080.383,4,False,True
C,A,20190101,2019,52,2019,704,VNM,Viet Nam,M,Import,0,W00,World,0,W00,World,H5,HS,True,06,"Trees and other plants, live; bulbs, roots and the like; cut flowers and ornamental foliage",2,False,C00,TOTAL CPC,0,0,TOTAL MOT,-1,N/A,0.0,False,-1,N/A,0.0,False,,True,0.0,False,106470791.9,,106470791.9,4,False,True
C,A,20190101,2019,52,2019,704,VNM,Viet Nam,M,Import,0,W00,World,0,W00,World,H5,HS,True,05,Animal originated products; not elsewhere specified or included,2,False,C00,TOTAL CPC,0,0,TOTAL MOT,-1,N/A,0.0,False,-1,N/A,0.0,False,,True,0.0,False,451303139.11,,451303139.11,4,False,True
C,A,20190101,2019,52,2019,704,VNM,Viet Nam,M,Import,0,W00,World,0,W00,World,H5,HS,True,01,Animals; live,2,False,C00,TOTAL CPC,0,0,TOTAL MOT,-1,N/A,0.0,False,-1,N/A,0.0,False,,True,0.0,False,648649305.45,,648649305.45,4,False,True
C,A,20190101,2019,52,2019,704,VNM,Viet Nam,M,Import,0,W00,World,0,W00,World,H5,HS,True,11,"Products of the milling industry; malt, starches, inulin, wheat gluten",2,False,C00,TOTAL CPC,0,0,TOTAL MOT,-1,N/A,0.0,False,-1,N/A,0.0,False,,True,0.0,False,319745581.71,,319745581.71,4,False,True
C,A,20190101,2019,52,2019,704,VNM,Viet Nam,M,Import,0,W00,World,0,W00,World,H5,HS,True,13,"Lac; gums, resins and other vegetable saps and extracts",2,False,C00,TOTAL CPC,0,0,TOTAL MOT,-1,N/A,0.0,False,-1,N/A,0.0,False,,True,0.0,False,92893141.59,,92893141.59,4,False,True
C,A,20190101,2019,52,2019,704,VNM,Viet Nam,M,Import,0,W00,World,0,W00,World,H5,HS,True,15,Animal or vegetable fats and oils and their cleavage products; prepared animal fats; animal or vegetable waxes,2,False,C00,TOTAL CPC,0,0,TOTAL MOT,-1,N/A,0.0,False,-1,N/A,0.0,False,,True,0.0,False,745440339.78,,745440339.78,4,False,True
C,A,20190101,2019,52,2019,704,VNM,Viet Nam,M,Import,0,W00,World,0,W00,World,H5,HS,True,12,"Oil seeds and oleaginous fruits; miscellaneous grains, seeds and fruit, industrial or medicinal plants; straw and fodder",2,False,C00,TOTAL CPC,0,0,TOTAL MOT,-1,N/A,0.0,False,-1,N/A,0.0,False,,True,0.0,False,1003807713.45,,1003807713.45,4,False,True
C,A,20190101,2019,52,2019,704,VNM,Viet Nam,M,Import,0,W00,World,0,W00,World,H5,HS,True,21,Miscellaneous edible preparations,2,False,C00,TOTAL CPC,0,0,TOTAL MOT,-1,N/A,0.0,False,-1,N/A,0.0,False,,True,0.0,False,1009759665.84,,1009759665.84,4,False,True
C,A,20190101,2019,52,2019,704,VNM,Viet Nam,M,Import,0,W00,World,0,W00,World,H5,HS,True,25,"Salt; sulphur; earths, stone; plastering materials, lime and cement",2,False,C00,TOTAL CPC,0,0,TOTAL MOT,-1,N/A,0.0,False,-1,N/A,0.0,False,,True,0.0,False,333262121.99,,333262121.99,4,False,True
C,A,20190101,2019,52,2019,704,VNM,Viet Nam,M,Import,0,W00,World,0,W00,World,H5,HS,True,26,"Ores, slag and ash",2,False,C00,TOTAL CPC,0,0,TOTAL MOT,-1,N/A,0.0,False,-1,N/A,0.0,False,,True,0.0,False,1236045484.33,,1236045484.33,4,False,True
C,A,20190101,2019,52,2019,704,VNM,Viet Nam,M,Import,0,W00,World,0,W00,World,H5,HS,True,27,"Mineral fuels, mineral oils and products of their distillation; bituminous substances; mineral waxes",2,False,C00,TOTAL CPC,0,0,TOTAL MOT,-1,N/A,0.0,False,-1,N/A,0.0,False,,True,0.0,False,15561624974.93,,15561624974.93,4,False,True
C,A,20190101,2019,52,2019,704,VNM,Viet Nam,M,Import,0,W00,World,0,W00,World,H5,HS,True,28,"Inorganic chemicals; organic and inorganic compounds of precious metals; of rare earth metals, of radio-active elements and of isotopes",2,False,C00,TOTAL CPC,0,0,TOTAL MOT,-1,N/A,0.0,False,-1,N/A,0.0,False,,True,0.0,False,1518171376.57,,1518171376.57,4,False,True
C,A,20190101,2019,52,2019,704,VNM,Viet Nam,M,Import,0,W00,World,0,W00,World,H5,HS,True,29,Organic chemicals,2,False,C00,TOTAL CPC,0,0,TOTAL MOT,-1,N/A,0.0,False,-1,N/A,0.0,False,,True,0.0,False,3806689488.33,,3806689488.33,4,False,True
C,A,20190101,2019,52,2019,704,VNM,Viet Nam,M,Import,0,W00,World,0,W00,World,H5,HS,True,36,Explosives; pyrotechnic products; matches; pyrophoric alloys; certain combustible preparations,2,False,C00,TOTAL CPC,0,0,TOTAL MOT,-1,N/A,0.0,False,-1,N/A,0.0,False,,True,0.0,False,7753852.81,,7753852.81,4,False,True
C,A,20190101,2019,52,2019,704,VNM,Viet Nam,M,Import,0,W00,World,0,W00,World,H5,HS,True,35,Albuminoidal substances; modified starches; glues; enzymes,2,False,C00,TOTAL CPC,0,0,TOTAL MOT,-1,N/A,0.0,False,-1,N/A,0.0,False,,True,0.0,False,856653267.44,,856653267.44,4,False,True
C,A,20190101,2019,52,2019,704,VNM,Viet Nam,M,Import,0,W00,World,0,W00,World,H5,HS,True,32,"Tanning or dyeing extracts; tannins and their derivatives; dyes, pigments and other colouring matter; paints, varnishes; putty, other mastics; inks",2,False,C00,TOTAL CPC,0,0,TOTAL MOT,-1,N/A,0.0,False,-1,N/A,0.0,False,,True,0.0,False,1808003275.43,,1808003275.43,4,False,True
C,A,20190101,2019,52,2019,704,VNM,Viet Nam,M,Import,0,W00,World,0,W00,World,H5,HS,True,30,Pharmaceutical products,2,False,C00,TOTAL CPC,0,0,TOTAL MOT,-1,N/A,0.0,False,-1,N/A,0.0,False,,True,0.0,False,3315226775.15,,3315226775.15,4,False,True
C,A,20190101,2019,52,2019,704,VNM,Viet Nam,M,Import,0,W00,World,0,W00,World,H5,HS,True,38,Chemical products n.e.c.,2,False,C00,TOTAL CPC,0,0,TOTAL MOT,-1,N/A,0.0,False,-1,N/A,0.0,False,,True,0.0,False,2919577254.76,,2919577254.76,4,False,True
C,A,20190101,2019,52,2019,704,VNM,Viet Nam,M,Import,0,W00,World,0,W00,World,H5,HS,True,40,Rubber and articles thereof,2,False,C00,TOTAL CPC,0,0,TOTAL MOT,-1,N/A,0.0,False,-1,N/A,0.0,False,,True,0.0,False,2548646770.38,,2548646770.38,4,False,True
C,A,20190101,2019,52,2019,704,VNM,Viet Nam,M,Import,0,W00,World,0,W00,World,H5,HS,True,42,"Articles of leather; saddlery and harness; travel goods, handbags and similar containers; articles of animal gut (other than silk-worm gut)",2,False,C00,TOTAL CPC,0,0,TOTAL MOT,-1,N/A,0.0,False,-1,N/A,0.0,False,,True,0.0,False,201909018.45,,201909018.45,4,False,True
C,A,20190101,2019,52,2019,704,VNM,Viet Nam,M,Import,0,W00,World,0,W00,World,H5,HS,True,43,Furskins and artificial fur; manufactures thereof,2,False,C00,TOTAL CPC,0,0,TOTAL MOT,-1,N/A,0.0,False,-1,N/A,0.0,False,,True,0.0,False,204316005.78,,204316005.78,4,False,True
C,A,20190101,2019,52,2019,704,VNM,Viet Nam,M,Import,0,W00,World,0,W00,World,H5,HS,True,46,"Manufactures of straw, esparto or other plaiting materials; basketware and wickerwork",2,False,C00,TOTAL CPC,0,0,TOTAL MOT,-1,N/A,0.0,False,-1,N/A,0.0,False,,True,0.0,False,18553347.73,,18553347.73,4,False,True
C,A,20190101,2019,52,2019,704,VNM,Viet Nam,M,Import,0,W00,World,0,W00,World,H5,HS,True,41,Raw hides and skins (other than furskins) and leather,2,False,C00,TOTAL CPC,0,0,TOTAL MOT,-1,N/A,0.0,False,-1,N/A,0.0,False,,True,0.0,False,1708903724.28,,1708903724.28,4,False,True
C,A,20190101,2019,52,2019,704,VNM,Viet Nam,M,Import,0,W00,World,0,W00,World,H5,HS,True,52,Cotton,2,False,C00,TOTAL CPC,0,0,TOTAL MOT,-1,N/A,0.0,False,-1,N/A,0.0,False,,True,0.0,False,4373633444.62,,4373633444.62,4,False,True
C,A,20190101,2019,52,2019,704,VNM,Viet Nam,M,Import,0,W00,World,0,W00,World,H5,HS,True,55,Man-made staple fibres,2,False,C00,TOTAL CPC,0,0,TOTAL MOT,-1,N/A,0.0,False,-1,N/A,0.0,False,,True,0.0,False,2959301581.54,,2959301581.54,4,False,True
C,A,20190101,2019,52,2019,704,VNM,Viet Nam,M,Import,0,W00,World,0,W00,World,H5,HS,True,49,"Printed books, newspapers, pictures and other products of the printing industry; manuscripts, typescripts and plans",2,False,C00,TOTAL CPC,0,0,TOTAL MOT,-1,N/A,0.0,False,-1,N/A,0.0,False,,True,0.0,False,145810258.26,,145810258.26,4,False,True
C,A,20190101,2019,52,2019,704,VNM,Viet Nam,M,Import,0,W00,World,0,W00,World,H5,HS,True,56,"Wadding, felt and nonwovens, special yarns; twine, cordage, ropes and cables and articles thereof",2,False,C00,TOTAL CPC,0,0,TOTAL MOT,-1,N/A,0.0,False,-1,N/A,0.0,False,,True,0.0,False,912543378.89,,912543378.89,4,False,True
C,A,20190101,2019,52,2019,704,VNM,Viet Nam,M,Import,0,W00,World,0,W00,World,H5,HS,True,70,Glass and glassware,2,False,C00,TOTAL CPC,0,0,TOTAL MOT,-1,N/A,0.0,False,-1,N/A,0.0,False,,True,0.0,False,1301661671.6,,1301661671.6,4,False,True
C,A,20190101,2019,52,2019,704,VNM,Viet Nam,M,Import,0,W00,World,0,W00,World,H5,HS,True,65,Headgear and parts thereof,2,False,C00,TOTAL CPC,0,0,TOTAL MOT,-1,N/A,0.0,False,-1,N/A,0.0,False,,True,0.0,False,36930090.98,,36930090.98,4,False,True
C,A,20190101,2019,52,2019,704,VNM,Viet Nam,M,Import,0,W00,World,0,W00,World,H5,HS,True,66,"Umbrellas, sun umbrellas, walking-sticks, seat sticks, whips, riding crops; and parts thereof",2,False,C00,TOTAL CPC,0,0,TOTAL MOT,-1,N/A,0.0,False,-1,N/A,0.0,False,,True,0.0,False,11333791.24,,11333791.24,4,False,True
C,A,20190101,2019,52,2019,704,VNM,Viet Nam,M,Import,0,W00,World,0,W00,World,H5,HS,True,67,"Feathers and down, prepared; and articles made of feather or of down; artificial flowers; articles of human hair",2,False,C00,TOTAL CPC,0,0,TOTAL MOT,-1,N/A,0.0,False,-1,N/A,0.0,False,,True,0.0,False,56810425.46,,56810425.46,4,False,True
C,A,20190101,2019,52,2019,704,VNM,Viet Nam,M,Import,0,W00,World,0,W00,World,H5,HS,True,68,"Stone, plaster, cement, asbestos, mica or similar materials; articles thereof",2,False,C00,TOTAL CPC,0,0,TOTAL MOT,-1,N/A,0.0,False,-1,N/A,0.0,False,,True,0.0,False,552453107.62,,552453107.62,4,False,True
C,A,20190101,2019,52,2019,704,VNM,Viet Nam,M,Import,0,W00,World,0,W00,World,H5,HS,True,69,Ceramic products,2,False,C00,TOTAL CPC,0,0,TOTAL MOT,-1,N/A,0.0,False,-1,N/A,0.0,False,,True,0.0,False,451130370.24,,451130370.24,4,False,True
C,A,20190101,2019,52,2019,704,VNM,Viet Nam,M,Import,0,W00,World,0,W00,World,H5,HS,True,71,"Natural, cultured pearls; precious, semi-precious stones; precious metals, metals clad with precious metal, and articles thereof; imitation jewellery; coin",2,False,C00,TOTAL CPC,0,0,TOTAL MOT,-1,N/A,0.0,False,-1,N/A,0.0,False,,True,0.0,False,606987798.57,,606987798.57,4,False,True
C,A,20190101,2019,52,2019,704,VNM,Viet Nam,M,Import,0,W00,World,0,W00,World,H5,HS,True,73,Iron or steel articles,2,False,C00,TOTAL CPC,0,0,TOTAL MOT,-1,N/A,0.0,False,-1,N/A,0.0,False,,True,0.0,False,4092668856.79,,4092668856.79,4,False,True
C,A,20190101,2019,52,2019,704,VNM,Viet Nam,M,Import,0,W00,World,0,W00,World,H5,HS,True,75,Nickel and articles thereof,2,False,C00,TOTAL CPC,0,0,TOTAL MOT,-1,N/A,0.0,False,-1,N/A,0.0,False,,True,0.0,False,121123457.45,,121123457.45,4,False,True
C,A,20190101,2019,52,2019,704,VNM,Viet Nam,M,Import,0,W00,World,0,W00,World,H5,HS,True,81,"Metals; n.e.c., cermets and articles thereof",2,False,C00,TOTAL CPC,0,0,TOTAL MOT,-1,N/A,0.0,False,-1,N/A,0.0,False,,True,0.0,False,75708197.61,,75708197.61,4,False,True
C,A,20190101,2019,52,2019,704,VNM,Viet Nam,M,Import,0,W00,World,0,W00,World,H5,HS,True,84,"Nuclear reactors, boilers, machinery and mechanical appliances; parts thereof",2,False,C00,TOTAL CPC,0,0,TOTAL MOT,-1,N/A,0.0,False,-1,N/A,0.0,False,,True,0.0,False,23438200520.14,,23438200520.14,4,False,True
C,A,20190101,2019,52,2019,704,VNM,Viet Nam,M,Import,0,W00,World,0,W00,World,H5,HS,True,83,Metal; miscellaneous products of base metal,2,False,C00,TOTAL CPC,0,0,TOTAL MOT,-1,N/A,0.0,False,-1,N/A,0.0,False,,True,0.0,False,973957822.96,,973957822.96,4,False,True
C,A,20190101,2019,52,2019,704,VNM,Viet Nam,M,Import,0,W00,World,0,W00,World,H5,HS,True,82,"Tools, implements, cutlery, spoons and forks, of base metal; parts thereof, of base metal",2,False,C00,TOTAL CPC,0,0,TOTAL MOT,-1,N/A,0.0,False,-1,N/A,0.0,False,,True,0.0,False,638251205.33,,638251205.33,4,False,True
C,A,20190101,2019,52,2019,704,VNM,Viet Nam,M,Import,0,W00,World,0,W00,World,H5,HS,True,85,"Electrical machinery and equipment and parts thereof; sound recorders and reproducers; television image and sound recorders and reproducers, parts and accessories of such articles",2,False,C00,TOTAL CPC,0,0,TOTAL MOT,-1,N/A,0.0,False,-1,N/A,0.0,False,,True,0.0,False,77771607393.91,,77771607393.91,4,False,True
C,A,20190101,2019,52,2019,704,VNM,Viet Nam,M,Import,0,W00,World,0,W00,World,H5,HS,True,87,"Vehicles; other than railway or tramway rolling stock, and parts and accessories thereof",2,False,C00,TOTAL CPC,0,0,TOTAL MOT,-1,N/A,0.0,False,-1,N/A,0.0,False,,True,0.0,False,6326830468.75,,6326830468.75,4,False,True
C,A,20190101,2019,52,2019,704,VNM,Viet Nam,M,Import,0,W00,World,0,W00,World,H5,HS,True,90,"Optical, photographic, cinematographic, measuring, checking, medical or surgical instruments and apparatus; parts and accessories",2,False,C00,TOTAL CPC,0,0,TOTAL MOT,-1,N/A,0.0,False,-1,N/A,0.0,False,,True,0.0,False,8959550592.52,,8959550592.52,4,False,True
C,A,20190101,2019,52,2019,704,VNM,Viet Nam,M,Import,0,W00,World,0,W00,World,H5,HS,True,86,"Railway, tramway locomotives, rolling-stock and parts thereof; railway or tramway track fixtures and fittings and parts thereof; mechanical (including electro-mechanical) traffic signalling equipment of all kinds",2,False,C00,TOTAL CPC,0,0,TOTAL MOT,-1,N/A,0.0,False,-1,N/A,0.0,False,,True,0.0,False,33708699.7,,33708699.7,4,False,True
C,A,20190101,2019,52,2019,704,VNM,Viet Nam,M,Import,0,W00,World,0,W00,World,H5,HS,True,89,"Ships, boats and floating structures",2,False,C00,TOTAL CPC,0,0,TOTAL MOT,-1,N/A,0.0,False,-1,N/A,0.0,False,,True,0.0,False,214527045.77,,214527045.77,4,False,True
C,A,20190101,2019,52,2019,704,VNM,Viet Nam,M,Import,0,W00,World,0,W00,World,H5,HS,True,88,"Aircraft, spacecraft and parts thereof",2,False,C00,TOTAL CPC,0,0,TOTAL MOT,-1,N/A,0.0,False,-1,N/A,0.0,False,,True,0.0,False,670547754.94,,670547754.94,4,False,True
C,A,20190101,2019,52,2019,704,VNM,Viet Nam,M,Import,0,W00,World,0,W00,World,H5,HS,True,91,Clocks and watches and parts thereof,2,False,C00,TOTAL CPC,0,0,TOTAL MOT,-1,N/A,0.0,False,-1,N/A,0.0,False,,True,0.0,False,149501284.75,,149501284.75,4,False,True
C,A,20190101,2019,52,2019,704,VNM,Viet Nam,M,Import,0,W00,World,0,W00,World,H5,HS,True,92,Musical instruments; parts and accessories of such articles,2,False,C00,TOTAL CPC,0,0,TOTAL MOT,-1,N/A,0.0,False,-1,N/A,0.0,False,,True,0.0,False,28387532.5,,28387532.5,4,False,True
C,A,20190101,2019,52,2019,704,VNM,Viet Nam,M,Import,0,W00,World,0,W00,World,H5,HS,True,95,"Toys, games and sports requisites; parts and accessories thereof",2,False,C00,TOTAL CPC,0,0,TOTAL MOT,-1,N/A,0.0,False,-1,N/A,0.0,False,,True,0.0,False,318392508.36,,318392508.36,4,False,True
C,A,20190101,2019,52,2019,704,VNM,Viet Nam,M,Import,0,W00,World,0,W00,World,H5,HS,True,96,Miscellaneous manufactured articles,2,False,C00,TOTAL CPC,0,0,TOTAL MOT,-1,N/A,0.0,False,-1,N/A,0.0,False,,True,0.0,False,1045102370.77,,1045102370.77,4,False,True
C,A,20190101,2019,52,2019,704,VNM,Viet Nam,M,Import,0,W00,World,0,W00,World,H5,HS,True,97,Works of art; collectors' pieces and antiques,2,False,C00,TOTAL CPC,0,0,TOTAL MOT,-1,N/A,0.0,False,-1,N/A,0.0,False,,True,0.0,False,1697390.91,,1697390.91,4,False,True
C,A,20190101,2019,52,2019,704,VNM,Viet Nam,M,Import,0,W00,World,0,W00,World,H5,HS,True,99,Commodities not specified according to kind,2,False,C00,TOTAL CPC,0,0,TOTAL MOT,-1,N/A,0.0,False,-1,N/A,0.0,False,0.0,False,0.0,False,3600565557.08,,3600565557.08,0,False,True
C,A,20190101,2019,52,2019,704,VNM,Viet Nam,M,Import,0,W00,World,0,W00,World,H5,HS,True,07,Vegetables and certain roots and tubers; edible,2,False,C00,TOTAL CPC,0,0,TOTAL MOT,-1,N/A,0.0,False,-1,N/A,0.0,False,0.0,True,0.0,False,689829016.69,,689829016.69,4,False,True
C,A,20190101,2019,52,2019,704,VNM,Viet Nam,M,Import,0,W00,World,0,W00,World,H5,HS,True,04,"Dairy produce; birds' eggs; natural honey; edible products of animal origin, not elsewhere specified or included",2,False,C00,TOTAL CPC,0,0,TOTAL MOT,-1,N/A,0.0,False,-1,N/A,0.0,False,0.0,True,0.0,False,667409717.05,,667409717.05,4,False,True
C,A,20190101,2019,52,2019,704,VNM,Viet Nam,M,Import,0,W00,World,0,W00,World,H5,HS,True,03,"Fish and crustaceans, molluscs and other aquatic invertebrates",2,False,C00,TOTAL CPC,0,0,TOTAL MOT,-1,N/A,0.0,False,-1,N/A,0.0,False,0.0,True,0.0,False,1572080939.67,,1572080939.67,4,False,True
C,A,20190101,2019,52,2019,704,VNM,Viet Nam,M,Import,0,W00,World,0,W00,World,H5,HS,True,02,Meat and edible meat offal,2,False,C00,TOTAL CPC,0,0,TOTAL MOT,-1,N/A,0.0,False,-1,N/A,0.0,False,0.0,True,0.0,False,788882747.98,,788882747.98,4,False,True
C,A,20190101,2019,52,2019,704,VNM,Viet Nam,M,Import,0,W00,World,0,W00,World,H5,HS,True,08,"Fruit and nuts, edible; peel of citrus fruit or melons",2,False,C00,TOTAL CPC,0,0,TOTAL MOT,-1,N/A,0.0,False,-1,N/A,0.0,False,0.0,True,0.0,False,2915278620.63,,2915278620.63,4,False,True
C,A,20190101,2019,52,2019,704,VNM,Viet Nam,M,Import,0,W00,World,0,W00,World,H5,HS,True,09,"Coffee, tea, mate and spices",2,False,C00,TOTAL CPC,0,0,TOTAL MOT,-1,N/A,0.0,False,-1,N/A,0.0,False,0.0,True,0.0,False,226518688.54,,226518688.54,4,False,True
C,A,20190101,2019,52,2019,704,VNM,Viet Nam,M,Import,0,W00,World,0,W00,World,H5,HS,True,10,Cereals,2,False,C00,TOTAL CPC,0,0,TOTAL MOT,-1,N/A,0.0,False,-1,N/A,0.0,False,0.0,True,0.0,False,3131573883.9,,3131573883.9,4,False,True
C,A,20190101,2019,52,2019,704,VNM,Viet Nam,M,Import,0,W00,World,0,W00,World,H5,HS,True,14,Vegetable plaiting materials; vegetable products not elsewhere specified or included,2,False,C00,TOTAL CPC,0,0,TOTAL MOT,-1,N/A,0.0,False,-1,N/A,0.0,False,0.0,True,0.0,False,5511126.27,,5511126.27,4,False,True
C,A,20190101,2019,52,2019,704,VNM,Viet Nam,M,Import,0,W00,World,0,W00,World,H5,HS,True,16,"Meat, fish or crustaceans, molluscs or other aquatic invertebrates; preparations thereof",2,False,C00,TOTAL CPC,0,0,TOTAL MOT,-1,N/A,0.0,False,-1,N/A,0.0,False,0.0,True,0.0,False,42975335.04,,42975335.04,4,False,True
C,A,20190101,2019,52,2019,704,VNM,Viet Nam,M,Import,0,W00,World,0,W00,World,H5,HS,True,17,Sugars and sugar confectionery,2,False,C00,TOTAL CPC,0,0,TOTAL MOT,-1,N/A,0.0,False,-1,N/A,0.0,False,0.0,True,0.0,False,378439013.45,,378439013.45,4,False,True
C,A,20190101,2019,52,2019,704,VNM,Viet Nam,M,Import,0,W00,World,0,W00,World,H5,HS,True,18,Cocoa and cocoa preparations,2,False,C00,TOTAL CPC,0,0,TOTAL MOT,-1,N/A,0.0,False,-1,N/A,0.0,False,0.0,True,0.0,False,60892347.42,,60892347.42,4,False,True
C,A,20190101,2019,52,2019,704,VNM,Viet Nam,M,Import,0,W00,World,0,W00,World,H5,HS,True,19,"Preparations of cereals, flour, starch or milk; pastrycooks' products",2,False,C00,TOTAL CPC,0,0,TOTAL MOT,-1,N/A,0.0,False,-1,N/A,0.0,False,0.0,True,0.0,False,686166217.75,,686166217.75,4,False,True
C,A,20190101,2019,52,2019,704,VNM,Viet Nam,M,Import,0,W00,World,0,W00,World,H5,HS,True,20,"Preparations of vegetables, fruit, nuts or other parts of plants",2,False,C00,TOTAL CPC,0,0,TOTAL MOT,-1,N/A,0.0,False,-1,N/A,0.0,False,0.0,True,0.0,False,124715831.74,,124715831.74,4,False,True
C,A,20190101,2019,52,2019,704,VNM,Viet Nam,M,Import,0,W00,World,0,W00,World,H5,HS,True,22,"Beverages, spirits and vinegar",2,False,C00,TOTAL CPC,0,0,TOTAL MOT,-1,N/A,0.0,False,-1,N/A,0.0,False,0.0,True,0.0,False,312360717.08,,312360717.08,4,False,True
C,A,20190101,2019,52,2019,704,VNM,Viet Nam,M,Import,0,W00,World,0,W00,World,H5,HS,True,23,"Food industries, residues and wastes thereof; prepared animal fodder",2,False,C00,TOTAL CPC,0,0,TOTAL MOT,-1,N/A,0.0,False,-1,N/A,0.0,False,0.0,True,0.0,False,3637096663.89,,3637096663.89,4,False,True
C,A,20190101,2019,52,2019,704,VNM,Viet Nam,M,Import,0,W00,World,0,W00,World,H5,HS,True,24,Tobacco and manufactured tobacco substitutes,2,False,C00,TOTAL CPC,0,0,TOTAL MOT,-1,N/A,0.0,False,-1,N/A,0.0,False,0.0,True,0.0,False,257667386.14,,257667386.14,4,False,True
C,A,20190101,2019,52,2019,704,VNM,Viet Nam,M,Import,0,W00,World,0,W00,World,H5,HS,True,34,"Soap, organic surface-active agents; washing, lubricating, polishing or scouring preparations; artificial or prepared waxes, candles and similar articles, modelling pastes, dental waxes and dental preparations with a basis of plaster",2,False,C00,TOTAL CPC,0,0,TOTAL MOT,-1,N/A,0.0,False,-1,N/A,0.0,False,0.0,True,0.0,False,786872083.54,,786872083.54,4,False,True
C,A,20190101,2019,52,2019,704,VNM,Viet Nam,M,Import,0,W00,World,0,W00,World,H5,HS,True,33,"Essential oils and resinoids; perfumery, cosmetic or toilet preparations",2,False,C00,TOTAL CPC,0,0,TOTAL MOT,-1,N/A,0.0,False,-1,N/A,0.0,False,0.0,True,0.0,False,863168532.98,,863168532.98,4,False,True
C,A,20190101,2019,52,2019,704,VNM,Viet Nam,M,Import,0,W00,World,0,W00,World,H5,HS,True,31,Fertilizers,2,False,C00,TOTAL CPC,0,0,TOTAL MOT,-1,N/A,0.0,False,-1,N/A,0.0,False,0.0,True,0.0,False,1021252615.33,,1021252615.33,4,False,True
C,A,20190101,2019,52,2019,704,VNM,Viet Nam,M,Import,0,W00,World,0,W00,World,H5,HS,True,37,Photographic or cinematographic goods,2,False,C00,TOTAL CPC,0,0,TOTAL MOT,-1,N/A,0.0,False,-1,N/A,0.0,False,0.0,True,0.0,False,144584374.0,,144584374.0,4,False,True
C,A,20190101,2019,52,2019,704,VNM,Viet Nam,M,Import,0,W00,World,0,W00,World,H5,HS,True,39,Plastics and articles thereof,2,False,C00,TOTAL CPC,0,0,TOTAL MOT,-1,N/A,0.0,False,-1,N/A,0.0,False,0.0,True,0.0,False,15872856757.07,,15872856757.07,4,False,True
C,A,20190101,2019,52,2019,704,VNM,Viet Nam,M,Import,0,W00,World,0,W00,World,H5,HS,True,44,Wood and articles of wood; wood charcoal,2,False,C00,TOTAL CPC,0,0,TOTAL MOT,-1,N/A,0.0,False,-1,N/A,0.0,False,0.0,True,0.0,False,2048619394.12,,2048619394.12,4,False,True
C,A,20190101,2019,52,2019,704,VNM,Viet Nam,M,Import,0,W00,World,0,W00,World,H5,HS,True,45,Cork and articles of cork,2,False,C00,TOTAL CPC,0,0,TOTAL MOT,-1,N/A,0.0,False,-1,N/A,0.0,False,0.0,True,0.0,False,2586198.19,,2586198.19,4,False,True
C,A,20190101,2019,52,2019,704,VNM,Viet Nam,M,Import,0,W00,World,0,W00,World,H5,HS,True,47,Pulp of wood or other fibrous cellulosic material; recovered (waste and scrap) paper or paperboard,2,False,C00,TOTAL CPC,0,0,TOTAL MOT,-1,N/A,0.0,False,-1,N/A,0.0,False,0.0,True,0.0,False,657183943.06,,657183943.06,4,False,True
C,A,20190101,2019,52,2019,704,VNM,Viet Nam,M,Import,0,W00,World,0,W00,World,H5,HS,True,48,"Paper and paperboard; articles of paper pulp, of paper or paperboard",2,False,C00,TOTAL CPC,0,0,TOTAL MOT,-1,N/A,0.0,False,-1,N/A,0.0,False,0.0,True,0.0,False,2515908400.75,,2515908400.75,4,False,True
C,A,20190101,2019,52,2019,704,VNM,Viet Nam,M,Import,0,W00,World,0,W00,World,H5,HS,True,50,Silk,2,False,C00,TOTAL CPC,0,0,TOTAL MOT,-1,N/A,0.0,False,-1,N/A,0.0,False,0.0,True,0.0,False,52320695.87,,52320695.87,4,False,True
C,A,20190101,2019,52,2019,704,VNM,Viet Nam,M,Import,0,W00,World,0,W00,World,H5,HS,True,51,"Wool, fine or coarse animal hair; horsehair yarn and woven fabric",2,False,C00,TOTAL CPC,0,0,TOTAL MOT,-1,N/A,0.0,False,-1,N/A,0.0,False,0.0,True,0.0,False,317293765.35,,317293765.35,4,False,True
C,A,20190101,2019,52,2019,704,VNM,Viet Nam,M,Import,0,W00,World,0,W00,World,H5,HS,True,57,Carpets and other textile floor coverings,2,False,C00,TOTAL CPC,0,0,TOTAL MOT,-1,N/A,0.0,False,-1,N/A,0.0,False,0.0,True,0.0,False,71144797.76,,71144797.76,4,False,True
C,A,20190101,2019,52,2019,704,VNM,Viet Nam,M,Import,0,W00,World,0,W00,World,H5,HS,True,58,"Fabrics; special woven fabrics, tufted textile fabrics, lace, tapestries, trimmings, embroidery",2,False,C00,TOTAL CPC,0,0,TOTAL MOT,-1,N/A,0.0,False,-1,N/A,0.0,False,0.0,True,0.0,False,1080867661.2,,1080867661.2,4,False,True
C,A,20190101,2019,52,2019,704,VNM,Viet Nam,M,Import,0,W00,World,0,W00,World,H5,HS,True,53,Vegetable textile fibres; paper yarn and woven fabrics of paper yarn,2,False,C00,TOTAL CPC,0,0,TOTAL MOT,-1,N/A,0.0,False,-1,N/A,0.0,False,0.0,True,0.0,False,105208494.08,,105208494.08,4,False,True
C,A,20190101,2019,52,2019,704,VNM,Viet Nam,M,Import,0,W00,World,0,W00,World,H5,HS,True,54,Man-made filaments; strip and the like of man-made textile materials,2,False,C00,TOTAL CPC,0,0,TOTAL MOT,-1,N/A,0.0,False,-1,N/A,0.0,False,0.0,True,0.0,False,3398692170.85,,3398692170.85,4,False,True
C,A,20190101,2019,52,2019,704,VNM,Viet Nam,M,Import,0,W00,World,0,W00,World,H5,HS,True,59,"Textile fabrics; impregnated, coated, covered or laminated; textile articles of a kind suitable for industrial use",2,False,C00,TOTAL CPC,0,0,TOTAL MOT,-1,N/A,0.0,False,-1,N/A,0.0,False,0.0,True,0.0,False,1465218724.82,,1465218724.82,4,False,True
C,A,20190101,2019,52,2019,704,VNM,Viet Nam,M,Import,0,W00,World,0,W00,World,H5,HS,True,60,Fabrics; knitted or crocheted,2,False,C00,TOTAL CPC,0,0,TOTAL MOT,-1,N/A,0.0,False,-1,N/A,0.0,False,0.0,True,0.0,False,5446160757.1,,5446160757.1,4,False,True
C,A,20190101,2019,52,2019,704,VNM,Viet Nam,M,Import,0,W00,World,0,W00,World,H5,HS,True,61,Apparel and clothing accessories; knitted or crocheted,2,False,C00,TOTAL CPC,0,0,TOTAL MOT,-1,N/A,0.0,False,-1,N/A,0.0,False,0.0,True,0.0,False,223620329.64,,223620329.64,4,False,True
C,A,20190101,2019,52,2019,704,VNM,Viet Nam,M,Import,0,W00,World,0,W00,World,H5,HS,True,72,Iron and steel,2,False,C00,TOTAL CPC,0,0,TOTAL MOT,-1,N/A,0.0,False,-1,N/A,0.0,False,0.0,True,0.0,False,11333930769.01,,11333930769.01,4,False,True
C,A,20190101,2019,52,2019,704,VNM,Viet Nam,M,Import,0,W00,World,0,W00,World,H5,HS,True,62,Apparel and clothing accessories; not knitted or crocheted,2,False,C00,TOTAL CPC,0,0,TOTAL MOT,-1,N/A,0.0,False,-1,N/A,0.0,False,0.0,True,0.0,False,268714269.83,,268714269.83,4,False,True
C,A,20190101,2019,52,2019,704,VNM,Viet Nam,M,Import,0,W00,World,0,W00,World,H5,HS,True,63,"Textiles, made up articles; sets; worn clothing and worn textile articles; rags",2,False,C00,TOTAL CPC,0,0,TOTAL MOT,-1,N/A,0.0,False,-1,N/A,0.0,False,0.0,True,0.0,False,154797255.61,,154797255.61,4,False,True
C,A,20190101,2019,52,2019,704,VNM,Viet Nam,M,Import,0,W00,World,0,W00,World,H5,HS,True,64,Footwear; gaiters and the like; parts of such articles,2,False,C00,TOTAL CPC,0,0,TOTAL MOT,-1,N/A,0.0,False,-1,N/A,0.0,False,0.0,True,0.0,False,1093591731.79,,1093591731.79,4,False,True
C,A,20190101,2019,52,2019,704,VNM,Viet Nam,M,Import,0,W00,World,0,W00,World,H5,HS,True,74,Copper and articles thereof,2,False,C00,TOTAL CPC,0,0,TOTAL MOT,-1,N/A,0.0,False,-1,N/A,0.0,False,0.0,True,0.0,False,3090394490.21,,3090394490.21,4,False,True
C,A,20190101,2019,52,2019,704,VNM,Viet Nam,M,Import,0,W00,World,0,W00,World,H5,HS,True,76,Aluminium and articles thereof,2,False,C00,TOTAL CPC,0,0,TOTAL MOT,-1,N/A,0.0,False,-1,N/A,0.0,False,0.0,True,0.0,False,3617560086.45,,3617560086.45,4,False,True
C,A,20190101,2019,52,2019,704,VNM,Viet Nam,M,Import,0,W00,World,0,W00,World,H5,HS,True,78,Lead and articles thereof,2,False,C00,TOTAL CPC,0,0,TOTAL MOT,-1,N/A,0.0,False,-1,N/A,0.0,False,0.0,True,0.0,False,468289705.28,,468289705.28,4,False,True
C,A,20190101,2019,52,2019,704,VNM,Viet Nam,M,Import,0,W00,World,0,W00,World,H5,HS,True,79,Zinc and articles thereof,2,False,C00,TOTAL CPC,0,0,TOTAL MOT,-1,N/A,0.0,False,-1,N/A,0.0,False,0.0,True,0.0,False,491164300.7,,491164300.7,4,False,True
C,A,20190101,2019,52,2019,704,VNM,Viet Nam,M,Import,0,W00,World,0,W00,World,H5,HS,True,80,Tin; articles thereof,2,False,C00,TOTAL CPC,0,0,TOTAL MOT,-1,N/A,0.0,False,-1,N/A,0.0,False,0.0,True,0.0,False,95365098.15,,95365098.15,4,False,True
C,A,20190101,2019,52,2019,704,VNM,Viet Nam,M,Import,0,W00,World,0,W00,World,H5,HS,True,93,Arms and ammunition; parts and accessories thereof,2,False,C00,TOTAL CPC,0,0,TOTAL MOT,-1,N/A,0.0,False,-1,N/A,0.0,False,0.0,True,0.0,False,191860.0,,191860.0,4,False,True
C,A,20190101,2019,52,2019,704,VNM,Viet Nam,M,Import,0,W00,World,0,W00,World,H5,HS,True,94,"Furniture; bedding, mattresses, mattress supports, cushions and similar stuffed furnishings; lamps and lighting fittings, n.e.c.; illuminated signs, illuminated name-plates and the like; prefabricated buildings",2,False,C00,TOTAL CPC,0,0,TOTAL MOT,-1,N/A,0.0,False,-1,N/A,0.0,False,0.0,True,0.0,False,964727342.06,,964727342.06,4,False,True
C,A,20200101,2020,52,2020,156,CHN,China,M,Import,0,W00,World,0,W00,World,H5,HS,True,85,"Electrical machinery and equipment and parts thereof; sound recorders and reproducers; television image and sound recorders and reproducers, parts and accessories of such articles",2,False,C00,TOTAL CPC,0,0,TOTAL MOT,-1,N/A,0.0,False,-1,N/A,0.0,False,0.0,True,0.0,False,548420355699.0,0.0,548420355699.0,4,False,True
C,A,20200101,2020,52,2020,156,CHN,China,M,Import,0,W00,World,0,W00,World,H5,HS,True,86,"Railway, tramway locomotives, rolling-stock and parts thereof; railway or tramway track fixtures and fittings and parts thereof; mechanical (including electro-mechanical) traffic signalling equipment of all kinds",2,False,C00,TOTAL CPC,0,0,TOTAL MOT,-1,N/A,0.0,False,-1,N/A,0.0,False,0.0,True,0.0,False,717116902.0,0.0,717116902.0,4,False,True
C,A,20200101,2020,52,2020,156,CHN,China,M,Import,0,W00,World,0,W00,World,H5,HS,True,87,"Vehicles; other than railway or tramway rolling stock, and parts and accessories thereof",2,False,C00,TOTAL CPC,0,0,TOTAL MOT,-1,N/A,0.0,False,-1,N/A,0.0,False,0.0,True,0.0,False,73985238048.0,0.0,73985238048.0,4,False,True
C,A,20200101,2020,52,2020,156,CHN,China,M,Import,0,W00,World,0,W00,World,H5,HS,True,84,"Nuclear reactors, boilers, machinery and mechanical appliances; parts thereof",2,False,C00,TOTAL CPC,0,0,TOTAL MOT,-1,N/A,0.0,False,-1,N/A,0.0,False,0.0,True,0.0,False,192047118444.0,0.0,192047118444.0,4,False,True
C,A,20200101,2020,52,2020,156,CHN,China,M,Import,0,W00,World,0,W00,World,H5,HS,True,53,Vegetable textile fibres; paper yarn and woven fabrics of paper yarn,2,False,C00,TOTAL CPC,0,0,TOTAL MOT,-1,N/A,0.0,False,-1,N/A,0.0,False,0.0,True,0.0,False,811208172.0,0.0,811208172.0,4,False,True
C,A,20200101,2020,52,2020,156,CHN,China,M,Import,0,W00,World,0,W00,World,H5,HS,True,54,Man-made filaments; strip and the like of man-made textile materials,2,False,C00,TOTAL CPC,0,0,TOTAL MOT,-1,N/A,0.0,False,-1,N/A,0.0,False,0.0,True,0.0,False,2215700196.0,0.0,2215700196.0,4,False,True
C,A,20200101,2020,52,2020,156,CHN,China,M,Import,0,W00,World,0,W00,World,H5,HS,True,55,Man-made staple fibres,2,False,C00,TOTAL CPC,0,0,TOTAL MOT,-1,N/A,0.0,False,-1,N/A,0.0,False,0.0,True,0.0,False,1627087747.0,0.0,1627087747.0,4,False,True
C,A,20200101,2020,52,2020,156,CHN,China,M,Import,0,W00,World,0,W00,World,H5,HS,True,56,"Wadding, felt and nonwovens, special yarns; twine, cordage, ropes and cables and articles thereof",2,False,C00,TOTAL CPC,0,0,TOTAL MOT,-1,N/A,0.0,False,-1,N/A,0.0,False,0.0,True,0.0,False,1484787295.0,0.0,1484787295.0,4,False,True
C,A,20200101,2020,52,2020,156,CHN,China,M,Import,0,W00,World,0,W00,World,H5,HS,True,58,"Fabrics; special woven fabrics, tufted textile fabrics, lace, tapestries, trimmings, embroidery",2,False,C00,TOTAL CPC,0,0,TOTAL MOT,-1,N/A,0.0,False,-1,N/A,0.0,False,0.0,True,0.0,False,329826412.0,0.0,329826412.0,4,False,True
C,A,20200101,2020,52,2020,156,CHN,China,M,Import,0,W00,World,0,W00,World,H5,HS,True,59,"Textile fabrics; impregnated, coated, covered or laminated; textile articles of a kind suitable for industrial use",2,False,C00,TOTAL CPC,0,0,TOTAL MOT,-1,N/A,0.0,False,-1,N/A,0.0,False,0.0,True,0.0,False,1466580955.0,0.0,1466580955.0,4,False,True
C,A,20200101,2020,52,2020,156,CHN,China,M,Import,0,W00,World,0,W00,World,H5,HS,True,60,Fabrics; knitted or crocheted,2,False,C00,TOTAL CPC,0,0,TOTAL MOT,-1,N/A,0.0,False,-1,N/A,0.0,False,0.0,True,0.0,False,1018256936.0,0.0,1018256936.0,4,False,True
C,A,20200101,2020,52,2020,156,CHN,China,M,Import,0,W00,World,0,W00,World,H5,HS,True,61,Apparel and clothing accessories; knitted or crocheted,2,False,C00,TOTAL CPC,0,0,TOTAL MOT,-1,N/A,0.0,False,-1,N/A,0.0,False,0.0,True,0.0,False,3514423022.0,0.0,3514423022.0,4,False,True
C,A,20200101,2020,52,2020,156,CHN,China,M,Import,0,W00,World,0,W00,World,H5,HS,True,62,Apparel and clothing accessories; not knitted or crocheted,2,False,C00,TOTAL CPC,0,0,TOTAL MOT,-1,N/A,0.0,False,-1,N/A,0.0,False,0.0,True,0.0,False,4744634354.0,0.0,4744634354.0,4,False,True
C,A,20200101,2020,52,2020,156,CHN,China,M,Import,0,W00,World,0,W00,World,H5,HS,True,73,Iron or steel articles,2,False,C00,TOTAL CPC,0,0,TOTAL MOT,-1,N/A,0.0,False,-1,N/A,0.0,False,0.0,True,0.0,False,9476786839.0,0.0,9476786839.0,4,False,True
C,A,20200101,2020,52,2020,156,CHN,China,M,Import,0,W00,World,0,W00,World,H5,HS,True,74,Copper and articles thereof,2,False,C00,TOTAL CPC,0,0,TOTAL MOT,-1,N/A,0.0,False,-1,N/A,0.0,False,0.0,True,0.0,False,48913982512.0,0.0,48913982512.0,4,False,True
C,A,20200101,2020,52,2020,156,CHN,China,M,Import,0,W00,World,0,W00,World,H5,HS,True,75,Nickel and articles thereof,2,False,C00,TOTAL CPC,0,0,TOTAL MOT,-1,N/A,0.0,False,-1,N/A,0.0,False,0.0,True,0.0,False,4274387674.0,0.0,4274387674.0,4,False,True
C,A,20200101,2020,52,2020,156,CHN,China,M,Import,0,W00,World,0,W00,World,H5,HS,True,76,Aluminium and articles thereof,2,False,C00,TOTAL CPC,0,0,TOTAL MOT,-1,N/A,0.0,False,-1,N/A,0.0,False,0.0,True,0.0,False,8147556363.0,0.0,8147556363.0,4,False,True
C,A,20200101,2020,52,2020,156,CHN,China,M,Import,0,W00,World,0,W00,World,H5,HS,True,78,Lead and articles thereof,2,False,C00,TOTAL CPC,0,0,TOTAL MOT,-1,N/A,0.0,False,-1,N/A,0.0,False,0.0,True,0.0,False,120720420.0,0.0,120720420.0,4,False,True
C,A,20200101,2020,52,2020,156,CHN,China,M,Import,0,W00,World,0,W00,World,H5,HS,True,79,Zinc and articles thereof,2,False,C00,TOTAL CPC,0,0,TOTAL MOT,-1,N/A,0.0,False,-1,N/A,0.0,False,0.0,True,0.0,False,1996605318.0,0.0,1996605318.0,4,False,True
C,A,20200101,2020,52,2020,156,CHN,China,M,Import,0,W00,World,0,W00,World,H5,HS,True,80,Tin; articles thereof,2,False,C00,TOTAL CPC,0,0,TOTAL MOT,-1,N/A,0.0,False,-1,N/A,0.0,False,0.0,True,0.0,False,410548964.0,0.0,410548964.0,4,False,True
C,A,20200101,2020,52,2020,156,CHN,China,M,Import,0,W00,World,0,W00,World,H5,HS,True,81,"Metals; n.e.c., cermets and articles thereof",2,False,C00,TOTAL CPC,0,0,TOTAL MOT,-1,N/A,0.0,False,-1,N/A,0.0,False,0.0,True,0.0,False,3434828754.0,0.0,3434828754.0,4,False,True
C,A,20200101,2020,52,2020,156,CHN,China,M,Import,0,W00,World,0,W00,World,H5,HS,True,83,Metal; miscellaneous products of base metal,2,False,C00,TOTAL CPC,0,0,TOTAL MOT,-1,N/A,0.0,False,-1,N/A,0.0,False,0.0,True,0.0,False,1816649852.0,0.0,1816649852.0,4,False,True
C,A,20200101,2020,52,2020,156,CHN,China,M,Import,0,W00,World,0,W00,World,H5,HS,True,88,"Aircraft, spacecraft and parts thereof",2,False,C00,TOTAL CPC,0,0,TOTAL MOT,-1,N/A,0.0,False,-1,N/A,0.0,False,0.0,True,0.0,False,9400923825.0,0.0,9400923825.0,4,False,True
C,A,20200101,2020,52,2020,156,CHN,China,M,Import,0,W00,World,0,W00,World,H5,HS,True,89,"Ships, boats and floating structures",2,False,C00,TOTAL CPC,0,0,TOTAL MOT,-1,N/A,0.0,False,-1,N/A,0.0,False,0.0,True,0.0,False,2477359797.0,0.0,2477359797.0,4,False,True
C,A,20200101,2020,52,2020,156,CHN,China,M,Import,0,W00,World,0,W00,World,H5,HS,True,91,Clocks and watches and parts thereof,2,False,C00,TOTAL CPC,0,0,TOTAL MOT,-1,N/A,0.0,False,-1,N/A,0.0,False,0.0,True,0.0,False,4468953533.0,0.0,4468953533.0,4,False,True
C,A,20200101,2020,52,2020,156,CHN,China,M,Import,0,W00,World,0,W00,World,H5,HS,True,92,Musical instruments; parts and accessories of such articles,2,False,C00,TOTAL CPC,0,0,TOTAL MOT,-1,N/A,0.0,False,-1,N/A,0.0,False,0.0,True,0.0,False,443733421.0,0.0,443733421.0,4,False,True
C,A,20200101,2020,52,2020,156,CHN,China,M,Import,0,W00,World,0,W00,World,H5,HS,True,93,Arms and ammunition; parts and accessories thereof,2,False,C00,TOTAL CPC,0,0,TOTAL MOT,-1,N/A,0.0,False,-1,N/A,0.0,False,0.0,True,0.0,False,10554848.0,0.0,10554848.0,4,False,True
C,A,20200101,2020,52,2020,156,CHN,China,M,Import,0,W00,World,0,W00,World,H5,HS,True,94,"Furniture; bedding, mattresses, mattress supports, cushions and similar stuffed furnishings; lamps and lighting fittings, n.e.c.; illuminated signs, illuminated name-plates and the like; prefabricated buildings",2,False,C00,TOTAL CPC,0,0,TOTAL MOT,-1,N/A,0.0,False,-1,N/A,0.0,False,0.0,True,0.0,False,2900282810.0,0.0,2900282810.0,4,False,True
C,A,20200101,2020,52,2020,156,CHN,China,M,Import,0,W00,World,0,W00,World,H5,HS,True,95,"Toys, games and sports requisites; parts and accessories thereof",2,False,C00,TOTAL CPC,0,0,TOTAL MOT,-1,N/A,0.0,False,-1,N/A,0.0,False,0.0,True,0.0,False,2304580116.0,0.0,2304580116.0,4,False,True
C,A,20200101,2020,52,2020,156,CHN,China,M,Import,0,W00,World,0,W00,World,H5,HS,True,96,Miscellaneous manufactured articles,2,False,C00,TOTAL CPC,0,0,TOTAL MOT,-1,N/A,0.0,False,-1,N/A,0.0,False,0.0,True,0.0,False,1898933691.0,0.0,1898933691.0,4,False,True
C,A,20200101,2020,52,2020,156,CHN,China,M,Import,0,W00,World,0,W00,World,H5,HS,True,97,Works of art; collectors' pieces and antiques,2,False,C00,TOTAL CPC,0,0,TOTAL MOT,-1,N/A,0.0,False,-1,N/A,0.0,False,0.0,True,0.0,False,669275419.0,0.0,669275419.0,4,False,True
C,A,20200101,2020,52,2020,156,CHN,China,M,Import,0,W00,World,0,W00,World,H5,HS,True,63,"Textiles, made up articles; sets; worn clothing and worn textile articles; rags",2,False,C00,TOTAL CPC,0,0,TOTAL MOT,-1,N/A,0.0,False,-1,N/A,0.0,False,0.0,True,0.0,False,1408684955.0,0.0,1408684955.0,4,False,True
C,A,20200101,2020,52,2020,156,CHN,China,M,Import,0,W00,World,0,W00,World,H5,HS,True,65,Headgear and parts thereof,2,False,C00,TOTAL CPC,0,0,TOTAL MOT,-1,N/A,0.0,False,-1,N/A,0.0,False,0.0,True,0.0,False,190645255.0,0.0,190645255.0,4,False,True
C,A,20200101,2020,52,2020,156,CHN,China,M,Import,0,W00,World,0,W00,World,H5,HS,True,67,"Feathers and down, prepared; and articles made of feather or of down; artificial flowers; articles of human hair",2,False,C00,TOTAL CPC,0,0,TOTAL MOT,-1,N/A,0.0,False,-1,N/A,0.0,False,0.0,True,0.0,False,315492465.0,0.0,315492465.0,4,False,True
C,A,20200101,2020,52,2020,156,CHN,China,M,Import,0,W00,World,0,W00,World,H5,HS,True,68,"Stone, plaster, cement, asbestos, mica or similar materials; articles thereof",2,False,C00,TOTAL CPC,0,0,TOTAL MOT,-1,N/A,0.0,False,-1,N/A,0.0,False,0.0,True,0.0,False,1833987344.0,0.0,1833987344.0,4,False,True
C,A,20200101,2020,52,2020,156,CHN,China,M,Import,0,W00,World,0,W00,World,H5,HS,True,69,Ceramic products,2,False,C00,TOTAL CPC,0,0,TOTAL MOT,-1,N/A,0.0,False,-1,N/A,0.0,False,0.0,True,0.0,False,1346461063.0,0.0,1346461063.0,4,False,True
C,A,20200101,2020,52,2020,156,CHN,China,M,Import,0,W00,World,0,W00,World,H5,HS,True,71,"Natural, cultured pearls; precious, semi-precious stones; precious metals, metals clad with precious metal, and articles thereof; imitation jewellery; coin",2,False,C00,TOTAL CPC,0,0,TOTAL MOT,-1,N/A,0.0,False,-1,N/A,0.0,False,0.0,True,0.0,False,31735388057.0,0.0,31735388057.0,4,False,True
C,A,20200101,2020,52,2020,156,CHN,China,M,Import,0,W00,World,0,W00,World,H5,HS,True,72,Iron and steel,2,False,C00,TOTAL CPC,0,0,TOTAL MOT,-1,N/A,0.0,False,-1,N/A,0.0,False,0.0,True,0.0,False,36901161339.0,0.0,36901161339.0,4,False,True
C,A,20200101,2020,52,2020,156,CHN,China,M,Import,0,W00,World,0,W00,World,H5,HS,True,40,Rubber and articles thereof,2,False,C00,TOTAL CPC,0,0,TOTAL MOT,-1,N/A,0.0,False,-1,N/A,0.0,False,0.0,True,0.0,False,16130428540.0,0.0,16130428540.0,4,False,True
C,A,20200101,2020,52,2020,156,CHN,China,M,Import,0,W00,World,0,W00,World,H5,HS,True,41,Raw hides and skins (other than furskins) and leather,2,False,C00,TOTAL CPC,0,0,TOTAL MOT,-1,N/A,0.0,False,-1,N/A,0.0,False,0.0,True,0.0,False,2728014783.0,0.0,2728014783.0,4,False,True
C,A,20200101,2020,52,2020,156,CHN,China,M,Import,0,W00,World,0,W00,World,H5,HS,True,43,Furskins and artificial fur; manufactures thereof,2,False,C00,TOTAL CPC,0,0,TOTAL MOT,-1,N/A,0.0,False,-1,N/A,0.0,False,0.0,True,0.0,False,543565651.0,0.0,543565651.0,4,False,True
C,A,20200101,2020,52,2020,156,CHN,China,M,Import,0,W00,World,0,W00,World,H5,HS,True,44,Wood and articles of wood; wood charcoal,2,False,C00,TOTAL CPC,0,0,TOTAL MOT,-1,N/A,0.0,False,-1,N/A,0.0,False,0.0,True,0.0,False,20190473455.0,0.0,20190473455.0,4,False,True
C,A,20200101,2020,52,2020,156,CHN,China,M,Import,0,W00,World,0,W00,World,H5,HS,True,45,Cork and articles of cork,2,False,C00,TOTAL CPC,0,0,TOTAL MOT,-1,N/A,0.0,False,-1,N/A,0.0,False,0.0,True,0.0,False,35147681.0,0.0,35147681.0,4,False,True
C,A,20200101,2020,52,2020,156,CHN,China,M,Import,0,W00,World,0,W00,World,H5,HS,True,46,"Manufactures of straw, esparto or other plaiting materials; basketware and wickerwork",2,False,C00,TOTAL CPC,0,0,TOTAL MOT,-1,N/A,0.0,False,-1,N/A,0.0,False,0.0,True,0.0,False,16238846.0,0.0,16238846.0,4,False,True
C,A,20200101,2020,52,2020,156,CHN,China,M,Import,0,W00,World,0,W00,World,H5,HS,True,47,Pulp of wood or other fibrous cellulosic material; recovered (waste and scrap) paper or paperboard,2,False,C00,TOTAL CPC,0,0,TOTAL MOT,-1,N/A,0.0,False,-1,N/A,0.0,False,0.0,True,0.0,False,16860154310.0,0.0,16860154310.0,4,False,True
C,A,20200101,2020,52,2020,156,CHN,China,M,Import,0,W00,World,0,W00,World,H5,HS,True,48,"Paper and paperboard; articles of paper pulp, of paper or paperboard",2,False,C00,TOTAL CPC,0,0,TOTAL MOT,-1,N/A,0.0,False,-1,N/A,0.0,False,0.0,True,0.0,False,7335794839.0,0.0,7335794839.0,4,False,True
C,A,20200101,2020,52,2020,156,CHN,China,M,Import,0,W00,World,0,W00,World,H5,HS,True,49,"Printed books, newspapers, pictures and other products of the printing industry; manuscripts, typescripts and plans",2,False,C00,TOTAL CPC,0,0,TOTAL MOT,-1,N/A,0.0,False,-1,N/A,0.0,False,0.0,True,0.0,False,2206527518.0,0.0,2206527518.0,4,False,True
C,A,20200101,2020,52,2020,156,CHN,China,M,Import,0,W00,World,0,W00,World,H5,HS,True,50,Silk,2,False,C00,TOTAL CPC,0,0,TOTAL MOT,-1,N/A,0.0,False,-1,N/A,0.0,False,0.0,True,0.0,False,48427915.0,0.0,48427915.0,4,False,True
C,A,20200101,2020,52,2020,156,CHN,China,M,Import,0,W00,World,0,W00,World,H5,HS,True,51,"Wool, fine or coarse animal hair; horsehair yarn and woven fabric",2,False,C00,TOTAL CPC,0,0,TOTAL MOT,-1,N/A,0.0,False,-1,N/A,0.0,False,0.0,True,0.0,False,2292872180.0,0.0,2292872180.0,4,False,True
C,A,20200101,2020,52,2020,156,CHN,China,M,Import,0,W00,World,0,W00,World,H5,HS,True,52,Cotton,2,False,C00,TOTAL CPC,0,0,TOTAL MOT,-1,N/A,0.0,False,-1,N/A,0.0,False,0.0,True,0.0,False,8278843566.0,0.0,8278843566.0,4,False,True
C,A,20200101,2020,52,2020,156,CHN,China,M,Import,0,W00,World,0,W00,World,H5,HS,True,30,Pharmaceutical products,2,False,C00,TOTAL CPC,0,0,TOTAL MOT,-1,N/A,0.0,False,-1,N/A,0.0,False,0.0,True,0.0,False,34915064567.0,0.0,34915064567.0,4,False,True
C,A,20200101,2020,52,2020,156,CHN,China,M,Import,0,W00,World,0,W00,World,H5,HS,True,31,Fertilizers,2,False,C00,TOTAL CPC,0,0,TOTAL MOT,-1,N/A,0.0,False,-1,N/A,0.0,False,0.0,True,0.0,False,2906186918.0,0.0,2906186918.0,4,False,True
C,A,20200101,2020,52,2020,156,CHN,China,M,Import,0,W00,World,0,W00,World,H5,HS,True,32,"Tanning or dyeing extracts; tannins and their derivatives; dyes, pigments and other colouring matter; paints, varnishes; putty, other mastics; inks",2,False,C00,TOTAL CPC,0,0,TOTAL MOT,-1,N/A,0.0,False,-1,N/A,0.0,False,0.0,True,0.0,False,4826331343.0,0.0,4826331343.0,4,False,True
C,A,20200101,2020,52,2020,156,CHN,China,M,Import,0,W00,World,0,W00,World,H5,HS,True,33,"Essential oils and resinoids; perfumery, cosmetic or toilet preparations",2,False,C00,TOTAL CPC,0,0,TOTAL MOT,-1,N/A,0.0,False,-1,N/A,0.0,False,0.0,True,0.0,False,20476770916.0,0.0,20476770916.0,4,False,True
C,A,20200101,2020,52,2020,156,CHN,China,M,Import,0,W00,World,0,W00,World,H5,HS,True,34,"Soap, organic surface-active agents; washing, lubricating, polishing or scouring preparations; artificial or prepared waxes, candles and similar articles, modelling pastes, dental waxes and dental preparations with a basis of plaster",2,False,C00,TOTAL CPC,0,0,TOTAL MOT,-1,N/A,0.0,False,-1,N/A,0.0,False,0.0,True,0.0,False,5040073845.0,0.0,5040073845.0,4,False,True
C,A,20200101,2020,52,2020,156,CHN,China,M,Import,0,W00,World,0,W00,World,H5,HS,True,35,Albuminoidal substances; modified starches; glues; enzymes,2,False,C00,TOTAL CPC,0,0,TOTAL MOT,-1,N/A,0.0,False,-1,N/A,0.0,False,0.0,True,0.0,False,3923498471.0,0.0,3923498471.0,4,False,True
C,A,20200101,2020,52,2020,156,CHN,China,M,Import,0,W00,World,0,W00,World,H5,HS,True,36,Explosives; pyrotechnic products; matches; pyrophoric alloys; certain combustible preparations,2,False,C00,TOTAL CPC,0,0,TOTAL MOT,-1,N/A,0.0,False,-1,N/A,0.0,False,0.0,True,0.0,False,93469973.0,0.0,93469973.0,4,False,True
C,A,20200101,2020,52,2020,156,CHN,China,M,Import,0,W00,World,0,W00,World,H5,HS,True,38,Chemical products n.e.c.,2,False,C00,TOTAL CPC,0,0,TOTAL MOT,-1,N/A,0.0,False,-1,N/A,0.0,False,0.0,True,0.0,False,18868182610.0,0.0,18868182610.0,4,False,True
C,A,20200101,2020,52,2020,156,CHN,China,M,Import,0,W00,World,0,W00,World,H5,HS,True,39,Plastics and articles thereof,2,False,C00,TOTAL CPC,0,0,TOTAL MOT,-1,N/A,0.0,False,-1,N/A,0.0,False,0.0,True,0.0,False,71084529260.0,0.0,71084529260.0,4,False,True
C,A,20200101,2020,52,2020,156,CHN,China,M,Import,0,W00,World,0,W00,World,H5,HS,True,03,"Fish and crustaceans, molluscs and other aquatic invertebrates",2,False,C00,TOTAL CPC,0,0,TOTAL MOT,-1,N/A,0.0,False,-1,N/A,0.0,False,0.0,True,0.0,False,12366189004.0,0.0,12366189004.0,4,False,True
C,A,20200101,2020,52,2020,156,CHN,China,M,Import,0,W00,World,0,W00,World,H5,HS,True,04,"Dairy produce; birds' eggs; natural honey; edible products of animal origin, not elsewhere specified or included",2,False,C00,TOTAL CPC,0,0,TOTAL MOT,-1,N/A,0.0,False,-1,N/A,0.0,False,0.0,True,0.0,False,7288503728.0,0.0,7288503728.0,4,False,True
C,A,20200101,2020,52,2020,156,CHN,China,M,Import,0,W00,World,0,W00,World,H5,HS,True,05,Animal originated products; not elsewhere specified or included,2,False,C00,TOTAL CPC,0,0,TOTAL MOT,-1,N/A,0.0,False,-1,N/A,0.0,False,0.0,True,0.0,False,762323285.0,0.0,762323285.0,4,False,True
C,A,20200101,2020,52,2020,156,CHN,China,M,Import,0,W00,World,0,W00,World,H5,HS,True,06,"Trees and other plants, live; bulbs, roots and the like; cut flowers and ornamental foliage",2,False,C00,TOTAL CPC,0,0,TOTAL MOT,-1,N/A,0.0,False,-1,N/A,0.0,False,0.0,True,0.0,False,243751482.0,0.0,243751482.0,4,False,True
C,A,20200101,2020,52,2020,156,CHN,China,M,Import,0,W00,World,0,W00,World,H5,HS,True,07,Vegetables and certain roots and tubers; edible,2,False,C00,TOTAL CPC,0,0,TOTAL MOT,-1,N/A,0.0,False,-1,N/A,0.0,False,0.0,True,0.0,False,1956687688.0,0.0,1956687688.0,4,False,True
C,A,20200101,2020,52,2020,156,CHN,China,M,Import,0,W00,World,0,W00,World,H5,HS,True,08,"Fruit and nuts, edible; peel of citrus fruit or melons",2,False,C00,TOTAL CPC,0,0,TOTAL MOT,-1,N/A,0.0,False,-1,N/A,0.0,False,0.0,True,0.0,False,12097680157.0,0.0,12097680157.0,4,False,True
C,A,20200101,2020,52,2020,156,CHN,China,M,Import,0,W00,World,0,W00,World,H5,HS,True,09,"Coffee, tea, mate and spices",2,False,C00,TOTAL CPC,0,0,TOTAL MOT,-1,N/A,0.0,False,-1,N/A,0.0,False,0.0,True,0.0,False,1237229227.0,0.0,1237229227.0,4,False,True
C,A,20200101,2020,52,2020,156,CHN,China,M,Import,0,W00,World,0,W00,World,H5,HS,True,10,Cereals,2,False,C00,TOTAL CPC,0,0,TOTAL MOT,-1,N/A,0.0,False,-1,N/A,0.0,False,0.0,True,0.0,False,9316836454.0,0.0,9316836454.0,4,False,True
C,A,20200101,2020,52,2020,156,CHN,China,M,Import,0,W00,World,0,W00,World,H5,HS,True,11,"Products of the milling industry; malt, starches, inulin, wheat gluten",2,False,C00,TOTAL CPC,0,0,TOTAL MOT,-1,N/A,0.0,False,-1,N/A,0.0,False,0.0,True,0.0,False,1440034119.0,0.0,1440034119.0,4,False,True
C,A,20200101,2020,52,2020,156,CHN,China,M,Import,0,W00,World,0,W00,World,H5,HS,True,12,"Oil seeds and oleaginous fruits; miscellaneous grains, seeds and fruit, industrial or medicinal plants; straw and fodder",2,False,C00,TOTAL CPC,0,0,TOTAL MOT,-1,N/A,0.0,False,-1,N/A,0.0,False,0.0,True,0.0,False,44980648916.0,0.0,44980648916.0,4,False,True
C,A,20200101,2020,52,2020,156,CHN,China,M,Import,0,W00,World,0,W00,World,H5,HS,True,13,"Lac; gums, resins and other vegetable saps and extracts",2,False,C00,TOTAL CPC,0,0,TOTAL MOT,-1,N/A,0.0,False,-1,N/A,0.0,False,0.0,True,0.0,False,371027604.0,0.0,371027604.0,4,False,True
C,A,20200101,2020,52,2020,156,CHN,China,M,Import,0,W00,World,0,W00,World,H5,HS,True,14,Vegetable plaiting materials; vegetable products not elsewhere specified or included,2,False,C00,TOTAL CPC,0,0,TOTAL MOT,-1,N/A,0.0,False,-1,N/A,0.0,False,0.0,True,0.0,False,128853369.0,0.0,128853369.0,4,False,True
C,A,20200101,2020,52,2020,156,CHN,China,M,Import,0,W00,World,0,W00,World,H5,HS,True,15,Animal or vegetable fats and oils and their cleavage products; prepared animal fats; animal or vegetable waxes,2,False,C00,TOTAL CPC,0,0,TOTAL MOT,-1,N/A,0.0,False,-1,N/A,0.0,False,0.0,True,0.0,False,11260130609.0,0.0,11260130609.0,4,False,True
C,A,20200101,2020,52,2020,156,CHN,China,M,Import,0,W00,World,0,W00,World,H5,HS,True,16,"Meat, fish or crustaceans, molluscs or other aquatic invertebrates; preparations thereof",2,False,C00,TOTAL CPC,0,0,TOTAL MOT,-1,N/A,0.0,False,-1,N/A,0.0,False,0.0,True,0.0,False,358698697.0,0.0,358698697.0,4,False,True
C,A,20200101,2020,52,2020,156,CHN,China,M,Import,0,W00,World,0,W00,World,H5,HS,True,17,Sugars and sugar confectionery,2,False,C00,TOTAL CPC,0,0,TOTAL MOT,-1,N/A,0.0,False,-1,N/A,0.0,False,0.0,True,0.0,False,2629581789.0,0.0,2629581789.0,4,False,True
C,A,20200101,2020,52,2020,156,CHN,China,M,Import,0,W00,World,0,W00,World,H5,HS,True,18,Cocoa and cocoa preparations,2,False,C00,TOTAL CPC,0,0,TOTAL MOT,-1,N/A,0.0,False,-1,N/A,0.0,False,0.0,True,0.0,False,787518533.0,0.0,787518533.0,4,False,True
C,A,20200101,2020,52,2020,156,CHN,China,M,Import,0,W00,World,0,W00,World,H5,HS,True,19,"Preparations of cereals, flour, starch or milk; pastrycooks' products",2,False,C00,TOTAL CPC,0,0,TOTAL MOT,-1,N/A,0.0,False,-1,N/A,0.0,False,0.0,True,0.0,False,7331524216.0,0.0,7331524216.0,4,False,True
C,A,20200101,2020,52,2020,156,CHN,China,M,Import,0,W00,World,0,W00,World,H5,HS,True,20,"Preparations of vegetables, fruit, nuts or other parts of plants",2,False,C00,TOTAL CPC,0,0,TOTAL MOT,-1,N/A,0.0,False,-1,N/A,0.0,False,0.0,True,0.0,False,1344302795.0,0.0,1344302795.0,4,False,True
C,A,20200101,2020,52,2020,156,CHN,China,M,Import,0,W00,World,0,W00,World,H5,HS,True,21,Miscellaneous edible preparations,2,False,C00,TOTAL CPC,0,0,TOTAL MOT,-1,N/A,0.0,False,-1,N/A,0.0,False,0.0,True,0.0,False,4459532109.0,0.0,4459532109.0,4,False,True
C,A,20200101,2020,52,2020,156,CHN,China,M,Import,0,W00,World,0,W00,World,H5,HS,True,22,"Beverages, spirits and vinegar",2,False,C00,TOTAL CPC,0,0,TOTAL MOT,-1,N/A,0.0,False,-1,N/A,0.0,False,0.0,True,0.0,False,5080450512.0,0.0,5080450512.0,4,False,True
C,A,20200101,2020,52,2020,156,CHN,China,M,Import,0,W00,World,0,W00,World,H5,HS,True,24,Tobacco and manufactured tobacco substitutes,2,False,C00,TOTAL CPC,0,0,TOTAL MOT,-1,N/A,0.0,False,-1,N/A,0.0,False,0.0,True,0.0,False,1166044372.0,0.0,1166044372.0,4,False,True
C,A,20200101,2020,52,2020,156,CHN,China,M,Import,0,W00,World,0,W00,World,H5,HS,True,25,"Salt; sulphur; earths, stone; plastering materials, lime and cement",2,False,C00,TOTAL CPC,0,0,TOTAL MOT,-1,N/A,0.0,False,-1,N/A,0.0,False,0.0,True,0.0,False,6890179982.0,0.0,6890179982.0,4,False,True
C,A,20200101,2020,52,2020,156,CHN,China,M,Import,0,W00,World,0,W00,World,H5,HS,True,28,"Inorganic chemicals; organic and inorganic compounds of precious metals; of rare earth metals, of radio-active elements and of isotopes",2,False,C00,TOTAL CPC,0,0,TOTAL MOT,-1,N/A,0.0,False,-1,N/A,0.0,False,0.0,True,0.0,False,11021438494.0,0.0,11021438494.0,4,False,True
C,A,20200101,2020,52,2020,156,CHN,China,M,Import,0,W00,World,0,W00,World,H5,HS,True,29,Organic chemicals,2,False,C00,TOTAL CPC,0,0,TOTAL MOT,-1,N/A,0.0,False,-1,N/A,0.0,False,0.0,True,0.0,False,45641316934.0,0.0,45641316934.0,4,False,True
C,A,20200101,2020,52,2020,156,CHN,China,M,Import,0,W00,World,0,W00,World,H5,HS,True,57,Carpets and other textile floor coverings,2,False,C00,TOTAL CPC,0,0,TOTAL MOT,-1,N/A,0.0,False,-1,N/A,0.0,False,0.0,True,0.0,False,79491107.0,0.0,79491107.0,4,False,True
C,A,20200101,2020,52,2020,156,CHN,China,M,Import,0,W00,World,0,W00,World,H5,HS,True,82,"Tools, implements, cutlery, spoons and forks, of base metal; parts thereof, of base metal",2,False,C00,TOTAL CPC,0,0,TOTAL MOT,-1,N/A,0.0,False,-1,N/A,0.0,False,0.0,True,0.0,False,3117944117.0,0.0,3117944117.0,4,False,True
C,A,20200101,2020,52,2020,156,CHN,China,M,Import,0,W00,World,0,W00,World,H5,HS,True,90,"Optical, photographic, cinematographic, measuring, checking, medical or surgical instruments and apparatus; parts and accessories",2,False,C00,TOTAL CPC,0,0,TOTAL MOT,-1,N/A,0.0,False,-1,N/A,0.0,False,0.0,True,0.0,False,99066911025.0,0.0,99066911025.0,4,False,True
C,A,20200101,2020,52,2020,156,CHN,China,M,Import,0,W00,World,0,W00,World,H5,HS,True,64,Footwear; gaiters and the like; parts of such articles,2,False,C00,TOTAL CPC,0,0,TOTAL MOT,-1,N/A,0.0,False,-1,N/A,0.0,False,0.0,True,0.0,False,5972495873.0,0.0,5972495873.0,4,False,True
C,A,20200101,2020,52,2020,156,CHN,China,M,Import,0,W00,World,0,W00,World,H5,HS,True,66,"Umbrellas, sun umbrellas, walking-sticks, seat sticks, whips, riding crops; and parts thereof",2,False,C00,TOTAL CPC,0,0,TOTAL MOT,-1,N/A,0.0,False,-1,N/A,0.0,False,0.0,True,0.0,False,8965946.0,0.0,8965946.0,4,False,True
C,A,20200101,2020,52,2020,156,CHN,China,M,Import,0,W00,World,0,W00,World,H5,HS,True,70,Glass and glassware,2,False,C00,TOTAL CPC,0,0,TOTAL MOT,-1,N/A,0.0,False,-1,N/A,0.0,False,0.0,True,0.0,False,7855827751.0,0.0,7855827751.0,4,False,True
C,A,20200101,2020,52,2020,156,CHN,China,M,Import,0,W00,World,0,W00,World,H5,HS,True,42,"Articles of leather; saddlery and harness; travel goods, handbags and similar containers; articles of animal gut (other than silk-worm gut)",2,False,C00,TOTAL CPC,0,0,TOTAL MOT,-1,N/A,0.0,False,-1,N/A,0.0,False,0.0,True,0.0,False,4815607531.0,0.0,4815607531.0,4,False,True
C,A,20200101,2020,52,2020,156,CHN,China,M,Import,0,W00,World,0,W00,World,H5,HS,True,37,Photographic or cinematographic goods,2,False,C00,TOTAL CPC,0,0,TOTAL MOT,-1,N/A,0.0,False,-1,N/A,0.0,False,0.0,True,0.0,False,2898334141.0,0.0,2898334141.0,4,False,True
C,A,20200101,2020,52,2020,156,CHN,China,M,Import,0,W00,World,0,W00,World,H5,HS,True,01,Animals; live,2,False,C00,TOTAL CPC,0,0,TOTAL MOT,-1,N/A,0.0,False,-1,N/A,0.0,False,0.0,True,0.0,False,634691907.0,0.0,634691907.0,4,False,True
C,A,20200101,2020,52,2020,156,CHN,China,M,Import,0,W00,World,0,W00,World,H5,HS,True,99,Commodities not specified according to kind,2,False,C00,TOTAL CPC,0,0,TOTAL MOT,-1,N/A,0.0,False,-1,N/A,0.0,False,0.0,False,0.0,False,10906754656.0,0.0,10906754656.0,0,False,True
C,A,20200101,2020,52,2020,156,CHN,China,M,Import,0,W00,World,0,W00,World,H5,HS,True,02,Meat and edible meat offal,2,False,C00,TOTAL CPC,0,0,TOTAL MOT,-1,N/A,0.0,False,-1,N/A,0.0,False,0.0,False,0.0,False,30268514046.0,0.0,30268514046.0,0,False,True
C,A,20200101,2020,52,2020,156,CHN,China,M,Import,0,W00,World,0,W00,World,H5,HS,True,23,"Food industries, residues and wastes thereof; prepared animal fodder",2,False,C00,TOTAL CPC,0,0,TOTAL MOT,-1,N/A,0.0,False,-1,N/A,0.0,False,0.0,False,0.0,False,4791397367.0,0.0,4791397367.0,0,False,True
C,A,20200101,2020,52,2020,156,CHN,China,M,Import,0,W00,World,0,W00,World,H5,HS,True,26,"Ores, slag and ash",2,False,C00,TOTAL CPC,0,0,TOTAL MOT,-1,N/A,0.0,False,-1,N/A,0.0,False,0.0,False,0.0,False,187192533351.0,0.0,187192533351.0,0,False,True
C,A,20200101,2020,52,2020,156,CHN,China,M,Import,0,W00,World,0,W00,World,H5,HS,True,27,"Mineral fuels, mineral oils and products of their distillation; bituminous substances; mineral waxes",2,False,C00,TOTAL CPC,0,0,TOTAL MOT,-1,N/A,0.0,False,-1,N/A,0.0,False,0.0,False,0.0,False,273716495976.0,0.0,273716495976.0,0,False,True
C,A,20200101,2020,52,2020,704,VNM,Viet Nam,M,Import,0,W00,World,0,W00,World,H5,HS,True,99,Commodities not specified according to kind,2,False,C00,TOTAL CPC,0,0,TOTAL MOT,-1,N/A,0.0,False,-1,N/A,0.0,False,0.0,False,0.0,False,2139161277.061,0.0,2139161277.061,0,False,True
C,A,20200101,2020,52,2020,704,VNM,Viet Nam,M,Import,0,W00,World,0,W00,World,H5,HS,True,02,Meat and edible meat offal,2,False,C00,TOTAL CPC,0,0,TOTAL MOT,-1,N/A,0.0,False,-1,N/A,0.0,False,0.0,True,0.0,False,1237255479.139,0.0,1237255479.139,4,False,True
C,A,20200101,2020,52,2020,704,VNM,Viet Nam,M,Import,0,W00,World,0,W00,World,H5,HS,True,06,"Trees and other plants, live; bulbs, roots and the like; cut flowers and ornamental foliage",2,False,C00,TOTAL CPC,0,0,TOTAL MOT,-1,N/A,0.0,False,-1,N/A,0.0,False,0.0,True,0.0,False,116338671.289,0.0,116338671.289,4,False,True
C,A,20200101,2020,52,2020,704,VNM,Viet Nam,M,Import,0,W00,World,0,W00,World,H5,HS,True,07,Vegetables and certain roots and tubers; edible,2,False,C00,TOTAL CPC,0,0,TOTAL MOT,-1,N/A,0.0,False,-1,N/A,0.0,False,0.0,True,0.0,False,536665521.712,0.0,536665521.712,4,False,True
C,A,20200101,2020,52,2020,704,VNM,Viet Nam,M,Import,0,W00,World,0,W00,World,H5,HS,True,08,"Fruit and nuts, edible; peel of citrus fruit or melons",2,False,C00,TOTAL CPC,0,0,TOTAL MOT,-1,N/A,0.0,False,-1,N/A,0.0,False,0.0,True,0.0,False,2320668747.296,0.0,2320668747.296,4,False,True
C,A,20200101,2020,52,2020,704,VNM,Viet Nam,M,Import,0,W00,World,0,W00,World,H5,HS,True,09,"Coffee, tea, mate and spices",2,False,C00,TOTAL CPC,0,0,TOTAL MOT,-1,N/A,0.0,False,-1,N/A,0.0,False,0.0,True,0.0,False,256218082.291,0.0,256218082.291,4,False,True
C,A,20200101,2020,52,2020,704,VNM,Viet Nam,M,Import,0,W00,World,0,W00,World,H5,HS,True,10,Cereals,2,False,C00,TOTAL CPC,0,0,TOTAL MOT,-1,N/A,0.0,False,-1,N/A,0.0,False,0.0,True,0.0,False,3408445658.903,0.0,3408445658.903,4,False,True
C,A,20200101,2020,52,2020,704,VNM,Viet Nam,M,Import,0,W00,World,0,W00,World,H5,HS,True,11,"Products of the milling industry; malt, starches, inulin, wheat gluten",2,False,C00,TOTAL CPC,0,0,TOTAL MOT,-1,N/A,0.0,False,-1,N/A,0.0,False,0.0,True,0.0,False,285889646.336,0.0,285889646.336,4,False,True
C,A,20200101,2020,52,2020,704,VNM,Viet Nam,M,Import,0,W00,World,0,W00,World,H5,HS,True,16,"Meat, fish or crustaceans, molluscs or other aquatic invertebrates; preparations thereof",2,False,C00,TOTAL CPC,0,0,TOTAL MOT,-1,N/A,0.0,False,-1,N/A,0.0,False,0.0,True,0.0,False,47046676.866,0.0,47046676.866,4,False,True
C,A,20200101,2020,52,2020,704,VNM,Viet Nam,M,Import,0,W00,World,0,W00,World,H5,HS,True,17,Sugars and sugar confectionery,2,False,C00,TOTAL CPC,0,0,TOTAL MOT,-1,N/A,0.0,False,-1,N/A,0.0,False,0.0,True,0.0,False,911316704.821,0.0,911316704.821,4,False,True
C,A,20200101,2020,52,2020,704,VNM,Viet Nam,M,Import,0,W00,World,0,W00,World,H5,HS,True,18,Cocoa and cocoa preparations,2,False,C00,TOTAL CPC,0,0,TOTAL MOT,-1,N/A,0.0,False,-1,N/A,0.0,False,0.0,True,0.0,False,49963983.509,0.0,49963983.509,4,False,True
C,A,20200101,2020,52,2020,704,VNM,Viet Nam,M,Import,0,W00,World,0,W00,World,H5,HS,True,19,"Preparations of cereals, flour, starch or milk; pastrycooks' products",2,False,C00,TOTAL CPC,0,0,TOTAL MOT,-1,N/A,0.0,False,-1,N/A,0.0,False,0.0,True,0.0,False,639404058.476,0.0,639404058.476,4,False,True
C,A,20200101,2020,52,2020,704,VNM,Viet Nam,M,Import,0,W00,World,0,W00,World,H5,HS,True,22,"Beverages, spirits and vinegar",2,False,C00,TOTAL CPC,0,0,TOTAL MOT,-1,N/A,0.0,False,-1,N/A,0.0,False,0.0,True,0.0,False,315158895.747,0.0,315158895.747,4,False,True
C,A,20200101,2020,52,2020,704,VNM,Viet Nam,M,Import,0,W00,World,0,W00,World,H5,HS,True,24,Tobacco and manufactured tobacco substitutes,2,False,C00,TOTAL CPC,0,0,TOTAL MOT,-1,N/A,0.0,False,-1,N/A,0.0,False,0.0,True,0.0,False,240578563.612,0.0,240578563.612,4,False,True
C,A,20200101,2020,52,2020,704,VNM,Viet Nam,M,Import,0,W00,World,0,W00,World,H5,HS,True,31,Fertilizers,2,False,C00,TOTAL CPC,0,0,TOTAL MOT,-1,N/A,0.0,False,-1,N/A,0.0,False,0.0,True,0.0,False,948159055.798,0.0,948159055.798,4,False,True
C,A,20200101,2020,52,2020,704,VNM,Viet Nam,M,Import,0,W00,World,0,W00,World,H5,HS,True,33,"Essential oils and resinoids; perfumery, cosmetic or toilet preparations",2,False,C00,TOTAL CPC,0,0,TOTAL MOT,-1,N/A,0.0,False,-1,N/A,0.0,False,0.0,True,0.0,False,900978837.574,0.0,900978837.574,4,False,True
C,A,20200101,2020,52,2020,704,VNM,Viet Nam,M,Import,0,W00,World,0,W00,World,H5,HS,True,34,"Soap, organic surface-active agents; washing, lubricating, polishing or scouring preparations; artificial or prepared waxes, candles and similar articles, modelling pastes, dental waxes and dental preparations with a basis of plaster",2,False,C00,TOTAL CPC,0,0,TOTAL MOT,-1,N/A,0.0,False,-1,N/A,0.0,False,0.0,True,0.0,False,788276535.736,0.0,788276535.736,4,False,True
C,A,20200101,2020,52,2020,704,VNM,Viet Nam,M,Import,0,W00,World,0,W00,World,H5,HS,True,39,Plastics and articles thereof,2,False,C00,TOTAL CPC,0,0,TOTAL MOT,-1,N/A,0.0,False,-1,N/A,0.0,False,0.0,True,0.0,False,15903360013.232,0.0,15903360013.232,4,False,True
C,A,20200101,2020,52,2020,704,VNM,Viet Nam,M,Import,0,W00,World,0,W00,World,H5,HS,True,41,Raw hides and skins (other than furskins) and leather,2,False,C00,TOTAL CPC,0,0,TOTAL MOT,-1,N/A,0.0,False,-1,N/A,0.0,False,0.0,True,0.0,False,1336864098.913,0.0,1336864098.913,4,False,True
C,A,20200101,2020,52,2020,704,VNM,Viet Nam,M,Import,0,W00,World,0,W00,World,H5,HS,True,44,Wood and articles of wood; wood charcoal,2,False,C00,TOTAL CPC,0,0,TOTAL MOT,-1,N/A,0.0,False,-1,N/A,0.0,False,0.0,True,0.0,False,1993210933.778,0.0,1993210933.778,4,False,True
C,A,20200101,2020,52,2020,704,VNM,Viet Nam,M,Import,0,W00,World,0,W00,World,H5,HS,True,45,Cork and articles of cork,2,False,C00,TOTAL CPC,0,0,TOTAL MOT,-1,N/A,0.0,False,-1,N/A,0.0,False,0.0,True,0.0,False,5597518.466,0.0,5597518.466,4,False,True
C,A,20200101,2020,52,2020,704,VNM,Viet Nam,M,Import,0,W00,World,0,W00,World,H5,HS,True,46,"Manufactures of straw, esparto or other plaiting materials; basketware and wickerwork",2,False,C00,TOTAL CPC,0,0,TOTAL MOT,-1,N/A,0.0,False,-1,N/A,0.0,False,0.0,True,0.0,False,17626559.164,0.0,17626559.164,4,False,True
C,A,20200101,2020,52,2020,704,VNM,Viet Nam,M,Import,0,W00,World,0,W00,World,H5,HS,True,47,Pulp of wood or other fibrous cellulosic material; recovered (waste and scrap) paper or paperboard,2,False,C00,TOTAL CPC,0,0,TOTAL MOT,-1,N/A,0.0,False,-1,N/A,0.0,False,0.0,True,0.0,False,656636559.679,0.0,656636559.679,4,False,True
C,A,20200101,2020,52,2020,704,VNM,Viet Nam,M,Import,0,W00,World,0,W00,World,H5,HS,True,48,"Paper and paperboard; articles of paper pulp, of paper or paperboard",2,False,C00,TOTAL CPC,0,0,TOTAL MOT,-1,N/A,0.0,False,-1,N/A,0.0,False,0.0,True,0.0,False,2424761229.479,0.0,2424761229.479,4,False,True
C,A,20200101,2020,52,2020,704,VNM,Viet Nam,M,Import,0,W00,World,0,W00,World,H5,HS,True,50,Silk,2,False,C00,TOTAL CPC,0,0,TOTAL MOT,-1,N/A,0.0,False,-1,N/A,0.0,False,0.0,True,0.0,False,26539735.34,0.0,26539735.34,4,False,True
C,A,20200101,2020,52,2020,704,VNM,Viet Nam,M,Import,0,W00,World,0,W00,World,H5,HS,True,51,"Wool, fine or coarse animal hair; horsehair yarn and woven fabric",2,False,C00,TOTAL CPC,0,0,TOTAL MOT,-1,N/A,0.0,False,-1,N/A,0.0,False,0.0,True,0.0,False,230182038.221,0.0,230182038.221,4,False,True
C,A,20200101,2020,52,2020,704,VNM,Viet Nam,M,Import,0,W00,World,0,W00,World,H5,HS,True,52,Cotton,2,False,C00,TOTAL CPC,0,0,TOTAL MOT,-1,N/A,0.0,False,-1,N/A,0.0,False,0.0,True,0.0,False,3692815695.849,0.0,3692815695.849,4,False,True
C,A,20200101,2020,52,2020,704,VNM,Viet Nam,M,Import,0,W00,World,0,W00,World,H5,HS,True,53,Vegetable textile fibres; paper yarn and woven fabrics of paper yarn,2,False,C00,TOTAL CPC,0,0,TOTAL MOT,-1,N/A,0.0,False,-1,N/A,0.0,False,0.0,True,0.0,False,91090668.489,0.0,91090668.489,4,False,True
C,A,20200101,2020,52,2020,704,VNM,Viet Nam,M,Import,0,W00,World,0,W00,World,H5,HS,True,54,Man-made filaments; strip and the like of man-made textile materials,2,False,C00,TOTAL CPC,0,0,TOTAL MOT,-1,N/A,0.0,False,-1,N/A,0.0,False,0.0,True,0.0,False,2884256766.782,0.0,2884256766.782,4,False,True
C,A,20200101,2020,52,2020,704,VNM,Viet Nam,M,Import,0,W00,World,0,W00,World,H5,HS,True,55,Man-made staple fibres,2,False,C00,TOTAL CPC,0,0,TOTAL MOT,-1,N/A,0.0,False,-1,N/A,0.0,False,0.0,True,0.0,False,2327339795.674,0.0,2327339795.674,4,False,True
C,A,20200101,2020,52,2020,704,VNM,Viet Nam,M,Import,0,W00,World,0,W00,World,H5,HS,True,56,"Wadding, felt and nonwovens, special yarns; twine, cordage, ropes and cables and articles thereof",2,False,C00,TOTAL CPC,0,0,TOTAL MOT,-1,N/A,0.0,False,-1,N/A,0.0,False,0.0,True,0.0,False,1075062391.78,0.0,1075062391.78,4,False,True
C,A,20200101,2020,52,2020,704,VNM,Viet Nam,M,Import,0,W00,World,0,W00,World,H5,HS,True,57,Carpets and other textile floor coverings,2,False,C00,TOTAL CPC,0,0,TOTAL MOT,-1,N/A,0.0,False,-1,N/A,0.0,False,0.0,True,0.0,False,61811751.797,0.0,61811751.797,4,False,True
C,A,20200101,2020,52,2020,704,VNM,Viet Nam,M,Import,0,W00,World,0,W00,World,H5,HS,True,58,"Fabrics; special woven fabrics, tufted textile fabrics, lace, tapestries, trimmings, embroidery",2,False,C00,TOTAL CPC,0,0,TOTAL MOT,-1,N/A,0.0,False,-1,N/A,0.0,False,0.0,True,0.0,False,990732745.557,0.0,990732745.557,4,False,True
C,A,20200101,2020,52,2020,704,VNM,Viet Nam,M,Import,0,W00,World,0,W00,World,H5,HS,True,59,"Textile fabrics; impregnated, coated, covered or laminated; textile articles of a kind suitable for industrial use",2,False,C00,TOTAL CPC,0,0,TOTAL MOT,-1,N/A,0.0,False,-1,N/A,0.0,False,0.0,True,0.0,False,1415857231.811,0.0,1415857231.811,4,False,True
C,A,20200101,2020,52,2020,704,VNM,Viet Nam,M,Import,0,W00,World,0,W00,World,H5,HS,True,60,Fabrics; knitted or crocheted,2,False,C00,TOTAL CPC,0,0,TOTAL MOT,-1,N/A,0.0,False,-1,N/A,0.0,False,0.0,True,0.0,False,5204330280.886,0.0,5204330280.886,4,False,True
C,A,20200101,2020,52,2020,704,VNM,Viet Nam,M,Import,0,W00,World,0,W00,World,H5,HS,True,61,Apparel and clothing accessories; knitted or crocheted,2,False,C00,TOTAL CPC,0,0,TOTAL MOT,-1,N/A,0.0,False,-1,N/A,0.0,False,0.0,True,0.0,False,245263951.074,0.0,245263951.074,4,False,True
C,A,20200101,2020,52,2020,704,VNM,Viet Nam,M,Import,0,W00,World,0,W00,World,H5,HS,True,62,Apparel and clothing accessories; not knitted or crocheted,2,False,C00,TOTAL CPC,0,0,TOTAL MOT,-1,N/A,0.0,False,-1,N/A,0.0,False,0.0,True,0.0,False,218911245.556,0.0,218911245.556,4,False,True
C,A,20200101,2020,52,2020,704,VNM,Viet Nam,M,Import,0,W00,World,0,W00,World,H5,HS,True,64,Footwear; gaiters and the like; parts of such articles,2,False,C00,TOTAL CPC,0,0,TOTAL MOT,-1,N/A,0.0,False,-1,N/A,0.0,False,0.0,True,0.0,False,1131939863.19,0.0,1131939863.19,4,False,True
C,A,20200101,2020,52,2020,704,VNM,Viet Nam,M,Import,0,W00,World,0,W00,World,H5,HS,True,65,Headgear and parts thereof,2,False,C00,TOTAL CPC,0,0,TOTAL MOT,-1,N/A,0.0,False,-1,N/A,0.0,False,0.0,True,0.0,False,51684804.429,0.0,51684804.429,4,False,True
C,A,20200101,2020,52,2020,704,VNM,Viet Nam,M,Import,0,W00,World,0,W00,World,H5,HS,True,67,"Feathers and down, prepared; and articles made of feather or of down; artificial flowers; articles of human hair",2,False,C00,TOTAL CPC,0,0,TOTAL MOT,-1,N/A,0.0,False,-1,N/A,0.0,False,0.0,True,0.0,False,50424667.669,0.0,50424667.669,4,False,True
C,A,20200101,2020,52,2020,704,VNM,Viet Nam,M,Import,0,W00,World,0,W00,World,H5,HS,True,72,Iron and steel,2,False,C00,TOTAL CPC,0,0,TOTAL MOT,-1,N/A,0.0,False,-1,N/A,0.0,False,0.0,True,0.0,False,9900340614.585,0.0,9900340614.585,4,False,True
C,A,20200101,2020,52,2020,704,VNM,Viet Nam,M,Import,0,W00,World,0,W00,World,H5,HS,True,74,Copper and articles thereof,2,False,C00,TOTAL CPC,0,0,TOTAL MOT,-1,N/A,0.0,False,-1,N/A,0.0,False,0.0,True,0.0,False,3028056106.836,0.0,3028056106.836,4,False,True
C,A,20200101,2020,52,2020,704,VNM,Viet Nam,M,Import,0,W00,World,0,W00,World,H5,HS,True,76,Aluminium and articles thereof,2,False,C00,TOTAL CPC,0,0,TOTAL MOT,-1,N/A,0.0,False,-1,N/A,0.0,False,0.0,True,0.0,False,3245067720.687,0.0,3245067720.687,4,False,True
C,A,20200101,2020,52,2020,704,VNM,Viet Nam,M,Import,0,W00,World,0,W00,World,H5,HS,True,78,Lead and articles thereof,2,False,C00,TOTAL CPC,0,0,TOTAL MOT,-1,N/A,0.0,False,-1,N/A,0.0,False,0.0,True,0.0,False,481550845.081,0.0,481550845.081,4,False,True
C,A,20200101,2020,52,2020,704,VNM,Viet Nam,M,Import,0,W00,World,0,W00,World,H5,HS,True,79,Zinc and articles thereof,2,False,C00,TOTAL CPC,0,0,TOTAL MOT,-1,N/A,0.0,False,-1,N/A,0.0,False,0.0,True,0.0,False,490318004.285,0.0,490318004.285,4,False,True
C,A,20200101,2020,52,2020,704,VNM,Viet Nam,M,Import,0,W00,World,0,W00,World,H5,HS,True,80,Tin; articles thereof,2,False,C00,TOTAL CPC,0,0,TOTAL MOT,-1,N/A,0.0,False,-1,N/A,0.0,False,0.0,True,0.0,False,112305013.517,0.0,112305013.517,4,False,True
C,A,20200101,2020,52,2020,704,VNM,Viet Nam,M,Import,0,W00,World,0,W00,World,H5,HS,True,84,"Nuclear reactors, boilers, machinery and mechanical appliances; parts thereof",2,False,C00,TOTAL CPC,0,0,TOTAL MOT,-1,N/A,0.0,False,-1,N/A,0.0,False,0.0,True,0.0,False,21572055074.583,0.0,21572055074.583,4,False,True
C,A,20200101,2020,52,2020,704,VNM,Viet Nam,M,Import,0,W00,World,0,W00,World,H5,HS,True,86,"Railway, tramway locomotives, rolling-stock and parts thereof; railway or tramway track fixtures and fittings and parts thereof; mechanical (including electro-mechanical) traffic signalling equipment of all kinds",2,False,C00,TOTAL CPC,0,0,TOTAL MOT,-1,N/A,0.0,False,-1,N/A,0.0,False,0.0,True,0.0,False,39536585.01,0.0,39536585.01,4,False,True
C,A,20200101,2020,52,2020,704,VNM,Viet Nam,M,Import,0,W00,World,0,W00,World,H5,HS,True,93,Arms and ammunition; parts and accessories thereof,2,False,C00,TOTAL CPC,0,0,TOTAL MOT,-1,N/A,0.0,False,-1,N/A,0.0,False,0.0,True,0.0,False,483288.475,0.0,483288.475,4,False,True
C,A,20200101,2020,52,2020,704,VNM,Viet Nam,M,Import,0,W00,World,0,W00,World,H5,HS,True,94,"Furniture; bedding, mattresses, mattress supports, cushions and similar stuffed furnishings; lamps and lighting fittings, n.e.c.; illuminated signs, illuminated name-plates and the like; prefabricated buildings",2,False,C00,TOTAL CPC,0,0,TOTAL MOT,-1,N/A,0.0,False,-1,N/A,0.0,False,0.0,True,0.0,False,1092330212.509,0.0,1092330212.509,4,False,True
C,A,20200101,2020,52,2020,704,VNM,Viet Nam,M,Import,0,W00,World,0,W00,World,H5,HS,True,95,"Toys, games and sports requisites; parts and accessories thereof",2,False,C00,TOTAL CPC,0,0,TOTAL MOT,-1,N/A,0.0,False,-1,N/A,0.0,False,0.0,True,0.0,False,321319585.905,0.0,321319585.905,4,False,True
C,A,20200101,2020,52,2020,704,VNM,Viet Nam,M,Import,0,W00,World,0,W00,World,H5,HS,True,96,Miscellaneous manufactured articles,2,False,C00,TOTAL CPC,0,0,TOTAL MOT,-1,N/A,0.0,False,-1,N/A,0.0,False,0.0,True,0.0,False,953351664.83,0.0,953351664.83,4,False,True
C,A,20200101,2020,52,2020,704,VNM,Viet Nam,M,Import,0,W00,World,0,W00,World,H5,HS,True,01,Animals; live,2,False,C00,TOTAL CPC,0,0,TOTAL MOT,-1,N/A,0.0,False,-1,N/A,0.0,False,0.0,True,0.0,False,869623537.255,0.0,869623537.255,4,False,True
C,A,20200101,2020,52,2020,704,VNM,Viet Nam,M,Import,0,W00,World,0,W00,World,H5,HS,True,03,"Fish and crustaceans, molluscs and other aquatic invertebrates",2,False,C00,TOTAL CPC,0,0,TOTAL MOT,-1,N/A,0.0,False,-1,N/A,0.0,False,0.0,True,0.0,False,1594193516.47,0.0,1594193516.47,4,False,True
C,A,20200101,2020,52,2020,704,VNM,Viet Nam,M,Import,0,W00,World,0,W00,World,H5,HS,True,04,"Dairy produce; birds' eggs; natural honey; edible products of animal origin, not elsewhere specified or included",2,False,C00,TOTAL CPC,0,0,TOTAL MOT,-1,N/A,0.0,False,-1,N/A,0.0,False,0.0,True,0.0,False,682525903.665,0.0,682525903.665,4,False,True
C,A,20200101,2020,52,2020,704,VNM,Viet Nam,M,Import,0,W00,World,0,W00,World,H5,HS,True,05,Animal originated products; not elsewhere specified or included,2,False,C00,TOTAL CPC,0,0,TOTAL MOT,-1,N/A,0.0,False,-1,N/A,0.0,False,0.0,True,0.0,False,277556789.666,0.0,277556789.666,4,False,True
C,A,20200101,2020,52,2020,704,VNM,Viet Nam,M,Import,0,W00,World,0,W00,World,H5,HS,True,12,"Oil seeds and oleaginous fruits; miscellaneous grains, seeds and fruit, industrial or medicinal plants; straw and fodder",2,False,C00,TOTAL CPC,0,0,TOTAL MOT,-1,N/A,0.0,False,-1,N/A,0.0,False,0.0,True,0.0,False,1146023314.87,0.0,1146023314.87,4,False,True
C,A,20200101,2020,52,2020,704,VNM,Viet Nam,M,Import,0,W00,World,0,W00,World,H5,HS,True,13,"Lac; gums, resins and other vegetable saps and extracts",2,False,C00,TOTAL CPC,0,0,TOTAL MOT,-1,N/A,0.0,False,-1,N/A,0.0,False,0.0,True,0.0,False,86423664.574,0.0,86423664.574,4,False,True
C,A,20200101,2020,52,2020,704,VNM,Viet Nam,M,Import,0,W00,World,0,W00,World,H5,HS,True,14,Vegetable plaiting materials; vegetable products not elsewhere specified or included,2,False,C00,TOTAL CPC,0,0,TOTAL MOT,-1,N/A,0.0,False,-1,N/A,0.0,False,0.0,True,0.0,False,4831167.047,0.0,4831167.047,4,False,True
C,A,20200101,2020,52,2020,704,VNM,Viet Nam,M,Import,0,W00,World,0,W00,World,H5,HS,True,15,Animal or vegetable fats and oils and their cleavage products; prepared animal fats; animal or vegetable waxes,2,False,C00,TOTAL CPC,0,0,TOTAL MOT,-1,N/A,0.0,False,-1,N/A,0.0,False,0.0,True,0.0,False,928918695.955,0.0,928918695.955,4,False,True
C,A,20200101,2020,52,2020,704,VNM,Viet Nam,M,Import,0,W00,World,0,W00,World,H5,HS,True,20,"Preparations of vegetables, fruit, nuts or other parts of plants",2,False,C00,TOTAL CPC,0,0,TOTAL MOT,-1,N/A,0.0,False,-1,N/A,0.0,False,0.0,True,0.0,False,133313315.084,0.0,133313315.084,4,False,True
C,A,20200101,2020,52,2020,704,VNM,Viet Nam,M,Import,0,W00,World,0,W00,World,H5,HS,True,21,Miscellaneous edible preparations,2,False,C00,TOTAL CPC,0,0,TOTAL MOT,-1,N/A,0.0,False,-1,N/A,0.0,False,0.0,True,0.0,False,995596924.869,0.0,995596924.869,4,False,True
C,A,20200101,2020,52,2020,704,VNM,Viet Nam,M,Import,0,W00,World,0,W00,World,H5,HS,True,23,"Food industries, residues and wastes thereof; prepared animal fodder",2,False,C00,TOTAL CPC,0,0,TOTAL MOT,-1,N/A,0.0,False,-1,N/A,0.0,False,0.0,True,0.0,False,3817782572.267,0.0,3817782572.267,4,False,True
C,A,20200101,2020,52,2020,704,VNM,Viet Nam,M,Import,0,W00,World,0,W00,World,H5,HS,True,25,"Salt; sulphur; earths, stone; plastering materials, lime and cement",2,False,C00,TOTAL CPC,0,0,TOTAL MOT,-1,N/A,0.0,False,-1,N/A,0.0,False,0.0,True,0.0,False,306496352.004,0.0,306496352.004,4,False,True
C,A,20200101,2020,52,2020,704,VNM,Viet Nam,M,Import,0,W00,World,0,W00,World,H5,HS,True,26,"Ores, slag and ash",2,False,C00,TOTAL CPC,0,0,TOTAL MOT,-1,N/A,0.0,False,-1,N/A,0.0,False,0.0,True,0.0,False,1623063856.349,0.0,1623063856.349,4,False,True
C,A,20200101,2020,52,2020,704,VNM,Viet Nam,M,Import,0,W00,World,0,W00,World,H5,HS,True,27,"Mineral fuels, mineral oils and products of their distillation; bituminous substances; mineral waxes",2,False,C00,TOTAL CPC,0,0,TOTAL MOT,-1,N/A,0.0,False,-1,N/A,0.0,False,0.0,True,0.0,False,12928719616.623,0.0,12928719616.623,4,False,True
C,A,20200101,2020,52,2020,704,VNM,Viet Nam,M,Import,0,W00,World,0,W00,World,H5,HS,True,28,"Inorganic chemicals; organic and inorganic compounds of precious metals; of rare earth metals, of radio-active elements and of isotopes",2,False,C00,TOTAL CPC,0,0,TOTAL MOT,-1,N/A,0.0,False,-1,N/A,0.0,False,0.0,True,0.0,False,1469778847.988,0.0,1469778847.988,4,False,True
C,A,20200101,2020,52,2020,704,VNM,Viet Nam,M,Import,0,W00,World,0,W00,World,H5,HS,True,29,Organic chemicals,2,False,C00,TOTAL CPC,0,0,TOTAL MOT,-1,N/A,0.0,False,-1,N/A,0.0,False,0.0,True,0.0,False,3797408566.736,0.0,3797408566.736,4,False,True
C,A,20200101,2020,52,2020,704,VNM,Viet Nam,M,Import,0,W00,World,0,W00,World,H5,HS,True,30,Pharmaceutical products,2,False,C00,TOTAL CPC,0,0,TOTAL MOT,-1,N/A,0.0,False,-1,N/A,0.0,False,0.0,True,0.0,False,3553972939.617,0.0,3553972939.617,4,False,True
C,A,20200101,2020,52,2020,704,VNM,Viet Nam,M,Import,0,W00,World,0,W00,World,H5,HS,True,32,"Tanning or dyeing extracts; tannins and their derivatives; dyes, pigments and other colouring matter; paints, varnishes; putty, other mastics; inks",2,False,C00,TOTAL CPC,0,0,TOTAL MOT,-1,N/A,0.0,False,-1,N/A,0.0,False,0.0,True,0.0,False,1768308391.311,0.0,1768308391.311,4,False,True
C,A,20200101,2020,52,2020,704,VNM,Viet Nam,M,Import,0,W00,World,0,W00,World,H5,HS,True,35,Albuminoidal substances; modified starches; glues; enzymes,2,False,C00,TOTAL CPC,0,0,TOTAL MOT,-1,N/A,0.0,False,-1,N/A,0.0,False,0.0,True,0.0,False,982203255.849,0.0,982203255.849,4,False,True
C,A,20200101,2020,52,2020,704,VNM,Viet Nam,M,Import,0,W00,World,0,W00,World,H5,HS,True,36,Explosives; pyrotechnic products; matches; pyrophoric alloys; certain combustible preparations,2,False,C00,TOTAL CPC,0,0,TOTAL MOT,-1,N/A,0.0,False,-1,N/A,0.0,False,0.0,True,0.0,False,3670183.683,0.0,3670183.683,4,False,True
C,A,20200101,2020,52,2020,704,VNM,Viet Nam,M,Import,0,W00,World,0,W00,World,H5,HS,True,37,Photographic or cinematographic goods,2,False,C00,TOTAL CPC,0,0,TOTAL MOT,-1,N/A,0.0,False,-1,N/A,0.0,False,0.0,True,0.0,False,111237063.343,0.0,111237063.343,4,False,True
C,A,20200101,2020,52,2020,704,VNM,Viet Nam,M,Import,0,W00,World,0,W00,World,H5,HS,True,38,Chemical products n.e.c.,2,False,C00,TOTAL CPC,0,0,TOTAL MOT,-1,N/A,0.0,False,-1,N/A,0.0,False,0.0,True,0.0,False,2963383441.517,0.0,2963383441.517,4,False,True
C,A,20200101,2020,52,2020,704,VNM,Viet Nam,M,Import,0,W00,World,0,W00,World,H5,HS,True,40,Rubber and articles thereof,2,False,C00,TOTAL CPC,0,0,TOTAL MOT,-1,N/A,0.0,False,-1,N/A,0.0,False,0.0,True,0.0,False,2705325386.192,0.0,2705325386.192,4,False,True
C,A,20200101,2020,52,2020,704,VNM,Viet Nam,M,Import,0,W00,World,0,W00,World,H5,HS,True,42,"Articles of leather; saddlery and harness; travel goods, handbags and similar containers; articles of animal gut (other than silk-worm gut)",2,False,C00,TOTAL CPC,0,0,TOTAL MOT,-1,N/A,0.0,False,-1,N/A,0.0,False,0.0,True,0.0,False,199247547.215,0.0,199247547.215,4,False,True
C,A,20200101,2020,52,2020,704,VNM,Viet Nam,M,Import,0,W00,World,0,W00,World,H5,HS,True,43,Furskins and artificial fur; manufactures thereof,2,False,C00,TOTAL CPC,0,0,TOTAL MOT,-1,N/A,0.0,False,-1,N/A,0.0,False,0.0,True,0.0,False,98615390.441,0.0,98615390.441,4,False,True
C,A,20200101,2020,52,2020,704,VNM,Viet Nam,M,Import,0,W00,World,0,W00,World,H5,HS,True,49,"Printed books, newspapers, pictures and other products of the printing industry; manuscripts, typescripts and plans",2,False,C00,TOTAL CPC,0,0,TOTAL MOT,-1,N/A,0.0,False,-1,N/A,0.0,False,0.0,True,0.0,False,162285472.734,0.0,162285472.734,4,False,True
C,A,20200101,2020,52,2020,704,VNM,Viet Nam,M,Import,0,W00,World,0,W00,World,H5,HS,True,63,"Textiles, made up articles; sets; worn clothing and worn textile articles; rags",2,False,C00,TOTAL CPC,0,0,TOTAL MOT,-1,N/A,0.0,False,-1,N/A,0.0,False,0.0,True,0.0,False,202175339.694,0.0,202175339.694,4,False,True
C,A,20200101,2020,52,2020,704,VNM,Viet Nam,M,Import,0,W00,World,0,W00,World,H5,HS,True,66,"Umbrellas, sun umbrellas, walking-sticks, seat sticks, whips, riding crops; and parts thereof",2,False,C00,TOTAL CPC,0,0,TOTAL MOT,-1,N/A,0.0,False,-1,N/A,0.0,False,0.0,True,0.0,False,10279189.354,0.0,10279189.354,4,False,True
C,A,20200101,2020,52,2020,704,VNM,Viet Nam,M,Import,0,W00,World,0,W00,World,H5,HS,True,68,"Stone, plaster, cement, asbestos, mica or similar materials; articles thereof",2,False,C00,TOTAL CPC,0,0,TOTAL MOT,-1,N/A,0.0,False,-1,N/A,0.0,False,0.0,True,0.0,False,618494752.119,0.0,618494752.119,4,False,True
C,A,20200101,2020,52,2020,704,VNM,Viet Nam,M,Import,0,W00,World,0,W00,World,H5,HS,True,69,Ceramic products,2,False,C00,TOTAL CPC,0,0,TOTAL MOT,-1,N/A,0.0,False,-1,N/A,0.0,False,0.0,True,0.0,False,399291585.549,0.0,399291585.549,4,False,True
C,A,20200101,2020,52,2020,704,VNM,Viet Nam,M,Import,0,W00,World,0,W00,World,H5,HS,True,70,Glass and glassware,2,False,C00,TOTAL CPC,0,0,TOTAL MOT,-1,N/A,0.0,False,-1,N/A,0.0,False,0.0,True,0.0,False,1495944679.626,0.0,1495944679.626,4,False,True
C,A,20200101,2020,52,2020,704,VNM,Viet Nam,M,Import,0,W00,World,0,W00,World,H5,HS,True,71,"Natural, cultured pearls; precious, semi-precious stones; precious metals, metals clad with precious metal, and articles thereof; imitation jewellery; coin",2,False,C00,TOTAL CPC,0,0,TOTAL MOT,-1,N/A,0.0,False,-1,N/A,0.0,False,0.0,True,0.0,False,557776079.127,0.0,557776079.127,4,False,True
C,A,20200101,2020,52,2020,704,VNM,Viet Nam,M,Import,0,W00,World,0,W00,World,H5,HS,True,73,Iron or steel articles,2,False,C00,TOTAL CPC,0,0,TOTAL MOT,-1,N/A,0.0,False,-1,N/A,0.0,False,0.0,True,0.0,False,4523693203.285,0.0,4523693203.285,4,False,True
C,A,20200101,2020,52,2020,704,VNM,Viet Nam,M,Import,0,W00,World,0,W00,World,H5,HS,True,75,Nickel and articles thereof,2,False,C00,TOTAL CPC,0,0,TOTAL MOT,-1,N/A,0.0,False,-1,N/A,0.0,False,0.0,True,0.0,False,116358411.55,0.0,116358411.55,4,False,True
C,A,20200101,2020,52,2020,704,VNM,Viet Nam,M,Import,0,W00,World,0,W00,World,H5,HS,True,81,"Metals; n.e.c., cermets and articles thereof",2,False,C00,TOTAL CPC,0,0,TOTAL MOT,-1,N/A,0.0,False,-1,N/A,0.0,False,0.0,True,0.0,False,83890300.931,0.0,83890300.931,4,False,True
C,A,20200101,2020,52,2020,704,VNM,Viet Nam,M,Import,0,W00,World,0,W00,World,H5,HS,True,82,"Tools, implements, cutlery, spoons and forks, of base metal; parts thereof, of base metal",2,False,C00,TOTAL CPC,0,0,TOTAL MOT,-1,N/A,0.0,False,-1,N/A,0.0,False,0.0,True,0.0,False,663071297.751,0.0,663071297.751,4,False,True
C,A,20200101,2020,52,2020,704,VNM,Viet Nam,M,Import,0,W00,World,0,W00,World,H5,HS,True,83,Metal; miscellaneous products of base metal,2,False,C00,TOTAL CPC,0,0,TOTAL MOT,-1,N/A,0.0,False,-1,N/A,0.0,False,0.0,True,0.0,False,1087078150.522,0.0,1087078150.522,4,False,True
C,A,20200101,2020,52,2020,704,VNM,Viet Nam,M,Import,0,W00,World,0,W00,World,H5,HS,True,85,"Electrical machinery and equipment and parts thereof; sound recorders and reproducers; television image and sound recorders and reproducers, parts and accessories of such articles",2,False,C00,TOTAL CPC,0,0,TOTAL MOT,-1,N/A,0.0,False,-1,N/A,0.0,False,0.0,True,0.0,False,95444217333.643,0.0,95444217333.643,4,False,True
C,A,20200101,2020,52,2020,704,VNM,Viet Nam,M,Import,0,W00,World,0,W00,World,H5,HS,True,87,"Vehicles; other than railway or tramway rolling stock, and parts and accessories thereof",2,False,C00,TOTAL CPC,0,0,TOTAL MOT,-1,N/A,0.0,False,-1,N/A,0.0,False,0.0,True,0.0,False,5319150697.053,0.0,5319150697.053,4,False,True
C,A,20200101,2020,52,2020,704,VNM,Viet Nam,M,Import,0,W00,World,0,W00,World,H5,HS,True,88,"Aircraft, spacecraft and parts thereof",2,False,C00,TOTAL CPC,0,0,TOTAL MOT,-1,N/A,0.0,False,-1,N/A,0.0,False,0.0,True,0.0,False,320229996.9,0.0,320229996.9,4,False,True
C,A,20200101,2020,52,2020,704,VNM,Viet Nam,M,Import,0,W00,World,0,W00,World,H5,HS,True,89,"Ships, boats and floating structures",2,False,C00,TOTAL CPC,0,0,TOTAL MOT,-1,N/A,0.0,False,-1,N/A,0.0,False,0.0,True,0.0,False,239225482.985,0.0,239225482.985,4,False,True
C,A,20200101,2020,52,2020,704,VNM,Viet Nam,M,Import,0,W00,World,0,W00,World,H5,HS,True,90,"Optical, photographic, cinematographic, measuring, checking, medical or surgical instruments and apparatus; parts and accessories",2,False,C00,TOTAL CPC,0,0,TOTAL MOT,-1,N/A,0.0,False,-1,N/A,0.0,False,0.0,True,0.0,False,8425383521.392,0.0,8425383521.392,4,False,True
C,A,20200101,2020,52,2020,704,VNM,Viet Nam,M,Import,0,W00,World,0,W00,World,H5,HS,True,91,Clocks and watches and parts thereof,2,False,C00,TOTAL CPC,0,0,TOTAL MOT,-1,N/A,0.0,False,-1,N/A,0.0,False,0.0,True,0.0,False,146339129.108,0.0,146339129.108,4,False,True
C,A,20200101,2020,52,2020,704,VNM,Viet Nam,M,Import,0,W00,World,0,W00,World,H5,HS,True,92,Musical instruments; parts and accessories of such articles,2,False,C00,TOTAL CPC,0,0,TOTAL MOT,-1,N/A,0.0,False,-1,N/A,0.0,False,0.0,True,0.0,False,27632721.326,0.0,27632721.326,4,False,True
C,A,20200101,2020,52,2020,704,VNM,Viet Nam,M,Import,0,W00,World,0,W00,World,H5,HS,True,97,Works of art; collectors' pieces and antiques,2,False,C00,TOTAL CPC,0,0,TOTAL MOT,-1,N/A,0.0,False,-1,N/A,0.0,False,0.0,True,0.0,False,4172676.234,0.0,4172676.234,4,False,True
C,A,20200101,2020,52,2020,699,IND,India,M,Import,0,W00,World,0,W00,World,H5,HS,True,02,Meat and edible meat offal,2,False,C00,TOTAL CPC,0,0,TOTAL MOT,-1,N/A,0.0,False,-1,N/A,0.0,False,0.0,False,0.0,False,2100238.505,0.0,2100238.505,0,False,True
C,A,20200101,2020,52,2020,699,IND,India,M,Import,0,W00,World,0,W00,World,H5,HS,True,03,"Fish and crustaceans, molluscs and other aquatic invertebrates",2,False,C00,TOTAL CPC,0,0,TOTAL MOT,-1,N/A,0.0,False,-1,N/A,0.0,False,0.0,False,0.0,False,131272128.502,0.0,131272128.502,0,False,True
C,A,20200101,2020,52,2020,699,IND,India,M,Import,0,W00,World,0,W00,World,H5,HS,True,47,Pulp of wood or other fibrous cellulosic material; recovered (waste and scrap) paper or paperboard,2,False,C00,TOTAL CPC,0,0,TOTAL MOT,-1,N/A,0.0,False,-1,N/A,0.0,False,0.0,False,0.0,False,1808772550.441,0.0,1808772550.441,0,False,True
C,A,20200101,2020,52,2020,699,IND,India,M,Import,0,W00,World,0,W00,World,H5,HS,True,99,Commodities not specified according to kind,2,False,C00,TOTAL CPC,0,0,TOTAL MOT,-1,N/A,0.0,False,-1,N/A,0.0,False,0.0,False,0.0,False,1881351294.368,0.0,1881351294.368,0,False,True
C,A,20200101,2020,52,2020,699,IND,India,M,Import,0,W00,World,0,W00,World,H5,HS,True,04,"Dairy produce; birds' eggs; natural honey; edible products of animal origin, not elsewhere specified or included",2,False,C00,TOTAL CPC,0,0,TOTAL MOT,-1,N/A,0.0,False,-1,N/A,0.0,False,0.0,True,0.0,False,37301753.177,0.0,37301753.177,4,False,True
C,A,20200101,2020,52,2020,699,IND,India,M,Import,0,W00,World,0,W00,World,H5,HS,True,05,Animal originated products; not elsewhere specified or included,2,False,C00,TOTAL CPC,0,0,TOTAL MOT,-1,N/A,0.0,False,-1,N/A,0.0,False,0.0,True,0.0,False,31146619.579,0.0,31146619.579,4,False,True
C,A,20200101,2020,52,2020,699,IND,India,M,Import,0,W00,World,0,W00,World,H5,HS,True,06,"Trees and other plants, live; bulbs, roots and the like; cut flowers and ornamental foliage",2,False,C00,TOTAL CPC,0,0,TOTAL MOT,-1,N/A,0.0,False,-1,N/A,0.0,False,0.0,True,0.0,False,18933474.118,0.0,18933474.118,4,False,True
C,A,20200101,2020,52,2020,699,IND,India,M,Import,0,W00,World,0,W00,World,H5,HS,True,07,Vegetables and certain roots and tubers; edible,2,False,C00,TOTAL CPC,0,0,TOTAL MOT,-1,N/A,0.0,False,-1,N/A,0.0,False,0.0,True,0.0,False,1649613885.324,0.0,1649613885.324,4,False,True
C,A,20200101,2020,52,2020,699,IND,India,M,Import,0,W00,World,0,W00,World,H5,HS,True,08,"Fruit and nuts, edible; peel of citrus fruit or melons",2,False,C00,TOTAL CPC,0,0,TOTAL MOT,-1,N/A,0.0,False,-1,N/A,0.0,False,0.0,True,0.0,False,3195673538.556,0.0,3195673538.556,4,False,True
C,A,20200101,2020,52,2020,699,IND,India,M,Import,0,W00,World,0,W00,World,H5,HS,True,09,"Coffee, tea, mate and spices",2,False,C00,TOTAL CPC,0,0,TOTAL MOT,-1,N/A,0.0,False,-1,N/A,0.0,False,0.0,True,0.0,False,797719290.536,0.0,797719290.536,4,False,True
C,A,20200101,2020,52,2020,699,IND,India,M,Import,0,W00,World,0,W00,World,H5,HS,True,10,Cereals,2,False,C00,TOTAL CPC,0,0,TOTAL MOT,-1,N/A,0.0,False,-1,N/A,0.0,False,0.0,True,0.0,False,98518704.024,0.0,98518704.024,4,False,True
C,A,20200101,2020,52,2020,699,IND,India,M,Import,0,W00,World,0,W00,World,H5,HS,True,11,"Products of the milling industry; malt, starches, inulin, wheat gluten",2,False,C00,TOTAL CPC,0,0,TOTAL MOT,-1,N/A,0.0,False,-1,N/A,0.0,False,0.0,True,0.0,False,63736946.508,0.0,63736946.508,4,False,True
C,A,20200101,2020,52,2020,699,IND,India,M,Import,0,W00,World,0,W00,World,H5,HS,True,12,"Oil seeds and oleaginous fruits; miscellaneous grains, seeds and fruit, industrial or medicinal plants; straw and fodder",2,False,C00,TOTAL CPC,0,0,TOTAL MOT,-1,N/A,0.0,False,-1,N/A,0.0,False,0.0,True,0.0,False,836167867.405,0.0,836167867.405,4,False,True
C,A,20200101,2020,52,2020,699,IND,India,M,Import,0,W00,World,0,W00,World,H5,HS,True,13,"Lac; gums, resins and other vegetable saps and extracts",2,False,C00,TOTAL CPC,0,0,TOTAL MOT,-1,N/A,0.0,False,-1,N/A,0.0,False,0.0,True,0.0,False,256987005.99,0.0,256987005.99,4,False,True
C,A,20200101,2020,52,2020,699,IND,India,M,Import,0,W00,World,0,W00,World,H5,HS,True,14,Vegetable plaiting materials; vegetable products not elsewhere specified or included,2,False,C00,TOTAL CPC,0,0,TOTAL MOT,-1,N/A,0.0,False,-1,N/A,0.0,False,0.0,True,0.0,False,108044281.723,0.0,108044281.723,4,False,True
C,A,20200101,2020,52,2020,699,IND,India,M,Import,0,W00,World,0,W00,World,H5,HS,True,15,Animal or vegetable fats and oils and their cleavage products; prepared animal fats; animal or vegetable waxes,2,False,C00,TOTAL CPC,0,0,TOTAL MOT,-1,N/A,0.0,False,-1,N/A,0.0,False,0.0,True,0.0,False,10597474056.868,0.0,10597474056.868,4,False,True
C,A,20200101,2020,52,2020,699,IND,India,M,Import,0,W00,World,0,W00,World,H5,HS,True,16,"Meat, fish or crustaceans, molluscs or other aquatic invertebrates; preparations thereof",2,False,C00,TOTAL CPC,0,0,TOTAL MOT,-1,N/A,0.0,False,-1,N/A,0.0,False,0.0,True,0.0,False,6164735.422,0.0,6164735.422,4,False,True
C,A,20200101,2020,52,2020,699,IND,India,M,Import,0,W00,World,0,W00,World,H5,HS,True,17,Sugars and sugar confectionery,2,False,C00,TOTAL CPC,0,0,TOTAL MOT,-1,N/A,0.0,False,-1,N/A,0.0,False,0.0,True,0.0,False,758766328.141,0.0,758766328.141,4,False,True
C,A,20200101,2020,52,2020,699,IND,India,M,Import,0,W00,World,0,W00,World,H5,HS,True,18,Cocoa and cocoa preparations,2,False,C00,TOTAL CPC,0,0,TOTAL MOT,-1,N/A,0.0,False,-1,N/A,0.0,False,0.0,True,0.0,False,238804308.494,0.0,238804308.494,4,False,True
C,A,20200101,2020,52,2020,699,IND,India,M,Import,0,W00,World,0,W00,World,H5,HS,True,19,"Preparations of cereals, flour, starch or milk; pastrycooks' products",2,False,C00,TOTAL CPC,0,0,TOTAL MOT,-1,N/A,0.0,False,-1,N/A,0.0,False,0.0,True,0.0,False,108332014.267,0.0,108332014.267,4,False,True
C,A,20200101,2020,52,2020,699,IND,India,M,Import,0,W00,World,0,W00,World,H5,HS,True,20,"Preparations of vegetables, fruit, nuts or other parts of plants",2,False,C00,TOTAL CPC,0,0,TOTAL MOT,-1,N/A,0.0,False,-1,N/A,0.0,False,0.0,True,0.0,False,82954024.529,0.0,82954024.529,4,False,True
C,A,20200101,2020,52,2020,699,IND,India,M,Import,0,W00,World,0,W00,World,H5,HS,True,21,Miscellaneous edible preparations,2,False,C00,TOTAL CPC,0,0,TOTAL MOT,-1,N/A,0.0,False,-1,N/A,0.0,False,0.0,True,0.0,False,178938273.355,0.0,178938273.355,4,False,True
C,A,20200101,2020,52,2020,699,IND,India,M,Import,0,W00,World,0,W00,World,H5,HS,True,22,"Beverages, spirits and vinegar",2,False,C00,TOTAL CPC,0,0,TOTAL MOT,-1,N/A,0.0,False,-1,N/A,0.0,False,0.0,True,0.0,False,641055159.28,0.0,641055159.28,4,False,True
C,A,20200101,2020,52,2020,699,IND,India,M,Import,0,W00,World,0,W00,World,H5,HS,True,23,"Food industries, residues and wastes thereof; prepared animal fodder",2,False,C00,TOTAL CPC,0,0,TOTAL MOT,-1,N/A,0.0,False,-1,N/A,0.0,False,0.0,True,0.0,False,684011152.562,0.0,684011152.562,4,False,True
C,A,20200101,2020,52,2020,699,IND,India,M,Import,0,W00,World,0,W00,World,H5,HS,True,24,Tobacco and manufactured tobacco substitutes,2,False,C00,TOTAL CPC,0,0,TOTAL MOT,-1,N/A,0.0,False,-1,N/A,0.0,False,0.0,True,0.0,False,45993996.883,0.0,45993996.883,4,False,True
C,A,20200101,2020,52,2020,699,IND,India,M,Import,0,W00,World,0,W00,World,H5,HS,True,26,"Ores, slag and ash",2,False,C00,TOTAL CPC,0,0,TOTAL MOT,-1,N/A,0.0,False,-1,N/A,0.0,False,0.0,True,0.0,False,2343871012.243,0.0,2343871012.243,4,False,True
C,A,20200101,2020,52,2020,699,IND,India,M,Import,0,W00,World,0,W00,World,H5,HS,True,27,"Mineral fuels, mineral oils and products of their distillation; bituminous substances; mineral waxes",2,False,C00,TOTAL CPC,0,0,TOTAL MOT,-1,N/A,0.0,False,-1,N/A,0.0,False,0.0,True,0.0,False,104358496964.253,0.0,104358496964.253,4,False,True
C,A,20200101,2020,52,2020,699,IND,India,M,Import,0,W00,World,0,W00,World,H5,HS,True,28,"Inorganic chemicals; organic and inorganic compounds of precious metals; of rare earth metals, of radio-active elements and of isotopes",2,False,C00,TOTAL CPC,0,0,TOTAL MOT,-1,N/A,0.0,False,-1,N/A,0.0,False,0.0,True,0.0,False,6192050843.01,0.0,6192050843.01,4,False,True
C,A,20200101,2020,52,2020,699,IND,India,M,Import,0,W00,World,0,W00,World,H5,HS,True,29,Organic chemicals,2,False,C00,TOTAL CPC,0,0,TOTAL MOT,-1,N/A,0.0,False,-1,N/A,0.0,False,0.0,True,0.0,False,18154638691.874,0.0,18154638691.874,4,False,True
C,A,20200101,2020,52,2020,699,IND,India,M,Import,0,W00,World,0,W00,World,H5,HS,True,30,Pharmaceutical products,2,False,C00,TOTAL CPC,0,0,TOTAL MOT,-1,N/A,0.0,False,-1,N/A,0.0,False,0.0,True,0.0,False,2477412233.658,0.0,2477412233.658,4,False,True
C,A,20200101,2020,52,2020,699,IND,India,M,Import,0,W00,World,0,W00,World,H5,HS,True,32,"Tanning or dyeing extracts; tannins and their derivatives; dyes, pigments and other colouring matter; paints, varnishes; putty, other mastics; inks",2,False,C00,TOTAL CPC,0,0,TOTAL MOT,-1,N/A,0.0,False,-1,N/A,0.0,False,0.0,True,0.0,False,1722938173.79,0.0,1722938173.79,4,False,True
C,A,20200101,2020,52,2020,699,IND,India,M,Import,0,W00,World,0,W00,World,H5,HS,True,33,"Essential oils and resinoids; perfumery, cosmetic or toilet preparations",2,False,C00,TOTAL CPC,0,0,TOTAL MOT,-1,N/A,0.0,False,-1,N/A,0.0,False,0.0,True,0.0,False,661784046.264,0.0,661784046.264,4,False,True
C,A,20200101,2020,52,2020,699,IND,India,M,Import,0,W00,World,0,W00,World,H5,HS,True,34,"Soap, organic surface-active agents; washing, lubricating, polishing or scouring preparations; artificial or prepared waxes, candles and similar articles, modelling pastes, dental waxes and dental preparations with a basis of plaster",2,False,C00,TOTAL CPC,0,0,TOTAL MOT,-1,N/A,0.0,False,-1,N/A,0.0,False,0.0,True,0.0,False,835111521.18,0.0,835111521.18,4,False,True
C,A,20200101,2020,52,2020,699,IND,India,M,Import,0,W00,World,0,W00,World,H5,HS,True,35,Albuminoidal substances; modified starches; glues; enzymes,2,False,C00,TOTAL CPC,0,0,TOTAL MOT,-1,N/A,0.0,False,-1,N/A,0.0,False,0.0,True,0.0,False,517027257.163,0.0,517027257.163,4,False,True
C,A,20200101,2020,52,2020,699,IND,India,M,Import,0,W00,World,0,W00,World,H5,HS,True,36,Explosives; pyrotechnic products; matches; pyrophoric alloys; certain combustible preparations,2,False,C00,TOTAL CPC,0,0,TOTAL MOT,-1,N/A,0.0,False,-1,N/A,0.0,False,0.0,True,0.0,False,9245212.981,0.0,9245212.981,4,False,True
C,A,20200101,2020,52,2020,699,IND,India,M,Import,0,W00,World,0,W00,World,H5,HS,True,37,Photographic or cinematographic goods,2,False,C00,TOTAL CPC,0,0,TOTAL MOT,-1,N/A,0.0,False,-1,N/A,0.0,False,0.0,True,0.0,False,145254733.778,0.0,145254733.778,4,False,True
C,A,20200101,2020,52,2020,699,IND,India,M,Import,0,W00,World,0,W00,World,H5,HS,True,39,Plastics and articles thereof,2,False,C00,TOTAL CPC,0,0,TOTAL MOT,-1,N/A,0.0,False,-1,N/A,0.0,False,0.0,True,0.0,False,11974523771.84,0.0,11974523771.84,4,False,True
C,A,20200101,2020,52,2020,699,IND,India,M,Import,0,W00,World,0,W00,World,H5,HS,True,40,Rubber and articles thereof,2,False,C00,TOTAL CPC,0,0,TOTAL MOT,-1,N/A,0.0,False,-1,N/A,0.0,False,0.0,True,0.0,False,2611293872.715,0.0,2611293872.715,4,False,True
C,A,20200101,2020,52,2020,699,IND,India,M,Import,0,W00,World,0,W00,World,H5,HS,True,41,Raw hides and skins (other than furskins) and leather,2,False,C00,TOTAL CPC,0,0,TOTAL MOT,-1,N/A,0.0,False,-1,N/A,0.0,False,0.0,True,0.0,False,351044538.201,0.0,351044538.201,4,False,True
C,A,20200101,2020,52,2020,699,IND,India,M,Import,0,W00,World,0,W00,World,H5,HS,True,44,Wood and articles of wood; wood charcoal,2,False,C00,TOTAL CPC,0,0,TOTAL MOT,-1,N/A,0.0,False,-1,N/A,0.0,False,0.0,True,0.0,False,1459306439.735,0.0,1459306439.735,4,False,True
C,A,20200101,2020,52,2020,699,IND,India,M,Import,0,W00,World,0,W00,World,H5,HS,True,45,Cork and articles of cork,2,False,C00,TOTAL CPC,0,0,TOTAL MOT,-1,N/A,0.0,False,-1,N/A,0.0,False,0.0,True,0.0,False,5494003.553,0.0,5494003.553,4,False,True
C,A,20200101,2020,52,2020,699,IND,India,M,Import,0,W00,World,0,W00,World,H5,HS,True,46,"Manufactures of straw, esparto or other plaiting materials; basketware and wickerwork",2,False,C00,TOTAL CPC,0,0,TOTAL MOT,-1,N/A,0.0,False,-1,N/A,0.0,False,0.0,True,0.0,False,3556200.299,0.0,3556200.299,4,False,True
C,A,20200101,2020,52,2020,699,IND,India,M,Import,0,W00,World,0,W00,World,H5,HS,True,48,"Paper and paperboard; articles of paper pulp, of paper or paperboard",2,False,C00,TOTAL CPC,0,0,TOTAL MOT,-1,N/A,0.0,False,-1,N/A,0.0,False,0.0,True,0.0,False,1853053116.401,0.0,1853053116.401,4,False,True
C,A,20200101,2020,52,2020,699,IND,India,M,Import,0,W00,World,0,W00,World,H5,HS,True,49,"Printed books, newspapers, pictures and other products of the printing industry; manuscripts, typescripts and plans",2,False,C00,TOTAL CPC,0,0,TOTAL MOT,-1,N/A,0.0,False,-1,N/A,0.0,False,0.0,True,0.0,False,269258610.427,0.0,269258610.427,4,False,True
C,A,20200101,2020,52,2020,699,IND,India,M,Import,0,W00,World,0,W00,World,H5,HS,True,50,Silk,2,False,C00,TOTAL CPC,0,0,TOTAL MOT,-1,N/A,0.0,False,-1,N/A,0.0,False,0.0,True,0.0,False,110870357.915,0.0,110870357.915,4,False,True
C,A,20200101,2020,52,2020,699,IND,India,M,Import,0,W00,World,0,W00,World,H5,HS,True,51,"Wool, fine or coarse animal hair; horsehair yarn and woven fabric",2,False,C00,TOTAL CPC,0,0,TOTAL MOT,-1,N/A,0.0,False,-1,N/A,0.0,False,0.0,True,0.0,False,180539590.545,0.0,180539590.545,4,False,True
C,A,20200101,2020,52,2020,699,IND,India,M,Import,0,W00,World,0,W00,World,H5,HS,True,52,Cotton,2,False,C00,TOTAL CPC,0,0,TOTAL MOT,-1,N/A,0.0,False,-1,N/A,0.0,False,0.0,True,0.0,False,486257357.253,0.0,486257357.253,4,False,True
C,A,20200101,2020,52,2020,699,IND,India,M,Import,0,W00,World,0,W00,World,H5,HS,True,55,Man-made staple fibres,2,False,C00,TOTAL CPC,0,0,TOTAL MOT,-1,N/A,0.0,False,-1,N/A,0.0,False,0.0,True,0.0,False,746875722.964,0.0,746875722.964,4,False,True
C,A,20200101,2020,52,2020,699,IND,India,M,Import,0,W00,World,0,W00,World,H5,HS,True,56,"Wadding, felt and nonwovens, special yarns; twine, cordage, ropes and cables and articles thereof",2,False,C00,TOTAL CPC,0,0,TOTAL MOT,-1,N/A,0.0,False,-1,N/A,0.0,False,0.0,True,0.0,False,309918034.446,0.0,309918034.446,4,False,True
C,A,20200101,2020,52,2020,699,IND,India,M,Import,0,W00,World,0,W00,World,H5,HS,True,58,"Fabrics; special woven fabrics, tufted textile fabrics, lace, tapestries, trimmings, embroidery",2,False,C00,TOTAL CPC,0,0,TOTAL MOT,-1,N/A,0.0,False,-1,N/A,0.0,False,0.0,True,0.0,False,154913116.612,0.0,154913116.612,4,False,True
C,A,20200101,2020,52,2020,699,IND,India,M,Import,0,W00,World,0,W00,World,H5,HS,True,59,"Textile fabrics; impregnated, coated, covered or laminated; textile articles of a kind suitable for industrial use",2,False,C00,TOTAL CPC,0,0,TOTAL MOT,-1,N/A,0.0,False,-1,N/A,0.0,False,0.0,True,0.0,False,504613000.535,0.0,504613000.535,4,False,True
C,A,20200101,2020,52,2020,699,IND,India,M,Import,0,W00,World,0,W00,World,H5,HS,True,60,Fabrics; knitted or crocheted,2,False,C00,TOTAL CPC,0,0,TOTAL MOT,-1,N/A,0.0,False,-1,N/A,0.0,False,0.0,True,0.0,False,415243072.887,0.0,415243072.887,4,False,True
C,A,20200101,2020,52,2020,699,IND,India,M,Import,0,W00,World,0,W00,World,H5,HS,True,63,"Textiles, made up articles; sets; worn clothing and worn textile articles; rags",2,False,C00,TOTAL CPC,0,0,TOTAL MOT,-1,N/A,0.0,False,-1,N/A,0.0,False,0.0,True,0.0,False,598127929.952,0.0,598127929.952,4,False,True
C,A,20200101,2020,52,2020,699,IND,India,M,Import,0,W00,World,0,W00,World,H5,HS,True,64,Footwear; gaiters and the like; parts of such articles,2,False,C00,TOTAL CPC,0,0,TOTAL MOT,-1,N/A,0.0,False,-1,N/A,0.0,False,0.0,True,0.0,False,442553717.781,0.0,442553717.781,4,False,True
C,A,20200101,2020,52,2020,699,IND,India,M,Import,0,W00,World,0,W00,World,H5,HS,True,65,Headgear and parts thereof,2,False,C00,TOTAL CPC,0,0,TOTAL MOT,-1,N/A,0.0,False,-1,N/A,0.0,False,0.0,True,0.0,False,27372877.248,0.0,27372877.248,4,False,True
C,A,20200101,2020,52,2020,699,IND,India,M,Import,0,W00,World,0,W00,World,H5,HS,True,66,"Umbrellas, sun umbrellas, walking-sticks, seat sticks, whips, riding crops; and parts thereof",2,False,C00,TOTAL CPC,0,0,TOTAL MOT,-1,N/A,0.0,False,-1,N/A,0.0,False,0.0,True,0.0,False,23170385.038,0.0,23170385.038,4,False,True
C,A,20200101,2020,52,2020,699,IND,India,M,Import,0,W00,World,0,W00,World,H5,HS,True,67,"Feathers and down, prepared; and articles made of feather or of down; artificial flowers; articles of human hair",2,False,C00,TOTAL CPC,0,0,TOTAL MOT,-1,N/A,0.0,False,-1,N/A,0.0,False,0.0,True,0.0,False,12598629.775,0.0,12598629.775,4,False,True
C,A,20200101,2020,52,2020,699,IND,India,M,Import,0,W00,World,0,W00,World,H5,HS,True,68,"Stone, plaster, cement, asbestos, mica or similar materials; articles thereof",2,False,C00,TOTAL CPC,0,0,TOTAL MOT,-1,N/A,0.0,False,-1,N/A,0.0,False,0.0,True,0.0,False,646856612.175,0.0,646856612.175,4,False,True
C,A,20200101,2020,52,2020,699,IND,India,M,Import,0,W00,World,0,W00,World,H5,HS,True,69,Ceramic products,2,False,C00,TOTAL CPC,0,0,TOTAL MOT,-1,N/A,0.0,False,-1,N/A,0.0,False,0.0,True,0.0,False,505340552.104,0.0,505340552.104,4,False,True
C,A,20200101,2020,52,2020,699,IND,India,M,Import,0,W00,World,0,W00,World,H5,HS,True,70,Glass and glassware,2,False,C00,TOTAL CPC,0,0,TOTAL MOT,-1,N/A,0.0,False,-1,N/A,0.0,False,0.0,True,0.0,False,935863641.301,0.0,935863641.301,4,False,True
C,A,20200101,2020,52,2020,699,IND,India,M,Import,0,W00,World,0,W00,World,H5,HS,True,71,"Natural, cultured pearls; precious, semi-precious stones; precious metals, metals clad with precious metal, and articles thereof; imitation jewellery; coin",2,False,C00,TOTAL CPC,0,0,TOTAL MOT,-1,N/A,0.0,False,-1,N/A,0.0,False,0.0,True,0.0,False,41049740675.241,0.0,41049740675.241,4,False,True
C,A,20200101,2020,52,2020,699,IND,India,M,Import,0,W00,World,0,W00,World,H5,HS,True,72,Iron and steel,2,False,C00,TOTAL CPC,0,0,TOTAL MOT,-1,N/A,0.0,False,-1,N/A,0.0,False,0.0,True,0.0,False,7550873600.395,0.0,7550873600.395,4,False,True
C,A,20200101,2020,52,2020,699,IND,India,M,Import,0,W00,World,0,W00,World,H5,HS,True,73,Iron or steel articles,2,False,C00,TOTAL CPC,0,0,TOTAL MOT,-1,N/A,0.0,False,-1,N/A,0.0,False,0.0,True,0.0,False,3536669785.382,0.0,3536669785.382,4,False,True
C,A,20200101,2020,52,2020,699,IND,India,M,Import,0,W00,World,0,W00,World,H5,HS,True,74,Copper and articles thereof,2,False,C00,TOTAL CPC,0,0,TOTAL MOT,-1,N/A,0.0,False,-1,N/A,0.0,False,0.0,True,0.0,False,4246768566.784,0.0,4246768566.784,4,False,True
C,A,20200101,2020,52,2020,699,IND,India,M,Import,0,W00,World,0,W00,World,H5,HS,True,75,Nickel and articles thereof,2,False,C00,TOTAL CPC,0,0,TOTAL MOT,-1,N/A,0.0,False,-1,N/A,0.0,False,0.0,True,0.0,False,701853684.791,0.0,701853684.791,4,False,True
C,A,20200101,2020,52,2020,699,IND,India,M,Import,0,W00,World,0,W00,World,H5,HS,True,76,Aluminium and articles thereof,2,False,C00,TOTAL CPC,0,0,TOTAL MOT,-1,N/A,0.0,False,-1,N/A,0.0,False,0.0,True,0.0,False,3653532949.734,0.0,3653532949.734,4,False,True
C,A,20200101,2020,52,2020,699,IND,India,M,Import,0,W00,World,0,W00,World,H5,HS,True,78,Lead and articles thereof,2,False,C00,TOTAL CPC,0,0,TOTAL MOT,-1,N/A,0.0,False,-1,N/A,0.0,False,0.0,True,0.0,False,620457869.218,0.0,620457869.218,4,False,True
C,A,20200101,2020,52,2020,699,IND,India,M,Import,0,W00,World,0,W00,World,H5,HS,True,79,Zinc and articles thereof,2,False,C00,TOTAL CPC,0,0,TOTAL MOT,-1,N/A,0.0,False,-1,N/A,0.0,False,0.0,True,0.0,False,444170123.041,0.0,444170123.041,4,False,True
C,A,20200101,2020,52,2020,699,IND,India,M,Import,0,W00,World,0,W00,World,H5,HS,True,80,Tin; articles thereof,2,False,C00,TOTAL CPC,0,0,TOTAL MOT,-1,N/A,0.0,False,-1,N/A,0.0,False,0.0,True,0.0,False,183335793.352,0.0,183335793.352,4,False,True
C,A,20200101,2020,52,2020,699,IND,India,M,Import,0,W00,World,0,W00,World,H5,HS,True,81,"Metals; n.e.c., cermets and articles thereof",2,False,C00,TOTAL CPC,0,0,TOTAL MOT,-1,N/A,0.0,False,-1,N/A,0.0,False,0.0,True,0.0,False,321504152.837,0.0,321504152.837,4,False,True
C,A,20200101,2020,52,2020,699,IND,India,M,Import,0,W00,World,0,W00,World,H5,HS,True,83,Metal; miscellaneous products of base metal,2,False,C00,TOTAL CPC,0,0,TOTAL MOT,-1,N/A,0.0,False,-1,N/A,0.0,False,0.0,True,0.0,False,669205873.817,0.0,669205873.817,4,False,True
C,A,20200101,2020,52,2020,699,IND,India,M,Import,0,W00,World,0,W00,World,H5,HS,True,86,"Railway, tramway locomotives, rolling-stock and parts thereof; railway or tramway track fixtures and fittings and parts thereof; mechanical (including electro-mechanical) traffic signalling equipment of all kinds",2,False,C00,TOTAL CPC,0,0,TOTAL MOT,-1,N/A,0.0,False,-1,N/A,0.0,False,0.0,True,0.0,False,534361684.565,0.0,534361684.565,4,False,True
C,A,20200101,2020,52,2020,699,IND,India,M,Import,0,W00,World,0,W00,World,H5,HS,True,87,"Vehicles; other than railway or tramway rolling stock, and parts and accessories thereof",2,False,C00,TOTAL CPC,0,0,TOTAL MOT,-1,N/A,0.0,False,-1,N/A,0.0,False,0.0,True,0.0,False,4312922776.391,0.0,4312922776.391,4,False,True
C,A,20200101,2020,52,2020,699,IND,India,M,Import,0,W00,World,0,W00,World,H5,HS,True,92,Musical instruments; parts and accessories of such articles,2,False,C00,TOTAL CPC,0,0,TOTAL MOT,-1,N/A,0.0,False,-1,N/A,0.0,False,0.0,True,0.0,False,42291713.578,0.0,42291713.578,4,False,True
C,A,20200101,2020,52,2020,699,IND,India,M,Import,0,W00,World,0,W00,World,H5,HS,True,94,"Furniture; bedding, mattresses, mattress supports, cushions and similar stuffed furnishings; lamps and lighting fittings, n.e.c.; illuminated signs, illuminated name-plates and the like; prefabricated buildings",2,False,C00,TOTAL CPC,0,0,TOTAL MOT,-1,N/A,0.0,False,-1,N/A,0.0,False,0.0,True,0.0,False,1053706496.422,0.0,1053706496.422,4,False,True
C,A,20200101,2020,52,2020,699,IND,India,M,Import,0,W00,World,0,W00,World,H5,HS,True,96,Miscellaneous manufactured articles,2,False,C00,TOTAL CPC,0,0,TOTAL MOT,-1,N/A,0.0,False,-1,N/A,0.0,False,0.0,True,0.0,False,536357705.423,0.0,536357705.423,4,False,True
C,A,20200101,2020,52,2020,699,IND,India,M,Import,0,W00,World,0,W00,World,H5,HS,True,01,Animals; live,2,False,C00,TOTAL CPC,0,0,TOTAL MOT,-1,N/A,0.0,False,-1,N/A,0.0,False,0.0,True,0.0,False,13590892.214,0.0,13590892.214,4,False,True
C,A,20200101,2020,52,2020,699,IND,India,M,Import,0,W00,World,0,W00,World,H5,HS,True,25,"Salt; sulphur; earths, stone; plastering materials, lime and cement",2,False,C00,TOTAL CPC,0,0,TOTAL MOT,-1,N/A,0.0,False,-1,N/A,0.0,False,0.0,True,0.0,False,2257758866.055,0.0,2257758866.055,4,False,True
C,A,20200101,2020,52,2020,699,IND,India,M,Import,0,W00,World,0,W00,World,H5,HS,True,31,Fertilizers,2,False,C00,TOTAL CPC,0,0,TOTAL MOT,-1,N/A,0.0,False,-1,N/A,0.0,False,0.0,True,0.0,False,7177367513.891,0.0,7177367513.891,4,False,True
C,A,20200101,2020,52,2020,699,IND,India,M,Import,0,W00,World,0,W00,World,H5,HS,True,38,Chemical products n.e.c.,2,False,C00,TOTAL CPC,0,0,TOTAL MOT,-1,N/A,0.0,False,-1,N/A,0.0,False,0.0,True,0.0,False,5660653666.1,0.0,5660653666.1,4,False,True
C,A,20200101,2020,52,2020,699,IND,India,M,Import,0,W00,World,0,W00,World,H5,HS,True,42,"Articles of leather; saddlery and harness; travel goods, handbags and similar containers; articles of animal gut (other than silk-worm gut)",2,False,C00,TOTAL CPC,0,0,TOTAL MOT,-1,N/A,0.0,False,-1,N/A,0.0,False,0.0,True,0.0,False,205227173.284,0.0,205227173.284,4,False,True
C,A,20200101,2020,52,2020,699,IND,India,M,Import,0,W00,World,0,W00,World,H5,HS,True,43,Furskins and artificial fur; manufactures thereof,2,False,C00,TOTAL CPC,0,0,TOTAL MOT,-1,N/A,0.0,False,-1,N/A,0.0,False,0.0,True,0.0,False,4075599.111,0.0,4075599.111,4,False,True
C,A,20200101,2020,52,2020,699,IND,India,M,Import,0,W00,World,0,W00,World,H5,HS,True,53,Vegetable textile fibres; paper yarn and woven fabrics of paper yarn,2,False,C00,TOTAL CPC,0,0,TOTAL MOT,-1,N/A,0.0,False,-1,N/A,0.0,False,0.0,True,0.0,False,263371354.512,0.0,263371354.512,4,False,True
C,A,20200101,2020,52,2020,699,IND,India,M,Import,0,W00,World,0,W00,World,H5,HS,True,54,Man-made filaments; strip and the like of man-made textile materials,2,False,C00,TOTAL CPC,0,0,TOTAL MOT,-1,N/A,0.0,False,-1,N/A,0.0,False,0.0,True,0.0,False,745225719.939,0.0,745225719.939,4,False,True
C,A,20200101,2020,52,2020,699,IND,India,M,Import,0,W00,World,0,W00,World,H5,HS,True,57,Carpets and other textile floor coverings,2,False,C00,TOTAL CPC,0,0,TOTAL MOT,-1,N/A,0.0,False,-1,N/A,0.0,False,0.0,True,0.0,False,90973191.474,0.0,90973191.474,4,False,True
C,A,20200101,2020,52,2020,699,IND,India,M,Import,0,W00,World,0,W00,World,H5,HS,True,61,Apparel and clothing accessories; knitted or crocheted,2,False,C00,TOTAL CPC,0,0,TOTAL MOT,-1,N/A,0.0,False,-1,N/A,0.0,False,0.0,True,0.0,False,376423179.614,0.0,376423179.614,4,False,True
C,A,20200101,2020,52,2020,699,IND,India,M,Import,0,W00,World,0,W00,World,H5,HS,True,62,Apparel and clothing accessories; not knitted or crocheted,2,False,C00,TOTAL CPC,0,0,TOTAL MOT,-1,N/A,0.0,False,-1,N/A,0.0,False,0.0,True,0.0,False,512847735.002,0.0,512847735.002,4,False,True
C,A,20200101,2020,52,2020,699,IND,India,M,Import,0,W00,World,0,W00,World,H5,HS,True,82,"Tools, implements, cutlery, spoons and forks, of base metal; parts thereof, of base metal",2,False,C00,TOTAL CPC,0,0,TOTAL MOT,-1,N/A,0.0,False,-1,N/A,0.0,False,0.0,True,0.0,False,976811889.613,0.0,976811889.613,4,False,True
C,A,20200101,2020,52,2020,699,IND,India,M,Import,0,W00,World,0,W00,World,H5,HS,True,84,"Nuclear reactors, boilers, machinery and mechanical appliances; parts thereof",2,False,C00,TOTAL CPC,0,0,TOTAL MOT,-1,N/A,0.0,False,-1,N/A,0.0,False,0.0,True,0.0,False,35201384349.076,0.0,35201384349.076,4,False,True
C,A,20200101,2020,52,2020,699,IND,India,M,Import,0,W00,World,0,W00,World,H5,HS,True,85,"Electrical machinery and equipment and parts thereof; sound recorders and reproducers; television image and sound recorders and reproducers, parts and accessories of such articles",2,False,C00,TOTAL CPC,0,0,TOTAL MOT,-1,N/A,0.0,False,-1,N/A,0.0,False,0.0,True,0.0,False,42944414157.653,0.0,42944414157.653,4,False,True
C,A,20200101,2020,52,2020,699,IND,India,M,Import,0,W00,World,0,W00,World,H5,HS,True,88,"Aircraft, spacecraft and parts thereof",2,False,C00,TOTAL CPC,0,0,TOTAL MOT,-1,N/A,0.0,False,-1,N/A,0.0,False,0.0,True,0.0,False,1477131903.559,0.0,1477131903.559,4,False,True
C,A,20200101,2020,52,2020,699,IND,India,M,Import,0,W00,World,0,W00,World,H5,HS,True,89,"Ships, boats and floating structures",2,False,C00,TOTAL CPC,0,0,TOTAL MOT,-1,N/A,0.0,False,-1,N/A,0.0,False,0.0,True,0.0,False,5354395075.781,0.0,5354395075.781,4,False,True
C,A,20200101,2020,52,2020,699,IND,India,M,Import,0,W00,World,0,W00,World,H5,HS,True,90,"Optical, photographic, cinematographic, measuring, checking, medical or surgical instruments and apparatus; parts and accessories",2,False,C00,TOTAL CPC,0,0,TOTAL MOT,-1,N/A,0.0,False,-1,N/A,0.0,False,0.0,True,0.0,False,8218099642.928,0.0,8218099642.928,4,False,True
C,A,20200101,2020,52,2020,699,IND,India,M,Import,0,W00,World,0,W00,World,H5,HS,True,91,Clocks and watches and parts thereof,2,False,C00,TOTAL CPC,0,0,TOTAL MOT,-1,N/A,0.0,False,-1,N/A,0.0,False,0.0,True,0.0,False,216787504.898,0.0,216787504.898,4,False,True
C,A,20200101,2020,52,2020,699,IND,India,M,Import,0,W00,World,0,W00,World,H5,HS,True,93,Arms and ammunition; parts and accessories thereof,2,False,C00,TOTAL CPC,0,0,TOTAL MOT,-1,N/A,0.0,False,-1,N/A,0.0,False,0.0,True,0.0,False,54046095.583,0.0,54046095.583,4,False,True
C,A,20200101,2020,52,2020,699,IND,India,M,Import,0,W00,World,0,W00,World,H5,HS,True,95,"Toys, games and sports requisites; parts and accessories thereof",2,False,C00,TOTAL CPC,0,0,TOTAL MOT,-1,N/A,0.0,False,-1,N/A,0.0,False,0.0,True,0.0,False,407378568.944,0.0,407378568.944,4,False,True
C,A,20200101,2020,52,2020,699,IND,India,M,Import,0,W00,World,0,W00,World,H5,HS,True,97,Works of art; collectors' pieces and antiques,2,False,C00,TOTAL CPC,0,0,TOTAL MOT,-1,N/A,0.0,False,-1,N/A,0.0,False,0.0,True,0.0,False,58336479.036,0.0,58336479.036,4,False,True
C,A,20210101,2021,52,2021,156,CHN,China,M,Import,0,W00,World,0,W00,World,H5,HS,True,85,"Electrical machinery and equipment and parts thereof; sound recorders and reproducers; television image and sound recorders and reproducers, parts and accessories of such articles",2,False,C00,TOTAL CPC,0,0,TOTAL MOT,-1,N/A,0.0,False,-1,N/A,0.0,False,0.0,True,0.0,False,665992040487.0,,665992040487.0,4,False,True
C,A,20210101,2021,52,2021,156,CHN,China,M,Import,0,W00,World,0,W00,World,H5,HS,True,61,Apparel and clothing accessories; knitted or crocheted,2,False,C00,TOTAL CPC,0,0,TOTAL MOT,-1,N/A,0.0,False,-1,N/A,0.0,False,0.0,True,0.0,False,4659999360.0,,4659999360.0,4,False,True
C,A,20210101,2021,52,2021,156,CHN,China,M,Import,0,W00,World,0,W00,World,H5,HS,True,84,"Nuclear reactors, boilers, machinery and mechanical appliances; parts thereof",2,False,C00,TOTAL CPC,0,0,TOTAL MOT,-1,N/A,0.0,False,-1,N/A,0.0,False,0.0,True,0.0,False,230992415070.0,,230992415070.0,4,False,True
C,A,20210101,2021,52,2021,156,CHN,China,M,Import,0,W00,World,0,W00,World,H5,HS,True,62,Apparel and clothing accessories; not knitted or crocheted,2,False,C00,TOTAL CPC,0,0,TOTAL MOT,-1,N/A,0.0,False,-1,N/A,0.0,False,0.0,True,0.0,False,6065812785.0,,6065812785.0,4,False,True
C,A,20210101,2021,52,2021,156,CHN,China,M,Import,0,W00,World,0,W00,World,H5,HS,True,39,Plastics and articles thereof,2,False,C00,TOTAL CPC,0,0,TOTAL MOT,-1,N/A,0.0,False,-1,N/A,0.0,False,0.0,True,0.0,False,82808569699.0,,82808569699.0,4,False,True
C,A,20210101,2021,52,2021,156,CHN,China,M,Import,0,W00,World,0,W00,World,H5,HS,True,73,Iron or steel articles,2,False,C00,TOTAL CPC,0,0,TOTAL MOT,-1,N/A,0.0,False,-1,N/A,0.0,False,0.0,True,0.0,False,10654844125.0,,10654844125.0,4,False,True
C,A,20210101,2021,52,2021,156,CHN,China,M,Import,0,W00,World,0,W00,World,H5,HS,True,75,Nickel and articles thereof,2,False,C00,TOTAL CPC,0,0,TOTAL MOT,-1,N/A,0.0,False,-1,N/A,0.0,False,0.0,True,0.0,False,8464738606.0,,8464738606.0,4,False,True
C,A,20210101,2021,52,2021,156,CHN,China,M,Import,0,W00,World,0,W00,World,H5,HS,True,88,"Aircraft, spacecraft and parts thereof",2,False,C00,TOTAL CPC,0,0,TOTAL MOT,-1,N/A,0.0,False,-1,N/A,0.0,False,0.0,True,0.0,False,11488338765.0,,11488338765.0,4,False,True
C,A,20210101,2021,52,2021,156,CHN,China,M,Import,0,W00,World,0,W00,World,H5,HS,True,57,Carpets and other textile floor coverings,2,False,C00,TOTAL CPC,0,0,TOTAL MOT,-1,N/A,0.0,False,-1,N/A,0.0,False,0.0,True,0.0,False,109143887.0,,109143887.0,4,False,True
C,A,20210101,2021,52,2021,156,CHN,China,M,Import,0,W00,World,0,W00,World,H5,HS,True,10,Cereals,2,False,C00,TOTAL CPC,0,0,TOTAL MOT,-1,N/A,0.0,False,-1,N/A,0.0,False,0.0,True,0.0,False,19966081156.0,,19966081156.0,4,False,True
C,A,20210101,2021,52,2021,156,CHN,China,M,Import,0,W00,World,0,W00,World,H5,HS,True,93,Arms and ammunition; parts and accessories thereof,2,False,C00,TOTAL CPC,0,0,TOTAL MOT,-1,N/A,0.0,False,-1,N/A,0.0,False,0.0,True,0.0,False,7602383.0,,7602383.0,4,False,True
C,A,20210101,2021,52,2021,156,CHN,China,M,Import,0,W00,World,0,W00,World,H5,HS,True,56,"Wadding, felt and nonwovens, special yarns; twine, cordage, ropes and cables and articles thereof",2,False,C00,TOTAL CPC,0,0,TOTAL MOT,-1,N/A,0.0,False,-1,N/A,0.0,False,0.0,True,0.0,False,1442094585.0,,1442094585.0,4,False,True
C,A,20210101,2021,52,2021,156,CHN,China,M,Import,0,W00,World,0,W00,World,H5,HS,True,65,Headgear and parts thereof,2,False,C00,TOTAL CPC,0,0,TOTAL MOT,-1,N/A,0.0,False,-1,N/A,0.0,False,0.0,True,0.0,False,278442304.0,,278442304.0,4,False,True
C,A,20210101,2021,52,2021,156,CHN,China,M,Import,0,W00,World,0,W00,World,H5,HS,True,95,"Toys, games and sports requisites; parts and accessories thereof",2,False,C00,TOTAL CPC,0,0,TOTAL MOT,-1,N/A,0.0,False,-1,N/A,0.0,False,0.0,True,0.0,False,2985459908.0,,2985459908.0,4,False,True
C,A,20210101,2021,52,2021,156,CHN,China,M,Import,0,W00,World,0,W00,World,H5,HS,True,68,"Stone, plaster, cement, asbestos, mica or similar materials; articles thereof",2,False,C00,TOTAL CPC,0,0,TOTAL MOT,-1,N/A,0.0,False,-1,N/A,0.0,False,0.0,True,0.0,False,2275924858.0,,2275924858.0,4,False,True
C,A,20210101,2021,52,2021,156,CHN,China,M,Import,0,W00,World,0,W00,World,H5,HS,True,74,Copper and articles thereof,2,False,C00,TOTAL CPC,0,0,TOTAL MOT,-1,N/A,0.0,False,-1,N/A,0.0,False,0.0,True,0.0,False,66113950791.0,,66113950791.0,4,False,True
C,A,20210101,2021,52,2021,156,CHN,China,M,Import,0,W00,World,0,W00,World,H5,HS,True,14,Vegetable plaiting materials; vegetable products not elsewhere specified or included,2,False,C00,TOTAL CPC,0,0,TOTAL MOT,-1,N/A,0.0,False,-1,N/A,0.0,False,0.0,True,0.0,False,209260872.0,,209260872.0,4,False,True
C,A,20210101,2021,52,2021,156,CHN,China,M,Import,0,W00,World,0,W00,World,H5,HS,True,92,Musical instruments; parts and accessories of such articles,2,False,C00,TOTAL CPC,0,0,TOTAL MOT,-1,N/A,0.0,False,-1,N/A,0.0,False,0.0,True,0.0,False,571284275.0,,571284275.0,4,False,True
C,A,20210101,2021,52,2021,156,CHN,China,M,Import,0,W00,World,0,W00,World,H5,HS,True,28,"Inorganic chemicals; organic and inorganic compounds of precious metals; of rare earth metals, of radio-active elements and of isotopes",2,False,C00,TOTAL CPC,0,0,TOTAL MOT,-1,N/A,0.0,False,-1,N/A,0.0,False,0.0,True,0.0,False,14897295402.0,,14897295402.0,4,False,True
C,A,20210101,2021,52,2021,156,CHN,China,M,Import,0,W00,World,0,W00,World,H5,HS,True,29,Organic chemicals,2,False,C00,TOTAL CPC,0,0,TOTAL MOT,-1,N/A,0.0,False,-1,N/A,0.0,False,0.0,True,0.0,False,60214471474.0,,60214471474.0,4,False,True
C,A,20210101,2021,52,2021,156,CHN,China,M,Import,0,W00,World,0,W00,World,H5,HS,True,08,"Fruit and nuts, edible; peel of citrus fruit or melons",2,False,C00,TOTAL CPC,0,0,TOTAL MOT,-1,N/A,0.0,False,-1,N/A,0.0,False,0.0,True,0.0,False,15916076215.0,,15916076215.0,4,False,True
C,A,20210101,2021,52,2021,156,CHN,China,M,Import,0,W00,World,0,W00,World,H5,HS,True,72,Iron and steel,2,False,C00,TOTAL CPC,0,0,TOTAL MOT,-1,N/A,0.0,False,-1,N/A,0.0,False,0.0,True,0.0,False,43547900367.0,,43547900367.0,4,False,True
C,A,20210101,2021,52,2021,156,CHN,China,M,Import,0,W00,World,0,W00,World,H5,HS,True,44,Wood and articles of wood; wood charcoal,2,False,C00,TOTAL CPC,0,0,TOTAL MOT,-1,N/A,0.0,False,-1,N/A,0.0,False,0.0,True,0.0,False,24239278352.0,,24239278352.0,4,False,True
C,A,20210101,2021,52,2021,156,CHN,China,M,Import,0,W00,World,0,W00,World,H5,HS,True,01,Animals; live,2,False,C00,TOTAL CPC,0,0,TOTAL MOT,-1,N/A,0.0,False,-1,N/A,0.0,False,0.0,True,0.0,False,942401068.0,,942401068.0,4,False,True
C,A,20210101,2021,52,2021,156,CHN,China,M,Import,0,W00,World,0,W00,World,H5,HS,True,91,Clocks and watches and parts thereof,2,False,C00,TOTAL CPC,0,0,TOTAL MOT,-1,N/A,0.0,False,-1,N/A,0.0,False,0.0,True,0.0,False,5751495143.0,,5751495143.0,4,False,True
C,A,20210101,2021,52,2021,156,CHN,China,M,Import,0,W00,World,0,W00,World,H5,HS,True,53,Vegetable textile fibres; paper yarn and woven fabrics of paper yarn,2,False,C00,TOTAL CPC,0,0,TOTAL MOT,-1,N/A,0.0,False,-1,N/A,0.0,False,0.0,True,0.0,False,1023116602.0,,1023116602.0,4,False,True
C,A,20210101,2021,52,2021,156,CHN,China,M,Import,0,W00,World,0,W00,World,H5,HS,True,71,"Natural, cultured pearls; precious, semi-precious stones; precious metals, metals clad with precious metal, and articles thereof; imitation jewellery; coin",2,False,C00,TOTAL CPC,0,0,TOTAL MOT,-1,N/A,0.0,False,-1,N/A,0.0,False,0.0,True,0.0,False,77417421702.0,,77417421702.0,4,False,True
C,A,20210101,2021,52,2021,156,CHN,China,M,Import,0,W00,World,0,W00,World,H5,HS,True,42,"Articles of leather; saddlery and harness; travel goods, handbags and similar containers; articles of animal gut (other than silk-worm gut)",2,False,C00,TOTAL CPC,0,0,TOTAL MOT,-1,N/A,0.0,False,-1,N/A,0.0,False,0.0,True,0.0,False,6977536638.0,,6977536638.0,4,False,True
C,A,20210101,2021,52,2021,156,CHN,China,M,Import,0,W00,World,0,W00,World,H5,HS,True,86,"Railway, tramway locomotives, rolling-stock and parts thereof; railway or tramway track fixtures and fittings and parts thereof; mechanical (including electro-mechanical) traffic signalling equipment of all kinds",2,False,C00,TOTAL CPC,0,0,TOTAL MOT,-1,N/A,0.0,False,-1,N/A,0.0,False,0.0,True,0.0,False,586977165.0,,586977165.0,4,False,True
C,A,20210101,2021,52,2021,156,CHN,China,M,Import,0,W00,World,0,W00,World,H5,HS,True,66,"Umbrellas, sun umbrellas, walking-sticks, seat sticks, whips, riding crops; and parts thereof",2,False,C00,TOTAL CPC,0,0,TOTAL MOT,-1,N/A,0.0,False,-1,N/A,0.0,False,0.0,True,0.0,False,11135079.0,,11135079.0,4,False,True
C,A,20210101,2021,52,2021,156,CHN,China,M,Import,0,W00,World,0,W00,World,H5,HS,True,40,Rubber and articles thereof,2,False,C00,TOTAL CPC,0,0,TOTAL MOT,-1,N/A,0.0,False,-1,N/A,0.0,False,0.0,True,0.0,False,18413429810.0,,18413429810.0,4,False,True
C,A,20210101,2021,52,2021,156,CHN,China,M,Import,0,W00,World,0,W00,World,H5,HS,True,76,Aluminium and articles thereof,2,False,C00,TOTAL CPC,0,0,TOTAL MOT,-1,N/A,0.0,False,-1,N/A,0.0,False,0.0,True,0.0,False,12488320823.0,,12488320823.0,4,False,True
C,A,20210101,2021,52,2021,156,CHN,China,M,Import,0,W00,World,0,W00,World,H5,HS,True,31,Fertilizers,2,False,C00,TOTAL CPC,0,0,TOTAL MOT,-1,N/A,0.0,False,-1,N/A,0.0,False,0.0,True,0.0,False,2765245054.0,,2765245054.0,4,False,True
C,A,20210101,2021,52,2021,156,CHN,China,M,Import,0,W00,World,0,W00,World,H5,HS,True,43,Furskins and artificial fur; manufactures thereof,2,False,C00,TOTAL CPC,0,0,TOTAL MOT,-1,N/A,0.0,False,-1,N/A,0.0,False,0.0,True,0.0,False,946558759.0,,946558759.0,4,False,True
C,A,20210101,2021,52,2021,156,CHN,China,M,Import,0,W00,World,0,W00,World,H5,HS,True,36,Explosives; pyrotechnic products; matches; pyrophoric alloys; certain combustible preparations,2,False,C00,TOTAL CPC,0,0,TOTAL MOT,-1,N/A,0.0,False,-1,N/A,0.0,False,0.0,True,0.0,False,112950472.0,,112950472.0,4,False,True
C,A,20210101,2021,52,2021,156,CHN,China,M,Import,0,W00,World,0,W00,World,H5,HS,True,15,Animal or vegetable fats and oils and their cleavage products; prepared animal fats; animal or vegetable waxes,2,False,C00,TOTAL CPC,0,0,TOTAL MOT,-1,N/A,0.0,False,-1,N/A,0.0,False,0.0,True,0.0,False,15969331627.0,,15969331627.0,4,False,True
C,A,20210101,2021,52,2021,156,CHN,China,M,Import,0,W00,World,0,W00,World,H5,HS,True,13,"Lac; gums, resins and other vegetable saps and extracts",2,False,C00,TOTAL CPC,0,0,TOTAL MOT,-1,N/A,0.0,False,-1,N/A,0.0,False,0.0,True,0.0,False,467133376.0,,467133376.0,4,False,True
C,A,20210101,2021,52,2021,156,CHN,China,M,Import,0,W00,World,0,W00,World,H5,HS,True,24,Tobacco and manufactured tobacco substitutes,2,False,C00,TOTAL CPC,0,0,TOTAL MOT,-1,N/A,0.0,False,-1,N/A,0.0,False,0.0,True,0.0,False,1458558725.0,,1458558725.0,4,False,True
C,A,20210101,2021,52,2021,156,CHN,China,M,Import,0,W00,World,0,W00,World,H5,HS,True,19,"Preparations of cereals, flour, starch or milk; pastrycooks' products",2,False,C00,TOTAL CPC,0,0,TOTAL MOT,-1,N/A,0.0,False,-1,N/A,0.0,False,0.0,True,0.0,False,6826882425.0,,6826882425.0,4,False,True
C,A,20210101,2021,52,2021,156,CHN,China,M,Import,0,W00,World,0,W00,World,H5,HS,True,69,Ceramic products,2,False,C00,TOTAL CPC,0,0,TOTAL MOT,-1,N/A,0.0,False,-1,N/A,0.0,False,0.0,True,0.0,False,1899326364.0,,1899326364.0,4,False,True
C,A,20210101,2021,52,2021,156,CHN,China,M,Import,0,W00,World,0,W00,World,H5,HS,True,50,Silk,2,False,C00,TOTAL CPC,0,0,TOTAL MOT,-1,N/A,0.0,False,-1,N/A,0.0,False,0.0,True,0.0,False,91991554.0,,91991554.0,4,False,True
C,A,20210101,2021,52,2021,156,CHN,China,M,Import,0,W00,World,0,W00,World,H5,HS,True,30,Pharmaceutical products,2,False,C00,TOTAL CPC,0,0,TOTAL MOT,-1,N/A,0.0,False,-1,N/A,0.0,False,0.0,True,0.0,False,41862452119.0,,41862452119.0,4,False,True
C,A,20210101,2021,52,2021,156,CHN,China,M,Import,0,W00,World,0,W00,World,H5,HS,True,54,Man-made filaments; strip and the like of man-made textile materials,2,False,C00,TOTAL CPC,0,0,TOTAL MOT,-1,N/A,0.0,False,-1,N/A,0.0,False,0.0,True,0.0,False,2765252274.0,,2765252274.0,4,False,True
C,A,20210101,2021,52,2021,156,CHN,China,M,Import,0,W00,World,0,W00,World,H5,HS,True,21,Miscellaneous edible preparations,2,False,C00,TOTAL CPC,0,0,TOTAL MOT,-1,N/A,0.0,False,-1,N/A,0.0,False,0.0,True,0.0,False,4830464842.0,,4830464842.0,4,False,True
C,A,20210101,2021,52,2021,156,CHN,China,M,Import,0,W00,World,0,W00,World,H5,HS,True,79,Zinc and articles thereof,2,False,C00,TOTAL CPC,0,0,TOTAL MOT,-1,N/A,0.0,False,-1,N/A,0.0,False,0.0,True,0.0,False,1685127438.0,,1685127438.0,4,False,True
C,A,20210101,2021,52,2021,156,CHN,China,M,Import,0,W00,World,0,W00,World,H5,HS,True,47,Pulp of wood or other fibrous cellulosic material; recovered (waste and scrap) paper or paperboard,2,False,C00,TOTAL CPC,0,0,TOTAL MOT,-1,N/A,0.0,False,-1,N/A,0.0,False,0.0,True,0.0,False,20171253283.0,,20171253283.0,4,False,True
C,A,20210101,2021,52,2021,156,CHN,China,M,Import,0,W00,World,0,W00,World,H5,HS,True,20,"Preparations of vegetables, fruit, nuts or other parts of plants",2,False,C00,TOTAL CPC,0,0,TOTAL MOT,-1,N/A,0.0,False,-1,N/A,0.0,False,0.0,True,0.0,False,1697864177.0,,1697864177.0,4,False,True
C,A,20210101,2021,52,2021,156,CHN,China,M,Import,0,W00,World,0,W00,World,H5,HS,True,94,"Furniture; bedding, mattresses, mattress supports, cushions and similar stuffed furnishings; lamps and lighting fittings, n.e.c.; illuminated signs, illuminated name-plates and the like; prefabricated buildings",2,False,C00,TOTAL CPC,0,0,TOTAL MOT,-1,N/A,0.0,False,-1,N/A,0.0,False,0.0,True,0.0,False,3168739130.0,,3168739130.0,4,False,True
C,A,20210101,2021,52,2021,156,CHN,China,M,Import,0,W00,World,0,W00,World,H5,HS,True,05,Animal originated products; not elsewhere specified or included,2,False,C00,TOTAL CPC,0,0,TOTAL MOT,-1,N/A,0.0,False,-1,N/A,0.0,False,0.0,True,0.0,False,1048841385.0,,1048841385.0,4,False,True
C,A,20210101,2021,52,2021,156,CHN,China,M,Import,0,W00,World,0,W00,World,H5,HS,True,52,Cotton,2,False,C00,TOTAL CPC,0,0,TOTAL MOT,-1,N/A,0.0,False,-1,N/A,0.0,False,0.0,True,0.0,False,10534596469.0,,10534596469.0,4,False,True
C,A,20210101,2021,52,2021,156,CHN,China,M,Import,0,W00,World,0,W00,World,H5,HS,True,58,"Fabrics; special woven fabrics, tufted textile fabrics, lace, tapestries, trimmings, embroidery",2,False,C00,TOTAL CPC,0,0,TOTAL MOT,-1,N/A,0.0,False,-1,N/A,0.0,False,0.0,True,0.0,False,400759211.0,,400759211.0,4,False,True
C,A,20210101,2021,52,2021,156,CHN,China,M,Import,0,W00,World,0,W00,World,H5,HS,True,12,"Oil seeds and oleaginous fruits; miscellaneous grains, seeds and fruit, industrial or medicinal plants; straw and fodder",2,False,C00,TOTAL CPC,0,0,TOTAL MOT,-1,N/A,0.0,False,-1,N/A,0.0,False,0.0,True,0.0,False,59725981233.0,,59725981233.0,4,False,True
C,A,20210101,2021,52,2021,156,CHN,China,M,Import,0,W00,World,0,W00,World,H5,HS,True,87,"Vehicles; other than railway or tramway rolling stock, and parts and accessories thereof",2,False,C00,TOTAL CPC,0,0,TOTAL MOT,-1,N/A,0.0,False,-1,N/A,0.0,False,0.0,True,0.0,False,86382418522.0,,86382418522.0,4,False,True
C,A,20210101,2021,52,2021,156,CHN,China,M,Import,0,W00,World,0,W00,World,H5,HS,True,67,"Feathers and down, prepared; and articles made of feather or of down; artificial flowers; articles of human hair",2,False,C00,TOTAL CPC,0,0,TOTAL MOT,-1,N/A,0.0,False,-1,N/A,0.0,False,0.0,True,0.0,False,956426648.0,,956426648.0,4,False,True
C,A,20210101,2021,52,2021,156,CHN,China,M,Import,0,W00,World,0,W00,World,H5,HS,True,90,"Optical, photographic, cinematographic, measuring, checking, medical or surgical instruments and apparatus; parts and accessories",2,False,C00,TOTAL CPC,0,0,TOTAL MOT,-1,N/A,0.0,False,-1,N/A,0.0,False,0.0,True,0.0,False,108558100625.0,,108558100625.0,4,False,True
C,A,20210101,2021,52,2021,156,CHN,China,M,Import,0,W00,World,0,W00,World,H5,HS,True,78,Lead and articles thereof,2,False,C00,TOTAL CPC,0,0,TOTAL MOT,-1,N/A,0.0,False,-1,N/A,0.0,False,0.0,True,0.0,False,114569111.0,,114569111.0,4,False,True
C,A,20210101,2021,52,2021,156,CHN,China,M,Import,0,W00,World,0,W00,World,H5,HS,True,89,"Ships, boats and floating structures",2,False,C00,TOTAL CPC,0,0,TOTAL MOT,-1,N/A,0.0,False,-1,N/A,0.0,False,0.0,True,0.0,False,3059925403.0,,3059925403.0,4,False,True
C,A,20210101,2021,52,2021,156,CHN,China,M,Import,0,W00,World,0,W00,World,H5,HS,True,48,"Paper and paperboard; articles of paper pulp, of paper or paperboard",2,False,C00,TOTAL CPC,0,0,TOTAL MOT,-1,N/A,0.0,False,-1,N/A,0.0,False,0.0,True,0.0,False,8825730976.0,,8825730976.0,4,False,True
C,A,20210101,2021,52,2021,156,CHN,China,M,Import,0,W00,World,0,W00,World,H5,HS,True,04,"Dairy produce; birds' eggs; natural honey; edible products of animal origin, not elsewhere specified or included",2,False,C00,TOTAL CPC,0,0,TOTAL MOT,-1,N/A,0.0,False,-1,N/A,0.0,False,0.0,True,0.0,False,9692954343.0,,9692954343.0,4,False,True
C,A,20210101,2021,52,2021,156,CHN,China,M,Import,0,W00,World,0,W00,World,H5,HS,True,70,Glass and glassware,2,False,C00,TOTAL CPC,0,0,TOTAL MOT,-1,N/A,0.0,False,-1,N/A,0.0,False,0.0,True,0.0,False,8558149838.0,,8558149838.0,4,False,True
C,A,20210101,2021,52,2021,156,CHN,China,M,Import,0,W00,World,0,W00,World,H5,HS,True,11,"Products of the milling industry; malt, starches, inulin, wheat gluten",2,False,C00,TOTAL CPC,0,0,TOTAL MOT,-1,N/A,0.0,False,-1,N/A,0.0,False,0.0,True,0.0,False,1957538091.0,,1957538091.0,4,False,True
C,A,20210101,2021,52,2021,156,CHN,China,M,Import,0,W00,World,0,W00,World,H5,HS,True,38,Chemical products n.e.c.,2,False,C00,TOTAL CPC,0,0,TOTAL MOT,-1,N/A,0.0,False,-1,N/A,0.0,False,0.0,True,0.0,False,24200237851.0,,24200237851.0,4,False,True
C,A,20210101,2021,52,2021,156,CHN,China,M,Import,0,W00,World,0,W00,World,H5,HS,True,34,"Soap, organic surface-active agents; washing, lubricating, polishing or scouring preparations; artificial or prepared waxes, candles and similar articles, modelling pastes, dental waxes and dental preparations with a basis of plaster",2,False,C00,TOTAL CPC,0,0,TOTAL MOT,-1,N/A,0.0,False,-1,N/A,0.0,False,0.0,True,0.0,False,7434089915.0,,7434089915.0,4,False,True
C,A,20210101,2021,52,2021,156,CHN,China,M,Import,0,W00,World,0,W00,World,H5,HS,True,82,"Tools, implements, cutlery, spoons and forks, of base metal; parts thereof, of base metal",2,False,C00,TOTAL CPC,0,0,TOTAL MOT,-1,N/A,0.0,False,-1,N/A,0.0,False,0.0,True,0.0,False,3468782813.0,,3468782813.0,4,False,True
C,A,20210101,2021,52,2021,156,CHN,China,M,Import,0,W00,World,0,W00,World,H5,HS,True,37,Photographic or cinematographic goods,2,False,C00,TOTAL CPC,0,0,TOTAL MOT,-1,N/A,0.0,False,-1,N/A,0.0,False,0.0,True,0.0,False,3628240578.0,,3628240578.0,4,False,True
C,A,20210101,2021,52,2021,156,CHN,China,M,Import,0,W00,World,0,W00,World,H5,HS,True,16,"Meat, fish or crustaceans, molluscs or other aquatic invertebrates; preparations thereof",2,False,C00,TOTAL CPC,0,0,TOTAL MOT,-1,N/A,0.0,False,-1,N/A,0.0,False,0.0,True,0.0,False,392703052.0,,392703052.0,4,False,True
C,A,20210101,2021,52,2021,156,CHN,China,M,Import,0,W00,World,0,W00,World,H5,HS,True,51,"Wool, fine or coarse animal hair; horsehair yarn and woven fabric",2,False,C00,TOTAL CPC,0,0,TOTAL MOT,-1,N/A,0.0,False,-1,N/A,0.0,False,0.0,True,0.0,False,3199793961.0,,3199793961.0,4,False,True
C,A,20210101,2021,52,2021,156,CHN,China,M,Import,0,W00,World,0,W00,World,H5,HS,True,55,Man-made staple fibres,2,False,C00,TOTAL CPC,0,0,TOTAL MOT,-1,N/A,0.0,False,-1,N/A,0.0,False,0.0,True,0.0,False,1802989965.0,,1802989965.0,4,False,True
C,A,20210101,2021,52,2021,156,CHN,China,M,Import,0,W00,World,0,W00,World,H5,HS,True,64,Footwear; gaiters and the like; parts of such articles,2,False,C00,TOTAL CPC,0,0,TOTAL MOT,-1,N/A,0.0,False,-1,N/A,0.0,False,0.0,True,0.0,False,6456894703.0,,6456894703.0,4,False,True
C,A,20210101,2021,52,2021,156,CHN,China,M,Import,0,W00,World,0,W00,World,H5,HS,True,17,Sugars and sugar confectionery,2,False,C00,TOTAL CPC,0,0,TOTAL MOT,-1,N/A,0.0,False,-1,N/A,0.0,False,0.0,True,0.0,False,3149036955.0,,3149036955.0,4,False,True
C,A,20210101,2021,52,2021,156,CHN,China,M,Import,0,W00,World,0,W00,World,H5,HS,True,26,"Ores, slag and ash",2,False,C00,TOTAL CPC,0,0,TOTAL MOT,-1,N/A,0.0,False,-1,N/A,0.0,False,0.0,True,0.0,False,271682060092.0,,271682060092.0,4,False,True
C,A,20210101,2021,52,2021,156,CHN,China,M,Import,0,W00,World,0,W00,World,H5,HS,True,45,Cork and articles of cork,2,False,C00,TOTAL CPC,0,0,TOTAL MOT,-1,N/A,0.0,False,-1,N/A,0.0,False,0.0,True,0.0,False,48189164.0,,48189164.0,4,False,True
C,A,20210101,2021,52,2021,156,CHN,China,M,Import,0,W00,World,0,W00,World,H5,HS,True,97,Works of art; collectors' pieces and antiques,2,False,C00,TOTAL CPC,0,0,TOTAL MOT,-1,N/A,0.0,False,-1,N/A,0.0,False,0.0,True,0.0,False,2455065471.0,,2455065471.0,4,False,True
C,A,20210101,2021,52,2021,156,CHN,China,M,Import,0,W00,World,0,W00,World,H5,HS,True,09,"Coffee, tea, mate and spices",2,False,C00,TOTAL CPC,0,0,TOTAL MOT,-1,N/A,0.0,False,-1,N/A,0.0,False,0.0,True,0.0,False,1681008126.0,,1681008126.0,4,False,True
C,A,20210101,2021,52,2021,156,CHN,China,M,Import,0,W00,World,0,W00,World,H5,HS,True,60,Fabrics; knitted or crocheted,2,False,C00,TOTAL CPC,0,0,TOTAL MOT,-1,N/A,0.0,False,-1,N/A,0.0,False,0.0,True,0.0,False,1146863206.0,,1146863206.0,4,False,True
C,A,20210101,2021,52,2021,156,CHN,China,M,Import,0,W00,World,0,W00,World,H5,HS,True,23,"Food industries, residues and wastes thereof; prepared animal fodder",2,False,C00,TOTAL CPC,0,0,TOTAL MOT,-1,N/A,0.0,False,-1,N/A,0.0,False,0.0,True,0.0,False,6523703572.0,,6523703572.0,4,False,True
C,A,20210101,2021,52,2021,156,CHN,China,M,Import,0,W00,World,0,W00,World,H5,HS,True,18,Cocoa and cocoa preparations,2,False,C00,TOTAL CPC,0,0,TOTAL MOT,-1,N/A,0.0,False,-1,N/A,0.0,False,0.0,True,0.0,False,1044682932.0,,1044682932.0,4,False,True
C,A,20210101,2021,52,2021,156,CHN,China,M,Import,0,W00,World,0,W00,World,H5,HS,True,33,"Essential oils and resinoids; perfumery, cosmetic or toilet preparations",2,False,C00,TOTAL CPC,0,0,TOTAL MOT,-1,N/A,0.0,False,-1,N/A,0.0,False,0.0,True,0.0,False,24068738733.0,,24068738733.0,4,False,True
C,A,20210101,2021,52,2021,156,CHN,China,M,Import,0,W00,World,0,W00,World,H5,HS,True,96,Miscellaneous manufactured articles,2,False,C00,TOTAL CPC,0,0,TOTAL MOT,-1,N/A,0.0,False,-1,N/A,0.0,False,0.0,True,0.0,False,2047025723.0,,2047025723.0,4,False,True
C,A,20210101,2021,52,2021,156,CHN,China,M,Import,0,W00,World,0,W00,World,H5,HS,True,03,"Fish and crustaceans, molluscs and other aquatic invertebrates",2,False,C00,TOTAL CPC,0,0,TOTAL MOT,-1,N/A,0.0,False,-1,N/A,0.0,False,0.0,True,0.0,False,13806437455.0,,13806437455.0,4,False,True
C,A,20210101,2021,52,2021,156,CHN,China,M,Import,0,W00,World,0,W00,World,H5,HS,True,49,"Printed books, newspapers, pictures and other products of the printing industry; manuscripts, typescripts and plans",2,False,C00,TOTAL CPC,0,0,TOTAL MOT,-1,N/A,0.0,False,-1,N/A,0.0,False,0.0,True,0.0,False,2368974550.0,,2368974550.0,4,False,True
C,A,20210101,2021,52,2021,156,CHN,China,M,Import,0,W00,World,0,W00,World,H5,HS,True,80,Tin; articles thereof,2,False,C00,TOTAL CPC,0,0,TOTAL MOT,-1,N/A,0.0,False,-1,N/A,0.0,False,0.0,True,0.0,False,283619737.0,,283619737.0,4,False,True
C,A,20210101,2021,52,2021,156,CHN,China,M,Import,0,W00,World,0,W00,World,H5,HS,True,46,"Manufactures of straw, esparto or other plaiting materials; basketware and wickerwork",2,False,C00,TOTAL CPC,0,0,TOTAL MOT,-1,N/A,0.0,False,-1,N/A,0.0,False,0.0,True,0.0,False,19704431.0,,19704431.0,4,False,True
C,A,20210101,2021,52,2021,156,CHN,China,M,Import,0,W00,World,0,W00,World,H5,HS,True,59,"Textile fabrics; impregnated, coated, covered or laminated; textile articles of a kind suitable for industrial use",2,False,C00,TOTAL CPC,0,0,TOTAL MOT,-1,N/A,0.0,False,-1,N/A,0.0,False,0.0,True,0.0,False,1664885323.0,,1664885323.0,4,False,True
C,A,20210101,2021,52,2021,156,CHN,China,M,Import,0,W00,World,0,W00,World,H5,HS,True,41,Raw hides and skins (other than furskins) and leather,2,False,C00,TOTAL CPC,0,0,TOTAL MOT,-1,N/A,0.0,False,-1,N/A,0.0,False,0.0,True,0.0,False,3785257074.0,,3785257074.0,4,False,True
C,A,20210101,2021,52,2021,156,CHN,China,M,Import,0,W00,World,0,W00,World,H5,HS,True,83,Metal; miscellaneous products of base metal,2,False,C00,TOTAL CPC,0,0,TOTAL MOT,-1,N/A,0.0,False,-1,N/A,0.0,False,0.0,True,0.0,False,2244095750.0,,2244095750.0,4,False,True
C,A,20210101,2021,52,2021,156,CHN,China,M,Import,0,W00,World,0,W00,World,H5,HS,True,32,"Tanning or dyeing extracts; tannins and their derivatives; dyes, pigments and other colouring matter; paints, varnishes; putty, other mastics; inks",2,False,C00,TOTAL CPC,0,0,TOTAL MOT,-1,N/A,0.0,False,-1,N/A,0.0,False,0.0,True,0.0,False,6036031574.0,,6036031574.0,4,False,True
C,A,20210101,2021,52,2021,156,CHN,China,M,Import,0,W00,World,0,W00,World,H5,HS,True,35,Albuminoidal substances; modified starches; glues; enzymes,2,False,C00,TOTAL CPC,0,0,TOTAL MOT,-1,N/A,0.0,False,-1,N/A,0.0,False,0.0,True,0.0,False,4757999808.0,,4757999808.0,4,False,True
C,A,20210101,2021,52,2021,156,CHN,China,M,Import,0,W00,World,0,W00,World,H5,HS,True,22,"Beverages, spirits and vinegar",2,False,C00,TOTAL CPC,0,0,TOTAL MOT,-1,N/A,0.0,False,-1,N/A,0.0,False,0.0,True,0.0,False,6593542556.0,,6593542556.0,4,False,True
C,A,20210101,2021,52,2021,156,CHN,China,M,Import,0,W00,World,0,W00,World,H5,HS,True,25,"Salt; sulphur; earths, stone; plastering materials, lime and cement",2,False,C00,TOTAL CPC,0,0,TOTAL MOT,-1,N/A,0.0,False,-1,N/A,0.0,False,0.0,True,0.0,False,9715711040.0,,9715711040.0,4,False,True
C,A,20210101,2021,52,2021,156,CHN,China,M,Import,0,W00,World,0,W00,World,H5,HS,True,07,Vegetables and certain roots and tubers; edible,2,False,C00,TOTAL CPC,0,0,TOTAL MOT,-1,N/A,0.0,False,-1,N/A,0.0,False,0.0,True,0.0,False,2855496789.0,,2855496789.0,4,False,True
C,A,20210101,2021,52,2021,156,CHN,China,M,Import,0,W00,World,0,W00,World,H5,HS,True,81,"Metals; n.e.c., cermets and articles thereof",2,False,C00,TOTAL CPC,0,0,TOTAL MOT,-1,N/A,0.0,False,-1,N/A,0.0,False,0.0,True,0.0,False,5931977456.0,,5931977456.0,4,False,True
C,A,20210101,2021,52,2021,156,CHN,China,M,Import,0,W00,World,0,W00,World,H5,HS,True,63,"Textiles, made up articles; sets; worn clothing and worn textile articles; rags",2,False,C00,TOTAL CPC,0,0,TOTAL MOT,-1,N/A,0.0,False,-1,N/A,0.0,False,0.0,True,0.0,False,477582819.0,,477582819.0,4,False,True
C,A,20210101,2021,52,2021,156,CHN,China,M,Import,0,W00,World,0,W00,World,H5,HS,True,02,Meat and edible meat offal,2,False,C00,TOTAL CPC,0,0,TOTAL MOT,-1,N/A,0.0,False,-1,N/A,0.0,False,0.0,False,0.0,False,31583805964.0,,31583805964.0,0,False,True
C,A,20210101,2021,52,2021,156,CHN,China,M,Import,0,W00,World,0,W00,World,H5,HS,True,99,Commodities not specified according to kind,2,False,C00,TOTAL CPC,0,0,TOTAL MOT,-1,N/A,0.0,False,-1,N/A,0.0,False,0.0,False,0.0,False,13131254024.0,,13131254024.0,0,False,True
C,A,20210101,2021,52,2021,156,CHN,China,M,Import,0,W00,World,0,W00,World,H5,HS,True,06,"Trees and other plants, live; bulbs, roots and the like; cut flowers and ornamental foliage",2,False,C00,TOTAL CPC,0,0,TOTAL MOT,-1,N/A,0.0,False,-1,N/A,0.0,False,,False,0.0,False,244305405.0,,244305405.0,0,False,True
C,A,20210101,2021,52,2021,156,CHN,China,M,Import,0,W00,World,0,W00,World,H5,HS,True,27,"Mineral fuels, mineral oils and products of their distillation; bituminous substances; mineral waxes",2,False,C00,TOTAL CPC,0,0,TOTAL MOT,-1,N/A,0.0,False,-1,N/A,0.0,False,,False,0.0,False,405433252593.0,,405433252593.0,0,False,True
C,A,20210101,2021,52,2021,704,VNM,Viet Nam,M,Import,0,W00,World,0,W00,World,H5,HS,True,72,Iron and steel,2,False,C00,TOTAL CPC,0,0,TOTAL MOT,-1,N/A,0.0,False,-1,N/A,0.0,False,0.0,True,0.0,False,14744151209.06,0.0,14744151209.06,4,False,True
C,A,20210101,2021,52,2021,704,VNM,Viet Nam,M,Import,0,W00,World,0,W00,World,H5,HS,True,73,Iron or steel articles,2,False,C00,TOTAL CPC,0,0,TOTAL MOT,-1,N/A,0.0,False,-1,N/A,0.0,False,0.0,True,0.0,False,5262037187.241,0.0,5262037187.241,4,False,True
C,A,20210101,2021,52,2021,704,VNM,Viet Nam,M,Import,0,W00,World,0,W00,World,H5,HS,True,74,Copper and articles thereof,2,False,C00,TOTAL CPC,0,0,TOTAL MOT,-1,N/A,0.0,False,-1,N/A,0.0,False,0.0,True,0.0,False,4241827558.586,0.0,4241827558.586,4,False,True
C,A,20210101,2021,52,2021,704,VNM,Viet Nam,M,Import,0,W00,World,0,W00,World,H5,HS,True,78,Lead and articles thereof,2,False,C00,TOTAL CPC,0,0,TOTAL MOT,-1,N/A,0.0,False,-1,N/A,0.0,False,0.0,True,0.0,False,470948792.124,0.0,470948792.124,4,False,True
C,A,20210101,2021,52,2021,704,VNM,Viet Nam,M,Import,0,W00,World,0,W00,World,H5,HS,True,79,Zinc and articles thereof,2,False,C00,TOTAL CPC,0,0,TOTAL MOT,-1,N/A,0.0,False,-1,N/A,0.0,False,0.0,True,0.0,False,749719785.873,0.0,749719785.873,4,False,True
C,A,20210101,2021,52,2021,704,VNM,Viet Nam,M,Import,0,W00,World,0,W00,World,H5,HS,True,80,Tin; articles thereof,2,False,C00,TOTAL CPC,0,0,TOTAL MOT,-1,N/A,0.0,False,-1,N/A,0.0,False,0.0,True,0.0,False,138925607.695,0.0,138925607.695,4,False,True
C,A,20210101,2021,52,2021,704,VNM,Viet Nam,M,Import,0,W00,World,0,W00,World,H5,HS,True,84,"Nuclear reactors, boilers, machinery and mechanical appliances; parts thereof",2,False,C00,TOTAL CPC,0,0,TOTAL MOT,-1,N/A,0.0,False,-1,N/A,0.0,False,0.0,True,0.0,False,24114519685.482,0.0,24114519685.482,4,False,True
C,A,20210101,2021,52,2021,704,VNM,Viet Nam,M,Import,0,W00,World,0,W00,World,H5,HS,True,88,"Aircraft, spacecraft and parts thereof",2,False,C00,TOTAL CPC,0,0,TOTAL MOT,-1,N/A,0.0,False,-1,N/A,0.0,False,0.0,True,0.0,False,338126056.659,0.0,338126056.659,4,False,True
C,A,20210101,2021,52,2021,704,VNM,Viet Nam,M,Import,0,W00,World,0,W00,World,H5,HS,True,94,"Furniture; bedding, mattresses, mattress supports, cushions and similar stuffed furnishings; lamps and lighting fittings, n.e.c.; illuminated signs, illuminated name-plates and the like; prefabricated buildings",2,False,C00,TOTAL CPC,0,0,TOTAL MOT,-1,N/A,0.0,False,-1,N/A,0.0,False,0.0,True,0.0,False,1185859958.275,0.0,1185859958.275,4,False,True
C,A,20210101,2021,52,2021,704,VNM,Viet Nam,M,Import,0,W00,World,0,W00,World,H5,HS,True,95,"Toys, games and sports requisites; parts and accessories thereof",2,False,C00,TOTAL CPC,0,0,TOTAL MOT,-1,N/A,0.0,False,-1,N/A,0.0,False,0.0,True,0.0,False,370643256.97,0.0,370643256.97,4,False,True
C,A,20210101,2021,52,2021,704,VNM,Viet Nam,M,Import,0,W00,World,0,W00,World,H5,HS,True,96,Miscellaneous manufactured articles,2,False,C00,TOTAL CPC,0,0,TOTAL MOT,-1,N/A,0.0,False,-1,N/A,0.0,False,0.0,True,0.0,False,1137232532.896,0.0,1137232532.896,4,False,True
C,A,20210101,2021,52,2021,704,VNM,Viet Nam,M,Import,0,W00,World,0,W00,World,H5,HS,True,02,Meat and edible meat offal,2,False,C00,TOTAL CPC,0,0,TOTAL MOT,-1,N/A,0.0,False,-1,N/A,0.0,False,0.0,True,0.0,False,1384934727.666,0.0,1384934727.666,4,False,True
C,A,20210101,2021,52,2021,704,VNM,Viet Nam,M,Import,0,W00,World,0,W00,World,H5,HS,True,03,"Fish and crustaceans, molluscs and other aquatic invertebrates",2,False,C00,TOTAL CPC,0,0,TOTAL MOT,-1,N/A,0.0,False,-1,N/A,0.0,False,0.0,True,0.0,False,1796742074.841,0.0,1796742074.841,4,False,True
C,A,20210101,2021,52,2021,704,VNM,Viet Nam,M,Import,0,W00,World,0,W00,World,H5,HS,True,04,"Dairy produce; birds' eggs; natural honey; edible products of animal origin, not elsewhere specified or included",2,False,C00,TOTAL CPC,0,0,TOTAL MOT,-1,N/A,0.0,False,-1,N/A,0.0,False,0.0,True,0.0,False,791079260.391,0.0,791079260.391,4,False,True
C,A,20210101,2021,52,2021,704,VNM,Viet Nam,M,Import,0,W00,World,0,W00,World,H5,HS,True,06,"Trees and other plants, live; bulbs, roots and the like; cut flowers and ornamental foliage",2,False,C00,TOTAL CPC,0,0,TOTAL MOT,-1,N/A,0.0,False,-1,N/A,0.0,False,0.0,True,0.0,False,100063487.546,0.0,100063487.546,4,False,True
C,A,20210101,2021,52,2021,704,VNM,Viet Nam,M,Import,0,W00,World,0,W00,World,H5,HS,True,07,Vegetables and certain roots and tubers; edible,2,False,C00,TOTAL CPC,0,0,TOTAL MOT,-1,N/A,0.0,False,-1,N/A,0.0,False,0.0,True,0.0,False,1031174840.645,0.0,1031174840.645,4,False,True
C,A,20210101,2021,52,2021,704,VNM,Viet Nam,M,Import,0,W00,World,0,W00,World,H5,HS,True,08,"Fruit and nuts, edible; peel of citrus fruit or melons",2,False,C00,TOTAL CPC,0,0,TOTAL MOT,-1,N/A,0.0,False,-1,N/A,0.0,False,0.0,True,0.0,False,4566390047.12,0.0,4566390047.12,4,False,True
C,A,20210101,2021,52,2021,704,VNM,Viet Nam,M,Import,0,W00,World,0,W00,World,H5,HS,True,09,"Coffee, tea, mate and spices",2,False,C00,TOTAL CPC,0,0,TOTAL MOT,-1,N/A,0.0,False,-1,N/A,0.0,False,0.0,True,0.0,False,287510216.17,0.0,287510216.17,4,False,True
C,A,20210101,2021,52,2021,704,VNM,Viet Nam,M,Import,0,W00,World,0,W00,World,H5,HS,True,10,Cereals,2,False,C00,TOTAL CPC,0,0,TOTAL MOT,-1,N/A,0.0,False,-1,N/A,0.0,False,0.0,True,0.0,False,5150157000.054,0.0,5150157000.054,4,False,True
C,A,20210101,2021,52,2021,704,VNM,Viet Nam,M,Import,0,W00,World,0,W00,World,H5,HS,True,11,"Products of the milling industry; malt, starches, inulin, wheat gluten",2,False,C00,TOTAL CPC,0,0,TOTAL MOT,-1,N/A,0.0,False,-1,N/A,0.0,False,0.0,True,0.0,False,290997182.758,0.0,290997182.758,4,False,True
C,A,20210101,2021,52,2021,704,VNM,Viet Nam,M,Import,0,W00,World,0,W00,World,H5,HS,True,16,"Meat, fish or crustaceans, molluscs or other aquatic invertebrates; preparations thereof",2,False,C00,TOTAL CPC,0,0,TOTAL MOT,-1,N/A,0.0,False,-1,N/A,0.0,False,0.0,True,0.0,False,59302777.22,0.0,59302777.22,4,False,True
C,A,20210101,2021,52,2021,704,VNM,Viet Nam,M,Import,0,W00,World,0,W00,World,H5,HS,True,17,Sugars and sugar confectionery,2,False,C00,TOTAL CPC,0,0,TOTAL MOT,-1,N/A,0.0,False,-1,N/A,0.0,False,0.0,True,0.0,False,1046986823.936,0.0,1046986823.936,4,False,True
C,A,20210101,2021,52,2021,704,VNM,Viet Nam,M,Import,0,W00,World,0,W00,World,H5,HS,True,18,Cocoa and cocoa preparations,2,False,C00,TOTAL CPC,0,0,TOTAL MOT,-1,N/A,0.0,False,-1,N/A,0.0,False,0.0,True,0.0,False,64603256.087,0.0,64603256.087,4,False,True
C,A,20210101,2021,52,2021,704,VNM,Viet Nam,M,Import,0,W00,World,0,W00,World,H5,HS,True,19,"Preparations of cereals, flour, starch or milk; pastrycooks' products",2,False,C00,TOTAL CPC,0,0,TOTAL MOT,-1,N/A,0.0,False,-1,N/A,0.0,False,0.0,True,0.0,False,787096538.09,0.0,787096538.09,4,False,True
C,A,20210101,2021,52,2021,704,VNM,Viet Nam,M,Import,0,W00,World,0,W00,World,H5,HS,True,22,"Beverages, spirits and vinegar",2,False,C00,TOTAL CPC,0,0,TOTAL MOT,-1,N/A,0.0,False,-1,N/A,0.0,False,0.0,True,0.0,False,385827480.459,0.0,385827480.459,4,False,True
C,A,20210101,2021,52,2021,704,VNM,Viet Nam,M,Import,0,W00,World,0,W00,World,H5,HS,True,27,"Mineral fuels, mineral oils and products of their distillation; bituminous substances; mineral waxes",2,False,C00,TOTAL CPC,0,0,TOTAL MOT,-1,N/A,0.0,False,-1,N/A,0.0,False,0.0,True,0.0,False,16390904374.073,0.0,16390904374.073,4,False,True
C,A,20210101,2021,52,2021,704,VNM,Viet Nam,M,Import,0,W00,World,0,W00,World,H5,HS,True,31,Fertilizers,2,False,C00,TOTAL CPC,0,0,TOTAL MOT,-1,N/A,0.0,False,-1,N/A,0.0,False,0.0,True,0.0,False,1431817923.706,0.0,1431817923.706,4,False,True
C,A,20210101,2021,52,2021,704,VNM,Viet Nam,M,Import,0,W00,World,0,W00,World,H5,HS,True,33,"Essential oils and resinoids; perfumery, cosmetic or toilet preparations",2,False,C00,TOTAL CPC,0,0,TOTAL MOT,-1,N/A,0.0,False,-1,N/A,0.0,False,0.0,True,0.0,False,1036145993.191,0.0,1036145993.191,4,False,True
C,A,20210101,2021,52,2021,704,VNM,Viet Nam,M,Import,0,W00,World,0,W00,World,H5,HS,True,34,"Soap, organic surface-active agents; washing, lubricating, polishing or scouring preparations; artificial or prepared waxes, candles and similar articles, modelling pastes, dental waxes and dental preparations with a basis of plaster",2,False,C00,TOTAL CPC,0,0,TOTAL MOT,-1,N/A,0.0,False,-1,N/A,0.0,False,0.0,True,0.0,False,955008536.418,0.0,955008536.418,4,False,True
C,A,20210101,2021,52,2021,704,VNM,Viet Nam,M,Import,0,W00,World,0,W00,World,H5,HS,True,35,Albuminoidal substances; modified starches; glues; enzymes,2,False,C00,TOTAL CPC,0,0,TOTAL MOT,-1,N/A,0.0,False,-1,N/A,0.0,False,0.0,True,0.0,False,1148260445.038,0.0,1148260445.038,4,False,True
C,A,20210101,2021,52,2021,704,VNM,Viet Nam,M,Import,0,W00,World,0,W00,World,H5,HS,True,39,Plastics and articles thereof,2,False,C00,TOTAL CPC,0,0,TOTAL MOT,-1,N/A,0.0,False,-1,N/A,0.0,False,0.0,True,0.0,False,19983552111.468,0.0,19983552111.468,4,False,True
C,A,20210101,2021,52,2021,704,VNM,Viet Nam,M,Import,0,W00,World,0,W00,World,H5,HS,True,40,Rubber and articles thereof,2,False,C00,TOTAL CPC,0,0,TOTAL MOT,-1,N/A,0.0,False,-1,N/A,0.0,False,0.0,True,0.0,False,4377300852.98,0.0,4377300852.98,4,False,True
C,A,20210101,2021,52,2021,704,VNM,Viet Nam,M,Import,0,W00,World,0,W00,World,H5,HS,True,41,Raw hides and skins (other than furskins) and leather,2,False,C00,TOTAL CPC,0,0,TOTAL MOT,-1,N/A,0.0,False,-1,N/A,0.0,False,0.0,True,0.0,False,1672432912.151,0.0,1672432912.151,4,False,True
C,A,20210101,2021,52,2021,704,VNM,Viet Nam,M,Import,0,W00,World,0,W00,World,H5,HS,True,44,Wood and articles of wood; wood charcoal,2,False,C00,TOTAL CPC,0,0,TOTAL MOT,-1,N/A,0.0,False,-1,N/A,0.0,False,0.0,True,0.0,False,2375432112.759,0.0,2375432112.759,4,False,True
C,A,20210101,2021,52,2021,704,VNM,Viet Nam,M,Import,0,W00,World,0,W00,World,H5,HS,True,45,Cork and articles of cork,2,False,C00,TOTAL CPC,0,0,TOTAL MOT,-1,N/A,0.0,False,-1,N/A,0.0,False,0.0,True,0.0,False,8674261.218,0.0,8674261.218,4,False,True
C,A,20210101,2021,52,2021,704,VNM,Viet Nam,M,Import,0,W00,World,0,W00,World,H5,HS,True,46,"Manufactures of straw, esparto or other plaiting materials; basketware and wickerwork",2,False,C00,TOTAL CPC,0,0,TOTAL MOT,-1,N/A,0.0,False,-1,N/A,0.0,False,0.0,True,0.0,False,14824053.287,0.0,14824053.287,4,False,True
C,A,20210101,2021,52,2021,704,VNM,Viet Nam,M,Import,0,W00,World,0,W00,World,H5,HS,True,47,Pulp of wood or other fibrous cellulosic material; recovered (waste and scrap) paper or paperboard,2,False,C00,TOTAL CPC,0,0,TOTAL MOT,-1,N/A,0.0,False,-1,N/A,0.0,False,0.0,True,0.0,False,1127164208.215,0.0,1127164208.215,4,False,True
C,A,20210101,2021,52,2021,704,VNM,Viet Nam,M,Import,0,W00,World,0,W00,World,H5,HS,True,51,"Wool, fine or coarse animal hair; horsehair yarn and woven fabric",2,False,C00,TOTAL CPC,0,0,TOTAL MOT,-1,N/A,0.0,False,-1,N/A,0.0,False,0.0,True,0.0,False,235751878.463,0.0,235751878.463,4,False,True
C,A,20210101,2021,52,2021,704,VNM,Viet Nam,M,Import,0,W00,World,0,W00,World,H5,HS,True,52,Cotton,2,False,C00,TOTAL CPC,0,0,TOTAL MOT,-1,N/A,0.0,False,-1,N/A,0.0,False,0.0,True,0.0,False,4914206699.476,0.0,4914206699.476,4,False,True
C,A,20210101,2021,52,2021,704,VNM,Viet Nam,M,Import,0,W00,World,0,W00,World,H5,HS,True,54,Man-made filaments; strip and the like of man-made textile materials,2,False,C00,TOTAL CPC,0,0,TOTAL MOT,-1,N/A,0.0,False,-1,N/A,0.0,False,0.0,True,0.0,False,3594801572.306,0.0,3594801572.306,4,False,True
C,A,20210101,2021,52,2021,704,VNM,Viet Nam,M,Import,0,W00,World,0,W00,World,H5,HS,True,55,Man-made staple fibres,2,False,C00,TOTAL CPC,0,0,TOTAL MOT,-1,N/A,0.0,False,-1,N/A,0.0,False,0.0,True,0.0,False,2586581532.734,0.0,2586581532.734,4,False,True
C,A,20210101,2021,52,2021,704,VNM,Viet Nam,M,Import,0,W00,World,0,W00,World,H5,HS,True,56,"Wadding, felt and nonwovens, special yarns; twine, cordage, ropes and cables and articles thereof",2,False,C00,TOTAL CPC,0,0,TOTAL MOT,-1,N/A,0.0,False,-1,N/A,0.0,False,0.0,True,0.0,False,1065608603.58,0.0,1065608603.58,4,False,True
C,A,20210101,2021,52,2021,704,VNM,Viet Nam,M,Import,0,W00,World,0,W00,World,H5,HS,True,59,"Textile fabrics; impregnated, coated, covered or laminated; textile articles of a kind suitable for industrial use",2,False,C00,TOTAL CPC,0,0,TOTAL MOT,-1,N/A,0.0,False,-1,N/A,0.0,False,0.0,True,0.0,False,1600174445.422,0.0,1600174445.422,4,False,True
C,A,20210101,2021,52,2021,704,VNM,Viet Nam,M,Import,0,W00,World,0,W00,World,H5,HS,True,61,Apparel and clothing accessories; knitted or crocheted,2,False,C00,TOTAL CPC,0,0,TOTAL MOT,-1,N/A,0.0,False,-1,N/A,0.0,False,0.0,True,0.0,False,250577024.907,0.0,250577024.907,4,False,True
C,A,20210101,2021,52,2021,704,VNM,Viet Nam,M,Import,0,W00,World,0,W00,World,H5,HS,True,62,Apparel and clothing accessories; not knitted or crocheted,2,False,C00,TOTAL CPC,0,0,TOTAL MOT,-1,N/A,0.0,False,-1,N/A,0.0,False,0.0,True,0.0,False,241565520.304,0.0,241565520.304,4,False,True
C,A,20210101,2021,52,2021,704,VNM,Viet Nam,M,Import,0,W00,World,0,W00,World,H5,HS,True,63,"Textiles, made up articles; sets; worn clothing and worn textile articles; rags",2,False,C00,TOTAL CPC,0,0,TOTAL MOT,-1,N/A,0.0,False,-1,N/A,0.0,False,0.0,True,0.0,False,222045375.87,0.0,222045375.87,4,False,True
C,A,20210101,2021,52,2021,704,VNM,Viet Nam,M,Import,0,W00,World,0,W00,World,H5,HS,True,64,Footwear; gaiters and the like; parts of such articles,2,False,C00,TOTAL CPC,0,0,TOTAL MOT,-1,N/A,0.0,False,-1,N/A,0.0,False,0.0,True,0.0,False,1215851518.607,0.0,1215851518.607,4,False,True
C,A,20210101,2021,52,2021,704,VNM,Viet Nam,M,Import,0,W00,World,0,W00,World,H5,HS,True,66,"Umbrellas, sun umbrellas, walking-sticks, seat sticks, whips, riding crops; and parts thereof",2,False,C00,TOTAL CPC,0,0,TOTAL MOT,-1,N/A,0.0,False,-1,N/A,0.0,False,0.0,True,0.0,False,8509998.001,0.0,8509998.001,4,False,True
C,A,20210101,2021,52,2021,704,VNM,Viet Nam,M,Import,0,W00,World,0,W00,World,H5,HS,True,99,Commodities not specified according to kind,2,False,C00,TOTAL CPC,0,0,TOTAL MOT,-1,N/A,0.0,False,-1,N/A,0.0,False,0.0,False,0.0,False,4482712851.653,0.0,4482712851.653,0,False,True
C,A,20210101,2021,52,2021,704,VNM,Viet Nam,M,Import,0,W00,World,0,W00,World,H5,HS,True,71,"Natural, cultured pearls; precious, semi-precious stones; precious metals, metals clad with precious metal, and articles thereof; imitation jewellery; coin",2,False,C00,TOTAL CPC,0,0,TOTAL MOT,-1,N/A,0.0,False,-1,N/A,0.0,False,0.0,False,0.0,False,870986085.97,0.0,870986085.97,0,False,True
C,A,20210101,2021,52,2021,704,VNM,Viet Nam,M,Import,0,W00,World,0,W00,World,H5,HS,True,75,Nickel and articles thereof,2,False,C00,TOTAL CPC,0,0,TOTAL MOT,-1,N/A,0.0,False,-1,N/A,0.0,False,0.0,False,0.0,False,135820882.851,0.0,135820882.851,0,False,True
C,A,20210101,2021,52,2021,704,VNM,Viet Nam,M,Import,0,W00,World,0,W00,World,H5,HS,True,76,Aluminium and articles thereof,2,False,C00,TOTAL CPC,0,0,TOTAL MOT,-1,N/A,0.0,False,-1,N/A,0.0,False,0.0,False,0.0,False,4375922468.955,0.0,4375922468.955,0,False,True
C,A,20210101,2021,52,2021,704,VNM,Viet Nam,M,Import,0,W00,World,0,W00,World,H5,HS,True,81,"Metals; n.e.c., cermets and articles thereof",2,False,C00,TOTAL CPC,0,0,TOTAL MOT,-1,N/A,0.0,False,-1,N/A,0.0,False,0.0,False,0.0,False,141920425.514,0.0,141920425.514,0,False,True
C,A,20210101,2021,52,2021,704,VNM,Viet Nam,M,Import,0,W00,World,0,W00,World,H5,HS,True,82,"Tools, implements, cutlery, spoons and forks, of base metal; parts thereof, of base metal",2,False,C00,TOTAL CPC,0,0,TOTAL MOT,-1,N/A,0.0,False,-1,N/A,0.0,False,0.0,False,0.0,False,715483816.369,0.0,715483816.369,0,False,True
C,A,20210101,2021,52,2021,704,VNM,Viet Nam,M,Import,0,W00,World,0,W00,World,H5,HS,True,83,Metal; miscellaneous products of base metal,2,False,C00,TOTAL CPC,0,0,TOTAL MOT,-1,N/A,0.0,False,-1,N/A,0.0,False,0.0,False,0.0,False,1337990344.697,0.0,1337990344.697,0,False,True
C,A,20210101,2021,52,2021,704,VNM,Viet Nam,M,Import,0,W00,World,0,W00,World,H5,HS,True,85,"Electrical machinery and equipment and parts thereof; sound recorders and reproducers; television image and sound recorders and reproducers, parts and accessories of such articles",2,False,C00,TOTAL CPC,0,0,TOTAL MOT,-1,N/A,0.0,False,-1,N/A,0.0,False,0.0,False,0.0,False,118140894336.513,0.0,118140894336.513,0,False,True
C,A,20210101,2021,52,2021,704,VNM,Viet Nam,M,Import,0,W00,World,0,W00,World,H5,HS,True,86,"Railway, tramway locomotives, rolling-stock and parts thereof; railway or tramway track fixtures and fittings and parts thereof; mechanical (including electro-mechanical) traffic signalling equipment of all kinds",2,False,C00,TOTAL CPC,0,0,TOTAL MOT,-1,N/A,0.0,False,-1,N/A,0.0,False,0.0,False,0.0,False,117175140.407,0.0,117175140.407,0,False,True
C,A,20210101,2021,52,2021,704,VNM,Viet Nam,M,Import,0,W00,World,0,W00,World,H5,HS,True,87,"Vehicles; other than railway or tramway rolling stock, and parts and accessories thereof",2,False,C00,TOTAL CPC,0,0,TOTAL MOT,-1,N/A,0.0,False,-1,N/A,0.0,False,0.0,False,0.0,False,7443592414.645,0.0,7443592414.645,0,False,True
C,A,20210101,2021,52,2021,704,VNM,Viet Nam,M,Import,0,W00,World,0,W00,World,H5,HS,True,89,"Ships, boats and floating structures",2,False,C00,TOTAL CPC,0,0,TOTAL MOT,-1,N/A,0.0,False,-1,N/A,0.0,False,0.0,False,0.0,False,499800715.594,0.0,499800715.594,0,False,True
C,A,20210101,2021,52,2021,704,VNM,Viet Nam,M,Import,0,W00,World,0,W00,World,H5,HS,True,90,"Optical, photographic, cinematographic, measuring, checking, medical or surgical instruments and apparatus; parts and accessories",2,False,C00,TOTAL CPC,0,0,TOTAL MOT,-1,N/A,0.0,False,-1,N/A,0.0,False,0.0,False,0.0,False,7961988289.035,0.0,7961988289.035,0,False,True
C,A,20210101,2021,52,2021,704,VNM,Viet Nam,M,Import,0,W00,World,0,W00,World,H5,HS,True,91,Clocks and watches and parts thereof,2,False,C00,TOTAL CPC,0,0,TOTAL MOT,-1,N/A,0.0,False,-1,N/A,0.0,False,0.0,False,0.0,False,171545538.702,0.0,171545538.702,0,False,True
C,A,20210101,2021,52,2021,704,VNM,Viet Nam,M,Import,0,W00,World,0,W00,World,H5,HS,True,92,Musical instruments; parts and accessories of such articles,2,False,C00,TOTAL CPC,0,0,TOTAL MOT,-1,N/A,0.0,False,-1,N/A,0.0,False,0.0,False,0.0,False,29947733.971,0.0,29947733.971,0,False,True
C,A,20210101,2021,52,2021,704,VNM,Viet Nam,M,Import,0,W00,World,0,W00,World,H5,HS,True,93,Arms and ammunition; parts and accessories thereof,2,False,C00,TOTAL CPC,0,0,TOTAL MOT,-1,N/A,0.0,False,-1,N/A,0.0,False,0.0,False,0.0,False,3771985.729,0.0,3771985.729,0,False,True
C,A,20210101,2021,52,2021,704,VNM,Viet Nam,M,Import,0,W00,World,0,W00,World,H5,HS,True,97,Works of art; collectors' pieces and antiques,2,False,C00,TOTAL CPC,0,0,TOTAL MOT,-1,N/A,0.0,False,-1,N/A,0.0,False,0.0,False,0.0,False,4060476.574,0.0,4060476.574,0,False,True
C,A,20210101,2021,52,2021,704,VNM,Viet Nam,M,Import,0,W00,World,0,W00,World,H5,HS,True,01,Animals; live,2,False,C00,TOTAL CPC,0,0,TOTAL MOT,-1,N/A,0.0,False,-1,N/A,0.0,False,0.0,False,0.0,False,663488522.786,0.0,663488522.786,0,False,True
C,A,20210101,2021,52,2021,704,VNM,Viet Nam,M,Import,0,W00,World,0,W00,World,H5,HS,True,05,Animal originated products; not elsewhere specified or included,2,False,C00,TOTAL CPC,0,0,TOTAL MOT,-1,N/A,0.0,False,-1,N/A,0.0,False,0.0,False,0.0,False,325753606.598,0.0,325753606.598,0,False,True
C,A,20210101,2021,52,2021,704,VNM,Viet Nam,M,Import,0,W00,World,0,W00,World,H5,HS,True,12,"Oil seeds and oleaginous fruits; miscellaneous grains, seeds and fruit, industrial or medicinal plants; straw and fodder",2,False,C00,TOTAL CPC,0,0,TOTAL MOT,-1,N/A,0.0,False,-1,N/A,0.0,False,0.0,False,0.0,False,1575373369.867,0.0,1575373369.867,0,False,True
C,A,20210101,2021,52,2021,704,VNM,Viet Nam,M,Import,0,W00,World,0,W00,World,H5,HS,True,13,"Lac; gums, resins and other vegetable saps and extracts",2,False,C00,TOTAL CPC,0,0,TOTAL MOT,-1,N/A,0.0,False,-1,N/A,0.0,False,0.0,False,0.0,False,114475877.868,0.0,114475877.868,0,False,True
C,A,20210101,2021,52,2021,704,VNM,Viet Nam,M,Import,0,W00,World,0,W00,World,H5,HS,True,14,Vegetable plaiting materials; vegetable products not elsewhere specified or included,2,False,C00,TOTAL CPC,0,0,TOTAL MOT,-1,N/A,0.0,False,-1,N/A,0.0,False,0.0,False,0.0,False,7229825.174,0.0,7229825.174,0,False,True
C,A,20210101,2021,52,2021,704,VNM,Viet Nam,M,Import,0,W00,World,0,W00,World,H5,HS,True,15,Animal or vegetable fats and oils and their cleavage products; prepared animal fats; animal or vegetable waxes,2,False,C00,TOTAL CPC,0,0,TOTAL MOT,-1,N/A,0.0,False,-1,N/A,0.0,False,0.0,False,0.0,False,1368482503.259,0.0,1368482503.259,0,False,True
C,A,20210101,2021,52,2021,704,VNM,Viet Nam,M,Import,0,W00,World,0,W00,World,H5,HS,True,20,"Preparations of vegetables, fruit, nuts or other parts of plants",2,False,C00,TOTAL CPC,0,0,TOTAL MOT,-1,N/A,0.0,False,-1,N/A,0.0,False,0.0,False,0.0,False,136069914.488,0.0,136069914.488,0,False,True
C,A,20210101,2021,52,2021,704,VNM,Viet Nam,M,Import,0,W00,World,0,W00,World,H5,HS,True,21,Miscellaneous edible preparations,2,False,C00,TOTAL CPC,0,0,TOTAL MOT,-1,N/A,0.0,False,-1,N/A,0.0,False,0.0,False,0.0,False,1178431987.735,0.0,1178431987.735,0,False,True
C,A,20210101,2021,52,2021,704,VNM,Viet Nam,M,Import,0,W00,World,0,W00,World,H5,HS,True,23,"Food industries, residues and wastes thereof; prepared animal fodder",2,False,C00,TOTAL CPC,0,0,TOTAL MOT,-1,N/A,0.0,False,-1,N/A,0.0,False,0.0,False,0.0,False,4865435238.651,0.0,4865435238.651,0,False,True
C,A,20210101,2021,52,2021,704,VNM,Viet Nam,M,Import,0,W00,World,0,W00,World,H5,HS,True,24,Tobacco and manufactured tobacco substitutes,2,False,C00,TOTAL CPC,0,0,TOTAL MOT,-1,N/A,0.0,False,-1,N/A,0.0,False,0.0,False,0.0,False,251870519.444,0.0,251870519.444,0,False,True
C,A,20210101,2021,52,2021,704,VNM,Viet Nam,M,Import,0,W00,World,0,W00,World,H5,HS,True,25,"Salt; sulphur; earths, stone; plastering materials, lime and cement",2,False,C00,TOTAL CPC,0,0,TOTAL MOT,-1,N/A,0.0,False,-1,N/A,0.0,False,0.0,False,0.0,False,385829703.091,0.0,385829703.091,0,False,True
C,A,20210101,2021,52,2021,704,VNM,Viet Nam,M,Import,0,W00,World,0,W00,World,H5,HS,True,26,"Ores, slag and ash",2,False,C00,TOTAL CPC,0,0,TOTAL MOT,-1,N/A,0.0,False,-1,N/A,0.0,False,0.0,False,0.0,False,3428722418.386,0.0,3428722418.386,0,False,True
C,A,20210101,2021,52,2021,704,VNM,Viet Nam,M,Import,0,W00,World,0,W00,World,H5,HS,True,28,"Inorganic chemicals; organic and inorganic compounds of precious metals; of rare earth metals, of radio-active elements and of isotopes",2,False,C00,TOTAL CPC,0,0,TOTAL MOT,-1,N/A,0.0,False,-1,N/A,0.0,False,0.0,False,0.0,False,2133950624.398,0.0,2133950624.398,0,False,True
C,A,20210101,2021,52,2021,704,VNM,Viet Nam,M,Import,0,W00,World,0,W00,World,H5,HS,True,29,Organic chemicals,2,False,C00,TOTAL CPC,0,0,TOTAL MOT,-1,N/A,0.0,False,-1,N/A,0.0,False,0.0,False,0.0,False,5566019182.736,0.0,5566019182.736,0,False,True
C,A,20210101,2021,52,2021,704,VNM,Viet Nam,M,Import,0,W00,World,0,W00,World,H5,HS,True,30,Pharmaceutical products,2,False,C00,TOTAL CPC,0,0,TOTAL MOT,-1,N/A,0.0,False,-1,N/A,0.0,False,0.0,False,0.0,False,4237730160.638,0.0,4237730160.638,0,False,True
C,A,20210101,2021,52,2021,704,VNM,Viet Nam,M,Import,0,W00,World,0,W00,World,H5,HS,True,32,"Tanning or dyeing extracts; tannins and their derivatives; dyes, pigments and other colouring matter; paints, varnishes; putty, other mastics; inks",2,False,C00,TOTAL CPC,0,0,TOTAL MOT,-1,N/A,0.0,False,-1,N/A,0.0,False,0.0,False,0.0,False,2044287147.718,0.0,2044287147.718,0,False,True
C,A,20210101,2021,52,2021,704,VNM,Viet Nam,M,Import,0,W00,World,0,W00,World,H5,HS,True,36,Explosives; pyrotechnic products; matches; pyrophoric alloys; certain combustible preparations,2,False,C00,TOTAL CPC,0,0,TOTAL MOT,-1,N/A,0.0,False,-1,N/A,0.0,False,0.0,False,0.0,False,3788222.811,0.0,3788222.811,0,False,True
C,A,20210101,2021,52,2021,704,VNM,Viet Nam,M,Import,0,W00,World,0,W00,World,H5,HS,True,37,Photographic or cinematographic goods,2,False,C00,TOTAL CPC,0,0,TOTAL MOT,-1,N/A,0.0,False,-1,N/A,0.0,False,0.0,False,0.0,False,105370254.298,0.0,105370254.298,0,False,True
C,A,20210101,2021,52,2021,704,VNM,Viet Nam,M,Import,0,W00,World,0,W00,World,H5,HS,True,38,Chemical products n.e.c.,2,False,C00,TOTAL CPC,0,0,TOTAL MOT,-1,N/A,0.0,False,-1,N/A,0.0,False,0.0,False,0.0,False,4585418982.722,0.0,4585418982.722,0,False,True
C,A,20210101,2021,52,2021,704,VNM,Viet Nam,M,Import,0,W00,World,0,W00,World,H5,HS,True,42,"Articles of leather; saddlery and harness; travel goods, handbags and similar containers; articles of animal gut (other than silk-worm gut)",2,False,C00,TOTAL CPC,0,0,TOTAL MOT,-1,N/A,0.0,False,-1,N/A,0.0,False,0.0,False,0.0,False,236846933.305,0.0,236846933.305,0,False,True
C,A,20210101,2021,52,2021,704,VNM,Viet Nam,M,Import,0,W00,World,0,W00,World,H5,HS,True,43,Furskins and artificial fur; manufactures thereof,2,False,C00,TOTAL CPC,0,0,TOTAL MOT,-1,N/A,0.0,False,-1,N/A,0.0,False,0.0,False,0.0,False,104398696.228,0.0,104398696.228,0,False,True
C,A,20210101,2021,52,2021,704,VNM,Viet Nam,M,Import,0,W00,World,0,W00,World,H5,HS,True,48,"Paper and paperboard; articles of paper pulp, of paper or paperboard",2,False,C00,TOTAL CPC,0,0,TOTAL MOT,-1,N/A,0.0,False,-1,N/A,0.0,False,0.0,False,0.0,False,3007917034.881,0.0,3007917034.881,0,False,True
C,A,20210101,2021,52,2021,704,VNM,Viet Nam,M,Import,0,W00,World,0,W00,World,H5,HS,True,49,"Printed books, newspapers, pictures and other products of the printing industry; manuscripts, typescripts and plans",2,False,C00,TOTAL CPC,0,0,TOTAL MOT,-1,N/A,0.0,False,-1,N/A,0.0,False,0.0,False,0.0,False,181931937.523,0.0,181931937.523,0,False,True
C,A,20210101,2021,52,2021,704,VNM,Viet Nam,M,Import,0,W00,World,0,W00,World,H5,HS,True,50,Silk,2,False,C00,TOTAL CPC,0,0,TOTAL MOT,-1,N/A,0.0,False,-1,N/A,0.0,False,0.0,False,0.0,False,27187686.912,0.0,27187686.912,0,False,True
C,A,20210101,2021,52,2021,704,VNM,Viet Nam,M,Import,0,W00,World,0,W00,World,H5,HS,True,53,Vegetable textile fibres; paper yarn and woven fabrics of paper yarn,2,False,C00,TOTAL CPC,0,0,TOTAL MOT,-1,N/A,0.0,False,-1,N/A,0.0,False,0.0,False,0.0,False,120319954.464,0.0,120319954.464,0,False,True
C,A,20210101,2021,52,2021,704,VNM,Viet Nam,M,Import,0,W00,World,0,W00,World,H5,HS,True,57,Carpets and other textile floor coverings,2,False,C00,TOTAL CPC,0,0,TOTAL MOT,-1,N/A,0.0,False,-1,N/A,0.0,False,0.0,False,0.0,False,58193965.349,0.0,58193965.349,0,False,True
C,A,20210101,2021,52,2021,704,VNM,Viet Nam,M,Import,0,W00,World,0,W00,World,H5,HS,True,58,"Fabrics; special woven fabrics, tufted textile fabrics, lace, tapestries, trimmings, embroidery",2,False,C00,TOTAL CPC,0,0,TOTAL MOT,-1,N/A,0.0,False,-1,N/A,0.0,False,0.0,False,0.0,False,1207229603.183,0.0,1207229603.183,0,False,True
C,A,20210101,2021,52,2021,704,VNM,Viet Nam,M,Import,0,W00,World,0,W00,World,H5,HS,True,60,Fabrics; knitted or crocheted,2,False,C00,TOTAL CPC,0,0,TOTAL MOT,-1,N/A,0.0,False,-1,N/A,0.0,False,0.0,False,0.0,False,6628702908.529,0.0,6628702908.529,0,False,True
C,A,20210101,2021,52,2021,704,VNM,Viet Nam,M,Import,0,W00,World,0,W00,World,H5,HS,True,65,Headgear and parts thereof,2,False,C00,TOTAL CPC,0,0,TOTAL MOT,-1,N/A,0.0,False,-1,N/A,0.0,False,0.0,False,0.0,False,52262286.411,0.0,52262286.411,0,False,True
C,A,20210101,2021,52,2021,704,VNM,Viet Nam,M,Import,0,W00,World,0,W00,World,H5,HS,True,67,"Feathers and down, prepared; and articles made of feather or of down; artificial flowers; articles of human hair",2,False,C00,TOTAL CPC,0,0,TOTAL MOT,-1,N/A,0.0,False,-1,N/A,0.0,False,0.0,False,0.0,False,74853342.78,0.0,74853342.78,0,False,True
C,A,20210101,2021,52,2021,704,VNM,Viet Nam,M,Import,0,W00,World,0,W00,World,H5,HS,True,68,"Stone, plaster, cement, asbestos, mica or similar materials; articles thereof",2,False,C00,TOTAL CPC,0,0,TOTAL MOT,-1,N/A,0.0,False,-1,N/A,0.0,False,0.0,False,0.0,False,683694892.779,0.0,683694892.779,0,False,True
C,A,20210101,2021,52,2021,704,VNM,Viet Nam,M,Import,0,W00,World,0,W00,World,H5,HS,True,69,Ceramic products,2,False,C00,TOTAL CPC,0,0,TOTAL MOT,-1,N/A,0.0,False,-1,N/A,0.0,False,0.0,False,0.0,False,442020172.385,0.0,442020172.385,0,False,True
C,A,20210101,2021,52,2021,704,VNM,Viet Nam,M,Import,0,W00,World,0,W00,World,H5,HS,True,70,Glass and glassware,2,False,C00,TOTAL CPC,0,0,TOTAL MOT,-1,N/A,0.0,False,-1,N/A,0.0,False,0.0,False,0.0,False,1561311066.831,0.0,1561311066.831,0,False,True
C,A,20210101,2021,52,2021,699,IND,India,M,Import,0,W00,World,0,W00,World,H5,HS,True,02,Meat and edible meat offal,2,False,C00,TOTAL CPC,0,0,TOTAL MOT,-1,N/A,0.0,False,-1,N/A,0.0,False,0.0,False,0.0,False,3561623.911,0.0,3561623.911,0,False,True
C,A,20210101,2021,52,2021,699,IND,India,M,Import,0,W00,World,0,W00,World,H5,HS,True,03,"Fish and crustaceans, molluscs and other aquatic invertebrates",2,False,C00,TOTAL CPC,0,0,TOTAL MOT,-1,N/A,0.0,False,-1,N/A,0.0,False,0.0,False,0.0,False,143960067.649,0.0,143960067.649,0,False,True
C,A,20210101,2021,52,2021,699,IND,India,M,Import,0,W00,World,0,W00,World,H5,HS,True,06,"Trees and other plants, live; bulbs, roots and the like; cut flowers and ornamental foliage",2,False,C00,TOTAL CPC,0,0,TOTAL MOT,-1,N/A,0.0,False,-1,N/A,0.0,False,0.0,False,0.0,False,33477198.495,0.0,33477198.495,0,False,True
C,A,20210101,2021,52,2021,699,IND,India,M,Import,0,W00,World,0,W00,World,H5,HS,True,16,"Meat, fish or crustaceans, molluscs or other aquatic invertebrates; preparations thereof",2,False,C00,TOTAL CPC,0,0,TOTAL MOT,-1,N/A,0.0,False,-1,N/A,0.0,False,0.0,False,0.0,False,13154470.306,0.0,13154470.306,0,False,True
C,A,20210101,2021,52,2021,699,IND,India,M,Import,0,W00,World,0,W00,World,H5,HS,True,23,"Food industries, residues and wastes thereof; prepared animal fodder",2,False,C00,TOTAL CPC,0,0,TOTAL MOT,-1,N/A,0.0,False,-1,N/A,0.0,False,0.0,False,0.0,False,1183967751.802,0.0,1183967751.802,0,False,True
C,A,20210101,2021,52,2021,699,IND,India,M,Import,0,W00,World,0,W00,World,H5,HS,True,47,Pulp of wood or other fibrous cellulosic material; recovered (waste and scrap) paper or paperboard,2,False,C00,TOTAL CPC,0,0,TOTAL MOT,-1,N/A,0.0,False,-1,N/A,0.0,False,0.0,False,0.0,False,3217574244.966,0.0,3217574244.966,0,False,True
C,A,20210101,2021,52,2021,699,IND,India,M,Import,0,W00,World,0,W00,World,H5,HS,True,99,Commodities not specified according to kind,2,False,C00,TOTAL CPC,0,0,TOTAL MOT,-1,N/A,0.0,False,-1,N/A,0.0,False,0.0,False,0.0,False,1387613114.566,0.0,1387613114.566,0,False,True
C,A,20210101,2021,52,2021,699,IND,India,M,Import,0,W00,World,0,W00,World,H5,HS,True,82,"Tools, implements, cutlery, spoons and forks, of base metal; parts thereof, of base metal",2,False,C00,TOTAL CPC,0,0,TOTAL MOT,-1,N/A,0.0,False,-1,N/A,0.0,False,0.0,True,0.0,False,1273204509.502,0.0,1273204509.502,4,False,True
C,A,20210101,2021,52,2021,699,IND,India,M,Import,0,W00,World,0,W00,World,H5,HS,True,04,"Dairy produce; birds' eggs; natural honey; edible products of animal origin, not elsewhere specified or included",2,False,C00,TOTAL CPC,0,0,TOTAL MOT,-1,N/A,0.0,False,-1,N/A,0.0,False,0.0,True,0.0,False,30483816.178,0.0,30483816.178,4,False,True
C,A,20210101,2021,52,2021,699,IND,India,M,Import,0,W00,World,0,W00,World,H5,HS,True,05,Animal originated products; not elsewhere specified or included,2,False,C00,TOTAL CPC,0,0,TOTAL MOT,-1,N/A,0.0,False,-1,N/A,0.0,False,0.0,True,0.0,False,41624755.703,0.0,41624755.703,4,False,True
C,A,20210101,2021,52,2021,699,IND,India,M,Import,0,W00,World,0,W00,World,H5,HS,True,07,Vegetables and certain roots and tubers; edible,2,False,C00,TOTAL CPC,0,0,TOTAL MOT,-1,N/A,0.0,False,-1,N/A,0.0,False,0.0,True,0.0,False,2128192180.282,0.0,2128192180.282,4,False,True
C,A,20210101,2021,52,2021,699,IND,India,M,Import,0,W00,World,0,W00,World,H5,HS,True,08,"Fruit and nuts, edible; peel of citrus fruit or melons",2,False,C00,TOTAL CPC,0,0,TOTAL MOT,-1,N/A,0.0,False,-1,N/A,0.0,False,0.0,True,0.0,False,3657869510.754,0.0,3657869510.754,4,False,True
C,A,20210101,2021,52,2021,699,IND,India,M,Import,0,W00,World,0,W00,World,H5,HS,True,09,"Coffee, tea, mate and spices",2,False,C00,TOTAL CPC,0,0,TOTAL MOT,-1,N/A,0.0,False,-1,N/A,0.0,False,0.0,True,0.0,False,900606170.668,0.0,900606170.668,4,False,True
C,A,20210101,2021,52,2021,699,IND,India,M,Import,0,W00,World,0,W00,World,H5,HS,True,10,Cereals,2,False,C00,TOTAL CPC,0,0,TOTAL MOT,-1,N/A,0.0,False,-1,N/A,0.0,False,0.0,True,0.0,False,41260048.453,0.0,41260048.453,4,False,True
C,A,20210101,2021,52,2021,699,IND,India,M,Import,0,W00,World,0,W00,World,H5,HS,True,11,"Products of the milling industry; malt, starches, inulin, wheat gluten",2,False,C00,TOTAL CPC,0,0,TOTAL MOT,-1,N/A,0.0,False,-1,N/A,0.0,False,0.0,True,0.0,False,71662912.415,0.0,71662912.415,4,False,True
C,A,20210101,2021,52,2021,699,IND,India,M,Import,0,W00,World,0,W00,World,H5,HS,True,12,"Oil seeds and oleaginous fruits; miscellaneous grains, seeds and fruit, industrial or medicinal plants; straw and fodder",2,False,C00,TOTAL CPC,0,0,TOTAL MOT,-1,N/A,0.0,False,-1,N/A,0.0,False,0.0,True,0.0,False,829590392.859,0.0,829590392.859,4,False,True
C,A,20210101,2021,52,2021,699,IND,India,M,Import,0,W00,World,0,W00,World,H5,HS,True,13,"Lac; gums, resins and other vegetable saps and extracts",2,False,C00,TOTAL CPC,0,0,TOTAL MOT,-1,N/A,0.0,False,-1,N/A,0.0,False,0.0,True,0.0,False,277636735.294,0.0,277636735.294,4,False,True
C,A,20210101,2021,52,2021,699,IND,India,M,Import,0,W00,World,0,W00,World,H5,HS,True,14,Vegetable plaiting materials; vegetable products not elsewhere specified or included,2,False,C00,TOTAL CPC,0,0,TOTAL MOT,-1,N/A,0.0,False,-1,N/A,0.0,False,0.0,True,0.0,False,103000700.185,0.0,103000700.185,4,False,True
C,A,20210101,2021,52,2021,699,IND,India,M,Import,0,W00,World,0,W00,World,H5,HS,True,15,Animal or vegetable fats and oils and their cleavage products; prepared animal fats; animal or vegetable waxes,2,False,C00,TOTAL CPC,0,0,TOTAL MOT,-1,N/A,0.0,False,-1,N/A,0.0,False,0.0,True,0.0,False,17458998198.203,0.0,17458998198.203,4,False,True
C,A,20210101,2021,52,2021,699,IND,India,M,Import,0,W00,World,0,W00,World,H5,HS,True,17,Sugars and sugar confectionery,2,False,C00,TOTAL CPC,0,0,TOTAL MOT,-1,N/A,0.0,False,-1,N/A,0.0,False,0.0,True,0.0,False,317715345.888,0.0,317715345.888,4,False,True
C,A,20210101,2021,52,2021,699,IND,India,M,Import,0,W00,World,0,W00,World,H5,HS,True,18,Cocoa and cocoa preparations,2,False,C00,TOTAL CPC,0,0,TOTAL MOT,-1,N/A,0.0,False,-1,N/A,0.0,False,0.0,True,0.0,False,331446972.241,0.0,331446972.241,4,False,True
C,A,20210101,2021,52,2021,699,IND,India,M,Import,0,W00,World,0,W00,World,H5,HS,True,19,"Preparations of cereals, flour, starch or milk; pastrycooks' products",2,False,C00,TOTAL CPC,0,0,TOTAL MOT,-1,N/A,0.0,False,-1,N/A,0.0,False,0.0,True,0.0,False,141103293.395,0.0,141103293.395,4,False,True
C,A,20210101,2021,52,2021,699,IND,India,M,Import,0,W00,World,0,W00,World,H5,HS,True,20,"Preparations of vegetables, fruit, nuts or other parts of plants",2,False,C00,TOTAL CPC,0,0,TOTAL MOT,-1,N/A,0.0,False,-1,N/A,0.0,False,0.0,True,0.0,False,124437842.824,0.0,124437842.824,4,False,True
C,A,20210101,2021,52,2021,699,IND,India,M,Import,0,W00,World,0,W00,World,H5,HS,True,21,Miscellaneous edible preparations,2,False,C00,TOTAL CPC,0,0,TOTAL MOT,-1,N/A,0.0,False,-1,N/A,0.0,False,0.0,True,0.0,False,241631631.98,0.0,241631631.98,4,False,True
C,A,20210101,2021,52,2021,699,IND,India,M,Import,0,W00,World,0,W00,World,H5,HS,True,22,"Beverages, spirits and vinegar",2,False,C00,TOTAL CPC,0,0,TOTAL MOT,-1,N/A,0.0,False,-1,N/A,0.0,False,0.0,True,0.0,False,808049456.138,0.0,808049456.138,4,False,True
C,A,20210101,2021,52,2021,699,IND,India,M,Import,0,W00,World,0,W00,World,H5,HS,True,24,Tobacco and manufactured tobacco substitutes,2,False,C00,TOTAL CPC,0,0,TOTAL MOT,-1,N/A,0.0,False,-1,N/A,0.0,False,0.0,True,0.0,False,44824792.503,0.0,44824792.503,4,False,True
C,A,20210101,2021,52,2021,699,IND,India,M,Import,0,W00,World,0,W00,World,H5,HS,True,26,"Ores, slag and ash",2,False,C00,TOTAL CPC,0,0,TOTAL MOT,-1,N/A,0.0,False,-1,N/A,0.0,False,0.0,True,0.0,False,4975698621.016,0.0,4975698621.016,4,False,True
C,A,20210101,2021,52,2021,699,IND,India,M,Import,0,W00,World,0,W00,World,H5,HS,True,27,"Mineral fuels, mineral oils and products of their distillation; bituminous substances; mineral waxes",2,False,C00,TOTAL CPC,0,0,TOTAL MOT,-1,N/A,0.0,False,-1,N/A,0.0,False,0.0,True,0.0,False,170398554314.657,0.0,170398554314.657,4,False,True
C,A,20210101,2021,52,2021,699,IND,India,M,Import,0,W00,World,0,W00,World,H5,HS,True,28,"Inorganic chemicals; organic and inorganic compounds of precious metals; of rare earth metals, of radio-active elements and of isotopes",2,False,C00,TOTAL CPC,0,0,TOTAL MOT,-1,N/A,0.0,False,-1,N/A,0.0,False,0.0,True,0.0,False,9639014341.283,0.0,9639014341.283,4,False,True
C,A,20210101,2021,52,2021,699,IND,India,M,Import,0,W00,World,0,W00,World,H5,HS,True,29,Organic chemicals,2,False,C00,TOTAL CPC,0,0,TOTAL MOT,-1,N/A,0.0,False,-1,N/A,0.0,False,0.0,True,0.0,False,27247007275.509,0.0,27247007275.509,4,False,True
C,A,20210101,2021,52,2021,699,IND,India,M,Import,0,W00,World,0,W00,World,H5,HS,True,30,Pharmaceutical products,2,False,C00,TOTAL CPC,0,0,TOTAL MOT,-1,N/A,0.0,False,-1,N/A,0.0,False,0.0,True,0.0,False,3297325337.413,0.0,3297325337.413,4,False,True
C,A,20210101,2021,52,2021,699,IND,India,M,Import,0,W00,World,0,W00,World,H5,HS,True,31,Fertilizers,2,False,C00,TOTAL CPC,0,0,TOTAL MOT,-1,N/A,0.0,False,-1,N/A,0.0,False,0.0,True,0.0,False,9116774987.324,0.0,9116774987.324,4,False,True
C,A,20210101,2021,52,2021,699,IND,India,M,Import,0,W00,World,0,W00,World,H5,HS,True,32,"Tanning or dyeing extracts; tannins and their derivatives; dyes, pigments and other colouring matter; paints, varnishes; putty, other mastics; inks",2,False,C00,TOTAL CPC,0,0,TOTAL MOT,-1,N/A,0.0,False,-1,N/A,0.0,False,0.0,True,0.0,False,2543833406.766,0.0,2543833406.766,4,False,True
C,A,20210101,2021,52,2021,699,IND,India,M,Import,0,W00,World,0,W00,World,H5,HS,True,33,"Essential oils and resinoids; perfumery, cosmetic or toilet preparations",2,False,C00,TOTAL CPC,0,0,TOTAL MOT,-1,N/A,0.0,False,-1,N/A,0.0,False,0.0,True,0.0,False,909340734.304,0.0,909340734.304,4,False,True
C,A,20210101,2021,52,2021,699,IND,India,M,Import,0,W00,World,0,W00,World,H5,HS,True,34,"Soap, organic surface-active agents; washing, lubricating, polishing or scouring preparations; artificial or prepared waxes, candles and similar articles, modelling pastes, dental waxes and dental preparations with a basis of plaster",2,False,C00,TOTAL CPC,0,0,TOTAL MOT,-1,N/A,0.0,False,-1,N/A,0.0,False,0.0,True,0.0,False,1239422281.762,0.0,1239422281.762,4,False,True
C,A,20210101,2021,52,2021,699,IND,India,M,Import,0,W00,World,0,W00,World,H5,HS,True,35,Albuminoidal substances; modified starches; glues; enzymes,2,False,C00,TOTAL CPC,0,0,TOTAL MOT,-1,N/A,0.0,False,-1,N/A,0.0,False,0.0,True,0.0,False,746692915.063,0.0,746692915.063,4,False,True
C,A,20210101,2021,52,2021,699,IND,India,M,Import,0,W00,World,0,W00,World,H5,HS,True,36,Explosives; pyrotechnic products; matches; pyrophoric alloys; certain combustible preparations,2,False,C00,TOTAL CPC,0,0,TOTAL MOT,-1,N/A,0.0,False,-1,N/A,0.0,False,0.0,True,0.0,False,7989601.272,0.0,7989601.272,4,False,True
C,A,20210101,2021,52,2021,699,IND,India,M,Import,0,W00,World,0,W00,World,H5,HS,True,37,Photographic or cinematographic goods,2,False,C00,TOTAL CPC,0,0,TOTAL MOT,-1,N/A,0.0,False,-1,N/A,0.0,False,0.0,True,0.0,False,193549205.774,0.0,193549205.774,4,False,True
C,A,20210101,2021,52,2021,699,IND,India,M,Import,0,W00,World,0,W00,World,H5,HS,True,38,Chemical products n.e.c.,2,False,C00,TOTAL CPC,0,0,TOTAL MOT,-1,N/A,0.0,False,-1,N/A,0.0,False,0.0,True,0.0,False,7779196362.756,0.0,7779196362.756,4,False,True
C,A,20210101,2021,52,2021,699,IND,India,M,Import,0,W00,World,0,W00,World,H5,HS,True,39,Plastics and articles thereof,2,False,C00,TOTAL CPC,0,0,TOTAL MOT,-1,N/A,0.0,False,-1,N/A,0.0,False,0.0,True,0.0,False,19257672847.424,0.0,19257672847.424,4,False,True
C,A,20210101,2021,52,2021,699,IND,India,M,Import,0,W00,World,0,W00,World,H5,HS,True,40,Rubber and articles thereof,2,False,C00,TOTAL CPC,0,0,TOTAL MOT,-1,N/A,0.0,False,-1,N/A,0.0,False,0.0,True,0.0,False,4100754888.95,0.0,4100754888.95,4,False,True
C,A,20210101,2021,52,2021,699,IND,India,M,Import,0,W00,World,0,W00,World,H5,HS,True,41,Raw hides and skins (other than furskins) and leather,2,False,C00,TOTAL CPC,0,0,TOTAL MOT,-1,N/A,0.0,False,-1,N/A,0.0,False,0.0,True,0.0,False,393053646.639,0.0,393053646.639,4,False,True
C,A,20210101,2021,52,2021,699,IND,India,M,Import,0,W00,World,0,W00,World,H5,HS,True,44,Wood and articles of wood; wood charcoal,2,False,C00,TOTAL CPC,0,0,TOTAL MOT,-1,N/A,0.0,False,-1,N/A,0.0,False,0.0,True,0.0,False,2060746363.86,0.0,2060746363.86,4,False,True
C,A,20210101,2021,52,2021,699,IND,India,M,Import,0,W00,World,0,W00,World,H5,HS,True,45,Cork and articles of cork,2,False,C00,TOTAL CPC,0,0,TOTAL MOT,-1,N/A,0.0,False,-1,N/A,0.0,False,0.0,True,0.0,False,7439985.575,0.0,7439985.575,4,False,True
C,A,20210101,2021,52,2021,699,IND,India,M,Import,0,W00,World,0,W00,World,H5,HS,True,46,"Manufactures of straw, esparto or other plaiting materials; basketware and wickerwork",2,False,C00,TOTAL CPC,0,0,TOTAL MOT,-1,N/A,0.0,False,-1,N/A,0.0,False,0.0,True,0.0,False,5682196.274,0.0,5682196.274,4,False,True
C,A,20210101,2021,52,2021,699,IND,India,M,Import,0,W00,World,0,W00,World,H5,HS,True,48,"Paper and paperboard; articles of paper pulp, of paper or paperboard",2,False,C00,TOTAL CPC,0,0,TOTAL MOT,-1,N/A,0.0,False,-1,N/A,0.0,False,0.0,True,0.0,False,2150984079.665,0.0,2150984079.665,4,False,True
C,A,20210101,2021,52,2021,699,IND,India,M,Import,0,W00,World,0,W00,World,H5,HS,True,49,"Printed books, newspapers, pictures and other products of the printing industry; manuscripts, typescripts and plans",2,False,C00,TOTAL CPC,0,0,TOTAL MOT,-1,N/A,0.0,False,-1,N/A,0.0,False,0.0,True,0.0,False,263015568.157,0.0,263015568.157,4,False,True
C,A,20210101,2021,52,2021,699,IND,India,M,Import,0,W00,World,0,W00,World,H5,HS,True,51,"Wool, fine or coarse animal hair; horsehair yarn and woven fabric",2,False,C00,TOTAL CPC,0,0,TOTAL MOT,-1,N/A,0.0,False,-1,N/A,0.0,False,0.0,True,0.0,False,241568758.955,0.0,241568758.955,4,False,True
C,A,20210101,2021,52,2021,699,IND,India,M,Import,0,W00,World,0,W00,World,H5,HS,True,52,Cotton,2,False,C00,TOTAL CPC,0,0,TOTAL MOT,-1,N/A,0.0,False,-1,N/A,0.0,False,0.0,True,0.0,False,711988632.511,0.0,711988632.511,4,False,True
C,A,20210101,2021,52,2021,699,IND,India,M,Import,0,W00,World,0,W00,World,H5,HS,True,54,Man-made filaments; strip and the like of man-made textile materials,2,False,C00,TOTAL CPC,0,0,TOTAL MOT,-1,N/A,0.0,False,-1,N/A,0.0,False,0.0,True,0.0,False,1499916505.782,0.0,1499916505.782,4,False,True
C,A,20210101,2021,52,2021,699,IND,India,M,Import,0,W00,World,0,W00,World,H5,HS,True,55,Man-made staple fibres,2,False,C00,TOTAL CPC,0,0,TOTAL MOT,-1,N/A,0.0,False,-1,N/A,0.0,False,0.0,True,0.0,False,1057987250.615,0.0,1057987250.615,4,False,True
C,A,20210101,2021,52,2021,699,IND,India,M,Import,0,W00,World,0,W00,World,H5,HS,True,56,"Wadding, felt and nonwovens, special yarns; twine, cordage, ropes and cables and articles thereof",2,False,C00,TOTAL CPC,0,0,TOTAL MOT,-1,N/A,0.0,False,-1,N/A,0.0,False,0.0,True,0.0,False,446248591.218,0.0,446248591.218,4,False,True
C,A,20210101,2021,52,2021,699,IND,India,M,Import,0,W00,World,0,W00,World,H5,HS,True,58,"Fabrics; special woven fabrics, tufted textile fabrics, lace, tapestries, trimmings, embroidery",2,False,C00,TOTAL CPC,0,0,TOTAL MOT,-1,N/A,0.0,False,-1,N/A,0.0,False,0.0,True,0.0,False,232751312.328,0.0,232751312.328,4,False,True
C,A,20210101,2021,52,2021,699,IND,India,M,Import,0,W00,World,0,W00,World,H5,HS,True,59,"Textile fabrics; impregnated, coated, covered or laminated; textile articles of a kind suitable for industrial use",2,False,C00,TOTAL CPC,0,0,TOTAL MOT,-1,N/A,0.0,False,-1,N/A,0.0,False,0.0,True,0.0,False,830627684.519,0.0,830627684.519,4,False,True
C,A,20210101,2021,52,2021,699,IND,India,M,Import,0,W00,World,0,W00,World,H5,HS,True,60,Fabrics; knitted or crocheted,2,False,C00,TOTAL CPC,0,0,TOTAL MOT,-1,N/A,0.0,False,-1,N/A,0.0,False,0.0,True,0.0,False,676008455.751,0.0,676008455.751,4,False,True
C,A,20210101,2021,52,2021,699,IND,India,M,Import,0,W00,World,0,W00,World,H5,HS,True,62,Apparel and clothing accessories; not knitted or crocheted,2,False,C00,TOTAL CPC,0,0,TOTAL MOT,-1,N/A,0.0,False,-1,N/A,0.0,False,0.0,True,0.0,False,601398468.853,0.0,601398468.853,4,False,True
C,A,20210101,2021,52,2021,699,IND,India,M,Import,0,W00,World,0,W00,World,H5,HS,True,63,"Textiles, made up articles; sets; worn clothing and worn textile articles; rags",2,False,C00,TOTAL CPC,0,0,TOTAL MOT,-1,N/A,0.0,False,-1,N/A,0.0,False,0.0,True,0.0,False,613317552.076,0.0,613317552.076,4,False,True
C,A,20210101,2021,52,2021,699,IND,India,M,Import,0,W00,World,0,W00,World,H5,HS,True,65,Headgear and parts thereof,2,False,C00,TOTAL CPC,0,0,TOTAL MOT,-1,N/A,0.0,False,-1,N/A,0.0,False,0.0,True,0.0,False,32303015.131,0.0,32303015.131,4,False,True
C,A,20210101,2021,52,2021,699,IND,India,M,Import,0,W00,World,0,W00,World,H5,HS,True,66,"Umbrellas, sun umbrellas, walking-sticks, seat sticks, whips, riding crops; and parts thereof",2,False,C00,TOTAL CPC,0,0,TOTAL MOT,-1,N/A,0.0,False,-1,N/A,0.0,False,0.0,True,0.0,False,23582734.059,0.0,23582734.059,4,False,True
C,A,20210101,2021,52,2021,699,IND,India,M,Import,0,W00,World,0,W00,World,H5,HS,True,67,"Feathers and down, prepared; and articles made of feather or of down; artificial flowers; articles of human hair",2,False,C00,TOTAL CPC,0,0,TOTAL MOT,-1,N/A,0.0,False,-1,N/A,0.0,False,0.0,True,0.0,False,22343195.131,0.0,22343195.131,4,False,True
C,A,20210101,2021,52,2021,699,IND,India,M,Import,0,W00,World,0,W00,World,H5,HS,True,68,"Stone, plaster, cement, asbestos, mica or similar materials; articles thereof",2,False,C00,TOTAL CPC,0,0,TOTAL MOT,-1,N/A,0.0,False,-1,N/A,0.0,False,0.0,True,0.0,False,911582535.983,0.0,911582535.983,4,False,True
C,A,20210101,2021,52,2021,699,IND,India,M,Import,0,W00,World,0,W00,World,H5,HS,True,69,Ceramic products,2,False,C00,TOTAL CPC,0,0,TOTAL MOT,-1,N/A,0.0,False,-1,N/A,0.0,False,0.0,True,0.0,False,682974266.911,0.0,682974266.911,4,False,True
C,A,20210101,2021,52,2021,699,IND,India,M,Import,0,W00,World,0,W00,World,H5,HS,True,70,Glass and glassware,2,False,C00,TOTAL CPC,0,0,TOTAL MOT,-1,N/A,0.0,False,-1,N/A,0.0,False,0.0,True,0.0,False,1362339038.274,0.0,1362339038.274,4,False,True
C,A,20210101,2021,52,2021,699,IND,India,M,Import,0,W00,World,0,W00,World,H5,HS,True,71,"Natural, cultured pearls; precious, semi-precious stones; precious metals, metals clad with precious metal, and articles thereof; imitation jewellery; coin",2,False,C00,TOTAL CPC,0,0,TOTAL MOT,-1,N/A,0.0,False,-1,N/A,0.0,False,0.0,True,0.0,False,88346259275.377,0.0,88346259275.377,4,False,True
C,A,20210101,2021,52,2021,699,IND,India,M,Import,0,W00,World,0,W00,World,H5,HS,True,73,Iron or steel articles,2,False,C00,TOTAL CPC,0,0,TOTAL MOT,-1,N/A,0.0,False,-1,N/A,0.0,False,0.0,True,0.0,False,4832123727.679,0.0,4832123727.679,4,False,True
C,A,20210101,2021,52,2021,699,IND,India,M,Import,0,W00,World,0,W00,World,H5,HS,True,74,Copper and articles thereof,2,False,C00,TOTAL CPC,0,0,TOTAL MOT,-1,N/A,0.0,False,-1,N/A,0.0,False,0.0,True,0.0,False,6692847559.164,0.0,6692847559.164,4,False,True
C,A,20210101,2021,52,2021,699,IND,India,M,Import,0,W00,World,0,W00,World,H5,HS,True,75,Nickel and articles thereof,2,False,C00,TOTAL CPC,0,0,TOTAL MOT,-1,N/A,0.0,False,-1,N/A,0.0,False,0.0,True,0.0,False,1038778664.478,0.0,1038778664.478,4,False,True
C,A,20210101,2021,52,2021,699,IND,India,M,Import,0,W00,World,0,W00,World,H5,HS,True,76,Aluminium and articles thereof,2,False,C00,TOTAL CPC,0,0,TOTAL MOT,-1,N/A,0.0,False,-1,N/A,0.0,False,0.0,True,0.0,False,5679251383.823,0.0,5679251383.823,4,False,True
C,A,20210101,2021,52,2021,699,IND,India,M,Import,0,W00,World,0,W00,World,H5,HS,True,78,Lead and articles thereof,2,False,C00,TOTAL CPC,0,0,TOTAL MOT,-1,N/A,0.0,False,-1,N/A,0.0,False,0.0,True,0.0,False,699092776.718,0.0,699092776.718,4,False,True
C,A,20210101,2021,52,2021,699,IND,India,M,Import,0,W00,World,0,W00,World,H5,HS,True,79,Zinc and articles thereof,2,False,C00,TOTAL CPC,0,0,TOTAL MOT,-1,N/A,0.0,False,-1,N/A,0.0,False,0.0,True,0.0,False,649988987.619,0.0,649988987.619,4,False,True
C,A,20210101,2021,52,2021,699,IND,India,M,Import,0,W00,World,0,W00,World,H5,HS,True,80,Tin; articles thereof,2,False,C00,TOTAL CPC,0,0,TOTAL MOT,-1,N/A,0.0,False,-1,N/A,0.0,False,0.0,True,0.0,False,349984969.492,0.0,349984969.492,4,False,True
C,A,20210101,2021,52,2021,699,IND,India,M,Import,0,W00,World,0,W00,World,H5,HS,True,81,"Metals; n.e.c., cermets and articles thereof",2,False,C00,TOTAL CPC,0,0,TOTAL MOT,-1,N/A,0.0,False,-1,N/A,0.0,False,0.0,True,0.0,False,528645560.643,0.0,528645560.643,4,False,True
C,A,20210101,2021,52,2021,699,IND,India,M,Import,0,W00,World,0,W00,World,H5,HS,True,83,Metal; miscellaneous products of base metal,2,False,C00,TOTAL CPC,0,0,TOTAL MOT,-1,N/A,0.0,False,-1,N/A,0.0,False,0.0,True,0.0,False,1035252275.964,0.0,1035252275.964,4,False,True
C,A,20210101,2021,52,2021,699,IND,India,M,Import,0,W00,World,0,W00,World,H5,HS,True,87,"Vehicles; other than railway or tramway rolling stock, and parts and accessories thereof",2,False,C00,TOTAL CPC,0,0,TOTAL MOT,-1,N/A,0.0,False,-1,N/A,0.0,False,0.0,True,0.0,False,6411251601.535,0.0,6411251601.535,4,False,True
C,A,20210101,2021,52,2021,699,IND,India,M,Import,0,W00,World,0,W00,World,H5,HS,True,88,"Aircraft, spacecraft and parts thereof",2,False,C00,TOTAL CPC,0,0,TOTAL MOT,-1,N/A,0.0,False,-1,N/A,0.0,False,0.0,True,0.0,False,865585355.105,0.0,865585355.105,4,False,True
C,A,20210101,2021,52,2021,699,IND,India,M,Import,0,W00,World,0,W00,World,H5,HS,True,94,"Furniture; bedding, mattresses, mattress supports, cushions and similar stuffed furnishings; lamps and lighting fittings, n.e.c.; illuminated signs, illuminated name-plates and the like; prefabricated buildings",2,False,C00,TOTAL CPC,0,0,TOTAL MOT,-1,N/A,0.0,False,-1,N/A,0.0,False,0.0,True,0.0,False,1337480617.577,0.0,1337480617.577,4,False,True
C,A,20210101,2021,52,2021,699,IND,India,M,Import,0,W00,World,0,W00,World,H5,HS,True,95,"Toys, games and sports requisites; parts and accessories thereof",2,False,C00,TOTAL CPC,0,0,TOTAL MOT,-1,N/A,0.0,False,-1,N/A,0.0,False,0.0,True,0.0,False,397863019.054,0.0,397863019.054,4,False,True
C,A,20210101,2021,52,2021,699,IND,India,M,Import,0,W00,World,0,W00,World,H5,HS,True,01,Animals; live,2,False,C00,TOTAL CPC,0,0,TOTAL MOT,-1,N/A,0.0,False,-1,N/A,0.0,False,0.0,True,0.0,False,10765462.359,0.0,10765462.359,4,False,True
C,A,20210101,2021,52,2021,699,IND,India,M,Import,0,W00,World,0,W00,World,H5,HS,True,25,"Salt; sulphur; earths, stone; plastering materials, lime and cement",2,False,C00,TOTAL CPC,0,0,TOTAL MOT,-1,N/A,0.0,False,-1,N/A,0.0,False,0.0,True,0.0,False,3585509344.246,0.0,3585509344.246,4,False,True
C,A,20210101,2021,52,2021,699,IND,India,M,Import,0,W00,World,0,W00,World,H5,HS,True,42,"Articles of leather; saddlery and harness; travel goods, handbags and similar containers; articles of animal gut (other than silk-worm gut)",2,False,C00,TOTAL CPC,0,0,TOTAL MOT,-1,N/A,0.0,False,-1,N/A,0.0,False,0.0,True,0.0,False,316567440.077,0.0,316567440.077,4,False,True
C,A,20210101,2021,52,2021,699,IND,India,M,Import,0,W00,World,0,W00,World,H5,HS,True,43,Furskins and artificial fur; manufactures thereof,2,False,C00,TOTAL CPC,0,0,TOTAL MOT,-1,N/A,0.0,False,-1,N/A,0.0,False,0.0,True,0.0,False,5066138.148,0.0,5066138.148,4,False,True
C,A,20210101,2021,52,2021,699,IND,India,M,Import,0,W00,World,0,W00,World,H5,HS,True,50,Silk,2,False,C00,TOTAL CPC,0,0,TOTAL MOT,-1,N/A,0.0,False,-1,N/A,0.0,False,0.0,True,0.0,False,135881679.606,0.0,135881679.606,4,False,True
C,A,20210101,2021,52,2021,699,IND,India,M,Import,0,W00,World,0,W00,World,H5,HS,True,53,Vegetable textile fibres; paper yarn and woven fabrics of paper yarn,2,False,C00,TOTAL CPC,0,0,TOTAL MOT,-1,N/A,0.0,False,-1,N/A,0.0,False,0.0,True,0.0,False,378726168.035,0.0,378726168.035,4,False,True
C,A,20210101,2021,52,2021,699,IND,India,M,Import,0,W00,World,0,W00,World,H5,HS,True,57,Carpets and other textile floor coverings,2,False,C00,TOTAL CPC,0,0,TOTAL MOT,-1,N/A,0.0,False,-1,N/A,0.0,False,0.0,True,0.0,False,100088616.754,0.0,100088616.754,4,False,True
C,A,20210101,2021,52,2021,699,IND,India,M,Import,0,W00,World,0,W00,World,H5,HS,True,61,Apparel and clothing accessories; knitted or crocheted,2,False,C00,TOTAL CPC,0,0,TOTAL MOT,-1,N/A,0.0,False,-1,N/A,0.0,False,0.0,True,0.0,False,556908250.517,0.0,556908250.517,4,False,True
C,A,20210101,2021,52,2021,699,IND,India,M,Import,0,W00,World,0,W00,World,H5,HS,True,64,Footwear; gaiters and the like; parts of such articles,2,False,C00,TOTAL CPC,0,0,TOTAL MOT,-1,N/A,0.0,False,-1,N/A,0.0,False,0.0,True,0.0,False,600355353.757,0.0,600355353.757,4,False,True
C,A,20210101,2021,52,2021,699,IND,India,M,Import,0,W00,World,0,W00,World,H5,HS,True,72,Iron and steel,2,False,C00,TOTAL CPC,0,0,TOTAL MOT,-1,N/A,0.0,False,-1,N/A,0.0,False,0.0,True,0.0,False,11679975651.632,0.0,11679975651.632,4,False,True
C,A,20210101,2021,52,2021,699,IND,India,M,Import,0,W00,World,0,W00,World,H5,HS,True,84,"Nuclear reactors, boilers, machinery and mechanical appliances; parts thereof",2,False,C00,TOTAL CPC,0,0,TOTAL MOT,-1,N/A,0.0,False,-1,N/A,0.0,False,0.0,True,0.0,False,48414563011.929,0.0,48414563011.929,4,False,True
C,A,20210101,2021,52,2021,699,IND,India,M,Import,0,W00,World,0,W00,World,H5,HS,True,85,"Electrical machinery and equipment and parts thereof; sound recorders and reproducers; television image and sound recorders and reproducers, parts and accessories of such articles",2,False,C00,TOTAL CPC,0,0,TOTAL MOT,-1,N/A,0.0,False,-1,N/A,0.0,False,0.0,True,0.0,False,56725007901.649,0.0,56725007901.649,4,False,True
C,A,20210101,2021,52,2021,699,IND,India,M,Import,0,W00,World,0,W00,World,H5,HS,True,86,"Railway, tramway locomotives, rolling-stock and parts thereof; railway or tramway track fixtures and fittings and parts thereof; mechanical (including electro-mechanical) traffic signalling equipment of all kinds",2,False,C00,TOTAL CPC,0,0,TOTAL MOT,-1,N/A,0.0,False,-1,N/A,0.0,False,0.0,True,0.0,False,505152790.22,0.0,505152790.22,4,False,True
C,A,20210101,2021,52,2021,699,IND,India,M,Import,0,W00,World,0,W00,World,H5,HS,True,89,"Ships, boats and floating structures",2,False,C00,TOTAL CPC,0,0,TOTAL MOT,-1,N/A,0.0,False,-1,N/A,0.0,False,0.0,True,0.0,False,4801678746.465,0.0,4801678746.465,4,False,True
C,A,20210101,2021,52,2021,699,IND,India,M,Import,0,W00,World,0,W00,World,H5,HS,True,90,"Optical, photographic, cinematographic, measuring, checking, medical or surgical instruments and apparatus; parts and accessories",2,False,C00,TOTAL CPC,0,0,TOTAL MOT,-1,N/A,0.0,False,-1,N/A,0.0,False,0.0,True,0.0,False,11319863328.912,0.0,11319863328.912,4,False,True
C,A,20210101,2021,52,2021,699,IND,India,M,Import,0,W00,World,0,W00,World,H5,HS,True,91,Clocks and watches and parts thereof,2,False,C00,TOTAL CPC,0,0,TOTAL MOT,-1,N/A,0.0,False,-1,N/A,0.0,False,0.0,True,0.0,False,376235715.503,0.0,376235715.503,4,False,True
C,A,20210101,2021,52,2021,699,IND,India,M,Import,0,W00,World,0,W00,World,H5,HS,True,92,Musical instruments; parts and accessories of such articles,2,False,C00,TOTAL CPC,0,0,TOTAL MOT,-1,N/A,0.0,False,-1,N/A,0.0,False,0.0,True,0.0,False,58442165.481,0.0,58442165.481,4,False,True
C,A,20210101,2021,52,2021,699,IND,India,M,Import,0,W00,World,0,W00,World,H5,HS,True,93,Arms and ammunition; parts and accessories thereof,2,False,C00,TOTAL CPC,0,0,TOTAL MOT,-1,N/A,0.0,False,-1,N/A,0.0,False,0.0,True,0.0,False,121844998.201,0.0,121844998.201,4,False,True
C,A,20210101,2021,52,2021,699,IND,India,M,Import,0,W00,World,0,W00,World,H5,HS,True,96,Miscellaneous manufactured articles,2,False,C00,TOTAL CPC,0,0,TOTAL MOT,-1,N/A,0.0,False,-1,N/A,0.0,False,0.0,True,0.0,False,690102612.285,0.0,690102612.285,4,False,True
C,A,20210101,2021,52,2021,699,IND,India,M,Import,0,W00,World,0,W00,World,H5,HS,True,97,Works of art; collectors' pieces and antiques,2,False,C00,TOTAL CPC,0,0,TOTAL MOT,-1,N/A,0.0,False,-1,N/A,0.0,False,0.0,True,0.0,False,67528645.052,0.0,67528645.052,4,False,True
C,A,20220101,2022,52,2022,156,CHN,China,M,Import,0,W00,World,0,W00,World,H6,HS,True,85,"Electrical machinery and equipment and parts thereof; sound recorders and reproducers; television image and sound recorders and reproducers, parts and accessories of such articles",2,False,C00,TOTAL CPC,0,0,TOTAL MOT,-1,N/A,0.0,False,-1,N/A,0.0,False,0.0,True,0.0,False,644691916449.0,,644691916449.0,4,False,True
C,A,20220101,2022,52,2022,156,CHN,China,M,Import,0,W00,World,0,W00,World,H6,HS,True,61,Apparel and clothing accessories; knitted or crocheted,2,False,C00,TOTAL CPC,0,0,TOTAL MOT,-1,N/A,0.0,False,-1,N/A,0.0,False,0.0,True,0.0,False,4180636616.0,,4180636616.0,4,False,True
C,A,20220101,2022,52,2022,156,CHN,China,M,Import,0,W00,World,0,W00,World,H6,HS,True,39,Plastics and articles thereof,2,False,C00,TOTAL CPC,0,0,TOTAL MOT,-1,N/A,0.0,False,-1,N/A,0.0,False,0.0,True,0.0,False,75188947844.0,,75188947844.0,4,False,True
C,A,20220101,2022,52,2022,156,CHN,China,M,Import,0,W00,World,0,W00,World,H6,HS,True,84,"Machinery and mechanical appliances, boilers, nuclear reactors; parts thereof",2,False,C00,TOTAL CPC,0,0,TOTAL MOT,-1,N/A,0.0,False,-1,N/A,0.0,False,0.0,True,0.0,False,202146276253.0,,202146276253.0,4,False,True
C,A,20220101,2022,52,2022,156,CHN,China,M,Import,0,W00,World,0,W00,World,H6,HS,True,30,Pharmaceutical products,2,False,C00,TOTAL CPC,0,0,TOTAL MOT,-1,N/A,0.0,False,-1,N/A,0.0,False,0.0,True,0.0,False,39908669697.0,,39908669697.0,4,False,True
C,A,20220101,2022,52,2022,156,CHN,China,M,Import,0,W00,World,0,W00,World,H6,HS,True,24,"Tobacco and manufactured tobacco substitutes; products, whether or not containing nicotine, intended for inhalation without combustion; other nicotine containing products intended for the intake of nicotine into the human body",2,False,C00,TOTAL CPC,0,0,TOTAL MOT,-1,N/A,0.0,False,-1,N/A,0.0,False,0.0,True,0.0,False,1688634428.0,,1688634428.0,4,False,True
C,A,20220101,2022,52,2022,156,CHN,China,M,Import,0,W00,World,0,W00,World,H6,HS,True,37,Photographic or cinematographic goods,2,False,C00,TOTAL CPC,0,0,TOTAL MOT,-1,N/A,0.0,False,-1,N/A,0.0,False,0.0,True,0.0,False,3508748040.0,,3508748040.0,4,False,True
C,A,20220101,2022,52,2022,156,CHN,China,M,Import,0,W00,World,0,W00,World,H6,HS,True,89,"Ships, boats and floating structures",2,False,C00,TOTAL CPC,0,0,TOTAL MOT,-1,N/A,0.0,False,-1,N/A,0.0,False,0.0,True,0.0,False,1687342076.0,,1687342076.0,4,False,True
C,A,20220101,2022,52,2022,156,CHN,China,M,Import,0,W00,World,0,W00,World,H6,HS,True,01,Animals; live,2,False,C00,TOTAL CPC,0,0,TOTAL MOT,-1,N/A,0.0,False,-1,N/A,0.0,False,0.0,True,0.0,False,893107198.0,,893107198.0,4,False,True
C,A,20220101,2022,52,2022,156,CHN,China,M,Import,0,W00,World,0,W00,World,H6,HS,True,67,"Feathers and down, prepared; and articles made of feather or of down; artificial flowers; articles of human hair",2,False,C00,TOTAL CPC,0,0,TOTAL MOT,-1,N/A,0.0,False,-1,N/A,0.0,False,0.0,True,0.0,False,1008472826.0,,1008472826.0,4,False,True
C,A,20220101,2022,52,2022,156,CHN,China,M,Import,0,W00,World,0,W00,World,H6,HS,True,62,Apparel and clothing accessories; not knitted or crocheted,2,False,C00,TOTAL CPC,0,0,TOTAL MOT,-1,N/A,0.0,False,-1,N/A,0.0,False,0.0,True,0.0,False,5386009657.0,,5386009657.0,4,False,True
C,A,20220101,2022,52,2022,156,CHN,China,M,Import,0,W00,World,0,W00,World,H6,HS,True,04,"Dairy produce; birds' eggs; natural honey; edible products of animal origin, not elsewhere specified or included",2,False,C00,TOTAL CPC,0,0,TOTAL MOT,-1,N/A,0.0,False,-1,N/A,0.0,False,0.0,True,0.0,False,9549405051.0,,9549405051.0,4,False,True
C,A,20220101,2022,52,2022,156,CHN,China,M,Import,0,W00,World,0,W00,World,H6,HS,True,41,Raw hides and skins (other than furskins) and leather,2,False,C00,TOTAL CPC,0,0,TOTAL MOT,-1,N/A,0.0,False,-1,N/A,0.0,False,0.0,True,0.0,False,3258160311.0,,3258160311.0,4,False,True
C,A,20220101,2022,52,2022,156,CHN,China,M,Import,0,W00,World,0,W00,World,H6,HS,True,96,Miscellaneous manufactured articles,2,False,C00,TOTAL CPC,0,0,TOTAL MOT,-1,N/A,0.0,False,-1,N/A,0.0,False,0.0,True,0.0,False,1632602363.0,,1632602363.0,4,False,True
C,A,20220101,2022,52,2022,156,CHN,China,M,Import,0,W00,World,0,W00,World,H6,HS,True,17,Sugars and sugar confectionery,2,False,C00,TOTAL CPC,0,0,TOTAL MOT,-1,N/A,0.0,False,-1,N/A,0.0,False,0.0,True,0.0,False,3632165137.0,,3632165137.0,4,False,True
C,A,20220101,2022,52,2022,156,CHN,China,M,Import,0,W00,World,0,W00,World,H6,HS,True,22,"Beverages, spirits and vinegar",2,False,C00,TOTAL CPC,0,0,TOTAL MOT,-1,N/A,0.0,False,-1,N/A,0.0,False,0.0,True,0.0,False,5444762529.0,,5444762529.0,4,False,True
C,A,20220101,2022,52,2022,156,CHN,China,M,Import,0,W00,World,0,W00,World,H6,HS,True,31,Fertilizers,2,False,C00,TOTAL CPC,0,0,TOTAL MOT,-1,N/A,0.0,False,-1,N/A,0.0,False,0.0,True,0.0,False,4954091717.0,,4954091717.0,4,False,True
C,A,20220101,2022,52,2022,156,CHN,China,M,Import,0,W00,World,0,W00,World,H6,HS,True,32,"Tanning or dyeing extracts; tannins and their derivatives; dyes, pigments and other colouring matter; paints, varnishes; putty, other mastics; inks",2,False,C00,TOTAL CPC,0,0,TOTAL MOT,-1,N/A,0.0,False,-1,N/A,0.0,False,0.0,True,0.0,False,5195430527.0,,5195430527.0,4,False,True
C,A,20220101,2022,52,2022,156,CHN,China,M,Import,0,W00,World,0,W00,World,H6,HS,True,94,"Furniture; bedding, mattresses, mattress supports, cushions and similar stuffed furnishings; lamps and lighting fittings, n.e.c.; illuminated signs, illuminated name-plates and the like; prefabricated buildings",2,False,C00,TOTAL CPC,0,0,TOTAL MOT,-1,N/A,0.0,False,-1,N/A,0.0,False,0.0,True,0.0,False,2831328923.0,,2831328923.0,4,False,True
C,A,20220101,2022,52,2022,156,CHN,China,M,Import,0,W00,World,0,W00,World,H6,HS,True,93,Arms and ammunition; parts and accessories thereof,2,False,C00,TOTAL CPC,0,0,TOTAL MOT,-1,N/A,0.0,False,-1,N/A,0.0,False,0.0,True,0.0,False,3922584.0,,3922584.0,4,False,True
C,A,20220101,2022,52,2022,156,CHN,China,M,Import,0,W00,World,0,W00,World,H6,HS,True,80,Tin; articles thereof,2,False,C00,TOTAL CPC,0,0,TOTAL MOT,-1,N/A,0.0,False,-1,N/A,0.0,False,0.0,True,0.0,False,1149913378.0,,1149913378.0,4,False,True
C,A,20220101,2022,52,2022,156,CHN,China,M,Import,0,W00,World,0,W00,World,H6,HS,True,56,"Wadding, felt and nonwovens, special yarns; twine, cordage, ropes and cables and articles thereof",2,False,C00,TOTAL CPC,0,0,TOTAL MOT,-1,N/A,0.0,False,-1,N/A,0.0,False,0.0,True,0.0,False,1233103686.0,,1233103686.0,4,False,True
C,A,20220101,2022,52,2022,156,CHN,China,M,Import,0,W00,World,0,W00,World,H6,HS,True,88,"Aircraft, spacecraft, and parts thereof",2,False,C00,TOTAL CPC,0,0,TOTAL MOT,-1,N/A,0.0,False,-1,N/A,0.0,False,0.0,True,0.0,False,10953249181.0,,10953249181.0,4,False,True
C,A,20220101,2022,52,2022,156,CHN,China,M,Import,0,W00,World,0,W00,World,H6,HS,True,29,Organic chemicals,2,False,C00,TOTAL CPC,0,0,TOTAL MOT,-1,N/A,0.0,False,-1,N/A,0.0,False,0.0,True,0.0,False,58074470238.0,,58074470238.0,4,False,True
C,A,20220101,2022,52,2022,156,CHN,China,M,Import,0,W00,World,0,W00,World,H6,HS,True,54,Man-made filaments; strip and the like of man-made textile materials,2,False,C00,TOTAL CPC,0,0,TOTAL MOT,-1,N/A,0.0,False,-1,N/A,0.0,False,0.0,True,0.0,False,2292645224.0,,2292645224.0,4,False,True
C,A,20220101,2022,52,2022,156,CHN,China,M,Import,0,W00,World,0,W00,World,H6,HS,True,18,Cocoa and cocoa preparations,2,False,C00,TOTAL CPC,0,0,TOTAL MOT,-1,N/A,0.0,False,-1,N/A,0.0,False,0.0,True,0.0,False,942805160.0,,942805160.0,4,False,True
C,A,20220101,2022,52,2022,156,CHN,China,M,Import,0,W00,World,0,W00,World,H6,HS,True,76,Aluminium and articles thereof,2,False,C00,TOTAL CPC,0,0,TOTAL MOT,-1,N/A,0.0,False,-1,N/A,0.0,False,0.0,True,0.0,False,11685867754.0,,11685867754.0,4,False,True
C,A,20220101,2022,52,2022,156,CHN,China,M,Import,0,W00,World,0,W00,World,H6,HS,True,40,Rubber and articles thereof,2,False,C00,TOTAL CPC,0,0,TOTAL MOT,-1,N/A,0.0,False,-1,N/A,0.0,False,0.0,True,0.0,False,18553388372.0,,18553388372.0,4,False,True
C,A,20220101,2022,52,2022,156,CHN,China,M,Import,0,W00,World,0,W00,World,H6,HS,True,52,Cotton,2,False,C00,TOTAL CPC,0,0,TOTAL MOT,-1,N/A,0.0,False,-1,N/A,0.0,False,0.0,True,0.0,False,9296332036.0,,9296332036.0,4,False,True
C,A,20220101,2022,52,2022,156,CHN,China,M,Import,0,W00,World,0,W00,World,H6,HS,True,23,"Food industries, residues and wastes thereof; prepared animal fodder",2,False,C00,TOTAL CPC,0,0,TOTAL MOT,-1,N/A,0.0,False,-1,N/A,0.0,False,0.0,True,0.0,False,7441877727.0,,7441877727.0,4,False,True
C,A,20220101,2022,52,2022,156,CHN,China,M,Import,0,W00,World,0,W00,World,H6,HS,True,63,"Textiles, made up articles; sets; worn clothing and worn textile articles; rags",2,False,C00,TOTAL CPC,0,0,TOTAL MOT,-1,N/A,0.0,False,-1,N/A,0.0,False,0.0,True,0.0,False,384094155.0,,384094155.0,4,False,True
C,A,20220101,2022,52,2022,156,CHN,China,M,Import,0,W00,World,0,W00,World,H6,HS,True,49,"Printed books, newspapers, pictures and other products of the printing industry; manuscripts, typescripts and plans",2,False,C00,TOTAL CPC,0,0,TOTAL MOT,-1,N/A,0.0,False,-1,N/A,0.0,False,0.0,True,0.0,False,2266151349.0,,2266151349.0,4,False,True
C,A,20220101,2022,52,2022,156,CHN,China,M,Import,0,W00,World,0,W00,World,H6,HS,True,38,Chemical products n.e.c.,2,False,C00,TOTAL CPC,0,0,TOTAL MOT,-1,N/A,0.0,False,-1,N/A,0.0,False,0.0,True,0.0,False,27871193470.0,,27871193470.0,4,False,True
C,A,20220101,2022,52,2022,156,CHN,China,M,Import,0,W00,World,0,W00,World,H6,HS,True,12,"Oil seeds and oleaginous fruits; miscellaneous grains, seeds and fruit, industrial or medicinal plants; straw and fodder",2,False,C00,TOTAL CPC,0,0,TOTAL MOT,-1,N/A,0.0,False,-1,N/A,0.0,False,0.0,True,0.0,False,68605061608.0,,68605061608.0,4,False,True
C,A,20220101,2022,52,2022,156,CHN,China,M,Import,0,W00,World,0,W00,World,H6,HS,True,50,Silk,2,False,C00,TOTAL CPC,0,0,TOTAL MOT,-1,N/A,0.0,False,-1,N/A,0.0,False,0.0,True,0.0,False,81153898.0,,81153898.0,4,False,True
C,A,20220101,2022,52,2022,156,CHN,China,M,Import,0,W00,World,0,W00,World,H6,HS,True,71,"Natural, cultured pearls; precious, semi-precious stones; precious metals, metals clad with precious metal, and articles thereof; imitation jewellery; coin",2,False,C00,TOTAL CPC,0,0,TOTAL MOT,-1,N/A,0.0,False,-1,N/A,0.0,False,0.0,True,0.0,False,103699733447.0,,103699733447.0,4,False,True
C,A,20220101,2022,52,2022,156,CHN,China,M,Import,0,W00,World,0,W00,World,H6,HS,True,09,"Coffee, tea, mate and spices",2,False,C00,TOTAL CPC,0,0,TOTAL MOT,-1,N/A,0.0,False,-1,N/A,0.0,False,0.0,True,0.0,False,1568396688.0,,1568396688.0,4,False,True
C,A,20220101,2022,52,2022,156,CHN,China,M,Import,0,W00,World,0,W00,World,H6,HS,True,25,"Salt; sulphur; earths, stone; plastering materials, lime and cement",2,False,C00,TOTAL CPC,0,0,TOTAL MOT,-1,N/A,0.0,False,-1,N/A,0.0,False,0.0,True,0.0,False,16635450482.0,,16635450482.0,4,False,True
C,A,20220101,2022,52,2022,156,CHN,China,M,Import,0,W00,World,0,W00,World,H6,HS,True,46,"Manufactures of straw, esparto or other plaiting materials; basketware and wickerwork",2,False,C00,TOTAL CPC,0,0,TOTAL MOT,-1,N/A,0.0,False,-1,N/A,0.0,False,0.0,True,0.0,False,23127601.0,,23127601.0,4,False,True
C,A,20220101,2022,52,2022,156,CHN,China,M,Import,0,W00,World,0,W00,World,H6,HS,True,72,Iron and steel,2,False,C00,TOTAL CPC,0,0,TOTAL MOT,-1,N/A,0.0,False,-1,N/A,0.0,False,0.0,True,0.0,False,43662135081.0,,43662135081.0,4,False,True
C,A,20220101,2022,52,2022,156,CHN,China,M,Import,0,W00,World,0,W00,World,H6,HS,True,73,Iron or steel articles,2,False,C00,TOTAL CPC,0,0,TOTAL MOT,-1,N/A,0.0,False,-1,N/A,0.0,False,0.0,True,0.0,False,9476603322.0,,9476603322.0,4,False,True
C,A,20220101,2022,52,2022,156,CHN,China,M,Import,0,W00,World,0,W00,World,H6,HS,True,06,"Trees and other plants, live; bulbs, roots and the like; cut flowers and ornamental foliage",2,False,C00,TOTAL CPC,0,0,TOTAL MOT,-1,N/A,0.0,False,-1,N/A,0.0,False,0.0,True,0.0,False,238337981.0,,238337981.0,4,False,True
C,A,20220101,2022,52,2022,156,CHN,China,M,Import,0,W00,World,0,W00,World,H6,HS,True,47,Pulp of wood or other fibrous cellulosic material; recovered (waste and scrap) paper or paperboard,2,False,C00,TOTAL CPC,0,0,TOTAL MOT,-1,N/A,0.0,False,-1,N/A,0.0,False,0.0,True,0.0,False,22485684750.0,,22485684750.0,4,False,True
C,A,20220101,2022,52,2022,156,CHN,China,M,Import,0,W00,World,0,W00,World,H6,HS,True,43,Furskins and artificial fur; manufactures thereof,2,False,C00,TOTAL CPC,0,0,TOTAL MOT,-1,N/A,0.0,False,-1,N/A,0.0,False,0.0,True,0.0,False,471696075.0,,471696075.0,4,False,True
C,A,20220101,2022,52,2022,156,CHN,China,M,Import,0,W00,World,0,W00,World,H6,HS,True,16,"Meat, fish, crustaceans, molluscs or other aquatic invertebrates, or insects; preparations thereof",2,False,C00,TOTAL CPC,0,0,TOTAL MOT,-1,N/A,0.0,False,-1,N/A,0.0,False,0.0,True,0.0,False,370311829.0,,370311829.0,4,False,True
C,A,20220101,2022,52,2022,156,CHN,China,M,Import,0,W00,World,0,W00,World,H6,HS,True,87,"Vehicles; other than railway or tramway rolling stock, and parts and accessories thereof",2,False,C00,TOTAL CPC,0,0,TOTAL MOT,-1,N/A,0.0,False,-1,N/A,0.0,False,0.0,True,0.0,False,80815626540.0,,80815626540.0,4,False,True
C,A,20220101,2022,52,2022,156,CHN,China,M,Import,0,W00,World,0,W00,World,H6,HS,True,21,Miscellaneous edible preparations,2,False,C00,TOTAL CPC,0,0,TOTAL MOT,-1,N/A,0.0,False,-1,N/A,0.0,False,0.0,True,0.0,False,5425459412.0,,5425459412.0,4,False,True
C,A,20220101,2022,52,2022,156,CHN,China,M,Import,0,W00,World,0,W00,World,H6,HS,True,53,Vegetable textile fibres; paper yarn and woven fabrics of paper yarn,2,False,C00,TOTAL CPC,0,0,TOTAL MOT,-1,N/A,0.0,False,-1,N/A,0.0,False,0.0,True,0.0,False,1079432806.0,,1079432806.0,4,False,True
C,A,20220101,2022,52,2022,156,CHN,China,M,Import,0,W00,World,0,W00,World,H6,HS,True,90,"Optical, photographic, cinematographic, measuring, checking, medical or surgical instruments and apparatus; parts and accessories",2,False,C00,TOTAL CPC,0,0,TOTAL MOT,-1,N/A,0.0,False,-1,N/A,0.0,False,0.0,True,0.0,False,82029790979.0,,82029790979.0,4,False,True
C,A,20220101,2022,52,2022,156,CHN,China,M,Import,0,W00,World,0,W00,World,H6,HS,True,08,"Fruit and nuts, edible; peel of citrus fruit or melons",2,False,C00,TOTAL CPC,0,0,TOTAL MOT,-1,N/A,0.0,False,-1,N/A,0.0,False,0.0,True,0.0,False,16637417359.0,,16637417359.0,4,False,True
C,A,20220101,2022,52,2022,156,CHN,China,M,Import,0,W00,World,0,W00,World,H6,HS,True,33,"Essential oils and resinoids; perfumery, cosmetic or toilet preparations",2,False,C00,TOTAL CPC,0,0,TOTAL MOT,-1,N/A,0.0,False,-1,N/A,0.0,False,0.0,True,0.0,False,21618195453.0,,21618195453.0,4,False,True
C,A,20220101,2022,52,2022,156,CHN,China,M,Import,0,W00,World,0,W00,World,H6,HS,True,74,Copper and articles thereof,2,False,C00,TOTAL CPC,0,0,TOTAL MOT,-1,N/A,0.0,False,-1,N/A,0.0,False,0.0,True,0.0,False,68705241463.0,,68705241463.0,4,False,True
C,A,20220101,2022,52,2022,156,CHN,China,M,Import,0,W00,World,0,W00,World,H6,HS,True,13,"Lac; gums, resins and other vegetable saps and extracts",2,False,C00,TOTAL CPC,0,0,TOTAL MOT,-1,N/A,0.0,False,-1,N/A,0.0,False,0.0,True,0.0,False,527687799.0,,527687799.0,4,False,True
C,A,20220101,2022,52,2022,156,CHN,China,M,Import,0,W00,World,0,W00,World,H6,HS,True,14,Vegetable plaiting materials; vegetable products not elsewhere specified or included,2,False,C00,TOTAL CPC,0,0,TOTAL MOT,-1,N/A,0.0,False,-1,N/A,0.0,False,0.0,True,0.0,False,195290469.0,,195290469.0,4,False,True
C,A,20220101,2022,52,2022,156,CHN,China,M,Import,0,W00,World,0,W00,World,H6,HS,True,45,Cork and articles of cork,2,False,C00,TOTAL CPC,0,0,TOTAL MOT,-1,N/A,0.0,False,-1,N/A,0.0,False,0.0,True,0.0,False,40604121.0,,40604121.0,4,False,True
C,A,20220101,2022,52,2022,156,CHN,China,M,Import,0,W00,World,0,W00,World,H6,HS,True,42,"Articles of leather; saddlery and harness; travel goods, handbags and similar containers; articles of animal gut (other than silk-worm gut)",2,False,C00,TOTAL CPC,0,0,TOTAL MOT,-1,N/A,0.0,False,-1,N/A,0.0,False,0.0,True,0.0,False,6008157229.0,,6008157229.0,4,False,True
C,A,20220101,2022,52,2022,156,CHN,China,M,Import,0,W00,World,0,W00,World,H6,HS,True,83,Metal; miscellaneous products of base metal,2,False,C00,TOTAL CPC,0,0,TOTAL MOT,-1,N/A,0.0,False,-1,N/A,0.0,False,0.0,True,0.0,False,1956637935.0,,1956637935.0,4,False,True
C,A,20220101,2022,52,2022,156,CHN,China,M,Import,0,W00,World,0,W00,World,H6,HS,True,35,Albuminoidal substances; modified starches; glues; enzymes,2,False,C00,TOTAL CPC,0,0,TOTAL MOT,-1,N/A,0.0,False,-1,N/A,0.0,False,0.0,True,0.0,False,4665793108.0,,4665793108.0,4,False,True
C,A,20220101,2022,52,2022,156,CHN,China,M,Import,0,W00,World,0,W00,World,H6,HS,True,58,"Fabrics; special woven fabrics, tufted textile fabrics, lace, tapestries, trimmings, embroidery",2,False,C00,TOTAL CPC,0,0,TOTAL MOT,-1,N/A,0.0,False,-1,N/A,0.0,False,0.0,True,0.0,False,340746854.0,,340746854.0,4,False,True
C,A,20220101,2022,52,2022,156,CHN,China,M,Import,0,W00,World,0,W00,World,H6,HS,True,51,"Wool, fine or coarse animal hair; horsehair yarn and woven fabric",2,False,C00,TOTAL CPC,0,0,TOTAL MOT,-1,N/A,0.0,False,-1,N/A,0.0,False,0.0,True,0.0,False,3102152360.0,,3102152360.0,4,False,True
C,A,20220101,2022,52,2022,156,CHN,China,M,Import,0,W00,World,0,W00,World,H6,HS,True,75,Nickel and articles thereof,2,False,C00,TOTAL CPC,0,0,TOTAL MOT,-1,N/A,0.0,False,-1,N/A,0.0,False,0.0,True,0.0,False,12744920048.0,,12744920048.0,4,False,True
C,A,20220101,2022,52,2022,156,CHN,China,M,Import,0,W00,World,0,W00,World,H6,HS,True,48,"Paper and paperboard; articles of paper pulp, of paper or paperboard",2,False,C00,TOTAL CPC,0,0,TOTAL MOT,-1,N/A,0.0,False,-1,N/A,0.0,False,0.0,True,0.0,False,6978837290.0,,6978837290.0,4,False,True
C,A,20220101,2022,52,2022,156,CHN,China,M,Import,0,W00,World,0,W00,World,H6,HS,True,55,Man-made staple fibres,2,False,C00,TOTAL CPC,0,0,TOTAL MOT,-1,N/A,0.0,False,-1,N/A,0.0,False,0.0,True,0.0,False,1561192333.0,,1561192333.0,4,False,True
C,A,20220101,2022,52,2022,156,CHN,China,M,Import,0,W00,World,0,W00,World,H6,HS,True,78,Lead and articles thereof,2,False,C00,TOTAL CPC,0,0,TOTAL MOT,-1,N/A,0.0,False,-1,N/A,0.0,False,0.0,True,0.0,False,93442476.0,,93442476.0,4,False,True
C,A,20220101,2022,52,2022,156,CHN,China,M,Import,0,W00,World,0,W00,World,H6,HS,True,92,Musical instruments; parts and accessories of such articles,2,False,C00,TOTAL CPC,0,0,TOTAL MOT,-1,N/A,0.0,False,-1,N/A,0.0,False,0.0,True,0.0,False,563923237.0,,563923237.0,4,False,True
C,A,20220101,2022,52,2022,156,CHN,China,M,Import,0,W00,World,0,W00,World,H6,HS,True,65,Headgear and parts thereof,2,False,C00,TOTAL CPC,0,0,TOTAL MOT,-1,N/A,0.0,False,-1,N/A,0.0,False,0.0,True,0.0,False,251392956.0,,251392956.0,4,False,True
C,A,20220101,2022,52,2022,156,CHN,China,M,Import,0,W00,World,0,W00,World,H6,HS,True,57,Carpets and other textile floor coverings,2,False,C00,TOTAL CPC,0,0,TOTAL MOT,-1,N/A,0.0,False,-1,N/A,0.0,False,0.0,True,0.0,False,92418647.0,,92418647.0,4,False,True
C,A,20220101,2022,52,2022,156,CHN,China,M,Import,0,W00,World,0,W00,World,H6,HS,True,86,"Railway, tramway locomotives, rolling-stock and parts thereof; railway or tramway track fixtures and fittings and parts thereof; mechanical (including electro-mechanical) traffic signalling equipment of all kinds",2,False,C00,TOTAL CPC,0,0,TOTAL MOT,-1,N/A,0.0,False,-1,N/A,0.0,False,0.0,True,0.0,False,541179314.0,,541179314.0,4,False,True
C,A,20220101,2022,52,2022,156,CHN,China,M,Import,0,W00,World,0,W00,World,H6,HS,True,59,"Textile fabrics; impregnated, coated, covered or laminated; textile articles of a kind suitable for industrial use",2,False,C00,TOTAL CPC,0,0,TOTAL MOT,-1,N/A,0.0,False,-1,N/A,0.0,False,0.0,True,0.0,False,1509309201.0,,1509309201.0,4,False,True
C,A,20220101,2022,52,2022,156,CHN,China,M,Import,0,W00,World,0,W00,World,H6,HS,True,79,Zinc and articles thereof,2,False,C00,TOTAL CPC,0,0,TOTAL MOT,-1,N/A,0.0,False,-1,N/A,0.0,False,0.0,True,0.0,False,603278476.0,,603278476.0,4,False,True
C,A,20220101,2022,52,2022,156,CHN,China,M,Import,0,W00,World,0,W00,World,H6,HS,True,19,"Preparations of cereals, flour, starch or milk; pastrycooks' products",2,False,C00,TOTAL CPC,0,0,TOTAL MOT,-1,N/A,0.0,False,-1,N/A,0.0,False,0.0,True,0.0,False,6819861727.0,,6819861727.0,4,False,True
C,A,20220101,2022,52,2022,156,CHN,China,M,Import,0,W00,World,0,W00,World,H6,HS,True,82,"Tools, implements, cutlery, spoons and forks, of base metal; parts thereof, of base metal",2,False,C00,TOTAL CPC,0,0,TOTAL MOT,-1,N/A,0.0,False,-1,N/A,0.0,False,0.0,True,0.0,False,2989176976.0,,2989176976.0,4,False,True
C,A,20220101,2022,52,2022,156,CHN,China,M,Import,0,W00,World,0,W00,World,H6,HS,True,26,"Ores, slag and ash",2,False,C00,TOTAL CPC,0,0,TOTAL MOT,-1,N/A,0.0,False,-1,N/A,0.0,False,0.0,True,0.0,False,224716349586.0,,224716349586.0,4,False,True
C,A,20220101,2022,52,2022,156,CHN,China,M,Import,0,W00,World,0,W00,World,H6,HS,True,68,"Stone, plaster, cement, asbestos, mica or similar materials; articles thereof",2,False,C00,TOTAL CPC,0,0,TOTAL MOT,-1,N/A,0.0,False,-1,N/A,0.0,False,0.0,True,0.0,False,2200641860.0,,2200641860.0,4,False,True
C,A,20220101,2022,52,2022,156,CHN,China,M,Import,0,W00,World,0,W00,World,H6,HS,True,20,"Preparations of vegetables, fruit, nuts or other parts of plants",2,False,C00,TOTAL CPC,0,0,TOTAL MOT,-1,N/A,0.0,False,-1,N/A,0.0,False,0.0,True,0.0,False,1830371753.0,,1830371753.0,4,False,True
C,A,20220101,2022,52,2022,156,CHN,China,M,Import,0,W00,World,0,W00,World,H6,HS,True,36,Explosives; pyrotechnic products; matches; pyrophoric alloys; certain combustible preparations,2,False,C00,TOTAL CPC,0,0,TOTAL MOT,-1,N/A,0.0,False,-1,N/A,0.0,False,0.0,True,0.0,False,120772254.0,,120772254.0,4,False,True
C,A,20220101,2022,52,2022,156,CHN,China,M,Import,0,W00,World,0,W00,World,H6,HS,True,70,Glass and glassware,2,False,C00,TOTAL CPC,0,0,TOTAL MOT,-1,N/A,0.0,False,-1,N/A,0.0,False,0.0,True,0.0,False,7244823631.0,,7244823631.0,4,False,True
C,A,20220101,2022,52,2022,156,CHN,China,M,Import,0,W00,World,0,W00,World,H6,HS,True,07,Vegetables and certain roots and tubers; edible,2,False,C00,TOTAL CPC,0,0,TOTAL MOT,-1,N/A,0.0,False,-1,N/A,0.0,False,0.0,True,0.0,False,3890359630.0,,3890359630.0,4,False,True
C,A,20220101,2022,52,2022,156,CHN,China,M,Import,0,W00,World,0,W00,World,H6,HS,True,95,"Toys, games and sports requisites; parts and accessories thereof",2,False,C00,TOTAL CPC,0,0,TOTAL MOT,-1,N/A,0.0,False,-1,N/A,0.0,False,0.0,True,0.0,False,2781664664.0,,2781664664.0,4,False,True
C,A,20220101,2022,52,2022,156,CHN,China,M,Import,0,W00,World,0,W00,World,H6,HS,True,15,"Animal, vegetable or microbial fats and oils and their cleavage products; prepared edible fats; animal or vegetable waxes",2,False,C00,TOTAL CPC,0,0,TOTAL MOT,-1,N/A,0.0,False,-1,N/A,0.0,False,0.0,True,0.0,False,15349030873.0,,15349030873.0,4,False,True
C,A,20220101,2022,52,2022,156,CHN,China,M,Import,0,W00,World,0,W00,World,H6,HS,True,44,Wood and articles of wood; wood charcoal,2,False,C00,TOTAL CPC,0,0,TOTAL MOT,-1,N/A,0.0,False,-1,N/A,0.0,False,0.0,True,0.0,False,22188340733.0,,22188340733.0,4,False,True
C,A,20220101,2022,52,2022,156,CHN,China,M,Import,0,W00,World,0,W00,World,H6,HS,True,28,"Inorganic chemicals; organic and inorganic compounds of precious metals; of rare earth metals, of radio-active elements and of isotopes",2,False,C00,TOTAL CPC,0,0,TOTAL MOT,-1,N/A,0.0,False,-1,N/A,0.0,False,0.0,True,0.0,False,25924142660.0,,25924142660.0,4,False,True
C,A,20220101,2022,52,2022,156,CHN,China,M,Import,0,W00,World,0,W00,World,H6,HS,True,34,"Soap, organic surface-active agents; washing, lubricating, polishing or scouring preparations; artificial or prepared waxes, candles and similar articles, modelling pastes, dental waxes and dental preparations with a basis of plaster",2,False,C00,TOTAL CPC,0,0,TOTAL MOT,-1,N/A,0.0,False,-1,N/A,0.0,False,0.0,True,0.0,False,6764621656.0,,6764621656.0,4,False,True
C,A,20220101,2022,52,2022,156,CHN,China,M,Import,0,W00,World,0,W00,World,H6,HS,True,81,"Metals; n.e.c., cermets and articles thereof",2,False,C00,TOTAL CPC,0,0,TOTAL MOT,-1,N/A,0.0,False,-1,N/A,0.0,False,0.0,True,0.0,False,7354043123.0,,7354043123.0,4,False,True
C,A,20220101,2022,52,2022,156,CHN,China,M,Import,0,W00,World,0,W00,World,H6,HS,True,11,"Products of the milling industry; malt, starches, inulin, wheat gluten",2,False,C00,TOTAL CPC,0,0,TOTAL MOT,-1,N/A,0.0,False,-1,N/A,0.0,False,0.0,True,0.0,False,2515542068.0,,2515542068.0,4,False,True
C,A,20220101,2022,52,2022,156,CHN,China,M,Import,0,W00,World,0,W00,World,H6,HS,True,60,Fabrics; knitted or crocheted,2,False,C00,TOTAL CPC,0,0,TOTAL MOT,-1,N/A,0.0,False,-1,N/A,0.0,False,0.0,True,0.0,False,908410426.0,,908410426.0,4,False,True
C,A,20220101,2022,52,2022,156,CHN,China,M,Import,0,W00,World,0,W00,World,H6,HS,True,69,Ceramic products,2,False,C00,TOTAL CPC,0,0,TOTAL MOT,-1,N/A,0.0,False,-1,N/A,0.0,False,0.0,True,0.0,False,1616351932.0,,1616351932.0,4,False,True
C,A,20220101,2022,52,2022,156,CHN,China,M,Import,0,W00,World,0,W00,World,H6,HS,True,91,Clocks and watches and parts thereof,2,False,C00,TOTAL CPC,0,0,TOTAL MOT,-1,N/A,0.0,False,-1,N/A,0.0,False,0.0,True,0.0,False,4388432404.0,,4388432404.0,4,False,True
C,A,20220101,2022,52,2022,156,CHN,China,M,Import,0,W00,World,0,W00,World,H6,HS,True,97,Works of art; collectors' pieces and antiques,2,False,C00,TOTAL CPC,0,0,TOTAL MOT,-1,N/A,0.0,False,-1,N/A,0.0,False,0.0,True,0.0,False,2233397087.0,,2233397087.0,4,False,True
C,A,20220101,2022,52,2022,156,CHN,China,M,Import,0,W00,World,0,W00,World,H6,HS,True,66,"Umbrellas, sun umbrellas, walking-sticks, seat sticks, whips, riding crops; and parts thereof",2,False,C00,TOTAL CPC,0,0,TOTAL MOT,-1,N/A,0.0,False,-1,N/A,0.0,False,0.0,True,0.0,False,10110482.0,,10110482.0,4,False,True
C,A,20220101,2022,52,2022,156,CHN,China,M,Import,0,W00,World,0,W00,World,H6,HS,True,64,Footwear; gaiters and the like; parts of such articles,2,False,C00,TOTAL CPC,0,0,TOTAL MOT,-1,N/A,0.0,False,-1,N/A,0.0,False,0.0,True,0.0,False,6224672123.0,,6224672123.0,4,False,True
C,A,20220101,2022,52,2022,156,CHN,China,M,Import,0,W00,World,0,W00,World,H6,HS,True,03,"Fish and crustaceans, molluscs and other aquatic invertebrates",2,False,C00,TOTAL CPC,0,0,TOTAL MOT,-1,N/A,0.0,False,-1,N/A,0.0,False,0.0,True,0.0,False,18782802015.0,,18782802015.0,4,False,True
C,A,20220101,2022,52,2022,156,CHN,China,M,Import,0,W00,World,0,W00,World,H6,HS,True,10,Cereals,2,False,C00,TOTAL CPC,0,0,TOTAL MOT,-1,N/A,0.0,False,-1,N/A,0.0,False,0.0,True,0.0,False,19450010037.0,,19450010037.0,4,False,True
C,A,20220101,2022,52,2022,156,CHN,China,M,Import,0,W00,World,0,W00,World,H6,HS,True,02,Meat and edible meat offal,2,False,C00,TOTAL CPC,0,0,TOTAL MOT,-1,N/A,0.0,False,-1,N/A,0.0,False,0.0,False,0.0,False,30879441226.0,,30879441226.0,0,False,True
C,A,20220101,2022,52,2022,156,CHN,China,M,Import,0,W00,World,0,W00,World,H6,HS,True,99,Commodities not specified according to kind,2,False,C00,TOTAL CPC,0,0,TOTAL MOT,-1,N/A,0.0,False,-1,N/A,0.0,False,0.0,False,0.0,False,7778863478.0,,7778863478.0,0,False,True
C,A,20220101,2022,52,2022,156,CHN,China,M,Import,0,W00,World,0,W00,World,H6,HS,True,27,"Mineral fuels, mineral oils and products of their distillation; bituminous substances; mineral waxes",2,False,C00,TOTAL CPC,0,0,TOTAL MOT,-1,N/A,0.0,False,-1,N/A,0.0,False,,False,0.0,False,535339702649.0,,535339702649.0,0,False,True
C,A,20220101,2022,52,2022,156,CHN,China,M,Import,0,W00,World,0,W00,World,H6,HS,True,05,Animal originated products; not elsewhere specified or included,2,False,C00,TOTAL CPC,0,0,TOTAL MOT,-1,N/A,0.0,False,-1,N/A,0.0,False,,False,0.0,False,1354037625.0,,1354037625.0,0,False,True
C,A,20220101,2022,52,2022,704,VNM,Viet Nam,M,Import,0,W00,World,0,W00,World,H6,HS,True,64,Footwear; gaiters and the like; parts of such articles,2,False,C00,TOTAL CPC,0,0,TOTAL MOT,-1,N/A,0.0,False,-1,N/A,0.0,False,,False,0.0,False,1576631575.683,,1576631575.683,0,False,True
C,A,20220101,2022,52,2022,704,VNM,Viet Nam,M,Import,0,W00,World,0,W00,World,H6,HS,True,69,Ceramic products,2,False,C00,TOTAL CPC,0,0,TOTAL MOT,-1,N/A,0.0,False,-1,N/A,0.0,False,,False,0.0,False,467665039.898,,467665039.898,0,False,True
C,A,20220101,2022,52,2022,704,VNM,Viet Nam,M,Import,0,W00,World,0,W00,World,H6,HS,True,67,"Feathers and down, prepared; and articles made of feather or of down; artificial flowers; articles of human hair",2,False,C00,TOTAL CPC,0,0,TOTAL MOT,-1,N/A,0.0,False,-1,N/A,0.0,False,,False,0.0,False,111449442.859,,111449442.859,0,False,True
C,A,20220101,2022,52,2022,704,VNM,Viet Nam,M,Import,0,W00,World,0,W00,World,H6,HS,True,01,Animals; live,2,False,C00,TOTAL CPC,0,0,TOTAL MOT,-1,N/A,0.0,False,-1,N/A,0.0,False,,False,0.0,False,297341280.414,,297341280.414,0,False,True
C,A,20220101,2022,52,2022,704,VNM,Viet Nam,M,Import,0,W00,World,0,W00,World,H6,HS,True,96,Miscellaneous manufactured articles,2,False,C00,TOTAL CPC,0,0,TOTAL MOT,-1,N/A,0.0,False,-1,N/A,0.0,False,,False,0.0,False,1118445852.588,,1118445852.588,0,False,True
C,A,20220101,2022,52,2022,704,VNM,Viet Nam,M,Import,0,W00,World,0,W00,World,H6,HS,True,52,Cotton,2,False,C00,TOTAL CPC,0,0,TOTAL MOT,-1,N/A,0.0,False,-1,N/A,0.0,False,,False,0.0,False,5721409998.35,,5721409998.35,0,False,True
C,A,20220101,2022,52,2022,704,VNM,Viet Nam,M,Import,0,W00,World,0,W00,World,H6,HS,True,04,"Dairy produce; birds' eggs; natural honey; edible products of animal origin, not elsewhere specified or included",2,False,C00,TOTAL CPC,0,0,TOTAL MOT,-1,N/A,0.0,False,-1,N/A,0.0,False,,False,0.0,False,1002329483.066,,1002329483.066,0,False,True
C,A,20220101,2022,52,2022,704,VNM,Viet Nam,M,Import,0,W00,World,0,W00,World,H6,HS,True,32,"Tanning or dyeing extracts; tannins and their derivatives; dyes, pigments and other colouring matter; paints, varnishes; putty, other mastics; inks",2,False,C00,TOTAL CPC,0,0,TOTAL MOT,-1,N/A,0.0,False,-1,N/A,0.0,False,,False,0.0,False,2166927601.049,,2166927601.049,0,False,True
C,A,20220101,2022,52,2022,704,VNM,Viet Nam,M,Import,0,W00,World,0,W00,World,H6,HS,True,05,Animal originated products; not elsewhere specified or included,2,False,C00,TOTAL CPC,0,0,TOTAL MOT,-1,N/A,0.0,False,-1,N/A,0.0,False,,False,0.0,False,364096622.838,,364096622.838,0,False,True
C,A,20220101,2022,52,2022,704,VNM,Viet Nam,M,Import,0,W00,World,0,W00,World,H6,HS,True,49,"Printed books, newspapers, pictures and other products of the printing industry; manuscripts, typescripts and plans",2,False,C00,TOTAL CPC,0,0,TOTAL MOT,-1,N/A,0.0,False,-1,N/A,0.0,False,,False,0.0,False,192203066.01,,192203066.01,0,False,True
C,A,20220101,2022,52,2022,704,VNM,Viet Nam,M,Import,0,W00,World,0,W00,World,H6,HS,True,88,"Aircraft, spacecraft, and parts thereof",2,False,C00,TOTAL CPC,0,0,TOTAL MOT,-1,N/A,0.0,False,-1,N/A,0.0,False,,False,0.0,False,668730378.289,,668730378.289,0,False,True
C,A,20220101,2022,52,2022,704,VNM,Viet Nam,M,Import,0,W00,World,0,W00,World,H6,HS,True,55,Man-made staple fibres,2,False,C00,TOTAL CPC,0,0,TOTAL MOT,-1,N/A,0.0,False,-1,N/A,0.0,False,,False,0.0,False,2624630816.325,,2624630816.325,0,False,True
C,A,20220101,2022,52,2022,704,VNM,Viet Nam,M,Import,0,W00,World,0,W00,World,H6,HS,True,62,Apparel and clothing accessories; not knitted or crocheted,2,False,C00,TOTAL CPC,0,0,TOTAL MOT,-1,N/A,0.0,False,-1,N/A,0.0,False,,False,0.0,False,282637134.672,,282637134.672,0,False,True
C,A,20220101,2022,52,2022,704,VNM,Viet Nam,M,Import,0,W00,World,0,W00,World,H6,HS,True,85,"Electrical machinery and equipment and parts thereof; sound recorders and reproducers; television image and sound recorders and reproducers, parts and accessories of such articles",2,False,C00,TOTAL CPC,0,0,TOTAL MOT,-1,N/A,0.0,False,-1,N/A,0.0,False,,False,0.0,False,122722679902.021,,122722679902.021,0,False,True
C,A,20220101,2022,52,2022,704,VNM,Viet Nam,M,Import,0,W00,World,0,W00,World,H6,HS,True,90,"Optical, photographic, cinematographic, measuring, checking, medical or surgical instruments and apparatus; parts and accessories",2,False,C00,TOTAL CPC,0,0,TOTAL MOT,-1,N/A,0.0,False,-1,N/A,0.0,False,,False,0.0,False,7511308653.352,,7511308653.352,0,False,True
C,A,20220101,2022,52,2022,704,VNM,Viet Nam,M,Import,0,W00,World,0,W00,World,H6,HS,True,37,Photographic or cinematographic goods,2,False,C00,TOTAL CPC,0,0,TOTAL MOT,-1,N/A,0.0,False,-1,N/A,0.0,False,,False,0.0,False,122972371.581,,122972371.581,0,False,True
C,A,20220101,2022,52,2022,704,VNM,Viet Nam,M,Import,0,W00,World,0,W00,World,H6,HS,True,59,"Textile fabrics; impregnated, coated, covered or laminated; textile articles of a kind suitable for industrial use",2,False,C00,TOTAL CPC,0,0,TOTAL MOT,-1,N/A,0.0,False,-1,N/A,0.0,False,,False,0.0,False,1773639763.174,,1773639763.174,0,False,True
C,A,20220101,2022,52,2022,704,VNM,Viet Nam,M,Import,0,W00,World,0,W00,World,H6,HS,True,20,"Preparations of vegetables, fruit, nuts or other parts of plants",2,False,C00,TOTAL CPC,0,0,TOTAL MOT,-1,N/A,0.0,False,-1,N/A,0.0,False,,False,0.0,False,228716703.057,,228716703.057,0,False,True
C,A,20220101,2022,52,2022,704,VNM,Viet Nam,M,Import,0,W00,World,0,W00,World,H6,HS,True,81,"Metals; n.e.c., cermets and articles thereof",2,False,C00,TOTAL CPC,0,0,TOTAL MOT,-1,N/A,0.0,False,-1,N/A,0.0,False,,False,0.0,False,206116074.375,,206116074.375,0,False,True
C,A,20220101,2022,52,2022,704,VNM,Viet Nam,M,Import,0,W00,World,0,W00,World,H6,HS,True,91,Clocks and watches and parts thereof,2,False,C00,TOTAL CPC,0,0,TOTAL MOT,-1,N/A,0.0,False,-1,N/A,0.0,False,,False,0.0,False,201478052.291,,201478052.291,0,False,True
C,A,20220101,2022,52,2022,704,VNM,Viet Nam,M,Import,0,W00,World,0,W00,World,H6,HS,True,89,"Ships, boats and floating structures",2,False,C00,TOTAL CPC,0,0,TOTAL MOT,-1,N/A,0.0,False,-1,N/A,0.0,False,,False,0.0,False,406486045.589,,406486045.589,0,False,True
C,A,20220101,2022,52,2022,704,VNM,Viet Nam,M,Import,0,W00,World,0,W00,World,H6,HS,True,42,"Articles of leather; saddlery and harness; travel goods, handbags and similar containers; articles of animal gut (other than silk-worm gut)",2,False,C00,TOTAL CPC,0,0,TOTAL MOT,-1,N/A,0.0,False,-1,N/A,0.0,False,,False,0.0,False,322508294.048,,322508294.048,0,False,True
C,A,20220101,2022,52,2022,704,VNM,Viet Nam,M,Import,0,W00,World,0,W00,World,H6,HS,True,84,"Machinery and mechanical appliances, boilers, nuclear reactors; parts thereof",2,False,C00,TOTAL CPC,0,0,TOTAL MOT,-1,N/A,0.0,False,-1,N/A,0.0,False,,False,0.0,False,25650606611.225,,25650606611.225,0,False,True
C,A,20220101,2022,52,2022,704,VNM,Viet Nam,M,Import,0,W00,World,0,W00,World,H6,HS,True,76,Aluminium and articles thereof,2,False,C00,TOTAL CPC,0,0,TOTAL MOT,-1,N/A,0.0,False,-1,N/A,0.0,False,,False,0.0,False,5494522226.353,,5494522226.353,0,False,True
C,A,20220101,2022,52,2022,704,VNM,Viet Nam,M,Import,0,W00,World,0,W00,World,H6,HS,True,36,Explosives; pyrotechnic products; matches; pyrophoric alloys; certain combustible preparations,2,False,C00,TOTAL CPC,0,0,TOTAL MOT,-1,N/A,0.0,False,-1,N/A,0.0,False,,False,0.0,False,3763858.073,,3763858.073,0,False,True
C,A,20220101,2022,52,2022,704,VNM,Viet Nam,M,Import,0,W00,World,0,W00,World,H6,HS,True,92,Musical instruments; parts and accessories of such articles,2,False,C00,TOTAL CPC,0,0,TOTAL MOT,-1,N/A,0.0,False,-1,N/A,0.0,False,,False,0.0,False,27423850.95,,27423850.95,0,False,True
C,A,20220101,2022,52,2022,704,VNM,Viet Nam,M,Import,0,W00,World,0,W00,World,H6,HS,True,15,"Animal, vegetable or microbial fats and oils and their cleavage products; prepared edible fats; animal or vegetable waxes",2,False,C00,TOTAL CPC,0,0,TOTAL MOT,-1,N/A,0.0,False,-1,N/A,0.0,False,,False,0.0,False,1682773317.835,,1682773317.835,0,False,True
C,A,20220101,2022,52,2022,704,VNM,Viet Nam,M,Import,0,W00,World,0,W00,World,H6,HS,True,95,"Toys, games and sports requisites; parts and accessories thereof",2,False,C00,TOTAL CPC,0,0,TOTAL MOT,-1,N/A,0.0,False,-1,N/A,0.0,False,,False,0.0,False,445186159.613,,445186159.613,0,False,True
C,A,20220101,2022,52,2022,704,VNM,Viet Nam,M,Import,0,W00,World,0,W00,World,H6,HS,True,27,"Mineral fuels, mineral oils and products of their distillation; bituminous substances; mineral waxes",2,False,C00,TOTAL CPC,0,0,TOTAL MOT,-1,N/A,0.0,False,-1,N/A,0.0,False,,False,0.0,False,26884109704.882,,26884109704.882,0,False,True
C,A,20220101,2022,52,2022,704,VNM,Viet Nam,M,Import,0,W00,World,0,W00,World,H6,HS,True,78,Lead and articles thereof,2,False,C00,TOTAL CPC,0,0,TOTAL MOT,-1,N/A,0.0,False,-1,N/A,0.0,False,,False,0.0,False,543011983.11,,543011983.11,0,False,True
C,A,20220101,2022,52,2022,704,VNM,Viet Nam,M,Import,0,W00,World,0,W00,World,H6,HS,True,75,Nickel and articles thereof,2,False,C00,TOTAL CPC,0,0,TOTAL MOT,-1,N/A,0.0,False,-1,N/A,0.0,False,,False,0.0,False,163466041.084,,163466041.084,0,False,True
C,A,20220101,2022,52,2022,704,VNM,Viet Nam,M,Import,0,W00,World,0,W00,World,H6,HS,True,65,Headgear and parts thereof,2,False,C00,TOTAL CPC,0,0,TOTAL MOT,-1,N/A,0.0,False,-1,N/A,0.0,False,,False,0.0,False,69368494.372,,69368494.372,0,False,True
C,A,20220101,2022,52,2022,704,VNM,Viet Nam,M,Import,0,W00,World,0,W00,World,H6,HS,True,61,Apparel and clothing accessories; knitted or crocheted,2,False,C00,TOTAL CPC,0,0,TOTAL MOT,-1,N/A,0.0,False,-1,N/A,0.0,False,,False,0.0,False,357812105.12,,357812105.12,0,False,True
C,A,20220101,2022,52,2022,704,VNM,Viet Nam,M,Import,0,W00,World,0,W00,World,H6,HS,True,28,"Inorganic chemicals; organic and inorganic compounds of precious metals; of rare earth metals, of radio-active elements and of isotopes",2,False,C00,TOTAL CPC,0,0,TOTAL MOT,-1,N/A,0.0,False,-1,N/A,0.0,False,,False,0.0,False,3145019253.939,,3145019253.939,0,False,True
C,A,20220101,2022,52,2022,704,VNM,Viet Nam,M,Import,0,W00,World,0,W00,World,H6,HS,True,86,"Railway, tramway locomotives, rolling-stock and parts thereof; railway or tramway track fixtures and fittings and parts thereof; mechanical (including electro-mechanical) traffic signalling equipment of all kinds",2,False,C00,TOTAL CPC,0,0,TOTAL MOT,-1,N/A,0.0,False,-1,N/A,0.0,False,,False,0.0,False,55110609.819,,55110609.819,0,False,True
C,A,20220101,2022,52,2022,704,VNM,Viet Nam,M,Import,0,W00,World,0,W00,World,H6,HS,True,30,Pharmaceutical products,2,False,C00,TOTAL CPC,0,0,TOTAL MOT,-1,N/A,0.0,False,-1,N/A,0.0,False,,False,0.0,False,3785136867.074,,3785136867.074,0,False,True
C,A,20220101,2022,52,2022,704,VNM,Viet Nam,M,Import,0,W00,World,0,W00,World,H6,HS,True,97,Works of art; collectors' pieces and antiques,2,False,C00,TOTAL CPC,0,0,TOTAL MOT,-1,N/A,0.0,False,-1,N/A,0.0,False,,False,0.0,False,1216846.324,,1216846.324,0,False,True
C,A,20220101,2022,52,2022,704,VNM,Viet Nam,M,Import,0,W00,World,0,W00,World,H6,HS,True,71,"Natural, cultured pearls; precious, semi-precious stones; precious metals, metals clad with precious metal, and articles thereof; imitation jewellery; coin",2,False,C00,TOTAL CPC,0,0,TOTAL MOT,-1,N/A,0.0,False,-1,N/A,0.0,False,,False,0.0,False,1134382509.992,,1134382509.992,0,False,True
C,A,20220101,2022,52,2022,704,VNM,Viet Nam,M,Import,0,W00,World,0,W00,World,H6,HS,True,58,"Fabrics; special woven fabrics, tufted textile fabrics, lace, tapestries, trimmings, embroidery",2,False,C00,TOTAL CPC,0,0,TOTAL MOT,-1,N/A,0.0,False,-1,N/A,0.0,False,,False,0.0,False,1120100224.767,,1120100224.767,0,False,True
C,A,20220101,2022,52,2022,704,VNM,Viet Nam,M,Import,0,W00,World,0,W00,World,H6,HS,True,57,Carpets and other textile floor coverings,2,False,C00,TOTAL CPC,0,0,TOTAL MOT,-1,N/A,0.0,False,-1,N/A,0.0,False,,False,0.0,False,75142021.72,,75142021.72,0,False,True
C,A,20220101,2022,52,2022,704,VNM,Viet Nam,M,Import,0,W00,World,0,W00,World,H6,HS,True,13,"Lac; gums, resins and other vegetable saps and extracts",2,False,C00,TOTAL CPC,0,0,TOTAL MOT,-1,N/A,0.0,False,-1,N/A,0.0,False,,False,0.0,False,127907103.284,,127907103.284,0,False,True
C,A,20220101,2022,52,2022,704,VNM,Viet Nam,M,Import,0,W00,World,0,W00,World,H6,HS,True,12,"Oil seeds and oleaginous fruits; miscellaneous grains, seeds and fruit, industrial or medicinal plants; straw and fodder",2,False,C00,TOTAL CPC,0,0,TOTAL MOT,-1,N/A,0.0,False,-1,N/A,0.0,False,,False,0.0,False,1829978406.428,,1829978406.428,0,False,True
C,A,20220101,2022,52,2022,704,VNM,Viet Nam,M,Import,0,W00,World,0,W00,World,H6,HS,True,25,"Salt; sulphur; earths, stone; plastering materials, lime and cement",2,False,C00,TOTAL CPC,0,0,TOTAL MOT,-1,N/A,0.0,False,-1,N/A,0.0,False,,False,0.0,False,492145596.172,,492145596.172,0,False,True
C,A,20220101,2022,52,2022,704,VNM,Viet Nam,M,Import,0,W00,World,0,W00,World,H6,HS,True,56,"Wadding, felt and nonwovens, special yarns; twine, cordage, ropes and cables and articles thereof",2,False,C00,TOTAL CPC,0,0,TOTAL MOT,-1,N/A,0.0,False,-1,N/A,0.0,False,,False,0.0,False,1058147593.673,,1058147593.673,0,False,True
C,A,20220101,2022,52,2022,704,VNM,Viet Nam,M,Import,0,W00,World,0,W00,World,H6,HS,True,21,Miscellaneous edible preparations,2,False,C00,TOTAL CPC,0,0,TOTAL MOT,-1,N/A,0.0,False,-1,N/A,0.0,False,,False,0.0,False,1398789673.182,,1398789673.182,0,False,True
C,A,20220101,2022,52,2022,704,VNM,Viet Nam,M,Import,0,W00,World,0,W00,World,H6,HS,True,87,"Vehicles; other than railway or tramway rolling stock, and parts and accessories thereof",2,False,C00,TOTAL CPC,0,0,TOTAL MOT,-1,N/A,0.0,False,-1,N/A,0.0,False,,False,0.0,False,8139094374.688,,8139094374.688,0,False,True
C,A,20220101,2022,52,2022,704,VNM,Viet Nam,M,Import,0,W00,World,0,W00,World,H6,HS,True,60,Fabrics; knitted or crocheted,2,False,C00,TOTAL CPC,0,0,TOTAL MOT,-1,N/A,0.0,False,-1,N/A,0.0,False,,False,0.0,False,6274013317.791,,6274013317.791,0,False,True
C,A,20220101,2022,52,2022,704,VNM,Viet Nam,M,Import,0,W00,World,0,W00,World,H6,HS,True,38,Chemical products n.e.c.,2,False,C00,TOTAL CPC,0,0,TOTAL MOT,-1,N/A,0.0,False,-1,N/A,0.0,False,,False,0.0,False,5329624817.116,,5329624817.116,0,False,True
C,A,20220101,2022,52,2022,704,VNM,Viet Nam,M,Import,0,W00,World,0,W00,World,H6,HS,True,22,"Beverages, spirits and vinegar",2,False,C00,TOTAL CPC,0,0,TOTAL MOT,-1,N/A,0.0,False,-1,N/A,0.0,False,,False,0.0,False,533032948.304,,533032948.304,0,False,True
C,A,20220101,2022,52,2022,704,VNM,Viet Nam,M,Import,0,W00,World,0,W00,World,H6,HS,True,43,Furskins and artificial fur; manufactures thereof,2,False,C00,TOTAL CPC,0,0,TOTAL MOT,-1,N/A,0.0,False,-1,N/A,0.0,False,,False,0.0,False,86940585.721,,86940585.721,0,False,True
C,A,20220101,2022,52,2022,704,VNM,Viet Nam,M,Import,0,W00,World,0,W00,World,H6,HS,True,29,Organic chemicals,2,False,C00,TOTAL CPC,0,0,TOTAL MOT,-1,N/A,0.0,False,-1,N/A,0.0,False,,False,0.0,False,5905217805.307,,5905217805.307,0,False,True
C,A,20220101,2022,52,2022,704,VNM,Viet Nam,M,Import,0,W00,World,0,W00,World,H6,HS,True,39,Plastics and articles thereof,2,False,C00,TOTAL CPC,0,0,TOTAL MOT,-1,N/A,0.0,False,-1,N/A,0.0,False,,False,0.0,False,20830867242.119,,20830867242.119,0,False,True
C,A,20220101,2022,52,2022,704,VNM,Viet Nam,M,Import,0,W00,World,0,W00,World,H6,HS,True,34,"Soap, organic surface-active agents; washing, lubricating, polishing or scouring preparations; artificial or prepared waxes, candles and similar articles, modelling pastes, dental waxes and dental preparations with a basis of plaster",2,False,C00,TOTAL CPC,0,0,TOTAL MOT,-1,N/A,0.0,False,-1,N/A,0.0,False,,False,0.0,False,1043627905.641,,1043627905.641,0,False,True
C,A,20220101,2022,52,2022,704,VNM,Viet Nam,M,Import,0,W00,World,0,W00,World,H6,HS,True,83,Metal; miscellaneous products of base metal,2,False,C00,TOTAL CPC,0,0,TOTAL MOT,-1,N/A,0.0,False,-1,N/A,0.0,False,,False,0.0,False,1402472550.168,,1402472550.168,0,False,True
C,A,20220101,2022,52,2022,704,VNM,Viet Nam,M,Import,0,W00,World,0,W00,World,H6,HS,True,35,Albuminoidal substances; modified starches; glues; enzymes,2,False,C00,TOTAL CPC,0,0,TOTAL MOT,-1,N/A,0.0,False,-1,N/A,0.0,False,,False,0.0,False,1288403851.198,,1288403851.198,0,False,True
C,A,20220101,2022,52,2022,704,VNM,Viet Nam,M,Import,0,W00,World,0,W00,World,H6,HS,True,07,Vegetables and certain roots and tubers; edible,2,False,C00,TOTAL CPC,0,0,TOTAL MOT,-1,N/A,0.0,False,-1,N/A,0.0,False,,False,0.0,False,1881452903.177,,1881452903.177,0,False,True
C,A,20220101,2022,52,2022,704,VNM,Viet Nam,M,Import,0,W00,World,0,W00,World,H6,HS,True,70,Glass and glassware,2,False,C00,TOTAL CPC,0,0,TOTAL MOT,-1,N/A,0.0,False,-1,N/A,0.0,False,,False,0.0,False,1696714023.732,,1696714023.732,0,False,True
C,A,20220101,2022,52,2022,704,VNM,Viet Nam,M,Import,0,W00,World,0,W00,World,H6,HS,True,73,Iron or steel articles,2,False,C00,TOTAL CPC,0,0,TOTAL MOT,-1,N/A,0.0,False,-1,N/A,0.0,False,,False,0.0,False,5401673854.543,,5401673854.543,0,False,True
C,A,20220101,2022,52,2022,704,VNM,Viet Nam,M,Import,0,W00,World,0,W00,World,H6,HS,True,82,"Tools, implements, cutlery, spoons and forks, of base metal; parts thereof, of base metal",2,False,C00,TOTAL CPC,0,0,TOTAL MOT,-1,N/A,0.0,False,-1,N/A,0.0,False,,False,0.0,False,818781228.741,,818781228.741,0,False,True
C,A,20220101,2022,52,2022,704,VNM,Viet Nam,M,Import,0,W00,World,0,W00,World,H6,HS,True,26,"Ores, slag and ash",2,False,C00,TOTAL CPC,0,0,TOTAL MOT,-1,N/A,0.0,False,-1,N/A,0.0,False,,False,0.0,False,2191330132.218,,2191330132.218,0,False,True
C,A,20220101,2022,52,2022,704,VNM,Viet Nam,M,Import,0,W00,World,0,W00,World,H6,HS,True,50,Silk,2,False,C00,TOTAL CPC,0,0,TOTAL MOT,-1,N/A,0.0,False,-1,N/A,0.0,False,,False,0.0,False,49888290.18,,49888290.18,0,False,True
C,A,20220101,2022,52,2022,704,VNM,Viet Nam,M,Import,0,W00,World,0,W00,World,H6,HS,True,08,"Fruit and nuts, edible; peel of citrus fruit or melons",2,False,C00,TOTAL CPC,0,0,TOTAL MOT,-1,N/A,0.0,False,-1,N/A,0.0,False,,False,0.0,False,3465068458.269,,3465068458.269,0,False,True
C,A,20220101,2022,52,2022,704,VNM,Viet Nam,M,Import,0,W00,World,0,W00,World,H6,HS,True,79,Zinc and articles thereof,2,False,C00,TOTAL CPC,0,0,TOTAL MOT,-1,N/A,0.0,False,-1,N/A,0.0,False,,False,0.0,False,727820480.853,,727820480.853,0,False,True
C,A,20220101,2022,52,2022,704,VNM,Viet Nam,M,Import,0,W00,World,0,W00,World,H6,HS,True,68,"Stone, plaster, cement, asbestos, mica or similar materials; articles thereof",2,False,C00,TOTAL CPC,0,0,TOTAL MOT,-1,N/A,0.0,False,-1,N/A,0.0,False,,False,0.0,False,843946550.804,,843946550.804,0,False,True
C,A,20220101,2022,52,2022,704,VNM,Viet Nam,M,Import,0,W00,World,0,W00,World,H6,HS,True,03,"Fish and crustaceans, molluscs and other aquatic invertebrates",2,False,C00,TOTAL CPC,0,0,TOTAL MOT,-1,N/A,0.0,False,-1,N/A,0.0,False,,False,0.0,False,2382894326.638,,2382894326.638,0,False,True
C,A,20220101,2022,52,2022,704,VNM,Viet Nam,M,Import,0,W00,World,0,W00,World,H6,HS,True,94,"Furniture; bedding, mattresses, mattress supports, cushions and similar stuffed furnishings; lamps and lighting fittings, n.e.c.; illuminated signs, illuminated name-plates and the like; prefabricated buildings",2,False,C00,TOTAL CPC,0,0,TOTAL MOT,-1,N/A,0.0,False,-1,N/A,0.0,False,,False,0.0,False,1132290201.228,,1132290201.228,0,False,True
C,A,20220101,2022,52,2022,704,VNM,Viet Nam,M,Import,0,W00,World,0,W00,World,H6,HS,True,40,Rubber and articles thereof,2,False,C00,TOTAL CPC,0,0,TOTAL MOT,-1,N/A,0.0,False,-1,N/A,0.0,False,,False,0.0,False,4727468151.782,,4727468151.782,0,False,True
C,A,20220101,2022,52,2022,704,VNM,Viet Nam,M,Import,0,W00,World,0,W00,World,H6,HS,True,99,Commodities not specified according to kind,2,False,C00,TOTAL CPC,0,0,TOTAL MOT,-1,N/A,0.0,False,-1,N/A,0.0,False,0.0,False,0.0,False,6377284628.237,,6377284628.237,0,False,True
C,A,20220101,2022,52,2022,704,VNM,Viet Nam,M,Import,0,W00,World,0,W00,World,H6,HS,True,18,Cocoa and cocoa preparations,2,False,C00,TOTAL CPC,0,0,TOTAL MOT,-1,N/A,0.0,False,-1,N/A,0.0,False,0.0,True,0.0,False,91164395.628,,91164395.628,4,False,True
C,A,20220101,2022,52,2022,704,VNM,Viet Nam,M,Import,0,W00,World,0,W00,World,H6,HS,True,02,Meat and edible meat offal,2,False,C00,TOTAL CPC,0,0,TOTAL MOT,-1,N/A,0.0,False,-1,N/A,0.0,False,0.0,True,0.0,False,1525229177.807,,1525229177.807,4,False,True
C,A,20220101,2022,52,2022,704,VNM,Viet Nam,M,Import,0,W00,World,0,W00,World,H6,HS,True,53,Vegetable textile fibres; paper yarn and woven fabrics of paper yarn,2,False,C00,TOTAL CPC,0,0,TOTAL MOT,-1,N/A,0.0,False,-1,N/A,0.0,False,0.0,True,0.0,False,151604864.325,,151604864.325,4,False,True
C,A,20220101,2022,52,2022,704,VNM,Viet Nam,M,Import,0,W00,World,0,W00,World,H6,HS,True,09,"Coffee, tea, mate and spices",2,False,C00,TOTAL CPC,0,0,TOTAL MOT,-1,N/A,0.0,False,-1,N/A,0.0,False,0.0,True,0.0,False,406505039.684,,406505039.684,4,False,True
C,A,20220101,2022,52,2022,704,VNM,Viet Nam,M,Import,0,W00,World,0,W00,World,H6,HS,True,80,Tin; articles thereof,2,False,C00,TOTAL CPC,0,0,TOTAL MOT,-1,N/A,0.0,False,-1,N/A,0.0,False,0.0,True,0.0,False,164536395.833,,164536395.833,4,False,True
C,A,20220101,2022,52,2022,704,VNM,Viet Nam,M,Import,0,W00,World,0,W00,World,H6,HS,True,45,Cork and articles of cork,2,False,C00,TOTAL CPC,0,0,TOTAL MOT,-1,N/A,0.0,False,-1,N/A,0.0,False,0.0,True,0.0,False,11184415.85,,11184415.85,4,False,True
C,A,20220101,2022,52,2022,704,VNM,Viet Nam,M,Import,0,W00,World,0,W00,World,H6,HS,True,72,Iron and steel,2,False,C00,TOTAL CPC,0,0,TOTAL MOT,-1,N/A,0.0,False,-1,N/A,0.0,False,0.0,True,0.0,False,14329113964.717,,14329113964.717,4,False,True
C,A,20220101,2022,52,2022,704,VNM,Viet Nam,M,Import,0,W00,World,0,W00,World,H6,HS,True,11,"Products of the milling industry; malt, starches, inulin, wheat gluten",2,False,C00,TOTAL CPC,0,0,TOTAL MOT,-1,N/A,0.0,False,-1,N/A,0.0,False,0.0,True,0.0,False,371807519.49,,371807519.49,4,False,True
C,A,20220101,2022,52,2022,704,VNM,Viet Nam,M,Import,0,W00,World,0,W00,World,H6,HS,True,93,Arms and ammunition; parts and accessories thereof,2,False,C00,TOTAL CPC,0,0,TOTAL MOT,-1,N/A,0.0,False,-1,N/A,0.0,False,0.0,True,0.0,False,260463.652,,260463.652,4,False,True
C,A,20220101,2022,52,2022,704,VNM,Viet Nam,M,Import,0,W00,World,0,W00,World,H6,HS,True,10,Cereals,2,False,C00,TOTAL CPC,0,0,TOTAL MOT,-1,N/A,0.0,False,-1,N/A,0.0,False,0.0,True,0.0,False,5704711218.937,,5704711218.937,4,False,True
C,A,20220101,2022,52,2022,704,VNM,Viet Nam,M,Import,0,W00,World,0,W00,World,H6,HS,True,19,"Preparations of cereals, flour, starch or milk; pastrycooks' products",2,False,C00,TOTAL CPC,0,0,TOTAL MOT,-1,N/A,0.0,False,-1,N/A,0.0,False,0.0,True,0.0,False,830468158.567,,830468158.567,4,False,True
C,A,20220101,2022,52,2022,704,VNM,Viet Nam,M,Import,0,W00,World,0,W00,World,H6,HS,True,74,Copper and articles thereof,2,False,C00,TOTAL CPC,0,0,TOTAL MOT,-1,N/A,0.0,False,-1,N/A,0.0,False,0.0,True,0.0,False,4225587016.26,,4225587016.26,4,False,True
C,A,20220101,2022,52,2022,704,VNM,Viet Nam,M,Import,0,W00,World,0,W00,World,H6,HS,True,66,"Umbrellas, sun umbrellas, walking-sticks, seat sticks, whips, riding crops; and parts thereof",2,False,C00,TOTAL CPC,0,0,TOTAL MOT,-1,N/A,0.0,False,-1,N/A,0.0,False,0.0,True,0.0,False,13745413.252,,13745413.252,4,False,True
C,A,20220101,2022,52,2022,704,VNM,Viet Nam,M,Import,0,W00,World,0,W00,World,H6,HS,True,31,Fertilizers,2,False,C00,TOTAL CPC,0,0,TOTAL MOT,-1,N/A,0.0,False,-1,N/A,0.0,False,0.0,True,0.0,False,1605973005.426,,1605973005.426,4,False,True
C,A,20220101,2022,52,2022,704,VNM,Viet Nam,M,Import,0,W00,World,0,W00,World,H6,HS,True,33,"Essential oils and resinoids; perfumery, cosmetic or toilet preparations",2,False,C00,TOTAL CPC,0,0,TOTAL MOT,-1,N/A,0.0,False,-1,N/A,0.0,False,0.0,True,0.0,False,1164347885.451,,1164347885.451,4,False,True
C,A,20220101,2022,52,2022,704,VNM,Viet Nam,M,Import,0,W00,World,0,W00,World,H6,HS,True,51,"Wool, fine or coarse animal hair; horsehair yarn and woven fabric",2,False,C00,TOTAL CPC,0,0,TOTAL MOT,-1,N/A,0.0,False,-1,N/A,0.0,False,0.0,True,0.0,False,307625518.726,,307625518.726,4,False,True
C,A,20220101,2022,52,2022,704,VNM,Viet Nam,M,Import,0,W00,World,0,W00,World,H6,HS,True,14,Vegetable plaiting materials; vegetable products not elsewhere specified or included,2,False,C00,TOTAL CPC,0,0,TOTAL MOT,-1,N/A,0.0,False,-1,N/A,0.0,False,0.0,True,0.0,False,7830417.147,,7830417.147,4,False,True
C,A,20220101,2022,52,2022,704,VNM,Viet Nam,M,Import,0,W00,World,0,W00,World,H6,HS,True,48,"Paper and paperboard; articles of paper pulp, of paper or paperboard",2,False,C00,TOTAL CPC,0,0,TOTAL MOT,-1,N/A,0.0,False,-1,N/A,0.0,False,0.0,True,0.0,False,3033198935.981,,3033198935.981,4,False,True
C,A,20220101,2022,52,2022,704,VNM,Viet Nam,M,Import,0,W00,World,0,W00,World,H6,HS,True,41,Raw hides and skins (other than furskins) and leather,2,False,C00,TOTAL CPC,0,0,TOTAL MOT,-1,N/A,0.0,False,-1,N/A,0.0,False,0.0,True,0.0,False,1724972654.306,,1724972654.306,4,False,True
C,A,20220101,2022,52,2022,704,VNM,Viet Nam,M,Import,0,W00,World,0,W00,World,H6,HS,True,17,Sugars and sugar confectionery,2,False,C00,TOTAL CPC,0,0,TOTAL MOT,-1,N/A,0.0,False,-1,N/A,0.0,False,0.0,True,0.0,False,1056678291.753,,1056678291.753,4,False,True
C,A,20220101,2022,52,2022,704,VNM,Viet Nam,M,Import,0,W00,World,0,W00,World,H6,HS,True,16,"Meat, fish, crustaceans, molluscs or other aquatic invertebrates, or insects; preparations thereof",2,False,C00,TOTAL CPC,0,0,TOTAL MOT,-1,N/A,0.0,False,-1,N/A,0.0,False,0.0,True,0.0,False,99032874.85,,99032874.85,4,False,True
C,A,20220101,2022,52,2022,704,VNM,Viet Nam,M,Import,0,W00,World,0,W00,World,H6,HS,True,06,"Trees and other plants, live; bulbs, roots and the like; cut flowers and ornamental foliage",2,False,C00,TOTAL CPC,0,0,TOTAL MOT,-1,N/A,0.0,False,-1,N/A,0.0,False,0.0,True,0.0,False,166667749.804,,166667749.804,4,False,True
C,A,20220101,2022,52,2022,704,VNM,Viet Nam,M,Import,0,W00,World,0,W00,World,H6,HS,True,54,Man-made filaments; strip and the like of man-made textile materials,2,False,C00,TOTAL CPC,0,0,TOTAL MOT,-1,N/A,0.0,False,-1,N/A,0.0,False,0.0,True,0.0,False,4055881270.659,,4055881270.659,4,False,True
C,A,20220101,2022,52,2022,704,VNM,Viet Nam,M,Import,0,W00,World,0,W00,World,H6,HS,True,63,"Textiles, made up articles; sets; worn clothing and worn textile articles; rags",2,False,C00,TOTAL CPC,0,0,TOTAL MOT,-1,N/A,0.0,False,-1,N/A,0.0,False,0.0,True,0.0,False,232701971.354,,232701971.354,4,False,True
C,A,20220101,2022,52,2022,704,VNM,Viet Nam,M,Import,0,W00,World,0,W00,World,H6,HS,True,24,"Tobacco and manufactured tobacco substitutes; products, whether or not containing nicotine, intended for inhalation without combustion; other nicotine containing products intended for the intake of nicotine into the human body",2,False,C00,TOTAL CPC,0,0,TOTAL MOT,-1,N/A,0.0,False,-1,N/A,0.0,False,0.0,True,0.0,False,318737934.289,,318737934.289,4,False,True
C,A,20220101,2022,52,2022,704,VNM,Viet Nam,M,Import,0,W00,World,0,W00,World,H6,HS,True,44,Wood and articles of wood; wood charcoal,2,False,C00,TOTAL CPC,0,0,TOTAL MOT,-1,N/A,0.0,False,-1,N/A,0.0,False,0.0,True,0.0,False,2456252034.246,,2456252034.246,4,False,True
C,A,20220101,2022,52,2022,704,VNM,Viet Nam,M,Import,0,W00,World,0,W00,World,H6,HS,True,23,"Food industries, residues and wastes thereof; prepared animal fodder",2,False,C00,TOTAL CPC,0,0,TOTAL MOT,-1,N/A,0.0,False,-1,N/A,0.0,False,0.0,True,0.0,False,5495063747.213,,5495063747.213,4,False,True
C,A,20220101,2022,52,2022,704,VNM,Viet Nam,M,Import,0,W00,World,0,W00,World,H6,HS,True,47,Pulp of wood or other fibrous cellulosic material; recovered (waste and scrap) paper or paperboard,2,False,C00,TOTAL CPC,0,0,TOTAL MOT,-1,N/A,0.0,False,-1,N/A,0.0,False,0.0,True,0.0,False,1056058768.489,,1056058768.489,4,False,True
C,A,20220101,2022,52,2022,704,VNM,Viet Nam,M,Import,0,W00,World,0,W00,World,H6,HS,True,46,"Manufactures of straw, esparto or other plaiting materials; basketware and wickerwork",2,False,C00,TOTAL CPC,0,0,TOTAL MOT,-1,N/A,0.0,False,-1,N/A,0.0,False,0.0,True,0.0,False,15937602.484,,15937602.484,4,False,True
C,A,20220101,2022,52,2022,699,IND,India,M,Import,0,W00,World,0,W00,World,H6,HS,True,02,Meat and edible meat offal,2,False,C00,TOTAL CPC,0,0,TOTAL MOT,-1,N/A,0.0,False,-1,N/A,0.0,False,0.0,False,0.0,False,5339191.069,,5339191.069,0,False,True
C,A,20220101,2022,52,2022,699,IND,India,M,Import,0,W00,World,0,W00,World,H6,HS,True,42,"Articles of leather; saddlery and harness; travel goods, handbags and similar containers; articles of animal gut (other than silk-worm gut)",2,False,C00,TOTAL CPC,0,0,TOTAL MOT,-1,N/A,0.0,False,-1,N/A,0.0,False,,False,0.0,False,470238243.137,,470238243.137,0,False,True
C,A,20220101,2022,52,2022,699,IND,India,M,Import,0,W00,World,0,W00,World,H6,HS,True,74,Copper and articles thereof,2,False,C00,TOTAL CPC,0,0,TOTAL MOT,-1,N/A,0.0,False,-1,N/A,0.0,False,0.0,True,0.0,False,7541656753.393,,7541656753.393,4,False,True
C,A,20220101,2022,52,2022,699,IND,India,M,Import,0,W00,World,0,W00,World,H6,HS,True,59,"Textile fabrics; impregnated, coated, covered or laminated; textile articles of a kind suitable for industrial use",2,False,C00,TOTAL CPC,0,0,TOTAL MOT,-1,N/A,0.0,False,-1,N/A,0.0,False,0.0,True,0.0,False,887183186.296,,887183186.296,4,False,True
C,A,20220101,2022,52,2022,699,IND,India,M,Import,0,W00,World,0,W00,World,H6,HS,True,80,Tin; articles thereof,2,False,C00,TOTAL CPC,0,0,TOTAL MOT,-1,N/A,0.0,False,-1,N/A,0.0,False,0.0,True,0.0,False,429244671.168,,429244671.168,4,False,True
C,A,20220101,2022,52,2022,699,IND,India,M,Import,0,W00,World,0,W00,World,H6,HS,True,16,"Meat, fish, crustaceans, molluscs or other aquatic invertebrates, or insects; preparations thereof",2,False,C00,TOTAL CPC,0,0,TOTAL MOT,-1,N/A,0.0,False,-1,N/A,0.0,False,0.0,True,0.0,False,8351365.076,,8351365.076,4,False,True
C,A,20220101,2022,52,2022,699,IND,India,M,Import,0,W00,World,0,W00,World,H6,HS,True,39,Plastics and articles thereof,2,False,C00,TOTAL CPC,0,0,TOTAL MOT,-1,N/A,0.0,False,-1,N/A,0.0,False,0.0,True,0.0,False,22716066286.343,,22716066286.343,4,False,True
C,A,20220101,2022,52,2022,699,IND,India,M,Import,0,W00,World,0,W00,World,H6,HS,True,34,"Soap, organic surface-active agents; washing, lubricating, polishing or scouring preparations; artificial or prepared waxes, candles and similar articles, modelling pastes, dental waxes and dental preparations with a basis of plaster",2,False,C00,TOTAL CPC,0,0,TOTAL MOT,-1,N/A,0.0,False,-1,N/A,0.0,False,0.0,True,0.0,False,1371352886.682,,1371352886.682,4,False,True
C,A,20220101,2022,52,2022,699,IND,India,M,Import,0,W00,World,0,W00,World,H6,HS,True,92,Musical instruments; parts and accessories of such articles,2,False,C00,TOTAL CPC,0,0,TOTAL MOT,-1,N/A,0.0,False,-1,N/A,0.0,False,,False,0.0,False,68354402.594,,68354402.594,0,False,True
C,A,20220101,2022,52,2022,699,IND,India,M,Import,0,W00,World,0,W00,World,H6,HS,True,26,"Ores, slag and ash",2,False,C00,TOTAL CPC,0,0,TOTAL MOT,-1,N/A,0.0,False,-1,N/A,0.0,False,0.0,True,0.0,False,5729977372.206,,5729977372.206,4,False,True
C,A,20220101,2022,52,2022,699,IND,India,M,Import,0,W00,World,0,W00,World,H6,HS,True,75,Nickel and articles thereof,2,False,C00,TOTAL CPC,0,0,TOTAL MOT,-1,N/A,0.0,False,-1,N/A,0.0,False,0.0,True,0.0,False,1229135148.053,,1229135148.053,4,False,True
C,A,20220101,2022,52,2022,699,IND,India,M,Import,0,W00,World,0,W00,World,H6,HS,True,90,"Optical, photographic, cinematographic, measuring, checking, medical or surgical instruments and apparatus; parts and accessories",2,False,C00,TOTAL CPC,0,0,TOTAL MOT,-1,N/A,0.0,False,-1,N/A,0.0,False,,False,0.0,False,11340606018.098,,11340606018.098,0,False,True
C,A,20220101,2022,52,2022,699,IND,India,M,Import,0,W00,World,0,W00,World,H6,HS,True,89,"Ships, boats and floating structures",2,False,C00,TOTAL CPC,0,0,TOTAL MOT,-1,N/A,0.0,False,-1,N/A,0.0,False,,False,0.0,False,7121474906.348,,7121474906.348,0,False,True
C,A,20220101,2022,52,2022,699,IND,India,M,Import,0,W00,World,0,W00,World,H6,HS,True,48,"Paper and paperboard; articles of paper pulp, of paper or paperboard",2,False,C00,TOTAL CPC,0,0,TOTAL MOT,-1,N/A,0.0,False,-1,N/A,0.0,False,0.0,True,0.0,False,3096020140.215,,3096020140.215,4,False,True
C,A,20220101,2022,52,2022,699,IND,India,M,Import,0,W00,World,0,W00,World,H6,HS,True,12,"Oil seeds and oleaginous fruits; miscellaneous grains, seeds and fruit, industrial or medicinal plants; straw and fodder",2,False,C00,TOTAL CPC,0,0,TOTAL MOT,-1,N/A,0.0,False,-1,N/A,0.0,False,0.0,True,0.0,False,934638241.065,,934638241.065,4,False,True
C,A,20220101,2022,52,2022,699,IND,India,M,Import,0,W00,World,0,W00,World,H6,HS,True,17,Sugars and sugar confectionery,2,False,C00,TOTAL CPC,0,0,TOTAL MOT,-1,N/A,0.0,False,-1,N/A,0.0,False,0.0,True,0.0,False,381221502.579,,381221502.579,4,False,True
C,A,20220101,2022,52,2022,699,IND,India,M,Import,0,W00,World,0,W00,World,H6,HS,True,44,Wood and articles of wood; wood charcoal,2,False,C00,TOTAL CPC,0,0,TOTAL MOT,-1,N/A,0.0,False,-1,N/A,0.0,False,0.0,True,0.0,False,2260194747.522,,2260194747.522,4,False,True
C,A,20220101,2022,52,2022,699,IND,India,M,Import,0,W00,World,0,W00,World,H6,HS,True,85,"Electrical machinery and equipment and parts thereof; sound recorders and reproducers; television image and sound recorders and reproducers, parts and accessories of such articles",2,False,C00,TOTAL CPC,0,0,TOTAL MOT,-1,N/A,0.0,False,-1,N/A,0.0,False,,False,0.0,False,69680021840.888,,69680021840.888,0,False,True
C,A,20220101,2022,52,2022,699,IND,India,M,Import,0,W00,World,0,W00,World,H6,HS,True,67,"Feathers and down, prepared; and articles made of feather or of down; artificial flowers; articles of human hair",2,False,C00,TOTAL CPC,0,0,TOTAL MOT,-1,N/A,0.0,False,-1,N/A,0.0,False,0.0,True,0.0,False,36306312.574,,36306312.574,4,False,True
C,A,20220101,2022,52,2022,699,IND,India,M,Import,0,W00,World,0,W00,World,H6,HS,True,51,"Wool, fine or coarse animal hair; horsehair yarn and woven fabric",2,False,C00,TOTAL CPC,0,0,TOTAL MOT,-1,N/A,0.0,False,-1,N/A,0.0,False,0.0,True,0.0,False,328858543.416,,328858543.416,4,False,True
C,A,20220101,2022,52,2022,699,IND,India,M,Import,0,W00,World,0,W00,World,H6,HS,True,68,"Stone, plaster, cement, asbestos, mica or similar materials; articles thereof",2,False,C00,TOTAL CPC,0,0,TOTAL MOT,-1,N/A,0.0,False,-1,N/A,0.0,False,0.0,True,0.0,False,1043633574.189,,1043633574.189,4,False,True
C,A,20220101,2022,52,2022,699,IND,India,M,Import,0,W00,World,0,W00,World,H6,HS,True,40,Rubber and articles thereof,2,False,C00,TOTAL CPC,0,0,TOTAL MOT,-1,N/A,0.0,False,-1,N/A,0.0,False,0.0,True,0.0,False,4331810119.195,,4331810119.195,4,False,True
C,A,20220101,2022,52,2022,699,IND,India,M,Import,0,W00,World,0,W00,World,H6,HS,True,88,"Aircraft, spacecraft, and parts thereof",2,False,C00,TOTAL CPC,0,0,TOTAL MOT,-1,N/A,0.0,False,-1,N/A,0.0,False,,False,0.0,False,3581025202.07,,3581025202.07,0,False,True
C,A,20220101,2022,52,2022,699,IND,India,M,Import,0,W00,World,0,W00,World,H6,HS,True,78,Lead and articles thereof,2,False,C00,TOTAL CPC,0,0,TOTAL MOT,-1,N/A,0.0,False,-1,N/A,0.0,False,0.0,True,0.0,False,763280740.057,,763280740.057,4,False,True
C,A,20220101,2022,52,2022,699,IND,India,M,Import,0,W00,World,0,W00,World,H6,HS,True,11,"Products of the milling industry; malt, starches, inulin, wheat gluten",2,False,C00,TOTAL CPC,0,0,TOTAL MOT,-1,N/A,0.0,False,-1,N/A,0.0,False,0.0,True,0.0,False,84229791.906,,84229791.906,4,False,True
C,A,20220101,2022,52,2022,699,IND,India,M,Import,0,W00,World,0,W00,World,H6,HS,True,14,Vegetable plaiting materials; vegetable products not elsewhere specified or included,2,False,C00,TOTAL CPC,0,0,TOTAL MOT,-1,N/A,0.0,False,-1,N/A,0.0,False,0.0,True,0.0,False,102647990.309,,102647990.309,4,False,True
C,A,20220101,2022,52,2022,699,IND,India,M,Import,0,W00,World,0,W00,World,H6,HS,True,54,Man-made filaments; strip and the like of man-made textile materials,2,False,C00,TOTAL CPC,0,0,TOTAL MOT,-1,N/A,0.0,False,-1,N/A,0.0,False,,False,0.0,False,1683545659.898,,1683545659.898,0,False,True
C,A,20220101,2022,52,2022,699,IND,India,M,Import,0,W00,World,0,W00,World,H6,HS,True,81,"Metals; n.e.c., cermets and articles thereof",2,False,C00,TOTAL CPC,0,0,TOTAL MOT,-1,N/A,0.0,False,-1,N/A,0.0,False,0.0,True,0.0,False,743984233.208,,743984233.208,4,False,True
C,A,20220101,2022,52,2022,699,IND,India,M,Import,0,W00,World,0,W00,World,H6,HS,True,95,"Toys, games and sports requisites; parts and accessories thereof",2,False,C00,TOTAL CPC,0,0,TOTAL MOT,-1,N/A,0.0,False,-1,N/A,0.0,False,,False,0.0,False,406820037.879,,406820037.879,0,False,True
C,A,20220101,2022,52,2022,699,IND,India,M,Import,0,W00,World,0,W00,World,H6,HS,True,31,Fertilizers,2,False,C00,TOTAL CPC,0,0,TOTAL MOT,-1,N/A,0.0,False,-1,N/A,0.0,False,0.0,True,0.0,False,17259771908.504,,17259771908.504,4,False,True
C,A,20220101,2022,52,2022,699,IND,India,M,Import,0,W00,World,0,W00,World,H6,HS,True,37,Photographic or cinematographic goods,2,False,C00,TOTAL CPC,0,0,TOTAL MOT,-1,N/A,0.0,False,-1,N/A,0.0,False,0.0,True,0.0,False,212584007.565,,212584007.565,4,False,True
C,A,20220101,2022,52,2022,699,IND,India,M,Import,0,W00,World,0,W00,World,H6,HS,True,07,Vegetables and certain roots and tubers; edible,2,False,C00,TOTAL CPC,0,0,TOTAL MOT,-1,N/A,0.0,False,-1,N/A,0.0,False,0.0,True,0.0,False,1975291062.174,,1975291062.174,4,False,True
C,A,20220101,2022,52,2022,699,IND,India,M,Import,0,W00,World,0,W00,World,H6,HS,True,27,"Mineral fuels, mineral oils and products of their distillation; bituminous substances; mineral waxes",2,False,C00,TOTAL CPC,0,0,TOTAL MOT,-1,N/A,0.0,False,-1,N/A,0.0,False,0.0,True,0.0,False,277238257324.308,,277238257324.308,4,False,True
C,A,20220101,2022,52,2022,699,IND,India,M,Import,0,W00,World,0,W00,World,H6,HS,True,57,Carpets and other textile floor coverings,2,False,C00,TOTAL CPC,0,0,TOTAL MOT,-1,N/A,0.0,False,-1,N/A,0.0,False,,False,0.0,False,167487877.082,,167487877.082,0,False,True
C,A,20220101,2022,52,2022,699,IND,India,M,Import,0,W00,World,0,W00,World,H6,HS,True,01,Animals; live,2,False,C00,TOTAL CPC,0,0,TOTAL MOT,-1,N/A,0.0,False,-1,N/A,0.0,False,,False,0.0,False,10847907.757,,10847907.757,0,False,True
C,A,20220101,2022,52,2022,699,IND,India,M,Import,0,W00,World,0,W00,World,H6,HS,True,91,Clocks and watches and parts thereof,2,False,C00,TOTAL CPC,0,0,TOTAL MOT,-1,N/A,0.0,False,-1,N/A,0.0,False,,False,0.0,False,468334051.615,,468334051.615,0,False,True
C,A,20220101,2022,52,2022,699,IND,India,M,Import,0,W00,World,0,W00,World,H6,HS,True,24,"Tobacco and manufactured tobacco substitutes; products, whether or not containing nicotine, intended for inhalation without combustion; other nicotine containing products intended for the intake of nicotine into the human body",2,False,C00,TOTAL CPC,0,0,TOTAL MOT,-1,N/A,0.0,False,-1,N/A,0.0,False,0.0,True,0.0,False,89044931.471,,89044931.471,4,False,True
C,A,20220101,2022,52,2022,699,IND,India,M,Import,0,W00,World,0,W00,World,H6,HS,True,43,Furskins and artificial fur; manufactures thereof,2,False,C00,TOTAL CPC,0,0,TOTAL MOT,-1,N/A,0.0,False,-1,N/A,0.0,False,0.0,True,0.0,False,5746873.86,,5746873.86,4,False,True
C,A,20220101,2022,52,2022,699,IND,India,M,Import,0,W00,World,0,W00,World,H6,HS,True,08,"Fruit and nuts, edible; peel of citrus fruit or melons",2,False,C00,TOTAL CPC,0,0,TOTAL MOT,-1,N/A,0.0,False,-1,N/A,0.0,False,0.0,False,0.0,False,4417579273.015,,4417579273.015,0,False,True
C,A,20220101,2022,52,2022,699,IND,India,M,Import,0,W00,World,0,W00,World,H6,HS,True,09,"Coffee, tea, mate and spices",2,False,C00,TOTAL CPC,0,0,TOTAL MOT,-1,N/A,0.0,False,-1,N/A,0.0,False,0.0,True,0.0,False,1000160502.438,,1000160502.438,4,False,True
C,A,20220101,2022,52,2022,699,IND,India,M,Import,0,W00,World,0,W00,World,H6,HS,True,72,Iron and steel,2,False,C00,TOTAL CPC,0,0,TOTAL MOT,-1,N/A,0.0,False,-1,N/A,0.0,False,0.0,True,0.0,False,16740818597.846,,16740818597.846,4,False,True
C,A,20220101,2022,52,2022,699,IND,India,M,Import,0,W00,World,0,W00,World,H6,HS,True,93,Arms and ammunition; parts and accessories thereof,2,False,C00,TOTAL CPC,0,0,TOTAL MOT,-1,N/A,0.0,False,-1,N/A,0.0,False,,False,0.0,False,118080742.517,,118080742.517,0,False,True
C,A,20220101,2022,52,2022,699,IND,India,M,Import,0,W00,World,0,W00,World,H6,HS,True,58,"Fabrics; special woven fabrics, tufted textile fabrics, lace, tapestries, trimmings, embroidery",2,False,C00,TOTAL CPC,0,0,TOTAL MOT,-1,N/A,0.0,False,-1,N/A,0.0,False,0.0,True,0.0,False,242894142.542,,242894142.542,4,False,True
C,A,20220101,2022,52,2022,699,IND,India,M,Import,0,W00,World,0,W00,World,H6,HS,True,35,Albuminoidal substances; modified starches; glues; enzymes,2,False,C00,TOTAL CPC,0,0,TOTAL MOT,-1,N/A,0.0,False,-1,N/A,0.0,False,0.0,True,0.0,False,876693998.801,,876693998.801,4,False,True
C,A,20220101,2022,52,2022,699,IND,India,M,Import,0,W00,World,0,W00,World,H6,HS,True,18,Cocoa and cocoa preparations,2,False,C00,TOTAL CPC,0,0,TOTAL MOT,-1,N/A,0.0,False,-1,N/A,0.0,False,0.0,True,0.0,False,461003052.957,,461003052.957,4,False,True
C,A,20220101,2022,52,2022,699,IND,India,M,Import,0,W00,World,0,W00,World,H6,HS,True,76,Aluminium and articles thereof,2,False,C00,TOTAL CPC,0,0,TOTAL MOT,-1,N/A,0.0,False,-1,N/A,0.0,False,0.0,True,0.0,False,7234173875.035,,7234173875.035,4,False,True
C,A,20220101,2022,52,2022,699,IND,India,M,Import,0,W00,World,0,W00,World,H6,HS,True,97,Works of art; collectors' pieces and antiques,2,False,C00,TOTAL CPC,0,0,TOTAL MOT,-1,N/A,0.0,False,-1,N/A,0.0,False,,False,0.0,False,93982733.585,,93982733.585,0,False,True
C,A,20220101,2022,52,2022,699,IND,India,M,Import,0,W00,World,0,W00,World,H6,HS,True,41,Raw hides and skins (other than furskins) and leather,2,False,C00,TOTAL CPC,0,0,TOTAL MOT,-1,N/A,0.0,False,-1,N/A,0.0,False,0.0,True,0.0,False,514620486.827,,514620486.827,4,False,True
C,A,20220101,2022,52,2022,699,IND,India,M,Import,0,W00,World,0,W00,World,H6,HS,True,82,"Tools, implements, cutlery, spoons and forks, of base metal; parts thereof, of base metal",2,False,C00,TOTAL CPC,0,0,TOTAL MOT,-1,N/A,0.0,False,-1,N/A,0.0,False,,False,0.0,False,1359308238.458,,1359308238.458,0,False,True
C,A,20220101,2022,52,2022,699,IND,India,M,Import,0,W00,World,0,W00,World,H6,HS,True,61,Apparel and clothing accessories; knitted or crocheted,2,False,C00,TOTAL CPC,0,0,TOTAL MOT,-1,N/A,0.0,False,-1,N/A,0.0,False,0.0,True,0.0,False,810486338.982,,810486338.982,4,False,True
C,A,20220101,2022,52,2022,699,IND,India,M,Import,0,W00,World,0,W00,World,H6,HS,True,79,Zinc and articles thereof,2,False,C00,TOTAL CPC,0,0,TOTAL MOT,-1,N/A,0.0,False,-1,N/A,0.0,False,0.0,True,0.0,False,869627992.651,,869627992.651,4,False,True
C,A,20220101,2022,52,2022,699,IND,India,M,Import,0,W00,World,0,W00,World,H6,HS,True,70,Glass and glassware,2,False,C00,TOTAL CPC,0,0,TOTAL MOT,-1,N/A,0.0,False,-1,N/A,0.0,False,,False,0.0,False,1700636585.402,,1700636585.402,0,False,True
C,A,20220101,2022,52,2022,699,IND,India,M,Import,0,W00,World,0,W00,World,H6,HS,True,04,"Dairy produce; birds' eggs; natural honey; edible products of animal origin, not elsewhere specified or included",2,False,C00,TOTAL CPC,0,0,TOTAL MOT,-1,N/A,0.0,False,-1,N/A,0.0,False,0.0,True,0.0,False,38114771.532,,38114771.532,4,False,True
C,A,20220101,2022,52,2022,699,IND,India,M,Import,0,W00,World,0,W00,World,H6,HS,True,21,Miscellaneous edible preparations,2,False,C00,TOTAL CPC,0,0,TOTAL MOT,-1,N/A,0.0,False,-1,N/A,0.0,False,0.0,True,0.0,False,228273427.666,,228273427.666,4,False,True
C,A,20220101,2022,52,2022,699,IND,India,M,Import,0,W00,World,0,W00,World,H6,HS,True,50,Silk,2,False,C00,TOTAL CPC,0,0,TOTAL MOT,-1,N/A,0.0,False,-1,N/A,0.0,False,,False,0.0,False,274049646.436,,274049646.436,0,False,True
C,A,20220101,2022,52,2022,699,IND,India,M,Import,0,W00,World,0,W00,World,H6,HS,True,73,Iron or steel articles,2,False,C00,TOTAL CPC,0,0,TOTAL MOT,-1,N/A,0.0,False,-1,N/A,0.0,False,0.0,True,0.0,False,4868053108.316,,4868053108.316,4,False,True
C,A,20220101,2022,52,2022,699,IND,India,M,Import,0,W00,World,0,W00,World,H6,HS,True,53,Vegetable textile fibres; paper yarn and woven fabrics of paper yarn,2,False,C00,TOTAL CPC,0,0,TOTAL MOT,-1,N/A,0.0,False,-1,N/A,0.0,False,,False,0.0,False,507917595.224,,507917595.224,0,False,True
C,A,20220101,2022,52,2022,699,IND,India,M,Import,0,W00,World,0,W00,World,H6,HS,True,10,Cereals,2,False,C00,TOTAL CPC,0,0,TOTAL MOT,-1,N/A,0.0,False,-1,N/A,0.0,False,0.0,True,0.0,False,120779075.246,,120779075.246,4,False,True
C,A,20220101,2022,52,2022,699,IND,India,M,Import,0,W00,World,0,W00,World,H6,HS,True,13,"Lac; gums, resins and other vegetable saps and extracts",2,False,C00,TOTAL CPC,0,0,TOTAL MOT,-1,N/A,0.0,False,-1,N/A,0.0,False,0.0,True,0.0,False,370605876.909,,370605876.909,4,False,True
C,A,20220101,2022,52,2022,699,IND,India,M,Import,0,W00,World,0,W00,World,H6,HS,True,45,Cork and articles of cork,2,False,C00,TOTAL CPC,0,0,TOTAL MOT,-1,N/A,0.0,False,-1,N/A,0.0,False,0.0,True,0.0,False,9017531.261,,9017531.261,4,False,True
C,A,20220101,2022,52,2022,699,IND,India,M,Import,0,W00,World,0,W00,World,H6,HS,True,87,"Vehicles; other than railway or tramway rolling stock, and parts and accessories thereof",2,False,C00,TOTAL CPC,0,0,TOTAL MOT,-1,N/A,0.0,False,-1,N/A,0.0,False,0.0,True,0.0,False,6946514152.237,,6946514152.237,4,False,True
C,A,20220101,2022,52,2022,699,IND,India,M,Import,0,W00,World,0,W00,World,H6,HS,True,83,Metal; miscellaneous products of base metal,2,False,C00,TOTAL CPC,0,0,TOTAL MOT,-1,N/A,0.0,False,-1,N/A,0.0,False,0.0,True,0.0,False,1295650297.436,,1295650297.436,4,False,True
C,A,20220101,2022,52,2022,699,IND,India,M,Import,0,W00,World,0,W00,World,H6,HS,True,22,"Beverages, spirits and vinegar",2,False,C00,TOTAL CPC,0,0,TOTAL MOT,-1,N/A,0.0,False,-1,N/A,0.0,False,0.0,True,0.0,False,1072211637.811,,1072211637.811,4,False,True
C,A,20220101,2022,52,2022,699,IND,India,M,Import,0,W00,World,0,W00,World,H6,HS,True,19,"Preparations of cereals, flour, starch or milk; pastrycooks' products",2,False,C00,TOTAL CPC,0,0,TOTAL MOT,-1,N/A,0.0,False,-1,N/A,0.0,False,0.0,True,0.0,False,168530766.185,,168530766.185,4,False,True
C,A,20220101,2022,52,2022,699,IND,India,M,Import,0,W00,World,0,W00,World,H6,HS,True,86,"Railway, tramway locomotives, rolling-stock and parts thereof; railway or tramway track fixtures and fittings and parts thereof; mechanical (including electro-mechanical) traffic signalling equipment of all kinds",2,False,C00,TOTAL CPC,0,0,TOTAL MOT,-1,N/A,0.0,False,-1,N/A,0.0,False,,False,0.0,False,585381678.47,,585381678.47,0,False,True
C,A,20220101,2022,52,2022,699,IND,India,M,Import,0,W00,World,0,W00,World,H6,HS,True,94,"Furniture; bedding, mattresses, mattress supports, cushions and similar stuffed furnishings; lamps and lighting fittings, n.e.c.; illuminated signs, illuminated name-plates and the like; prefabricated buildings",2,False,C00,TOTAL CPC,0,0,TOTAL MOT,-1,N/A,0.0,False,-1,N/A,0.0,False,0.0,True,0.0,False,1583367728.911,,1583367728.911,4,False,True
C,A,20220101,2022,52,2022,699,IND,India,M,Import,0,W00,World,0,W00,World,H6,HS,True,56,"Wadding, felt and nonwovens, special yarns; twine, cordage, ropes and cables and articles thereof",2,False,C00,TOTAL CPC,0,0,TOTAL MOT,-1,N/A,0.0,False,-1,N/A,0.0,False,0.0,True,0.0,False,449793086.128,,449793086.128,4,False,True
C,A,20220101,2022,52,2022,699,IND,India,M,Import,0,W00,World,0,W00,World,H6,HS,True,33,"Essential oils and resinoids; perfumery, cosmetic or toilet preparations",2,False,C00,TOTAL CPC,0,0,TOTAL MOT,-1,N/A,0.0,False,-1,N/A,0.0,False,0.0,True,0.0,False,1366096435.983,,1366096435.983,4,False,True
C,A,20220101,2022,52,2022,699,IND,India,M,Import,0,W00,World,0,W00,World,H6,HS,True,30,Pharmaceutical products,2,False,C00,TOTAL CPC,0,0,TOTAL MOT,-1,N/A,0.0,False,-1,N/A,0.0,False,0.0,True,0.0,False,2730438575.194,,2730438575.194,4,False,True
C,A,20220101,2022,52,2022,699,IND,India,M,Import,0,W00,World,0,W00,World,H6,HS,True,36,Explosives; pyrotechnic products; matches; pyrophoric alloys; certain combustible preparations,2,False,C00,TOTAL CPC,0,0,TOTAL MOT,-1,N/A,0.0,False,-1,N/A,0.0,False,0.0,True,0.0,False,17206687.011,,17206687.011,4,False,True
C,A,20220101,2022,52,2022,699,IND,India,M,Import,0,W00,World,0,W00,World,H6,HS,True,55,Man-made staple fibres,2,False,C00,TOTAL CPC,0,0,TOTAL MOT,-1,N/A,0.0,False,-1,N/A,0.0,False,0.0,True,0.0,False,1243724325.583,,1243724325.583,4,False,True
C,A,20220101,2022,52,2022,699,IND,India,M,Import,0,W00,World,0,W00,World,H6,HS,True,38,Chemical products n.e.c.,2,False,C00,TOTAL CPC,0,0,TOTAL MOT,-1,N/A,0.0,False,-1,N/A,0.0,False,0.0,True,0.0,False,8110412181.479,,8110412181.479,4,False,True
C,A,20220101,2022,52,2022,699,IND,India,M,Import,0,W00,World,0,W00,World,H6,HS,True,15,"Animal, vegetable or microbial fats and oils and their cleavage products; prepared edible fats; animal or vegetable waxes",2,False,C00,TOTAL CPC,0,0,TOTAL MOT,-1,N/A,0.0,False,-1,N/A,0.0,False,0.0,True,0.0,False,21639098762.393,,21639098762.393,4,False,True
C,A,20220101,2022,52,2022,699,IND,India,M,Import,0,W00,World,0,W00,World,H6,HS,True,62,Apparel and clothing accessories; not knitted or crocheted,2,False,C00,TOTAL CPC,0,0,TOTAL MOT,-1,N/A,0.0,False,-1,N/A,0.0,False,0.0,True,0.0,False,915083534.309,,915083534.309,4,False,True
C,A,20220101,2022,52,2022,699,IND,India,M,Import,0,W00,World,0,W00,World,H6,HS,True,20,"Preparations of vegetables, fruit, nuts or other parts of plants",2,False,C00,TOTAL CPC,0,0,TOTAL MOT,-1,N/A,0.0,False,-1,N/A,0.0,False,0.0,True,0.0,False,145624484.651,,145624484.651,4,False,True
C,A,20220101,2022,52,2022,699,IND,India,M,Import,0,W00,World,0,W00,World,H6,HS,True,65,Headgear and parts thereof,2,False,C00,TOTAL CPC,0,0,TOTAL MOT,-1,N/A,0.0,False,-1,N/A,0.0,False,0.0,True,0.0,False,41915131.186,,41915131.186,4,False,True
C,A,20220101,2022,52,2022,699,IND,India,M,Import,0,W00,World,0,W00,World,H6,HS,True,71,"Natural, cultured pearls; precious, semi-precious stones; precious metals, metals clad with precious metal, and articles thereof; imitation jewellery; coin",2,False,C00,TOTAL CPC,0,0,TOTAL MOT,-1,N/A,0.0,False,-1,N/A,0.0,False,0.0,True,0.0,False,78172888292.316,,78172888292.316,4,False,True
C,A,20220101,2022,52,2022,699,IND,India,M,Import,0,W00,World,0,W00,World,H6,HS,True,52,Cotton,2,False,C00,TOTAL CPC,0,0,TOTAL MOT,-1,N/A,0.0,False,-1,N/A,0.0,False,,False,0.0,False,1748968184.633,,1748968184.633,0,False,True
C,A,20220101,2022,52,2022,699,IND,India,M,Import,0,W00,World,0,W00,World,H6,HS,True,47,Pulp of wood or other fibrous cellulosic material; recovered (waste and scrap) paper or paperboard,2,False,C00,TOTAL CPC,0,0,TOTAL MOT,-1,N/A,0.0,False,-1,N/A,0.0,False,0.0,True,0.0,False,3997453016.357,,3997453016.357,4,False,True
C,A,20220101,2022,52,2022,699,IND,India,M,Import,0,W00,World,0,W00,World,H6,HS,True,64,Footwear; gaiters and the like; parts of such articles,2,False,C00,TOTAL CPC,0,0,TOTAL MOT,-1,N/A,0.0,False,-1,N/A,0.0,False,0.0,True,0.0,False,908410524.152,,908410524.152,4,False,True
C,A,20220101,2022,52,2022,699,IND,India,M,Import,0,W00,World,0,W00,World,H6,HS,True,46,"Manufactures of straw, esparto or other plaiting materials; basketware and wickerwork",2,False,C00,TOTAL CPC,0,0,TOTAL MOT,-1,N/A,0.0,False,-1,N/A,0.0,False,0.0,True,0.0,False,7331496.38,,7331496.38,4,False,True
C,A,20220101,2022,52,2022,699,IND,India,M,Import,0,W00,World,0,W00,World,H6,HS,True,25,"Salt; sulphur; earths, stone; plastering materials, lime and cement",2,False,C00,TOTAL CPC,0,0,TOTAL MOT,-1,N/A,0.0,False,-1,N/A,0.0,False,0.0,True,0.0,False,4749129275.423,,4749129275.423,4,False,True
C,A,20220101,2022,52,2022,699,IND,India,M,Import,0,W00,World,0,W00,World,H6,HS,True,84,"Machinery and mechanical appliances, boilers, nuclear reactors; parts thereof",2,False,C00,TOTAL CPC,0,0,TOTAL MOT,-1,N/A,0.0,False,-1,N/A,0.0,False,,False,0.0,False,54792401217.434,,54792401217.434,0,False,True
C,A,20220101,2022,52,2022,699,IND,India,M,Import,0,W00,World,0,W00,World,H6,HS,True,32,"Tanning or dyeing extracts; tannins and their derivatives; dyes, pigments and other colouring matter; paints, varnishes; putty, other mastics; inks",2,False,C00,TOTAL CPC,0,0,TOTAL MOT,-1,N/A,0.0,False,-1,N/A,0.0,False,0.0,True,0.0,False,2657671429.791,,2657671429.791,4,False,True
C,A,20220101,2022,52,2022,699,IND,India,M,Import,0,W00,World,0,W00,World,H6,HS,True,99,Commodities not specified according to kind,2,False,C00,TOTAL CPC,0,0,TOTAL MOT,-1,N/A,0.0,False,-1,N/A,0.0,False,0.0,False,0.0,False,1406615171.571,,1406615171.571,0,False,True
C,A,20220101,2022,52,2022,699,IND,India,M,Import,0,W00,World,0,W00,World,H6,HS,True,63,"Textiles, made up articles; sets; worn clothing and worn textile articles; rags",2,False,C00,TOTAL CPC,0,0,TOTAL MOT,-1,N/A,0.0,False,-1,N/A,0.0,False,,False,0.0,False,624544898.842,,624544898.842,0,False,True
C,A,20220101,2022,52,2022,699,IND,India,M,Import,0,W00,World,0,W00,World,H6,HS,True,05,Animal originated products; not elsewhere specified or included,2,False,C00,TOTAL CPC,0,0,TOTAL MOT,-1,N/A,0.0,False,-1,N/A,0.0,False,0.0,True,0.0,False,46986736.37,,46986736.37,4,False,True
C,A,20220101,2022,52,2022,699,IND,India,M,Import,0,W00,World,0,W00,World,H6,HS,True,06,"Trees and other plants, live; bulbs, roots and the like; cut flowers and ornamental foliage",2,False,C00,TOTAL CPC,0,0,TOTAL MOT,-1,N/A,0.0,False,-1,N/A,0.0,False,0.0,True,0.0,False,36388651.258,,36388651.258,4,False,True
C,A,20220101,2022,52,2022,699,IND,India,M,Import,0,W00,World,0,W00,World,H6,HS,True,28,"Inorganic chemicals; organic and inorganic compounds of precious metals; of rare earth metals, of radio-active elements and of isotopes",2,False,C00,TOTAL CPC,0,0,TOTAL MOT,-1,N/A,0.0,False,-1,N/A,0.0,False,0.0,True,0.0,False,12714242403.016,,12714242403.016,4,False,True
C,A,20220101,2022,52,2022,699,IND,India,M,Import,0,W00,World,0,W00,World,H6,HS,True,60,Fabrics; knitted or crocheted,2,False,C00,TOTAL CPC,0,0,TOTAL MOT,-1,N/A,0.0,False,-1,N/A,0.0,False,0.0,True,0.0,False,782209914.051,,782209914.051,4,False,True
C,A,20220101,2022,52,2022,699,IND,India,M,Import,0,W00,World,0,W00,World,H6,HS,True,69,Ceramic products,2,False,C00,TOTAL CPC,0,0,TOTAL MOT,-1,N/A,0.0,False,-1,N/A,0.0,False,0.0,True,0.0,False,900591605.49,,900591605.49,4,False,True
C,A,20220101,2022,52,2022,699,IND,India,M,Import,0,W00,World,0,W00,World,H6,HS,True,96,Miscellaneous manufactured articles,2,False,C00,TOTAL CPC,0,0,TOTAL MOT,-1,N/A,0.0,False,-1,N/A,0.0,False,0.0,True,0.0,False,790668631.386,,790668631.386,4,False,True
C,A,20220101,2022,52,2022,699,IND,India,M,Import,0,W00,World,0,W00,World,H6,HS,True,23,"Food industries, residues and wastes thereof; prepared animal fodder",2,False,C00,TOTAL CPC,0,0,TOTAL MOT,-1,N/A,0.0,False,-1,N/A,0.0,False,0.0,True,0.0,False,874910271.407,,874910271.407,4,False,True
C,A,20220101,2022,52,2022,699,IND,India,M,Import,0,W00,World,0,W00,World,H6,HS,True,66,"Umbrellas, sun umbrellas, walking-sticks, seat sticks, whips, riding crops; and parts thereof",2,False,C00,TOTAL CPC,0,0,TOTAL MOT,-1,N/A,0.0,False,-1,N/A,0.0,False,0.0,True,0.0,False,38057185.634,,38057185.634,4,False,True
C,A,20220101,2022,52,2022,699,IND,India,M,Import,0,W00,World,0,W00,World,H6,HS,True,49,"Printed books, newspapers, pictures and other products of the printing industry; manuscripts, typescripts and plans",2,False,C00,TOTAL CPC,0,0,TOTAL MOT,-1,N/A,0.0,False,-1,N/A,0.0,False,0.0,True,0.0,False,348223189.669,,348223189.669,4,False,True
C,A,20220101,2022,52,2022,699,IND,India,M,Import,0,W00,World,0,W00,World,H6,HS,True,03,"Fish and crustaceans, molluscs and other aquatic invertebrates",2,False,C00,TOTAL CPC,0,0,TOTAL MOT,-1,N/A,0.0,False,-1,N/A,0.0,False,0.0,True,0.0,False,185533204.038,,185533204.038,4,False,True
C,A,20220101,2022,52,2022,699,IND,India,M,Import,0,W00,World,0,W00,World,H6,HS,True,29,Organic chemicals,2,False,C00,TOTAL CPC,0,0,TOTAL MOT,-1,N/A,0.0,False,-1,N/A,0.0,False,0.0,True,0.0,False,29810255983.329,,29810255983.329,4,False,True
C,A,20230101,2023,52,2023,156,CHN,China,M,Import,0,W00,World,0,W00,World,H6,HS,True,85,"Electrical machinery and equipment and parts thereof; sound recorders and reproducers; television image and sound recorders and reproducers, parts and accessories of such articles",2,False,C00,TOTAL CPC,0,0,TOTAL MOT,-1,N/A,0.0,False,-1,N/A,0.0,False,0.0,True,0.0,False,548706963322.0,,548706963322.0,4,False,True
C,A,20230101,2023,52,2023,156,CHN,China,M,Import,0,W00,World,0,W00,World,H6,HS,True,62,Apparel and clothing accessories; not knitted or crocheted,2,False,C00,TOTAL CPC,0,0,TOTAL MOT,-1,N/A,0.0,False,-1,N/A,0.0,False,0.0,True,0.0,False,5300042115.0,,5300042115.0,4,False,True
C,A,20230101,2023,52,2023,156,CHN,China,M,Import,0,W00,World,0,W00,World,H6,HS,True,61,Apparel and clothing accessories; knitted or crocheted,2,False,C00,TOTAL CPC,0,0,TOTAL MOT,-1,N/A,0.0,False,-1,N/A,0.0,False,0.0,True,0.0,False,3963358565.0,,3963358565.0,4,False,True
C,A,20230101,2023,52,2023,156,CHN,China,M,Import,0,W00,World,0,W00,World,H6,HS,True,84,"Machinery and mechanical appliances, boilers, nuclear reactors; parts thereof",2,False,C00,TOTAL CPC,0,0,TOTAL MOT,-1,N/A,0.0,False,-1,N/A,0.0,False,0.0,True,0.0,False,197209721997.0,,197209721997.0,4,False,True
C,A,20230101,2023,52,2023,156,CHN,China,M,Import,0,W00,World,0,W00,World,H6,HS,True,39,Plastics and articles thereof,2,False,C00,TOTAL CPC,0,0,TOTAL MOT,-1,N/A,0.0,False,-1,N/A,0.0,False,0.0,True,0.0,False,61965146265.0,,61965146265.0,4,False,True
C,A,20230101,2023,52,2023,156,CHN,China,M,Import,0,W00,World,0,W00,World,H6,HS,True,01,Animals; live,2,False,C00,TOTAL CPC,0,0,TOTAL MOT,-1,N/A,0.0,False,-1,N/A,0.0,False,0.0,True,0.0,False,472692292.0,,472692292.0,4,False,True
C,A,20230101,2023,52,2023,156,CHN,China,M,Import,0,W00,World,0,W00,World,H6,HS,True,04,"Dairy produce; birds' eggs; natural honey; edible products of animal origin, not elsewhere specified or included",2,False,C00,TOTAL CPC,0,0,TOTAL MOT,-1,N/A,0.0,False,-1,N/A,0.0,False,0.0,True,0.0,False,8037133261.0,,8037133261.0,4,False,True
C,A,20230101,2023,52,2023,156,CHN,China,M,Import,0,W00,World,0,W00,World,H6,HS,True,07,Vegetables and certain roots and tubers; edible,2,False,C00,TOTAL CPC,0,0,TOTAL MOT,-1,N/A,0.0,False,-1,N/A,0.0,False,0.0,True,0.0,False,3364545294.0,,3364545294.0,4,False,True
C,A,20230101,2023,52,2023,156,CHN,China,M,Import,0,W00,World,0,W00,World,H6,HS,True,21,Miscellaneous edible preparations,2,False,C00,TOTAL CPC,0,0,TOTAL MOT,-1,N/A,0.0,False,-1,N/A,0.0,False,0.0,True,0.0,False,6120169956.0,,6120169956.0,4,False,True
C,A,20230101,2023,52,2023,156,CHN,China,M,Import,0,W00,World,0,W00,World,H6,HS,True,24,"Tobacco and manufactured tobacco substitutes; products, whether or not containing nicotine, intended for inhalation without combustion; other nicotine containing products intended for the intake of nicotine into the human body",2,False,C00,TOTAL CPC,0,0,TOTAL MOT,-1,N/A,0.0,False,-1,N/A,0.0,False,0.0,True,0.0,False,2254819131.0,,2254819131.0,4,False,True
C,A,20230101,2023,52,2023,156,CHN,China,M,Import,0,W00,World,0,W00,World,H6,HS,True,44,Wood and articles of wood; wood charcoal,2,False,C00,TOTAL CPC,0,0,TOTAL MOT,-1,N/A,0.0,False,-1,N/A,0.0,False,0.0,True,0.0,False,18038459525.0,,18038459525.0,4,False,True
C,A,20230101,2023,52,2023,156,CHN,China,M,Import,0,W00,World,0,W00,World,H6,HS,True,47,Pulp of wood or other fibrous cellulosic material; recovered (waste and scrap) paper or paperboard,2,False,C00,TOTAL CPC,0,0,TOTAL MOT,-1,N/A,0.0,False,-1,N/A,0.0,False,0.0,True,0.0,False,23849028673.0,,23849028673.0,4,False,True
C,A,20230101,2023,52,2023,156,CHN,China,M,Import,0,W00,World,0,W00,World,H6,HS,True,64,Footwear; gaiters and the like; parts of such articles,2,False,C00,TOTAL CPC,0,0,TOTAL MOT,-1,N/A,0.0,False,-1,N/A,0.0,False,0.0,True,0.0,False,6251572147.0,,6251572147.0,4,False,True
C,A,20230101,2023,52,2023,156,CHN,China,M,Import,0,W00,World,0,W00,World,H6,HS,True,67,"Feathers and down, prepared; and articles made of feather or of down; artificial flowers; articles of human hair",2,False,C00,TOTAL CPC,0,0,TOTAL MOT,-1,N/A,0.0,False,-1,N/A,0.0,False,0.0,True,0.0,False,1304005902.0,,1304005902.0,4,False,True
C,A,20230101,2023,52,2023,156,CHN,China,M,Import,0,W00,World,0,W00,World,H6,HS,True,88,"Aircraft, spacecraft, and parts thereof",2,False,C00,TOTAL CPC,0,0,TOTAL MOT,-1,N/A,0.0,False,-1,N/A,0.0,False,0.0,True,0.0,False,11276456793.0,,11276456793.0,4,False,True
C,A,20230101,2023,52,2023,156,CHN,China,M,Import,0,W00,World,0,W00,World,H6,HS,True,91,Clocks and watches and parts thereof,2,False,C00,TOTAL CPC,0,0,TOTAL MOT,-1,N/A,0.0,False,-1,N/A,0.0,False,0.0,True,0.0,False,4642105422.0,,4642105422.0,4,False,True
C,A,20230101,2023,52,2023,156,CHN,China,M,Import,0,W00,World,0,W00,World,H6,HS,True,10,Cereals,2,False,C00,TOTAL CPC,0,0,TOTAL MOT,-1,N/A,0.0,False,-1,N/A,0.0,False,0.0,True,0.0,False,20541002139.0,,20541002139.0,4,False,True
C,A,20230101,2023,52,2023,156,CHN,China,M,Import,0,W00,World,0,W00,World,H6,HS,True,13,"Lac; gums, resins and other vegetable saps and extracts",2,False,C00,TOTAL CPC,0,0,TOTAL MOT,-1,N/A,0.0,False,-1,N/A,0.0,False,0.0,True,0.0,False,422035957.0,,422035957.0,4,False,True
C,A,20230101,2023,52,2023,156,CHN,China,M,Import,0,W00,World,0,W00,World,H6,HS,True,30,Pharmaceutical products,2,False,C00,TOTAL CPC,0,0,TOTAL MOT,-1,N/A,0.0,False,-1,N/A,0.0,False,0.0,True,0.0,False,43076716948.0,,43076716948.0,4,False,True
C,A,20230101,2023,52,2023,156,CHN,China,M,Import,0,W00,World,0,W00,World,H6,HS,True,33,"Essential oils and resinoids; perfumery, cosmetic or toilet preparations",2,False,C00,TOTAL CPC,0,0,TOTAL MOT,-1,N/A,0.0,False,-1,N/A,0.0,False,0.0,True,0.0,False,17665300590.0,,17665300590.0,4,False,True
C,A,20230101,2023,52,2023,156,CHN,China,M,Import,0,W00,World,0,W00,World,H6,HS,True,36,Explosives; pyrotechnic products; matches; pyrophoric alloys; certain combustible preparations,2,False,C00,TOTAL CPC,0,0,TOTAL MOT,-1,N/A,0.0,False,-1,N/A,0.0,False,0.0,True,0.0,False,120803917.0,,120803917.0,4,False,True
C,A,20230101,2023,52,2023,156,CHN,China,M,Import,0,W00,World,0,W00,World,H6,HS,True,50,Silk,2,False,C00,TOTAL CPC,0,0,TOTAL MOT,-1,N/A,0.0,False,-1,N/A,0.0,False,0.0,True,0.0,False,80412819.0,,80412819.0,4,False,True
C,A,20230101,2023,52,2023,156,CHN,China,M,Import,0,W00,World,0,W00,World,H6,HS,True,53,Vegetable textile fibres; paper yarn and woven fabrics of paper yarn,2,False,C00,TOTAL CPC,0,0,TOTAL MOT,-1,N/A,0.0,False,-1,N/A,0.0,False,0.0,True,0.0,False,1408194144.0,,1408194144.0,4,False,True
C,A,20230101,2023,52,2023,156,CHN,China,M,Import,0,W00,World,0,W00,World,H6,HS,True,56,"Wadding, felt and nonwovens, special yarns; twine, cordage, ropes and cables and articles thereof",2,False,C00,TOTAL CPC,0,0,TOTAL MOT,-1,N/A,0.0,False,-1,N/A,0.0,False,0.0,True,0.0,False,1120193096.0,,1120193096.0,4,False,True
C,A,20230101,2023,52,2023,156,CHN,China,M,Import,0,W00,World,0,W00,World,H6,HS,True,70,Glass and glassware,2,False,C00,TOTAL CPC,0,0,TOTAL MOT,-1,N/A,0.0,False,-1,N/A,0.0,False,0.0,True,0.0,False,6296761843.0,,6296761843.0,4,False,True
C,A,20230101,2023,52,2023,156,CHN,China,M,Import,0,W00,World,0,W00,World,H6,HS,True,73,Iron or steel articles,2,False,C00,TOTAL CPC,0,0,TOTAL MOT,-1,N/A,0.0,False,-1,N/A,0.0,False,0.0,True,0.0,False,8807892779.0,,8807892779.0,4,False,True
C,A,20230101,2023,52,2023,156,CHN,China,M,Import,0,W00,World,0,W00,World,H6,HS,True,76,Aluminium and articles thereof,2,False,C00,TOTAL CPC,0,0,TOTAL MOT,-1,N/A,0.0,False,-1,N/A,0.0,False,0.0,True,0.0,False,12344097325.0,,12344097325.0,4,False,True
C,A,20230101,2023,52,2023,156,CHN,China,M,Import,0,W00,World,0,W00,World,H6,HS,True,94,"Furniture; bedding, mattresses, mattress supports, cushions and similar stuffed furnishings; lamps and lighting fittings, n.e.c.; illuminated signs, illuminated name-plates and the like; prefabricated buildings",2,False,C00,TOTAL CPC,0,0,TOTAL MOT,-1,N/A,0.0,False,-1,N/A,0.0,False,0.0,True,0.0,False,2449113430.0,,2449113430.0,4,False,True
C,A,20230101,2023,52,2023,156,CHN,China,M,Import,0,W00,World,0,W00,World,H6,HS,True,97,Works of art; collectors' pieces and antiques,2,False,C00,TOTAL CPC,0,0,TOTAL MOT,-1,N/A,0.0,False,-1,N/A,0.0,False,0.0,True,0.0,False,1611177781.0,,1611177781.0,4,False,True
C,A,20230101,2023,52,2023,156,CHN,China,M,Import,0,W00,World,0,W00,World,H6,HS,True,11,"Products of the milling industry; malt, starches, inulin, wheat gluten",2,False,C00,TOTAL CPC,0,0,TOTAL MOT,-1,N/A,0.0,False,-1,N/A,0.0,False,0.0,True,0.0,False,2074307909.0,,2074307909.0,4,False,True
C,A,20230101,2023,52,2023,156,CHN,China,M,Import,0,W00,World,0,W00,World,H6,HS,True,14,Vegetable plaiting materials; vegetable products not elsewhere specified or included,2,False,C00,TOTAL CPC,0,0,TOTAL MOT,-1,N/A,0.0,False,-1,N/A,0.0,False,0.0,True,0.0,False,150198335.0,,150198335.0,4,False,True
C,A,20230101,2023,52,2023,156,CHN,China,M,Import,0,W00,World,0,W00,World,H6,HS,True,17,Sugars and sugar confectionery,2,False,C00,TOTAL CPC,0,0,TOTAL MOT,-1,N/A,0.0,False,-1,N/A,0.0,False,0.0,True,0.0,False,3857642896.0,,3857642896.0,4,False,True
C,A,20230101,2023,52,2023,156,CHN,China,M,Import,0,W00,World,0,W00,World,H6,HS,True,34,"Soap, organic surface-active agents; washing, lubricating, polishing or scouring preparations; artificial or prepared waxes, candles and similar articles, modelling pastes, dental waxes and dental preparations with a basis of plaster",2,False,C00,TOTAL CPC,0,0,TOTAL MOT,-1,N/A,0.0,False,-1,N/A,0.0,False,0.0,True,0.0,False,5573173987.0,,5573173987.0,4,False,True
C,A,20230101,2023,52,2023,156,CHN,China,M,Import,0,W00,World,0,W00,World,H6,HS,True,37,Photographic or cinematographic goods,2,False,C00,TOTAL CPC,0,0,TOTAL MOT,-1,N/A,0.0,False,-1,N/A,0.0,False,0.0,True,0.0,False,3361093630.0,,3361093630.0,4,False,True
C,A,20230101,2023,52,2023,156,CHN,China,M,Import,0,W00,World,0,W00,World,H6,HS,True,54,Man-made filaments; strip and the like of man-made textile materials,2,False,C00,TOTAL CPC,0,0,TOTAL MOT,-1,N/A,0.0,False,-1,N/A,0.0,False,0.0,True,0.0,False,2092830132.0,,2092830132.0,4,False,True
C,A,20230101,2023,52,2023,156,CHN,China,M,Import,0,W00,World,0,W00,World,H6,HS,True,57,Carpets and other textile floor coverings,2,False,C00,TOTAL CPC,0,0,TOTAL MOT,-1,N/A,0.0,False,-1,N/A,0.0,False,0.0,True,0.0,False,90095794.0,,90095794.0,4,False,True
C,A,20230101,2023,52,2023,156,CHN,China,M,Import,0,W00,World,0,W00,World,H6,HS,True,74,Copper and articles thereof,2,False,C00,TOTAL CPC,0,0,TOTAL MOT,-1,N/A,0.0,False,-1,N/A,0.0,False,0.0,True,0.0,False,62744263338.0,,62744263338.0,4,False,True
C,A,20230101,2023,52,2023,156,CHN,China,M,Import,0,W00,World,0,W00,World,H6,HS,True,78,Lead and articles thereof,2,False,C00,TOTAL CPC,0,0,TOTAL MOT,-1,N/A,0.0,False,-1,N/A,0.0,False,0.0,True,0.0,False,107142223.0,,107142223.0,4,False,True
C,A,20230101,2023,52,2023,156,CHN,China,M,Import,0,W00,World,0,W00,World,H6,HS,True,81,"Metals; n.e.c., cermets and articles thereof",2,False,C00,TOTAL CPC,0,0,TOTAL MOT,-1,N/A,0.0,False,-1,N/A,0.0,False,0.0,True,0.0,False,4044755773.0,,4044755773.0,4,False,True
C,A,20230101,2023,52,2023,156,CHN,China,M,Import,0,W00,World,0,W00,World,H6,HS,True,95,"Toys, games and sports requisites; parts and accessories thereof",2,False,C00,TOTAL CPC,0,0,TOTAL MOT,-1,N/A,0.0,False,-1,N/A,0.0,False,0.0,True,0.0,False,2565835029.0,,2565835029.0,4,False,True
C,A,20230101,2023,52,2023,156,CHN,China,M,Import,0,W00,World,0,W00,World,H6,HS,True,03,"Fish and crustaceans, molluscs and other aquatic invertebrates",2,False,C00,TOTAL CPC,0,0,TOTAL MOT,-1,N/A,0.0,False,-1,N/A,0.0,False,0.0,True,0.0,False,18754784285.0,,18754784285.0,4,False,True
C,A,20230101,2023,52,2023,156,CHN,China,M,Import,0,W00,World,0,W00,World,H6,HS,True,05,Animal originated products; not elsewhere specified or included,2,False,C00,TOTAL CPC,0,0,TOTAL MOT,-1,N/A,0.0,False,-1,N/A,0.0,False,0.0,True,0.0,False,1322440515.0,,1322440515.0,4,False,True
C,A,20230101,2023,52,2023,156,CHN,China,M,Import,0,W00,World,0,W00,World,H6,HS,True,06,"Trees and other plants, live; bulbs, roots and the like; cut flowers and ornamental foliage",2,False,C00,TOTAL CPC,0,0,TOTAL MOT,-1,N/A,0.0,False,-1,N/A,0.0,False,0.0,True,0.0,False,275821047.0,,275821047.0,4,False,True
C,A,20230101,2023,52,2023,156,CHN,China,M,Import,0,W00,World,0,W00,World,H6,HS,True,08,"Fruit and nuts, edible; peel of citrus fruit or melons",2,False,C00,TOTAL CPC,0,0,TOTAL MOT,-1,N/A,0.0,False,-1,N/A,0.0,False,0.0,True,0.0,False,18832159731.0,,18832159731.0,4,False,True
C,A,20230101,2023,52,2023,156,CHN,China,M,Import,0,W00,World,0,W00,World,H6,HS,True,09,"Coffee, tea, mate and spices",2,False,C00,TOTAL CPC,0,0,TOTAL MOT,-1,N/A,0.0,False,-1,N/A,0.0,False,0.0,True,0.0,False,1799587547.0,,1799587547.0,4,False,True
C,A,20230101,2023,52,2023,156,CHN,China,M,Import,0,W00,World,0,W00,World,H6,HS,True,12,"Oil seeds and oleaginous fruits; miscellaneous grains, seeds and fruit, industrial or medicinal plants; straw and fodder",2,False,C00,TOTAL CPC,0,0,TOTAL MOT,-1,N/A,0.0,False,-1,N/A,0.0,False,0.0,True,0.0,False,68730421537.0,,68730421537.0,4,False,True
C,A,20230101,2023,52,2023,156,CHN,China,M,Import,0,W00,World,0,W00,World,H6,HS,True,16,"Meat, fish, crustaceans, molluscs or other aquatic invertebrates, or insects; preparations thereof",2,False,C00,TOTAL CPC,0,0,TOTAL MOT,-1,N/A,0.0,False,-1,N/A,0.0,False,0.0,True,0.0,False,616891966.0,,616891966.0,4,False,True
C,A,20230101,2023,52,2023,156,CHN,China,M,Import,0,W00,World,0,W00,World,H6,HS,True,19,"Preparations of cereals, flour, starch or milk; pastrycooks' products",2,False,C00,TOTAL CPC,0,0,TOTAL MOT,-1,N/A,0.0,False,-1,N/A,0.0,False,0.0,True,0.0,False,6549316660.0,,6549316660.0,4,False,True
C,A,20230101,2023,52,2023,156,CHN,China,M,Import,0,W00,World,0,W00,World,H6,HS,True,20,"Preparations of vegetables, fruit, nuts or other parts of plants",2,False,C00,TOTAL CPC,0,0,TOTAL MOT,-1,N/A,0.0,False,-1,N/A,0.0,False,0.0,True,0.0,False,2208334770.0,,2208334770.0,4,False,True
C,A,20230101,2023,52,2023,156,CHN,China,M,Import,0,W00,World,0,W00,World,H6,HS,True,22,"Beverages, spirits and vinegar",2,False,C00,TOTAL CPC,0,0,TOTAL MOT,-1,N/A,0.0,False,-1,N/A,0.0,False,0.0,True,0.0,False,5697816811.0,,5697816811.0,4,False,True
C,A,20230101,2023,52,2023,156,CHN,China,M,Import,0,W00,World,0,W00,World,H6,HS,True,23,"Food industries, residues and wastes thereof; prepared animal fodder",2,False,C00,TOTAL CPC,0,0,TOTAL MOT,-1,N/A,0.0,False,-1,N/A,0.0,False,0.0,True,0.0,False,7807002056.0,,7807002056.0,4,False,True
C,A,20230101,2023,52,2023,156,CHN,China,M,Import,0,W00,World,0,W00,World,H6,HS,True,25,"Salt; sulphur; earths, stone; plastering materials, lime and cement",2,False,C00,TOTAL CPC,0,0,TOTAL MOT,-1,N/A,0.0,False,-1,N/A,0.0,False,0.0,True,0.0,False,21661895222.0,,21661895222.0,4,False,True
C,A,20230101,2023,52,2023,156,CHN,China,M,Import,0,W00,World,0,W00,World,H6,HS,True,26,"Ores, slag and ash",2,False,C00,TOTAL CPC,0,0,TOTAL MOT,-1,N/A,0.0,False,-1,N/A,0.0,False,0.0,True,0.0,False,237830552040.0,,237830552040.0,4,False,True
C,A,20230101,2023,52,2023,156,CHN,China,M,Import,0,W00,World,0,W00,World,H6,HS,True,28,"Inorganic chemicals; organic and inorganic compounds of precious metals; of rare earth metals, of radio-active elements and of isotopes",2,False,C00,TOTAL CPC,0,0,TOTAL MOT,-1,N/A,0.0,False,-1,N/A,0.0,False,0.0,True,0.0,False,26119352037.0,,26119352037.0,4,False,True
C,A,20230101,2023,52,2023,156,CHN,China,M,Import,0,W00,World,0,W00,World,H6,HS,True,29,Organic chemicals,2,False,C00,TOTAL CPC,0,0,TOTAL MOT,-1,N/A,0.0,False,-1,N/A,0.0,False,0.0,True,0.0,False,48586103249.0,,48586103249.0,4,False,True
C,A,20230101,2023,52,2023,156,CHN,China,M,Import,0,W00,World,0,W00,World,H6,HS,True,32,"Tanning or dyeing extracts; tannins and their derivatives; dyes, pigments and other colouring matter; paints, varnishes; putty, other mastics; inks",2,False,C00,TOTAL CPC,0,0,TOTAL MOT,-1,N/A,0.0,False,-1,N/A,0.0,False,0.0,True,0.0,False,4822914965.0,,4822914965.0,4,False,True
C,A,20230101,2023,52,2023,156,CHN,China,M,Import,0,W00,World,0,W00,World,H6,HS,True,40,Rubber and articles thereof,2,False,C00,TOTAL CPC,0,0,TOTAL MOT,-1,N/A,0.0,False,-1,N/A,0.0,False,0.0,True,0.0,False,16573934450.0,,16573934450.0,4,False,True
C,A,20230101,2023,52,2023,156,CHN,China,M,Import,0,W00,World,0,W00,World,H6,HS,True,42,"Articles of leather; saddlery and harness; travel goods, handbags and similar containers; articles of animal gut (other than silk-worm gut)",2,False,C00,TOTAL CPC,0,0,TOTAL MOT,-1,N/A,0.0,False,-1,N/A,0.0,False,0.0,True,0.0,False,6492913906.0,,6492913906.0,4,False,True
C,A,20230101,2023,52,2023,156,CHN,China,M,Import,0,W00,World,0,W00,World,H6,HS,True,43,Furskins and artificial fur; manufactures thereof,2,False,C00,TOTAL CPC,0,0,TOTAL MOT,-1,N/A,0.0,False,-1,N/A,0.0,False,0.0,True,0.0,False,815445249.0,,815445249.0,4,False,True
C,A,20230101,2023,52,2023,156,CHN,China,M,Import,0,W00,World,0,W00,World,H6,HS,True,45,Cork and articles of cork,2,False,C00,TOTAL CPC,0,0,TOTAL MOT,-1,N/A,0.0,False,-1,N/A,0.0,False,0.0,True,0.0,False,38573876.0,,38573876.0,4,False,True
C,A,20230101,2023,52,2023,156,CHN,China,M,Import,0,W00,World,0,W00,World,H6,HS,True,46,"Manufactures of straw, esparto or other plaiting materials; basketware and wickerwork",2,False,C00,TOTAL CPC,0,0,TOTAL MOT,-1,N/A,0.0,False,-1,N/A,0.0,False,0.0,True,0.0,False,23206669.0,,23206669.0,4,False,True
C,A,20230101,2023,52,2023,156,CHN,China,M,Import,0,W00,World,0,W00,World,H6,HS,True,48,"Paper and paperboard; articles of paper pulp, of paper or paperboard",2,False,C00,TOTAL CPC,0,0,TOTAL MOT,-1,N/A,0.0,False,-1,N/A,0.0,False,0.0,True,0.0,False,6927771171.0,,6927771171.0,4,False,True
C,A,20230101,2023,52,2023,156,CHN,China,M,Import,0,W00,World,0,W00,World,H6,HS,True,49,"Printed books, newspapers, pictures and other products of the printing industry; manuscripts, typescripts and plans",2,False,C00,TOTAL CPC,0,0,TOTAL MOT,-1,N/A,0.0,False,-1,N/A,0.0,False,0.0,True,0.0,False,2052222445.0,,2052222445.0,4,False,True
C,A,20230101,2023,52,2023,156,CHN,China,M,Import,0,W00,World,0,W00,World,H6,HS,True,51,"Wool, fine or coarse animal hair; horsehair yarn and woven fabric",2,False,C00,TOTAL CPC,0,0,TOTAL MOT,-1,N/A,0.0,False,-1,N/A,0.0,False,0.0,True,0.0,False,2785642254.0,,2785642254.0,4,False,True
C,A,20230101,2023,52,2023,156,CHN,China,M,Import,0,W00,World,0,W00,World,H6,HS,True,52,Cotton,2,False,C00,TOTAL CPC,0,0,TOTAL MOT,-1,N/A,0.0,False,-1,N/A,0.0,False,0.0,True,0.0,False,8985924644.0,,8985924644.0,4,False,True
C,A,20230101,2023,52,2023,156,CHN,China,M,Import,0,W00,World,0,W00,World,H6,HS,True,59,"Textile fabrics; impregnated, coated, covered or laminated; textile articles of a kind suitable for industrial use",2,False,C00,TOTAL CPC,0,0,TOTAL MOT,-1,N/A,0.0,False,-1,N/A,0.0,False,0.0,True,0.0,False,1291374153.0,,1291374153.0,4,False,True
C,A,20230101,2023,52,2023,156,CHN,China,M,Import,0,W00,World,0,W00,World,H6,HS,True,60,Fabrics; knitted or crocheted,2,False,C00,TOTAL CPC,0,0,TOTAL MOT,-1,N/A,0.0,False,-1,N/A,0.0,False,0.0,True,0.0,False,675996723.0,,675996723.0,4,False,True
C,A,20230101,2023,52,2023,156,CHN,China,M,Import,0,W00,World,0,W00,World,H6,HS,True,63,"Textiles, made up articles; sets; worn clothing and worn textile articles; rags",2,False,C00,TOTAL CPC,0,0,TOTAL MOT,-1,N/A,0.0,False,-1,N/A,0.0,False,0.0,True,0.0,False,337655249.0,,337655249.0,4,False,True
C,A,20230101,2023,52,2023,156,CHN,China,M,Import,0,W00,World,0,W00,World,H6,HS,True,65,Headgear and parts thereof,2,False,C00,TOTAL CPC,0,0,TOTAL MOT,-1,N/A,0.0,False,-1,N/A,0.0,False,0.0,True,0.0,False,253214025.0,,253214025.0,4,False,True
C,A,20230101,2023,52,2023,156,CHN,China,M,Import,0,W00,World,0,W00,World,H6,HS,True,66,"Umbrellas, sun umbrellas, walking-sticks, seat sticks, whips, riding crops; and parts thereof",2,False,C00,TOTAL CPC,0,0,TOTAL MOT,-1,N/A,0.0,False,-1,N/A,0.0,False,0.0,True,0.0,False,14317229.0,,14317229.0,4,False,True
C,A,20230101,2023,52,2023,156,CHN,China,M,Import,0,W00,World,0,W00,World,H6,HS,True,68,"Stone, plaster, cement, asbestos, mica or similar materials; articles thereof",2,False,C00,TOTAL CPC,0,0,TOTAL MOT,-1,N/A,0.0,False,-1,N/A,0.0,False,0.0,True,0.0,False,1767163669.0,,1767163669.0,4,False,True
C,A,20230101,2023,52,2023,156,CHN,China,M,Import,0,W00,World,0,W00,World,H6,HS,True,69,Ceramic products,2,False,C00,TOTAL CPC,0,0,TOTAL MOT,-1,N/A,0.0,False,-1,N/A,0.0,False,0.0,True,0.0,False,1414598493.0,,1414598493.0,4,False,True
C,A,20230101,2023,52,2023,156,CHN,China,M,Import,0,W00,World,0,W00,World,H6,HS,True,71,"Natural, cultured pearls; precious, semi-precious stones; precious metals, metals clad with precious metal, and articles thereof; imitation jewellery; coin",2,False,C00,TOTAL CPC,0,0,TOTAL MOT,-1,N/A,0.0,False,-1,N/A,0.0,False,0.0,True,0.0,False,114006111418.0,,114006111418.0,4,False,True
C,A,20230101,2023,52,2023,156,CHN,China,M,Import,0,W00,World,0,W00,World,H6,HS,True,72,Iron and steel,2,False,C00,TOTAL CPC,0,0,TOTAL MOT,-1,N/A,0.0,False,-1,N/A,0.0,False,0.0,True,0.0,False,36783906579.0,,36783906579.0,4,False,True
C,A,20230101,2023,52,2023,156,CHN,China,M,Import,0,W00,World,0,W00,World,H6,HS,True,75,Nickel and articles thereof,2,False,C00,TOTAL CPC,0,0,TOTAL MOT,-1,N/A,0.0,False,-1,N/A,0.0,False,0.0,True,0.0,False,11571750762.0,,11571750762.0,4,False,True
C,A,20230101,2023,52,2023,156,CHN,China,M,Import,0,W00,World,0,W00,World,H6,HS,True,80,Tin; articles thereof,2,False,C00,TOTAL CPC,0,0,TOTAL MOT,-1,N/A,0.0,False,-1,N/A,0.0,False,0.0,True,0.0,False,994716335.0,,994716335.0,4,False,True
C,A,20230101,2023,52,2023,156,CHN,China,M,Import,0,W00,World,0,W00,World,H6,HS,True,83,Metal; miscellaneous products of base metal,2,False,C00,TOTAL CPC,0,0,TOTAL MOT,-1,N/A,0.0,False,-1,N/A,0.0,False,0.0,True,0.0,False,1654030282.0,,1654030282.0,4,False,True
C,A,20230101,2023,52,2023,156,CHN,China,M,Import,0,W00,World,0,W00,World,H6,HS,True,86,"Railway, tramway locomotives, rolling-stock and parts thereof; railway or tramway track fixtures and fittings and parts thereof; mechanical (including electro-mechanical) traffic signalling equipment of all kinds",2,False,C00,TOTAL CPC,0,0,TOTAL MOT,-1,N/A,0.0,False,-1,N/A,0.0,False,0.0,True,0.0,False,575670409.0,,575670409.0,4,False,True
C,A,20230101,2023,52,2023,156,CHN,China,M,Import,0,W00,World,0,W00,World,H6,HS,True,87,"Vehicles; other than railway or tramway rolling stock, and parts and accessories thereof",2,False,C00,TOTAL CPC,0,0,TOTAL MOT,-1,N/A,0.0,False,-1,N/A,0.0,False,0.0,True,0.0,False,70683823352.0,,70683823352.0,4,False,True
C,A,20230101,2023,52,2023,156,CHN,China,M,Import,0,W00,World,0,W00,World,H6,HS,True,89,"Ships, boats and floating structures",2,False,C00,TOTAL CPC,0,0,TOTAL MOT,-1,N/A,0.0,False,-1,N/A,0.0,False,0.0,True,0.0,False,527289738.0,,527289738.0,4,False,True
C,A,20230101,2023,52,2023,156,CHN,China,M,Import,0,W00,World,0,W00,World,H6,HS,True,90,"Optical, photographic, cinematographic, measuring, checking, medical or surgical instruments and apparatus; parts and accessories",2,False,C00,TOTAL CPC,0,0,TOTAL MOT,-1,N/A,0.0,False,-1,N/A,0.0,False,0.0,True,0.0,False,77589789561.0,,77589789561.0,4,False,True
C,A,20230101,2023,52,2023,156,CHN,China,M,Import,0,W00,World,0,W00,World,H6,HS,True,92,Musical instruments; parts and accessories of such articles,2,False,C00,TOTAL CPC,0,0,TOTAL MOT,-1,N/A,0.0,False,-1,N/A,0.0,False,0.0,True,0.0,False,499566514.0,,499566514.0,4,False,True
C,A,20230101,2023,52,2023,156,CHN,China,M,Import,0,W00,World,0,W00,World,H6,HS,True,93,Arms and ammunition; parts and accessories thereof,2,False,C00,TOTAL CPC,0,0,TOTAL MOT,-1,N/A,0.0,False,-1,N/A,0.0,False,0.0,True,0.0,False,14237761.0,,14237761.0,4,False,True
C,A,20230101,2023,52,2023,156,CHN,China,M,Import,0,W00,World,0,W00,World,H6,HS,True,96,Miscellaneous manufactured articles,2,False,C00,TOTAL CPC,0,0,TOTAL MOT,-1,N/A,0.0,False,-1,N/A,0.0,False,0.0,True,0.0,False,1313011022.0,,1313011022.0,4,False,True
C,A,20230101,2023,52,2023,156,CHN,China,M,Import,0,W00,World,0,W00,World,H6,HS,True,15,"Animal, vegetable or microbial fats and oils and their cleavage products; prepared edible fats; animal or vegetable waxes",2,False,C00,TOTAL CPC,0,0,TOTAL MOT,-1,N/A,0.0,False,-1,N/A,0.0,False,0.0,True,0.0,False,15195282191.0,,15195282191.0,4,False,True
C,A,20230101,2023,52,2023,156,CHN,China,M,Import,0,W00,World,0,W00,World,H6,HS,True,18,Cocoa and cocoa preparations,2,False,C00,TOTAL CPC,0,0,TOTAL MOT,-1,N/A,0.0,False,-1,N/A,0.0,False,0.0,True,0.0,False,1033001705.0,,1033001705.0,4,False,True
C,A,20230101,2023,52,2023,156,CHN,China,M,Import,0,W00,World,0,W00,World,H6,HS,True,35,Albuminoidal substances; modified starches; glues; enzymes,2,False,C00,TOTAL CPC,0,0,TOTAL MOT,-1,N/A,0.0,False,-1,N/A,0.0,False,0.0,True,0.0,False,4131268106.0,,4131268106.0,4,False,True
C,A,20230101,2023,52,2023,156,CHN,China,M,Import,0,W00,World,0,W00,World,H6,HS,True,38,Chemical products n.e.c.,2,False,C00,TOTAL CPC,0,0,TOTAL MOT,-1,N/A,0.0,False,-1,N/A,0.0,False,0.0,True,0.0,False,25169104861.0,,25169104861.0,4,False,True
C,A,20230101,2023,52,2023,156,CHN,China,M,Import,0,W00,World,0,W00,World,H6,HS,True,41,Raw hides and skins (other than furskins) and leather,2,False,C00,TOTAL CPC,0,0,TOTAL MOT,-1,N/A,0.0,False,-1,N/A,0.0,False,0.0,True,0.0,False,2916191881.0,,2916191881.0,4,False,True
C,A,20230101,2023,52,2023,156,CHN,China,M,Import,0,W00,World,0,W00,World,H6,HS,True,55,Man-made staple fibres,2,False,C00,TOTAL CPC,0,0,TOTAL MOT,-1,N/A,0.0,False,-1,N/A,0.0,False,0.0,True,0.0,False,1453279910.0,,1453279910.0,4,False,True
C,A,20230101,2023,52,2023,156,CHN,China,M,Import,0,W00,World,0,W00,World,H6,HS,True,58,"Fabrics; special woven fabrics, tufted textile fabrics, lace, tapestries, trimmings, embroidery",2,False,C00,TOTAL CPC,0,0,TOTAL MOT,-1,N/A,0.0,False,-1,N/A,0.0,False,0.0,True,0.0,False,289062172.0,,289062172.0,4,False,True
C,A,20230101,2023,52,2023,156,CHN,China,M,Import,0,W00,World,0,W00,World,H6,HS,True,79,Zinc and articles thereof,2,False,C00,TOTAL CPC,0,0,TOTAL MOT,-1,N/A,0.0,False,-1,N/A,0.0,False,0.0,True,0.0,False,1194775980.0,,1194775980.0,4,False,True
C,A,20230101,2023,52,2023,156,CHN,China,M,Import,0,W00,World,0,W00,World,H6,HS,True,82,"Tools, implements, cutlery, spoons and forks, of base metal; parts thereof, of base metal",2,False,C00,TOTAL CPC,0,0,TOTAL MOT,-1,N/A,0.0,False,-1,N/A,0.0,False,0.0,True,0.0,False,2591836776.0,,2591836776.0,4,False,True
C,A,20230101,2023,52,2023,156,CHN,China,M,Import,0,W00,World,0,W00,World,H6,HS,True,02,Meat and edible meat offal,2,False,C00,TOTAL CPC,0,0,TOTAL MOT,-1,N/A,0.0,False,-1,N/A,0.0,False,0.0,False,0.0,False,26731767584.0,,26731767584.0,0,False,True
C,A,20230101,2023,52,2023,156,CHN,China,M,Import,0,W00,World,0,W00,World,H6,HS,True,99,Commodities not specified according to kind,2,False,C00,TOTAL CPC,0,0,TOTAL MOT,-1,N/A,0.0,False,-1,N/A,0.0,False,0.0,False,0.0,False,10888487822.0,,10888487822.0,0,False,True
C,A,20230101,2023,52,2023,156,CHN,China,M,Import,0,W00,World,0,W00,World,H6,HS,True,27,"Mineral fuels, mineral oils and products of their distillation; bituminous substances; mineral waxes",2,False,C00,TOTAL CPC,0,0,TOTAL MOT,-1,N/A,0.0,False,-1,N/A,0.0,False,,False,0.0,False,515914205157.0,,515914205157.0,0,False,True
C,A,20230101,2023,52,2023,156,CHN,China,M,Import,0,W00,World,0,W00,World,H6,HS,True,31,Fertilizers,2,False,C00,TOTAL CPC,0,0,TOTAL MOT,-1,N/A,0.0,False,-1,N/A,0.0,False,,False,0.0,False,5614239600.0,,5614239600.0,0,False,True
C,A,20230101,2023,52,2023,704,VNM,Viet Nam,M,Import,0,W00,World,0,W00,World,H6,HS,True,35,Albuminoidal substances; modified starches; glues; enzymes,2,False,C00,TOTAL CPC,0,0,TOTAL MOT,-1,N/A,0.0,False,-1,N/A,0.0,False,,False,0.0,False,1248381934.5,,1248381934.5,0,False,True
C,A,20230101,2023,52,2023,704,VNM,Viet Nam,M,Import,0,W00,World,0,W00,World,H6,HS,True,38,Chemical products n.e.c.,2,False,C00,TOTAL CPC,0,0,TOTAL MOT,-1,N/A,0.0,False,-1,N/A,0.0,False,,False,0.0,False,4585268644.624,,4585268644.624,0,False,True
C,A,20230101,2023,52,2023,704,VNM,Viet Nam,M,Import,0,W00,World,0,W00,World,H6,HS,True,58,"Fabrics; special woven fabrics, tufted textile fabrics, lace, tapestries, trimmings, embroidery",2,False,C00,TOTAL CPC,0,0,TOTAL MOT,-1,N/A,0.0,False,-1,N/A,0.0,False,,False,0.0,False,986180197.643,,986180197.643,0,False,True
C,A,20230101,2023,52,2023,704,VNM,Viet Nam,M,Import,0,W00,World,0,W00,World,H6,HS,True,61,Apparel and clothing accessories; knitted or crocheted,2,False,C00,TOTAL CPC,0,0,TOTAL MOT,-1,N/A,0.0,False,-1,N/A,0.0,False,,False,0.0,False,308824770.799,,308824770.799,0,False,True
C,A,20230101,2023,52,2023,704,VNM,Viet Nam,M,Import,0,W00,World,0,W00,World,H6,HS,True,82,"Tools, implements, cutlery, spoons and forks, of base metal; parts thereof, of base metal",2,False,C00,TOTAL CPC,0,0,TOTAL MOT,-1,N/A,0.0,False,-1,N/A,0.0,False,,False,0.0,False,770763019.923,,770763019.923,0,False,True
C,A,20230101,2023,52,2023,704,VNM,Viet Nam,M,Import,0,W00,World,0,W00,World,H6,HS,True,03,"Fish and crustaceans, molluscs and other aquatic invertebrates",2,False,C00,TOTAL CPC,0,0,TOTAL MOT,-1,N/A,0.0,False,-1,N/A,0.0,False,,False,0.0,False,2245333613.522,,2245333613.522,0,False,True
C,A,20230101,2023,52,2023,704,VNM,Viet Nam,M,Import,0,W00,World,0,W00,World,H6,HS,True,05,Animal originated products; not elsewhere specified or included,2,False,C00,TOTAL CPC,0,0,TOTAL MOT,-1,N/A,0.0,False,-1,N/A,0.0,False,,False,0.0,False,343706055.396,,343706055.396,0,False,True
C,A,20230101,2023,52,2023,704,VNM,Viet Nam,M,Import,0,W00,World,0,W00,World,H6,HS,True,12,"Oil seeds and oleaginous fruits; miscellaneous grains, seeds and fruit, industrial or medicinal plants; straw and fodder",2,False,C00,TOTAL CPC,0,0,TOTAL MOT,-1,N/A,0.0,False,-1,N/A,0.0,False,,False,0.0,False,1783896948.531,,1783896948.531,0,False,True
C,A,20230101,2023,52,2023,704,VNM,Viet Nam,M,Import,0,W00,World,0,W00,World,H6,HS,True,20,"Preparations of vegetables, fruit, nuts or other parts of plants",2,False,C00,TOTAL CPC,0,0,TOTAL MOT,-1,N/A,0.0,False,-1,N/A,0.0,False,,False,0.0,False,200366075.972,,200366075.972,0,False,True
C,A,20230101,2023,52,2023,704,VNM,Viet Nam,M,Import,0,W00,World,0,W00,World,H6,HS,True,25,"Salt; sulphur; earths, stone; plastering materials, lime and cement",2,False,C00,TOTAL CPC,0,0,TOTAL MOT,-1,N/A,0.0,False,-1,N/A,0.0,False,,False,0.0,False,404848284.281,,404848284.281,0,False,True
C,A,20230101,2023,52,2023,704,VNM,Viet Nam,M,Import,0,W00,World,0,W00,World,H6,HS,True,26,"Ores, slag and ash",2,False,C00,TOTAL CPC,0,0,TOTAL MOT,-1,N/A,0.0,False,-1,N/A,0.0,False,,False,0.0,False,2086652403.378,,2086652403.378,0,False,True
C,A,20230101,2023,52,2023,704,VNM,Viet Nam,M,Import,0,W00,World,0,W00,World,H6,HS,True,28,"Inorganic chemicals; organic and inorganic compounds of precious metals; of rare earth metals, of radio-active elements and of isotopes",2,False,C00,TOTAL CPC,0,0,TOTAL MOT,-1,N/A,0.0,False,-1,N/A,0.0,False,,False,0.0,False,3157391836.211,,3157391836.211,0,False,True
C,A,20230101,2023,52,2023,704,VNM,Viet Nam,M,Import,0,W00,World,0,W00,World,H6,HS,True,29,Organic chemicals,2,False,C00,TOTAL CPC,0,0,TOTAL MOT,-1,N/A,0.0,False,-1,N/A,0.0,False,,False,0.0,False,4712687600.109,,4712687600.109,0,False,True
C,A,20230101,2023,52,2023,704,VNM,Viet Nam,M,Import,0,W00,World,0,W00,World,H6,HS,True,32,"Tanning or dyeing extracts; tannins and their derivatives; dyes, pigments and other colouring matter; paints, varnishes; putty, other mastics; inks",2,False,C00,TOTAL CPC,0,0,TOTAL MOT,-1,N/A,0.0,False,-1,N/A,0.0,False,,False,0.0,False,1750384585.8,,1750384585.8,0,False,True
C,A,20230101,2023,52,2023,704,VNM,Viet Nam,M,Import,0,W00,World,0,W00,World,H6,HS,True,39,Plastics and articles thereof,2,False,C00,TOTAL CPC,0,0,TOTAL MOT,-1,N/A,0.0,False,-1,N/A,0.0,False,,False,0.0,False,17499314075.163,,17499314075.163,0,False,True
C,A,20230101,2023,52,2023,704,VNM,Viet Nam,M,Import,0,W00,World,0,W00,World,H6,HS,True,40,Rubber and articles thereof,2,False,C00,TOTAL CPC,0,0,TOTAL MOT,-1,N/A,0.0,False,-1,N/A,0.0,False,,False,0.0,False,3550751529.131,,3550751529.131,0,False,True
C,A,20230101,2023,52,2023,704,VNM,Viet Nam,M,Import,0,W00,World,0,W00,World,H6,HS,True,42,"Articles of leather; saddlery and harness; travel goods, handbags and similar containers; articles of animal gut (other than silk-worm gut)",2,False,C00,TOTAL CPC,0,0,TOTAL MOT,-1,N/A,0.0,False,-1,N/A,0.0,False,,False,0.0,False,279453316.34,,279453316.34,0,False,True
C,A,20230101,2023,52,2023,704,VNM,Viet Nam,M,Import,0,W00,World,0,W00,World,H6,HS,True,43,Furskins and artificial fur; manufactures thereof,2,False,C00,TOTAL CPC,0,0,TOTAL MOT,-1,N/A,0.0,False,-1,N/A,0.0,False,,False,0.0,False,118400690.044,,118400690.044,0,False,True
C,A,20230101,2023,52,2023,704,VNM,Viet Nam,M,Import,0,W00,World,0,W00,World,H6,HS,True,45,Cork and articles of cork,2,False,C00,TOTAL CPC,0,0,TOTAL MOT,-1,N/A,0.0,False,-1,N/A,0.0,False,,False,0.0,False,16059575.503,,16059575.503,0,False,True
C,A,20230101,2023,52,2023,704,VNM,Viet Nam,M,Import,0,W00,World,0,W00,World,H6,HS,True,48,"Paper and paperboard; articles of paper pulp, of paper or paperboard",2,False,C00,TOTAL CPC,0,0,TOTAL MOT,-1,N/A,0.0,False,-1,N/A,0.0,False,,False,0.0,False,2793055917.092,,2793055917.092,0,False,True
C,A,20230101,2023,52,2023,704,VNM,Viet Nam,M,Import,0,W00,World,0,W00,World,H6,HS,True,49,"Printed books, newspapers, pictures and other products of the printing industry; manuscripts, typescripts and plans",2,False,C00,TOTAL CPC,0,0,TOTAL MOT,-1,N/A,0.0,False,-1,N/A,0.0,False,,False,0.0,False,201186805.343,,201186805.343,0,False,True
C,A,20230101,2023,52,2023,704,VNM,Viet Nam,M,Import,0,W00,World,0,W00,World,H6,HS,True,52,Cotton,2,False,C00,TOTAL CPC,0,0,TOTAL MOT,-1,N/A,0.0,False,-1,N/A,0.0,False,,False,0.0,False,4246565937.159,,4246565937.159,0,False,True
C,A,20230101,2023,52,2023,704,VNM,Viet Nam,M,Import,0,W00,World,0,W00,World,H6,HS,True,59,"Textile fabrics; impregnated, coated, covered or laminated; textile articles of a kind suitable for industrial use",2,False,C00,TOTAL CPC,0,0,TOTAL MOT,-1,N/A,0.0,False,-1,N/A,0.0,False,,False,0.0,False,1629426169.275,,1629426169.275,0,False,True
C,A,20230101,2023,52,2023,704,VNM,Viet Nam,M,Import,0,W00,World,0,W00,World,H6,HS,True,60,Fabrics; knitted or crocheted,2,False,C00,TOTAL CPC,0,0,TOTAL MOT,-1,N/A,0.0,False,-1,N/A,0.0,False,,False,0.0,False,5434556675.946,,5434556675.946,0,False,True
C,A,20230101,2023,52,2023,704,VNM,Viet Nam,M,Import,0,W00,World,0,W00,World,H6,HS,True,62,Apparel and clothing accessories; not knitted or crocheted,2,False,C00,TOTAL CPC,0,0,TOTAL MOT,-1,N/A,0.0,False,-1,N/A,0.0,False,,False,0.0,False,300194443.39,,300194443.39,0,False,True
C,A,20230101,2023,52,2023,704,VNM,Viet Nam,M,Import,0,W00,World,0,W00,World,H6,HS,True,65,Headgear and parts thereof,2,False,C00,TOTAL CPC,0,0,TOTAL MOT,-1,N/A,0.0,False,-1,N/A,0.0,False,,False,0.0,False,48777003.623,,48777003.623,0,False,True
C,A,20230101,2023,52,2023,704,VNM,Viet Nam,M,Import,0,W00,World,0,W00,World,H6,HS,True,68,"Stone, plaster, cement, asbestos, mica or similar materials; articles thereof",2,False,C00,TOTAL CPC,0,0,TOTAL MOT,-1,N/A,0.0,False,-1,N/A,0.0,False,,False,0.0,False,722440307.19,,722440307.19,0,False,True
C,A,20230101,2023,52,2023,704,VNM,Viet Nam,M,Import,0,W00,World,0,W00,World,H6,HS,True,69,Ceramic products,2,False,C00,TOTAL CPC,0,0,TOTAL MOT,-1,N/A,0.0,False,-1,N/A,0.0,False,,False,0.0,False,395626296.386,,395626296.386,0,False,True
C,A,20230101,2023,52,2023,704,VNM,Viet Nam,M,Import,0,W00,World,0,W00,World,H6,HS,True,71,"Natural, cultured pearls; precious, semi-precious stones; precious metals, metals clad with precious metal, and articles thereof; imitation jewellery; coin",2,False,C00,TOTAL CPC,0,0,TOTAL MOT,-1,N/A,0.0,False,-1,N/A,0.0,False,,False,0.0,False,760838117.127,,760838117.127,0,False,True
C,A,20230101,2023,52,2023,704,VNM,Viet Nam,M,Import,0,W00,World,0,W00,World,H6,HS,True,72,Iron and steel,2,False,C00,TOTAL CPC,0,0,TOTAL MOT,-1,N/A,0.0,False,-1,N/A,0.0,False,,False,0.0,False,12426086000.229,,12426086000.229,0,False,True
C,A,20230101,2023,52,2023,704,VNM,Viet Nam,M,Import,0,W00,World,0,W00,World,H6,HS,True,75,Nickel and articles thereof,2,False,C00,TOTAL CPC,0,0,TOTAL MOT,-1,N/A,0.0,False,-1,N/A,0.0,False,,False,0.0,False,150699274.724,,150699274.724,0,False,True
C,A,20230101,2023,52,2023,704,VNM,Viet Nam,M,Import,0,W00,World,0,W00,World,H6,HS,True,83,Metal; miscellaneous products of base metal,2,False,C00,TOTAL CPC,0,0,TOTAL MOT,-1,N/A,0.0,False,-1,N/A,0.0,False,,False,0.0,False,1234771897.891,,1234771897.891,0,False,True
C,A,20230101,2023,52,2023,704,VNM,Viet Nam,M,Import,0,W00,World,0,W00,World,H6,HS,True,84,"Machinery and mechanical appliances, boilers, nuclear reactors; parts thereof",2,False,C00,TOTAL CPC,0,0,TOTAL MOT,-1,N/A,0.0,False,-1,N/A,0.0,False,,False,0.0,False,23299121390.018,,23299121390.018,0,False,True
C,A,20230101,2023,52,2023,704,VNM,Viet Nam,M,Import,0,W00,World,0,W00,World,H6,HS,True,86,"Railway, tramway locomotives, rolling-stock and parts thereof; railway or tramway track fixtures and fittings and parts thereof; mechanical (including electro-mechanical) traffic signalling equipment of all kinds",2,False,C00,TOTAL CPC,0,0,TOTAL MOT,-1,N/A,0.0,False,-1,N/A,0.0,False,,False,0.0,False,22871999.82,,22871999.82,0,False,True
C,A,20230101,2023,52,2023,704,VNM,Viet Nam,M,Import,0,W00,World,0,W00,World,H6,HS,True,87,"Vehicles; other than railway or tramway rolling stock, and parts and accessories thereof",2,False,C00,TOTAL CPC,0,0,TOTAL MOT,-1,N/A,0.0,False,-1,N/A,0.0,False,,False,0.0,False,5946553889.077,,5946553889.077,0,False,True
C,A,20230101,2023,52,2023,704,VNM,Viet Nam,M,Import,0,W00,World,0,W00,World,H6,HS,True,89,"Ships, boats and floating structures",2,False,C00,TOTAL CPC,0,0,TOTAL MOT,-1,N/A,0.0,False,-1,N/A,0.0,False,,False,0.0,False,275395927.296,,275395927.296,0,False,True
C,A,20230101,2023,52,2023,704,VNM,Viet Nam,M,Import,0,W00,World,0,W00,World,H6,HS,True,90,"Optical, photographic, cinematographic, measuring, checking, medical or surgical instruments and apparatus; parts and accessories",2,False,C00,TOTAL CPC,0,0,TOTAL MOT,-1,N/A,0.0,False,-1,N/A,0.0,False,,False,0.0,False,7393008511.624,,7393008511.624,0,False,True
C,A,20230101,2023,52,2023,704,VNM,Viet Nam,M,Import,0,W00,World,0,W00,World,H6,HS,True,92,Musical instruments; parts and accessories of such articles,2,False,C00,TOTAL CPC,0,0,TOTAL MOT,-1,N/A,0.0,False,-1,N/A,0.0,False,,False,0.0,False,24352495.927,,24352495.927,0,False,True
C,A,20230101,2023,52,2023,704,VNM,Viet Nam,M,Import,0,W00,World,0,W00,World,H6,HS,True,93,Arms and ammunition; parts and accessories thereof,2,False,C00,TOTAL CPC,0,0,TOTAL MOT,-1,N/A,0.0,False,-1,N/A,0.0,False,,False,0.0,False,5068961.461,,5068961.461,0,False,True
C,A,20230101,2023,52,2023,704,VNM,Viet Nam,M,Import,0,W00,World,0,W00,World,H6,HS,True,96,Miscellaneous manufactured articles,2,False,C00,TOTAL CPC,0,0,TOTAL MOT,-1,N/A,0.0,False,-1,N/A,0.0,False,,False,0.0,False,1142239538.625,,1142239538.625,0,False,True
C,A,20230101,2023,52,2023,704,VNM,Viet Nam,M,Import,0,W00,World,0,W00,World,H6,HS,True,14,Vegetable plaiting materials; vegetable products not elsewhere specified or included,2,False,C00,TOTAL CPC,0,0,TOTAL MOT,-1,N/A,0.0,False,-1,N/A,0.0,False,,False,0.0,False,6876377.539,,6876377.539,0,False,True
C,A,20230101,2023,52,2023,704,VNM,Viet Nam,M,Import,0,W00,World,0,W00,World,H6,HS,True,31,Fertilizers,2,False,C00,TOTAL CPC,0,0,TOTAL MOT,-1,N/A,0.0,False,-1,N/A,0.0,False,,False,0.0,False,1408836954.131,,1408836954.131,0,False,True
C,A,20230101,2023,52,2023,704,VNM,Viet Nam,M,Import,0,W00,World,0,W00,World,H6,HS,True,37,Photographic or cinematographic goods,2,False,C00,TOTAL CPC,0,0,TOTAL MOT,-1,N/A,0.0,False,-1,N/A,0.0,False,,False,0.0,False,121167268.771,,121167268.771,0,False,True
C,A,20230101,2023,52,2023,704,VNM,Viet Nam,M,Import,0,W00,World,0,W00,World,H6,HS,True,57,Carpets and other textile floor coverings,2,False,C00,TOTAL CPC,0,0,TOTAL MOT,-1,N/A,0.0,False,-1,N/A,0.0,False,,False,0.0,False,61121176.288,,61121176.288,0,False,True
C,A,20230101,2023,52,2023,704,VNM,Viet Nam,M,Import,0,W00,World,0,W00,World,H6,HS,True,74,Copper and articles thereof,2,False,C00,TOTAL CPC,0,0,TOTAL MOT,-1,N/A,0.0,False,-1,N/A,0.0,False,,False,0.0,False,3883152362.319,,3883152362.319,0,False,True
C,A,20230101,2023,52,2023,704,VNM,Viet Nam,M,Import,0,W00,World,0,W00,World,H6,HS,True,78,Lead and articles thereof,2,False,C00,TOTAL CPC,0,0,TOTAL MOT,-1,N/A,0.0,False,-1,N/A,0.0,False,,False,0.0,False,416327873.651,,416327873.651,0,False,True
C,A,20230101,2023,52,2023,704,VNM,Viet Nam,M,Import,0,W00,World,0,W00,World,H6,HS,True,81,"Metals; n.e.c., cermets and articles thereof",2,False,C00,TOTAL CPC,0,0,TOTAL MOT,-1,N/A,0.0,False,-1,N/A,0.0,False,,False,0.0,False,350476596.213,,350476596.213,0,False,True
C,A,20230101,2023,52,2023,704,VNM,Viet Nam,M,Import,0,W00,World,0,W00,World,H6,HS,True,13,"Lac; gums, resins and other vegetable saps and extracts",2,False,C00,TOTAL CPC,0,0,TOTAL MOT,-1,N/A,0.0,False,-1,N/A,0.0,False,,False,0.0,False,91918236.628,,91918236.628,0,False,True
C,A,20230101,2023,52,2023,704,VNM,Viet Nam,M,Import,0,W00,World,0,W00,World,H6,HS,True,30,Pharmaceutical products,2,False,C00,TOTAL CPC,0,0,TOTAL MOT,-1,N/A,0.0,False,-1,N/A,0.0,False,,False,0.0,False,3732493176.594,,3732493176.594,0,False,True
C,A,20230101,2023,52,2023,704,VNM,Viet Nam,M,Import,0,W00,World,0,W00,World,H6,HS,True,33,"Essential oils and resinoids; perfumery, cosmetic or toilet preparations",2,False,C00,TOTAL CPC,0,0,TOTAL MOT,-1,N/A,0.0,False,-1,N/A,0.0,False,,False,0.0,False,1218933061.02,,1218933061.02,0,False,True
C,A,20230101,2023,52,2023,704,VNM,Viet Nam,M,Import,0,W00,World,0,W00,World,H6,HS,True,36,Explosives; pyrotechnic products; matches; pyrophoric alloys; certain combustible preparations,2,False,C00,TOTAL CPC,0,0,TOTAL MOT,-1,N/A,0.0,False,-1,N/A,0.0,False,,False,0.0,False,2575297.425,,2575297.425,0,False,True
C,A,20230101,2023,52,2023,704,VNM,Viet Nam,M,Import,0,W00,World,0,W00,World,H6,HS,True,50,Silk,2,False,C00,TOTAL CPC,0,0,TOTAL MOT,-1,N/A,0.0,False,-1,N/A,0.0,False,,False,0.0,False,57379236.007,,57379236.007,0,False,True
C,A,20230101,2023,52,2023,704,VNM,Viet Nam,M,Import,0,W00,World,0,W00,World,H6,HS,True,53,Vegetable textile fibres; paper yarn and woven fabrics of paper yarn,2,False,C00,TOTAL CPC,0,0,TOTAL MOT,-1,N/A,0.0,False,-1,N/A,0.0,False,,False,0.0,False,195558171.405,,195558171.405,0,False,True
C,A,20230101,2023,52,2023,704,VNM,Viet Nam,M,Import,0,W00,World,0,W00,World,H6,HS,True,56,"Wadding, felt and nonwovens, special yarns; twine, cordage, ropes and cables and articles thereof",2,False,C00,TOTAL CPC,0,0,TOTAL MOT,-1,N/A,0.0,False,-1,N/A,0.0,False,,False,0.0,False,1003553445.765,,1003553445.765,0,False,True
C,A,20230101,2023,52,2023,704,VNM,Viet Nam,M,Import,0,W00,World,0,W00,World,H6,HS,True,70,Glass and glassware,2,False,C00,TOTAL CPC,0,0,TOTAL MOT,-1,N/A,0.0,False,-1,N/A,0.0,False,,False,0.0,False,1708550805.256,,1708550805.256,0,False,True
C,A,20230101,2023,52,2023,704,VNM,Viet Nam,M,Import,0,W00,World,0,W00,World,H6,HS,True,73,Iron or steel articles,2,False,C00,TOTAL CPC,0,0,TOTAL MOT,-1,N/A,0.0,False,-1,N/A,0.0,False,,False,0.0,False,5342442069.86,,5342442069.86,0,False,True
C,A,20230101,2023,52,2023,704,VNM,Viet Nam,M,Import,0,W00,World,0,W00,World,H6,HS,True,94,"Furniture; bedding, mattresses, mattress supports, cushions and similar stuffed furnishings; lamps and lighting fittings, n.e.c.; illuminated signs, illuminated name-plates and the like; prefabricated buildings",2,False,C00,TOTAL CPC,0,0,TOTAL MOT,-1,N/A,0.0,False,-1,N/A,0.0,False,,False,0.0,False,1121381448.853,,1121381448.853,0,False,True
C,A,20230101,2023,52,2023,704,VNM,Viet Nam,M,Import,0,W00,World,0,W00,World,H6,HS,True,97,Works of art; collectors' pieces and antiques,2,False,C00,TOTAL CPC,0,0,TOTAL MOT,-1,N/A,0.0,False,-1,N/A,0.0,False,,False,0.0,False,2783565.821,,2783565.821,0,False,True
C,A,20230101,2023,52,2023,704,VNM,Viet Nam,M,Import,0,W00,World,0,W00,World,H6,HS,True,01,Animals; live,2,False,C00,TOTAL CPC,0,0,TOTAL MOT,-1,N/A,0.0,False,-1,N/A,0.0,False,,False,0.0,False,250881290.327,,250881290.327,0,False,True
C,A,20230101,2023,52,2023,704,VNM,Viet Nam,M,Import,0,W00,World,0,W00,World,H6,HS,True,04,"Dairy produce; birds' eggs; natural honey; edible products of animal origin, not elsewhere specified or included",2,False,C00,TOTAL CPC,0,0,TOTAL MOT,-1,N/A,0.0,False,-1,N/A,0.0,False,,False,0.0,False,968116938.64,,968116938.64,0,False,True
C,A,20230101,2023,52,2023,704,VNM,Viet Nam,M,Import,0,W00,World,0,W00,World,H6,HS,True,07,Vegetables and certain roots and tubers; edible,2,False,C00,TOTAL CPC,0,0,TOTAL MOT,-1,N/A,0.0,False,-1,N/A,0.0,False,,False,0.0,False,1445695249.534,,1445695249.534,0,False,True
C,A,20230101,2023,52,2023,704,VNM,Viet Nam,M,Import,0,W00,World,0,W00,World,H6,HS,True,21,Miscellaneous edible preparations,2,False,C00,TOTAL CPC,0,0,TOTAL MOT,-1,N/A,0.0,False,-1,N/A,0.0,False,,False,0.0,False,1292632489.72,,1292632489.72,0,False,True
C,A,20230101,2023,52,2023,704,VNM,Viet Nam,M,Import,0,W00,World,0,W00,World,H6,HS,True,24,"Tobacco and manufactured tobacco substitutes; products, whether or not containing nicotine, intended for inhalation without combustion; other nicotine containing products intended for the intake of nicotine into the human body",2,False,C00,TOTAL CPC,0,0,TOTAL MOT,-1,N/A,0.0,False,-1,N/A,0.0,False,,False,0.0,False,319626961.292,,319626961.292,0,False,True
C,A,20230101,2023,52,2023,704,VNM,Viet Nam,M,Import,0,W00,World,0,W00,World,H6,HS,True,27,"Mineral fuels, mineral oils and products of their distillation; bituminous substances; mineral waxes",2,False,C00,TOTAL CPC,0,0,TOTAL MOT,-1,N/A,0.0,False,-1,N/A,0.0,False,,False,0.0,False,25685316504.324,,25685316504.324,0,False,True
C,A,20230101,2023,52,2023,704,VNM,Viet Nam,M,Import,0,W00,World,0,W00,World,H6,HS,True,44,Wood and articles of wood; wood charcoal,2,False,C00,TOTAL CPC,0,0,TOTAL MOT,-1,N/A,0.0,False,-1,N/A,0.0,False,,False,0.0,False,1740407126.027,,1740407126.027,0,False,True
C,A,20230101,2023,52,2023,704,VNM,Viet Nam,M,Import,0,W00,World,0,W00,World,H6,HS,True,47,Pulp of wood or other fibrous cellulosic material; recovered (waste and scrap) paper or paperboard,2,False,C00,TOTAL CPC,0,0,TOTAL MOT,-1,N/A,0.0,False,-1,N/A,0.0,False,,False,0.0,False,970504880.215,,970504880.215,0,False,True
C,A,20230101,2023,52,2023,704,VNM,Viet Nam,M,Import,0,W00,World,0,W00,World,H6,HS,True,67,"Feathers and down, prepared; and articles made of feather or of down; artificial flowers; articles of human hair",2,False,C00,TOTAL CPC,0,0,TOTAL MOT,-1,N/A,0.0,False,-1,N/A,0.0,False,,False,0.0,False,61342436.003,,61342436.003,0,False,True
C,A,20230101,2023,52,2023,704,VNM,Viet Nam,M,Import,0,W00,World,0,W00,World,H6,HS,True,85,"Electrical machinery and equipment and parts thereof; sound recorders and reproducers; television image and sound recorders and reproducers, parts and accessories of such articles",2,False,C00,TOTAL CPC,0,0,TOTAL MOT,-1,N/A,0.0,False,-1,N/A,0.0,False,,False,0.0,False,112715383989.812,,112715383989.812,0,False,True
C,A,20230101,2023,52,2023,704,VNM,Viet Nam,M,Import,0,W00,World,0,W00,World,H6,HS,True,88,"Aircraft, spacecraft, and parts thereof",2,False,C00,TOTAL CPC,0,0,TOTAL MOT,-1,N/A,0.0,False,-1,N/A,0.0,False,,False,0.0,False,598916976.779,,598916976.779,0,False,True
C,A,20230101,2023,52,2023,704,VNM,Viet Nam,M,Import,0,W00,World,0,W00,World,H6,HS,True,91,Clocks and watches and parts thereof,2,False,C00,TOTAL CPC,0,0,TOTAL MOT,-1,N/A,0.0,False,-1,N/A,0.0,False,,False,0.0,False,263634621.896,,263634621.896,0,False,True
C,A,20230101,2023,52,2023,704,VNM,Viet Nam,M,Import,0,W00,World,0,W00,World,H6,HS,True,99,Commodities not specified according to kind,2,False,C00,TOTAL CPC,0,0,TOTAL MOT,-1,N/A,0.0,False,-1,N/A,0.0,False,0.0,False,0.0,False,7312032264.59,,7312032264.59,0,False,True
C,A,20230101,2023,52,2023,704,VNM,Viet Nam,M,Import,0,W00,World,0,W00,World,H6,HS,True,15,"Animal, vegetable or microbial fats and oils and their cleavage products; prepared edible fats; animal or vegetable waxes",2,False,C00,TOTAL CPC,0,0,TOTAL MOT,-1,N/A,0.0,False,-1,N/A,0.0,False,0.0,True,0.0,False,1353015080.186,,1353015080.186,4,False,True
C,A,20230101,2023,52,2023,704,VNM,Viet Nam,M,Import,0,W00,World,0,W00,World,H6,HS,True,18,Cocoa and cocoa preparations,2,False,C00,TOTAL CPC,0,0,TOTAL MOT,-1,N/A,0.0,False,-1,N/A,0.0,False,0.0,True,0.0,False,82728912.906,,82728912.906,4,False,True
C,A,20230101,2023,52,2023,704,VNM,Viet Nam,M,Import,0,W00,World,0,W00,World,H6,HS,True,41,Raw hides and skins (other than furskins) and leather,2,False,C00,TOTAL CPC,0,0,TOTAL MOT,-1,N/A,0.0,False,-1,N/A,0.0,False,0.0,True,0.0,False,1613795942.55,,1613795942.55,4,False,True
C,A,20230101,2023,52,2023,704,VNM,Viet Nam,M,Import,0,W00,World,0,W00,World,H6,HS,True,55,Man-made staple fibres,2,False,C00,TOTAL CPC,0,0,TOTAL MOT,-1,N/A,0.0,False,-1,N/A,0.0,False,0.0,True,0.0,False,2340945585.074,,2340945585.074,4,False,True
C,A,20230101,2023,52,2023,704,VNM,Viet Nam,M,Import,0,W00,World,0,W00,World,H6,HS,True,79,Zinc and articles thereof,2,False,C00,TOTAL CPC,0,0,TOTAL MOT,-1,N/A,0.0,False,-1,N/A,0.0,False,0.0,True,0.0,False,580117538.863,,580117538.863,4,False,True
C,A,20230101,2023,52,2023,704,VNM,Viet Nam,M,Import,0,W00,World,0,W00,World,H6,HS,True,02,Meat and edible meat offal,2,False,C00,TOTAL CPC,0,0,TOTAL MOT,-1,N/A,0.0,False,-1,N/A,0.0,False,0.0,True,0.0,False,1506170936.381,,1506170936.381,4,False,True
C,A,20230101,2023,52,2023,704,VNM,Viet Nam,M,Import,0,W00,World,0,W00,World,H6,HS,True,06,"Trees and other plants, live; bulbs, roots and the like; cut flowers and ornamental foliage",2,False,C00,TOTAL CPC,0,0,TOTAL MOT,-1,N/A,0.0,False,-1,N/A,0.0,False,0.0,True,0.0,False,126966952.05,,126966952.05,4,False,True
C,A,20230101,2023,52,2023,704,VNM,Viet Nam,M,Import,0,W00,World,0,W00,World,H6,HS,True,08,"Fruit and nuts, edible; peel of citrus fruit or melons",2,False,C00,TOTAL CPC,0,0,TOTAL MOT,-1,N/A,0.0,False,-1,N/A,0.0,False,0.0,True,0.0,False,3831161310.356,,3831161310.356,4,False,True
C,A,20230101,2023,52,2023,704,VNM,Viet Nam,M,Import,0,W00,World,0,W00,World,H6,HS,True,09,"Coffee, tea, mate and spices",2,False,C00,TOTAL CPC,0,0,TOTAL MOT,-1,N/A,0.0,False,-1,N/A,0.0,False,0.0,True,0.0,False,359738857.894,,359738857.894,4,False,True
C,A,20230101,2023,52,2023,704,VNM,Viet Nam,M,Import,0,W00,World,0,W00,World,H6,HS,True,16,"Meat, fish, crustaceans, molluscs or other aquatic invertebrates, or insects; preparations thereof",2,False,C00,TOTAL CPC,0,0,TOTAL MOT,-1,N/A,0.0,False,-1,N/A,0.0,False,0.0,True,0.0,False,108352702.675,,108352702.675,4,False,True
C,A,20230101,2023,52,2023,704,VNM,Viet Nam,M,Import,0,W00,World,0,W00,World,H6,HS,True,19,"Preparations of cereals, flour, starch or milk; pastrycooks' products",2,False,C00,TOTAL CPC,0,0,TOTAL MOT,-1,N/A,0.0,False,-1,N/A,0.0,False,0.0,True,0.0,False,757011824.466,,757011824.466,4,False,True
C,A,20230101,2023,52,2023,704,VNM,Viet Nam,M,Import,0,W00,World,0,W00,World,H6,HS,True,22,"Beverages, spirits and vinegar",2,False,C00,TOTAL CPC,0,0,TOTAL MOT,-1,N/A,0.0,False,-1,N/A,0.0,False,0.0,True,0.0,False,655970283.628,,655970283.628,4,False,True
C,A,20230101,2023,52,2023,704,VNM,Viet Nam,M,Import,0,W00,World,0,W00,World,H6,HS,True,23,"Food industries, residues and wastes thereof; prepared animal fodder",2,False,C00,TOTAL CPC,0,0,TOTAL MOT,-1,N/A,0.0,False,-1,N/A,0.0,False,0.0,True,0.0,False,4878850540.609,,4878850540.609,4,False,True
C,A,20230101,2023,52,2023,704,VNM,Viet Nam,M,Import,0,W00,World,0,W00,World,H6,HS,True,46,"Manufactures of straw, esparto or other plaiting materials; basketware and wickerwork",2,False,C00,TOTAL CPC,0,0,TOTAL MOT,-1,N/A,0.0,False,-1,N/A,0.0,False,0.0,True,0.0,False,21315301.623,,21315301.623,4,False,True
C,A,20230101,2023,52,2023,704,VNM,Viet Nam,M,Import,0,W00,World,0,W00,World,H6,HS,True,51,"Wool, fine or coarse animal hair; horsehair yarn and woven fabric",2,False,C00,TOTAL CPC,0,0,TOTAL MOT,-1,N/A,0.0,False,-1,N/A,0.0,False,0.0,True,0.0,False,253294400.561,,253294400.561,4,False,True
C,A,20230101,2023,52,2023,704,VNM,Viet Nam,M,Import,0,W00,World,0,W00,World,H6,HS,True,63,"Textiles, made up articles; sets; worn clothing and worn textile articles; rags",2,False,C00,TOTAL CPC,0,0,TOTAL MOT,-1,N/A,0.0,False,-1,N/A,0.0,False,0.0,True,0.0,False,207141764.084,,207141764.084,4,False,True
C,A,20230101,2023,52,2023,704,VNM,Viet Nam,M,Import,0,W00,World,0,W00,World,H6,HS,True,66,"Umbrellas, sun umbrellas, walking-sticks, seat sticks, whips, riding crops; and parts thereof",2,False,C00,TOTAL CPC,0,0,TOTAL MOT,-1,N/A,0.0,False,-1,N/A,0.0,False,0.0,True,0.0,False,12323902.943,,12323902.943,4,False,True
C,A,20230101,2023,52,2023,704,VNM,Viet Nam,M,Import,0,W00,World,0,W00,World,H6,HS,True,80,Tin; articles thereof,2,False,C00,TOTAL CPC,0,0,TOTAL MOT,-1,N/A,0.0,False,-1,N/A,0.0,False,0.0,True,0.0,False,125056651.599,,125056651.599,4,False,True
C,A,20230101,2023,52,2023,704,VNM,Viet Nam,M,Import,0,W00,World,0,W00,World,H6,HS,True,11,"Products of the milling industry; malt, starches, inulin, wheat gluten",2,False,C00,TOTAL CPC,0,0,TOTAL MOT,-1,N/A,0.0,False,-1,N/A,0.0,False,0.0,True,0.0,False,403324625.324,,403324625.324,4,False,True
C,A,20230101,2023,52,2023,704,VNM,Viet Nam,M,Import,0,W00,World,0,W00,World,H6,HS,True,17,Sugars and sugar confectionery,2,False,C00,TOTAL CPC,0,0,TOTAL MOT,-1,N/A,0.0,False,-1,N/A,0.0,False,0.0,True,0.0,False,830279638.823,,830279638.823,4,False,True
C,A,20230101,2023,52,2023,704,VNM,Viet Nam,M,Import,0,W00,World,0,W00,World,H6,HS,True,34,"Soap, organic surface-active agents; washing, lubricating, polishing or scouring preparations; artificial or prepared waxes, candles and similar articles, modelling pastes, dental waxes and dental preparations with a basis of plaster",2,False,C00,TOTAL CPC,0,0,TOTAL MOT,-1,N/A,0.0,False,-1,N/A,0.0,False,0.0,True,0.0,False,943623906.506,,943623906.506,4,False,True
C,A,20230101,2023,52,2023,704,VNM,Viet Nam,M,Import,0,W00,World,0,W00,World,H6,HS,True,54,Man-made filaments; strip and the like of man-made textile materials,2,False,C00,TOTAL CPC,0,0,TOTAL MOT,-1,N/A,0.0,False,-1,N/A,0.0,False,0.0,True,0.0,False,3642357538.583,,3642357538.583,4,False,True
C,A,20230101,2023,52,2023,704,VNM,Viet Nam,M,Import,0,W00,World,0,W00,World,H6,HS,True,95,"Toys, games and sports requisites; parts and accessories thereof",2,False,C00,TOTAL CPC,0,0,TOTAL MOT,-1,N/A,0.0,False,-1,N/A,0.0,False,0.0,True,0.0,False,363726899.188,,363726899.188,4,False,True
C,A,20230101,2023,52,2023,704,VNM,Viet Nam,M,Import,0,W00,World,0,W00,World,H6,HS,True,10,Cereals,2,False,C00,TOTAL CPC,0,0,TOTAL MOT,-1,N/A,0.0,False,-1,N/A,0.0,False,0.0,True,0.0,False,5513749493.211,,5513749493.211,4,False,True
C,A,20230101,2023,52,2023,704,VNM,Viet Nam,M,Import,0,W00,World,0,W00,World,H6,HS,True,76,Aluminium and articles thereof,2,False,C00,TOTAL CPC,0,0,TOTAL MOT,-1,N/A,0.0,False,-1,N/A,0.0,False,0.0,True,0.0,False,4859292918.642,,4859292918.642,4,False,True
C,A,20230101,2023,52,2023,704,VNM,Viet Nam,M,Import,0,W00,World,0,W00,World,H6,HS,True,64,Footwear; gaiters and the like; parts of such articles,2,False,C00,TOTAL CPC,0,0,TOTAL MOT,-1,N/A,0.0,False,-1,N/A,0.0,False,0.0,True,0.0,False,1221854121.477,,1221854121.477,4,False,True
C,A,20230101,2023,52,2023,699,IND,India,M,Import,0,W00,World,0,W00,World,H6,HS,True,03,"Fish and crustaceans, molluscs and other aquatic invertebrates",2,False,C00,TOTAL CPC,0,0,TOTAL MOT,-1,N/A,0.0,False,-1,N/A,0.0,False,0.0,True,0.0,False,159374752.485,,159374752.485,4,False,True
C,A,20230101,2023,52,2023,699,IND,India,M,Import,0,W00,World,0,W00,World,H6,HS,True,05,Animal originated products; not elsewhere specified or included,2,False,C00,TOTAL CPC,0,0,TOTAL MOT,-1,N/A,0.0,False,-1,N/A,0.0,False,0.0,True,0.0,False,43257487.325,,43257487.325,4,False,True
C,A,20230101,2023,52,2023,699,IND,India,M,Import,0,W00,World,0,W00,World,H6,HS,True,06,"Trees and other plants, live; bulbs, roots and the like; cut flowers and ornamental foliage",2,False,C00,TOTAL CPC,0,0,TOTAL MOT,-1,N/A,0.0,False,-1,N/A,0.0,False,0.0,True,0.0,False,34157410.968,,34157410.968,4,False,True
C,A,20230101,2023,52,2023,699,IND,India,M,Import,0,W00,World,0,W00,World,H6,HS,True,09,"Coffee, tea, mate and spices",2,False,C00,TOTAL CPC,0,0,TOTAL MOT,-1,N/A,0.0,False,-1,N/A,0.0,False,0.0,True,0.0,False,1115946681.852,,1115946681.852,4,False,True
C,A,20230101,2023,52,2023,699,IND,India,M,Import,0,W00,World,0,W00,World,H6,HS,True,12,"Oil seeds and oleaginous fruits; miscellaneous grains, seeds and fruit, industrial or medicinal plants; straw and fodder",2,False,C00,TOTAL CPC,0,0,TOTAL MOT,-1,N/A,0.0,False,-1,N/A,0.0,False,0.0,True,0.0,False,1102175551.51,,1102175551.51,4,False,True
C,A,20230101,2023,52,2023,699,IND,India,M,Import,0,W00,World,0,W00,World,H6,HS,True,19,"Preparations of cereals, flour, starch or milk; pastrycooks' products",2,False,C00,TOTAL CPC,0,0,TOTAL MOT,-1,N/A,0.0,False,-1,N/A,0.0,False,0.0,True,0.0,False,156135214.165,,156135214.165,4,False,True
C,A,20230101,2023,52,2023,699,IND,India,M,Import,0,W00,World,0,W00,World,H6,HS,True,20,"Preparations of vegetables, fruit, nuts or other parts of plants",2,False,C00,TOTAL CPC,0,0,TOTAL MOT,-1,N/A,0.0,False,-1,N/A,0.0,False,0.0,True,0.0,False,148201141.783,,148201141.783,4,False,True
C,A,20230101,2023,52,2023,699,IND,India,M,Import,0,W00,World,0,W00,World,H6,HS,True,23,"Food industries, residues and wastes thereof; prepared animal fodder",2,False,C00,TOTAL CPC,0,0,TOTAL MOT,-1,N/A,0.0,False,-1,N/A,0.0,False,0.0,True,0.0,False,642947549.292,,642947549.292,4,False,True
C,A,20230101,2023,52,2023,699,IND,India,M,Import,0,W00,World,0,W00,World,H6,HS,True,25,"Salt; sulphur; earths, stone; plastering materials, lime and cement",2,False,C00,TOTAL CPC,0,0,TOTAL MOT,-1,N/A,0.0,False,-1,N/A,0.0,False,0.0,True,0.0,False,4399200910.636,,4399200910.636,4,False,True
C,A,20230101,2023,52,2023,699,IND,India,M,Import,0,W00,World,0,W00,World,H6,HS,True,26,"Ores, slag and ash",2,False,C00,TOTAL CPC,0,0,TOTAL MOT,-1,N/A,0.0,False,-1,N/A,0.0,False,0.0,True,0.0,False,5885803928.254,,5885803928.254,4,False,True
C,A,20230101,2023,52,2023,699,IND,India,M,Import,0,W00,World,0,W00,World,H6,HS,True,28,"Inorganic chemicals; organic and inorganic compounds of precious metals; of rare earth metals, of radio-active elements and of isotopes",2,False,C00,TOTAL CPC,0,0,TOTAL MOT,-1,N/A,0.0,False,-1,N/A,0.0,False,0.0,True,0.0,False,9983224311.675,,9983224311.675,4,False,True
C,A,20230101,2023,52,2023,699,IND,India,M,Import,0,W00,World,0,W00,World,H6,HS,True,32,"Tanning or dyeing extracts; tannins and their derivatives; dyes, pigments and other colouring matter; paints, varnishes; putty, other mastics; inks",2,False,C00,TOTAL CPC,0,0,TOTAL MOT,-1,N/A,0.0,False,-1,N/A,0.0,False,0.0,True,0.0,False,3601260346.976,,3601260346.976,4,False,True
C,A,20230101,2023,52,2023,699,IND,India,M,Import,0,W00,World,0,W00,World,H6,HS,True,40,Rubber and articles thereof,2,False,C00,TOTAL CPC,0,0,TOTAL MOT,-1,N/A,0.0,False,-1,N/A,0.0,False,0.0,True,0.0,False,3835762080.901,,3835762080.901,4,False,True
C,A,20230101,2023,52,2023,699,IND,India,M,Import,0,W00,World,0,W00,World,H6,HS,True,43,Furskins and artificial fur; manufactures thereof,2,False,C00,TOTAL CPC,0,0,TOTAL MOT,-1,N/A,0.0,False,-1,N/A,0.0,False,0.0,True,0.0,False,6374688.358,,6374688.358,4,False,True
C,A,20230101,2023,52,2023,699,IND,India,M,Import,0,W00,World,0,W00,World,H6,HS,True,46,"Manufactures of straw, esparto or other plaiting materials; basketware and wickerwork",2,False,C00,TOTAL CPC,0,0,TOTAL MOT,-1,N/A,0.0,False,-1,N/A,0.0,False,0.0,True,0.0,False,8234718.161,,8234718.161,4,False,True
C,A,20230101,2023,52,2023,699,IND,India,M,Import,0,W00,World,0,W00,World,H6,HS,True,48,"Paper and paperboard; articles of paper pulp, of paper or paperboard",2,False,C00,TOTAL CPC,0,0,TOTAL MOT,-1,N/A,0.0,False,-1,N/A,0.0,False,0.0,True,0.0,False,3113332364.973,,3113332364.973,4,False,True
C,A,20230101,2023,52,2023,699,IND,India,M,Import,0,W00,World,0,W00,World,H6,HS,True,49,"Printed books, newspapers, pictures and other products of the printing industry; manuscripts, typescripts and plans",2,False,C00,TOTAL CPC,0,0,TOTAL MOT,-1,N/A,0.0,False,-1,N/A,0.0,False,0.0,True,0.0,False,316997030.707,,316997030.707,4,False,True
C,A,20230101,2023,52,2023,699,IND,India,M,Import,0,W00,World,0,W00,World,H6,HS,True,51,"Wool, fine or coarse animal hair; horsehair yarn and woven fabric",2,False,C00,TOTAL CPC,0,0,TOTAL MOT,-1,N/A,0.0,False,-1,N/A,0.0,False,0.0,True,0.0,False,318740940.921,,318740940.921,4,False,True
C,A,20230101,2023,52,2023,699,IND,India,M,Import,0,W00,World,0,W00,World,H6,HS,True,59,"Textile fabrics; impregnated, coated, covered or laminated; textile articles of a kind suitable for industrial use",2,False,C00,TOTAL CPC,0,0,TOTAL MOT,-1,N/A,0.0,False,-1,N/A,0.0,False,0.0,True,0.0,False,778723312.674,,778723312.674,4,False,True
C,A,20230101,2023,52,2023,699,IND,India,M,Import,0,W00,World,0,W00,World,H6,HS,True,60,Fabrics; knitted or crocheted,2,False,C00,TOTAL CPC,0,0,TOTAL MOT,-1,N/A,0.0,False,-1,N/A,0.0,False,0.0,True,0.0,False,711427904.151,,711427904.151,4,False,True
C,A,20230101,2023,52,2023,699,IND,India,M,Import,0,W00,World,0,W00,World,H6,HS,True,65,Headgear and parts thereof,2,False,C00,TOTAL CPC,0,0,TOTAL MOT,-1,N/A,0.0,False,-1,N/A,0.0,False,0.0,True,0.0,False,46174256.866,,46174256.866,4,False,True
C,A,20230101,2023,52,2023,699,IND,India,M,Import,0,W00,World,0,W00,World,H6,HS,True,66,"Umbrellas, sun umbrellas, walking-sticks, seat sticks, whips, riding crops; and parts thereof",2,False,C00,TOTAL CPC,0,0,TOTAL MOT,-1,N/A,0.0,False,-1,N/A,0.0,False,0.0,True,0.0,False,45736752.911,,45736752.911,4,False,True
C,A,20230101,2023,52,2023,699,IND,India,M,Import,0,W00,World,0,W00,World,H6,HS,True,68,"Stone, plaster, cement, asbestos, mica or similar materials; articles thereof",2,False,C00,TOTAL CPC,0,0,TOTAL MOT,-1,N/A,0.0,False,-1,N/A,0.0,False,0.0,True,0.0,False,1036960754.532,,1036960754.532,4,False,True
C,A,20230101,2023,52,2023,699,IND,India,M,Import,0,W00,World,0,W00,World,H6,HS,True,71,"Natural, cultured pearls; precious, semi-precious stones; precious metals, metals clad with precious metal, and articles thereof; imitation jewellery; coin",2,False,C00,TOTAL CPC,0,0,TOTAL MOT,-1,N/A,0.0,False,-1,N/A,0.0,False,0.0,True,0.0,False,72656576999.601,,72656576999.601,4,False,True
C,A,20230101,2023,52,2023,699,IND,India,M,Import,0,W00,World,0,W00,World,H6,HS,True,72,Iron and steel,2,False,C00,TOTAL CPC,0,0,TOTAL MOT,-1,N/A,0.0,False,-1,N/A,0.0,False,0.0,True,0.0,False,18915292622.99,,18915292622.99,4,False,True
C,A,20230101,2023,52,2023,699,IND,India,M,Import,0,W00,World,0,W00,World,H6,HS,True,75,Nickel and articles thereof,2,False,C00,TOTAL CPC,0,0,TOTAL MOT,-1,N/A,0.0,False,-1,N/A,0.0,False,0.0,True,0.0,False,1384085562.674,,1384085562.674,4,False,True
C,A,20230101,2023,52,2023,699,IND,India,M,Import,0,W00,World,0,W00,World,H6,HS,True,80,Tin; articles thereof,2,False,C00,TOTAL CPC,0,0,TOTAL MOT,-1,N/A,0.0,False,-1,N/A,0.0,False,0.0,True,0.0,False,344527255.668,,344527255.668,4,False,True
C,A,20230101,2023,52,2023,699,IND,India,M,Import,0,W00,World,0,W00,World,H6,HS,True,04,"Dairy produce; birds' eggs; natural honey; edible products of animal origin, not elsewhere specified or included",2,False,C00,TOTAL CPC,0,0,TOTAL MOT,-1,N/A,0.0,False,-1,N/A,0.0,False,0.0,True,0.0,False,60931846.398,,60931846.398,4,False,True
C,A,20230101,2023,52,2023,699,IND,India,M,Import,0,W00,World,0,W00,World,H6,HS,True,07,Vegetables and certain roots and tubers; edible,2,False,C00,TOTAL CPC,0,0,TOTAL MOT,-1,N/A,0.0,False,-1,N/A,0.0,False,0.0,True,0.0,False,3146295058.696,,3146295058.696,4,False,True
C,A,20230101,2023,52,2023,699,IND,India,M,Import,0,W00,World,0,W00,World,H6,HS,True,21,Miscellaneous edible preparations,2,False,C00,TOTAL CPC,0,0,TOTAL MOT,-1,N/A,0.0,False,-1,N/A,0.0,False,0.0,True,0.0,False,190980035.195,,190980035.195,4,False,True
C,A,20230101,2023,52,2023,699,IND,India,M,Import,0,W00,World,0,W00,World,H6,HS,True,24,"Tobacco and manufactured tobacco substitutes; products, whether or not containing nicotine, intended for inhalation without combustion; other nicotine containing products intended for the intake of nicotine into the human body",2,False,C00,TOTAL CPC,0,0,TOTAL MOT,-1,N/A,0.0,False,-1,N/A,0.0,False,0.0,True,0.0,False,75651259.071,,75651259.071,4,False,True
C,A,20230101,2023,52,2023,699,IND,India,M,Import,0,W00,World,0,W00,World,H6,HS,True,47,Pulp of wood or other fibrous cellulosic material; recovered (waste and scrap) paper or paperboard,2,False,C00,TOTAL CPC,0,0,TOTAL MOT,-1,N/A,0.0,False,-1,N/A,0.0,False,0.0,True,0.0,False,3362380930.817,,3362380930.817,4,False,True
C,A,20230101,2023,52,2023,699,IND,India,M,Import,0,W00,World,0,W00,World,H6,HS,True,64,Footwear; gaiters and the like; parts of such articles,2,False,C00,TOTAL CPC,0,0,TOTAL MOT,-1,N/A,0.0,False,-1,N/A,0.0,False,0.0,True,0.0,False,862055495.239,,862055495.239,4,False,True
C,A,20230101,2023,52,2023,699,IND,India,M,Import,0,W00,World,0,W00,World,H6,HS,True,67,"Feathers and down, prepared; and articles made of feather or of down; artificial flowers; articles of human hair",2,False,C00,TOTAL CPC,0,0,TOTAL MOT,-1,N/A,0.0,False,-1,N/A,0.0,False,0.0,True,0.0,False,44823223.911,,44823223.911,4,False,True
C,A,20230101,2023,52,2023,699,IND,India,M,Import,0,W00,World,0,W00,World,H6,HS,True,10,Cereals,2,False,C00,TOTAL CPC,0,0,TOTAL MOT,-1,N/A,0.0,False,-1,N/A,0.0,False,0.0,True,0.0,False,141134024.648,,141134024.648,4,False,True
C,A,20230101,2023,52,2023,699,IND,India,M,Import,0,W00,World,0,W00,World,H6,HS,True,13,"Lac; gums, resins and other vegetable saps and extracts",2,False,C00,TOTAL CPC,0,0,TOTAL MOT,-1,N/A,0.0,False,-1,N/A,0.0,False,0.0,True,0.0,False,406708258.454,,406708258.454,4,False,True
C,A,20230101,2023,52,2023,699,IND,India,M,Import,0,W00,World,0,W00,World,H6,HS,True,30,Pharmaceutical products,2,False,C00,TOTAL CPC,0,0,TOTAL MOT,-1,N/A,0.0,False,-1,N/A,0.0,False,0.0,True,0.0,False,2602354853.94,,2602354853.94,4,False,True
C,A,20230101,2023,52,2023,699,IND,India,M,Import,0,W00,World,0,W00,World,H6,HS,True,33,"Essential oils and resinoids; perfumery, cosmetic or toilet preparations",2,False,C00,TOTAL CPC,0,0,TOTAL MOT,-1,N/A,0.0,False,-1,N/A,0.0,False,0.0,True,0.0,False,2166477233.854,,2166477233.854,4,False,True
C,A,20230101,2023,52,2023,699,IND,India,M,Import,0,W00,World,0,W00,World,H6,HS,True,36,Explosives; pyrotechnic products; matches; pyrophoric alloys; certain combustible preparations,2,False,C00,TOTAL CPC,0,0,TOTAL MOT,-1,N/A,0.0,False,-1,N/A,0.0,False,0.0,True,0.0,False,24112814.935,,24112814.935,4,False,True
C,A,20230101,2023,52,2023,699,IND,India,M,Import,0,W00,World,0,W00,World,H6,HS,True,56,"Wadding, felt and nonwovens, special yarns; twine, cordage, ropes and cables and articles thereof",2,False,C00,TOTAL CPC,0,0,TOTAL MOT,-1,N/A,0.0,False,-1,N/A,0.0,False,0.0,True,0.0,False,417854672.707,,417854672.707,4,False,True
C,A,20230101,2023,52,2023,699,IND,India,M,Import,0,W00,World,0,W00,World,H6,HS,True,73,Iron or steel articles,2,False,C00,TOTAL CPC,0,0,TOTAL MOT,-1,N/A,0.0,False,-1,N/A,0.0,False,0.0,True,0.0,False,5026864607.39,,5026864607.39,4,False,True
C,A,20230101,2023,52,2023,699,IND,India,M,Import,0,W00,World,0,W00,World,H6,HS,True,11,"Products of the milling industry; malt, starches, inulin, wheat gluten",2,False,C00,TOTAL CPC,0,0,TOTAL MOT,-1,N/A,0.0,False,-1,N/A,0.0,False,0.0,True,0.0,False,91651447.238,,91651447.238,4,False,True
C,A,20230101,2023,52,2023,699,IND,India,M,Import,0,W00,World,0,W00,World,H6,HS,True,14,Vegetable plaiting materials; vegetable products not elsewhere specified or included,2,False,C00,TOTAL CPC,0,0,TOTAL MOT,-1,N/A,0.0,False,-1,N/A,0.0,False,0.0,True,0.0,False,106029904.562,,106029904.562,4,False,True
C,A,20230101,2023,52,2023,699,IND,India,M,Import,0,W00,World,0,W00,World,H6,HS,True,17,Sugars and sugar confectionery,2,False,C00,TOTAL CPC,0,0,TOTAL MOT,-1,N/A,0.0,False,-1,N/A,0.0,False,0.0,True,0.0,False,1548538131.524,,1548538131.524,4,False,True
C,A,20230101,2023,52,2023,699,IND,India,M,Import,0,W00,World,0,W00,World,H6,HS,True,34,"Soap, organic surface-active agents; washing, lubricating, polishing or scouring preparations; artificial or prepared waxes, candles and similar articles, modelling pastes, dental waxes and dental preparations with a basis of plaster",2,False,C00,TOTAL CPC,0,0,TOTAL MOT,-1,N/A,0.0,False,-1,N/A,0.0,False,0.0,True,0.0,False,1240175472.389,,1240175472.389,4,False,True
C,A,20230101,2023,52,2023,699,IND,India,M,Import,0,W00,World,0,W00,World,H6,HS,True,74,Copper and articles thereof,2,False,C00,TOTAL CPC,0,0,TOTAL MOT,-1,N/A,0.0,False,-1,N/A,0.0,False,0.0,True,0.0,False,9073567919.849,,9073567919.849,4,False,True
C,A,20230101,2023,52,2023,699,IND,India,M,Import,0,W00,World,0,W00,World,H6,HS,True,78,Lead and articles thereof,2,False,C00,TOTAL CPC,0,0,TOTAL MOT,-1,N/A,0.0,False,-1,N/A,0.0,False,0.0,True,0.0,False,991347623.128,,991347623.128,4,False,True
C,A,20230101,2023,52,2023,699,IND,India,M,Import,0,W00,World,0,W00,World,H6,HS,True,81,"Metals; n.e.c., cermets and articles thereof",2,False,C00,TOTAL CPC,0,0,TOTAL MOT,-1,N/A,0.0,False,-1,N/A,0.0,False,0.0,True,0.0,False,666549316.653,,666549316.653,4,False,True
C,A,20230101,2023,52,2023,699,IND,India,M,Import,0,W00,World,0,W00,World,H6,HS,True,15,"Animal, vegetable or microbial fats and oils and their cleavage products; prepared edible fats; animal or vegetable waxes",2,False,C00,TOTAL CPC,0,0,TOTAL MOT,-1,N/A,0.0,False,-1,N/A,0.0,False,0.0,True,0.0,False,16551036115.309,,16551036115.309,4,False,True
C,A,20230101,2023,52,2023,699,IND,India,M,Import,0,W00,World,0,W00,World,H6,HS,True,18,Cocoa and cocoa preparations,2,False,C00,TOTAL CPC,0,0,TOTAL MOT,-1,N/A,0.0,False,-1,N/A,0.0,False,0.0,True,0.0,False,438241126.599,,438241126.599,4,False,True
C,A,20230101,2023,52,2023,699,IND,India,M,Import,0,W00,World,0,W00,World,H6,HS,True,35,Albuminoidal substances; modified starches; glues; enzymes,2,False,C00,TOTAL CPC,0,0,TOTAL MOT,-1,N/A,0.0,False,-1,N/A,0.0,False,0.0,True,0.0,False,852060858.209,,852060858.209,4,False,True
C,A,20230101,2023,52,2023,699,IND,India,M,Import,0,W00,World,0,W00,World,H6,HS,True,41,Raw hides and skins (other than furskins) and leather,2,False,C00,TOTAL CPC,0,0,TOTAL MOT,-1,N/A,0.0,False,-1,N/A,0.0,False,0.0,True,0.0,False,400648136.686,,400648136.686,4,False,True
C,A,20230101,2023,52,2023,699,IND,India,M,Import,0,W00,World,0,W00,World,H6,HS,True,02,Meat and edible meat offal,2,False,C00,TOTAL CPC,0,0,TOTAL MOT,-1,N/A,0.0,False,-1,N/A,0.0,False,0.0,False,0.0,False,6832216.729,,6832216.729,0,False,True
C,A,20230101,2023,52,2023,699,IND,India,M,Import,0,W00,World,0,W00,World,H6,HS,True,08,"Fruit and nuts, edible; peel of citrus fruit or melons",2,False,C00,TOTAL CPC,0,0,TOTAL MOT,-1,N/A,0.0,False,-1,N/A,0.0,False,0.0,False,0.0,False,4039949060.554,,4039949060.554,0,False,True
C,A,20230101,2023,52,2023,699,IND,India,M,Import,0,W00,World,0,W00,World,H6,HS,True,16,"Meat, fish, crustaceans, molluscs or other aquatic invertebrates, or insects; preparations thereof",2,False,C00,TOTAL CPC,0,0,TOTAL MOT,-1,N/A,0.0,False,-1,N/A,0.0,False,0.0,False,0.0,False,8807002.858,,8807002.858,0,False,True
C,A,20230101,2023,52,2023,699,IND,India,M,Import,0,W00,World,0,W00,World,H6,HS,True,99,Commodities not specified according to kind,2,False,C00,TOTAL CPC,0,0,TOTAL MOT,-1,N/A,0.0,False,-1,N/A,0.0,False,0.0,False,0.0,False,1785668524.372,,1785668524.372,0,False,True
C,A,20230101,2023,52,2023,699,IND,India,M,Import,0,W00,World,0,W00,World,H6,HS,True,22,"Beverages, spirits and vinegar",2,False,C00,TOTAL CPC,0,0,TOTAL MOT,-1,N/A,0.0,False,-1,N/A,0.0,False,,False,0.0,False,1479558496.127,,1479558496.127,0,False,True
C,A,20230101,2023,52,2023,699,IND,India,M,Import,0,W00,World,0,W00,World,H6,HS,True,29,Organic chemicals,2,False,C00,TOTAL CPC,0,0,TOTAL MOT,-1,N/A,0.0,False,-1,N/A,0.0,False,,False,0.0,False,27258533212.922,,27258533212.922,0,False,True
C,A,20230101,2023,52,2023,699,IND,India,M,Import,0,W00,World,0,W00,World,H6,HS,True,39,Plastics and articles thereof,2,False,C00,TOTAL CPC,0,0,TOTAL MOT,-1,N/A,0.0,False,-1,N/A,0.0,False,,False,0.0,False,22585099745.432,,22585099745.432,0,False,True
C,A,20230101,2023,52,2023,699,IND,India,M,Import,0,W00,World,0,W00,World,H6,HS,True,42,"Articles of leather; saddlery and harness; travel goods, handbags and similar containers; articles of animal gut (other than silk-worm gut)",2,False,C00,TOTAL CPC,0,0,TOTAL MOT,-1,N/A,0.0,False,-1,N/A,0.0,False,,False,0.0,False,508445185.476,,508445185.476,0,False,True
C,A,20230101,2023,52,2023,699,IND,India,M,Import,0,W00,World,0,W00,World,H6,HS,True,45,Cork and articles of cork,2,False,C00,TOTAL CPC,0,0,TOTAL MOT,-1,N/A,0.0,False,-1,N/A,0.0,False,,False,0.0,False,10699968.713,,10699968.713,0,False,True
C,A,20230101,2023,52,2023,699,IND,India,M,Import,0,W00,World,0,W00,World,H6,HS,True,52,Cotton,2,False,C00,TOTAL CPC,0,0,TOTAL MOT,-1,N/A,0.0,False,-1,N/A,0.0,False,,False,0.0,False,811994236.431,,811994236.431,0,False,True
C,A,20230101,2023,52,2023,699,IND,India,M,Import,0,W00,World,0,W00,World,H6,HS,True,62,Apparel and clothing accessories; not knitted or crocheted,2,False,C00,TOTAL CPC,0,0,TOTAL MOT,-1,N/A,0.0,False,-1,N/A,0.0,False,,False,0.0,False,892460118.779,,892460118.779,0,False,True
C,A,20230101,2023,52,2023,699,IND,India,M,Import,0,W00,World,0,W00,World,H6,HS,True,63,"Textiles, made up articles; sets; worn clothing and worn textile articles; rags",2,False,C00,TOTAL CPC,0,0,TOTAL MOT,-1,N/A,0.0,False,-1,N/A,0.0,False,,False,0.0,False,648181098.082,,648181098.082,0,False,True
C,A,20230101,2023,52,2023,699,IND,India,M,Import,0,W00,World,0,W00,World,H6,HS,True,69,Ceramic products,2,False,C00,TOTAL CPC,0,0,TOTAL MOT,-1,N/A,0.0,False,-1,N/A,0.0,False,,False,0.0,False,941548445.194,,941548445.194,0,False,True
C,A,20230101,2023,52,2023,699,IND,India,M,Import,0,W00,World,0,W00,World,H6,HS,True,83,Metal; miscellaneous products of base metal,2,False,C00,TOTAL CPC,0,0,TOTAL MOT,-1,N/A,0.0,False,-1,N/A,0.0,False,,False,0.0,False,1224773521.544,,1224773521.544,0,False,True
C,A,20230101,2023,52,2023,699,IND,India,M,Import,0,W00,World,0,W00,World,H6,HS,True,84,"Machinery and mechanical appliances, boilers, nuclear reactors; parts thereof",2,False,C00,TOTAL CPC,0,0,TOTAL MOT,-1,N/A,0.0,False,-1,N/A,0.0,False,,False,0.0,False,57057198392.193,,57057198392.193,0,False,True
C,A,20230101,2023,52,2023,699,IND,India,M,Import,0,W00,World,0,W00,World,H6,HS,True,86,"Railway, tramway locomotives, rolling-stock and parts thereof; railway or tramway track fixtures and fittings and parts thereof; mechanical (including electro-mechanical) traffic signalling equipment of all kinds",2,False,C00,TOTAL CPC,0,0,TOTAL MOT,-1,N/A,0.0,False,-1,N/A,0.0,False,,False,0.0,False,780374809.631,,780374809.631,0,False,True
C,A,20230101,2023,52,2023,699,IND,India,M,Import,0,W00,World,0,W00,World,H6,HS,True,87,"Vehicles; other than railway or tramway rolling stock, and parts and accessories thereof",2,False,C00,TOTAL CPC,0,0,TOTAL MOT,-1,N/A,0.0,False,-1,N/A,0.0,False,,False,0.0,False,7682231464.385,,7682231464.385,0,False,True
C,A,20230101,2023,52,2023,699,IND,India,M,Import,0,W00,World,0,W00,World,H6,HS,True,89,"Ships, boats and floating structures",2,False,C00,TOTAL CPC,0,0,TOTAL MOT,-1,N/A,0.0,False,-1,N/A,0.0,False,,False,0.0,False,3671130296.427,,3671130296.427,0,False,True
C,A,20230101,2023,52,2023,699,IND,India,M,Import,0,W00,World,0,W00,World,H6,HS,True,90,"Optical, photographic, cinematographic, measuring, checking, medical or surgical instruments and apparatus; parts and accessories",2,False,C00,TOTAL CPC,0,0,TOTAL MOT,-1,N/A,0.0,False,-1,N/A,0.0,False,,False,0.0,False,12624509117.068,,12624509117.068,0,False,True
C,A,20230101,2023,52,2023,699,IND,India,M,Import,0,W00,World,0,W00,World,H6,HS,True,92,Musical instruments; parts and accessories of such articles,2,False,C00,TOTAL CPC,0,0,TOTAL MOT,-1,N/A,0.0,False,-1,N/A,0.0,False,,False,0.0,False,70336433.935,,70336433.935,0,False,True
C,A,20230101,2023,52,2023,699,IND,India,M,Import,0,W00,World,0,W00,World,H6,HS,True,93,Arms and ammunition; parts and accessories thereof,2,False,C00,TOTAL CPC,0,0,TOTAL MOT,-1,N/A,0.0,False,-1,N/A,0.0,False,,False,0.0,False,167756945.834,,167756945.834,0,False,True
C,A,20230101,2023,52,2023,699,IND,India,M,Import,0,W00,World,0,W00,World,H6,HS,True,96,Miscellaneous manufactured articles,2,False,C00,TOTAL CPC,0,0,TOTAL MOT,-1,N/A,0.0,False,-1,N/A,0.0,False,,False,0.0,False,751015113.563,,751015113.563,0,False,True
C,A,20230101,2023,52,2023,699,IND,India,M,Import,0,W00,World,0,W00,World,H6,HS,True,01,Animals; live,2,False,C00,TOTAL CPC,0,0,TOTAL MOT,-1,N/A,0.0,False,-1,N/A,0.0,False,,False,0.0,False,14689539.647,,14689539.647,0,False,True
C,A,20230101,2023,52,2023,699,IND,India,M,Import,0,W00,World,0,W00,World,H6,HS,True,27,"Mineral fuels, mineral oils and products of their distillation; bituminous substances; mineral waxes",2,False,C00,TOTAL CPC,0,0,TOTAL MOT,-1,N/A,0.0,False,-1,N/A,0.0,False,,False,0.0,False,220593798333.951,,220593798333.951,0,False,True
C,A,20230101,2023,52,2023,699,IND,India,M,Import,0,W00,World,0,W00,World,H6,HS,True,44,Wood and articles of wood; wood charcoal,2,False,C00,TOTAL CPC,0,0,TOTAL MOT,-1,N/A,0.0,False,-1,N/A,0.0,False,,False,0.0,False,2283259597.397,,2283259597.397,0,False,True
C,A,20230101,2023,52,2023,699,IND,India,M,Import,0,W00,World,0,W00,World,H6,HS,True,85,"Electrical machinery and equipment and parts thereof; sound recorders and reproducers; television image and sound recorders and reproducers, parts and accessories of such articles",2,False,C00,TOTAL CPC,0,0,TOTAL MOT,-1,N/A,0.0,False,-1,N/A,0.0,False,,False,0.0,False,76063435331.401,,76063435331.401,0,False,True
C,A,20230101,2023,52,2023,699,IND,India,M,Import,0,W00,World,0,W00,World,H6,HS,True,88,"Aircraft, spacecraft, and parts thereof",2,False,C00,TOTAL CPC,0,0,TOTAL MOT,-1,N/A,0.0,False,-1,N/A,0.0,False,,False,0.0,False,10072015771.513,,10072015771.513,0,False,True
C,A,20230101,2023,52,2023,699,IND,India,M,Import,0,W00,World,0,W00,World,H6,HS,True,91,Clocks and watches and parts thereof,2,False,C00,TOTAL CPC,0,0,TOTAL MOT,-1,N/A,0.0,False,-1,N/A,0.0,False,,False,0.0,False,558046839.014,,558046839.014,0,False,True
C,A,20230101,2023,52,2023,699,IND,India,M,Import,0,W00,World,0,W00,World,H6,HS,True,50,Silk,2,False,C00,TOTAL CPC,0,0,TOTAL MOT,-1,N/A,0.0,False,-1,N/A,0.0,False,,False,0.0,False,214105565.708,,214105565.708,0,False,True
C,A,20230101,2023,52,2023,699,IND,India,M,Import,0,W00,World,0,W00,World,H6,HS,True,53,Vegetable textile fibres; paper yarn and woven fabrics of paper yarn,2,False,C00,TOTAL CPC,0,0,TOTAL MOT,-1,N/A,0.0,False,-1,N/A,0.0,False,,False,0.0,False,575671596.342,,575671596.342,0,False,True
C,A,20230101,2023,52,2023,699,IND,India,M,Import,0,W00,World,0,W00,World,H6,HS,True,70,Glass and glassware,2,False,C00,TOTAL CPC,0,0,TOTAL MOT,-1,N/A,0.0,False,-1,N/A,0.0,False,,False,0.0,False,1800758484.164,,1800758484.164,0,False,True
C,A,20230101,2023,52,2023,699,IND,India,M,Import,0,W00,World,0,W00,World,H6,HS,True,76,Aluminium and articles thereof,2,False,C00,TOTAL CPC,0,0,TOTAL MOT,-1,N/A,0.0,False,-1,N/A,0.0,False,,False,0.0,False,6871790693.394,,6871790693.394,0,False,True
C,A,20230101,2023,52,2023,699,IND,India,M,Import,0,W00,World,0,W00,World,H6,HS,True,94,"Furniture; bedding, mattresses, mattress supports, cushions and similar stuffed furnishings; lamps and lighting fittings, n.e.c.; illuminated signs, illuminated name-plates and the like; prefabricated buildings",2,False,C00,TOTAL CPC,0,0,TOTAL MOT,-1,N/A,0.0,False,-1,N/A,0.0,False,,False,0.0,False,1557661916.188,,1557661916.188,0,False,True
C,A,20230101,2023,52,2023,699,IND,India,M,Import,0,W00,World,0,W00,World,H6,HS,True,97,Works of art; collectors' pieces and antiques,2,False,C00,TOTAL CPC,0,0,TOTAL MOT,-1,N/A,0.0,False,-1,N/A,0.0,False,,False,0.0,False,460891342.178,,460891342.178,0,False,True
C,A,20230101,2023,52,2023,699,IND,India,M,Import,0,W00,World,0,W00,World,H6,HS,True,31,Fertilizers,2,False,C00,TOTAL CPC,0,0,TOTAL MOT,-1,N/A,0.0,False,-1,N/A,0.0,False,,False,0.0,False,10422927418.121,,10422927418.121,0,False,True
C,A,20230101,2023,52,2023,699,IND,India,M,Import,0,W00,World,0,W00,World,H6,HS,True,37,Photographic or cinematographic goods,2,False,C00,TOTAL CPC,0,0,TOTAL MOT,-1,N/A,0.0,False,-1,N/A,0.0,False,,False,0.0,False,217533114.024,,217533114.024,0,False,True
C,A,20230101,2023,52,2023,699,IND,India,M,Import,0,W00,World,0,W00,World,H6,HS,True,54,Man-made filaments; strip and the like of man-made textile materials,2,False,C00,TOTAL CPC,0,0,TOTAL MOT,-1,N/A,0.0,False,-1,N/A,0.0,False,,False,0.0,False,1805905223.261,,1805905223.261,0,False,True
C,A,20230101,2023,52,2023,699,IND,India,M,Import,0,W00,World,0,W00,World,H6,HS,True,57,Carpets and other textile floor coverings,2,False,C00,TOTAL CPC,0,0,TOTAL MOT,-1,N/A,0.0,False,-1,N/A,0.0,False,,False,0.0,False,157047413.63,,157047413.63,0,False,True
C,A,20230101,2023,52,2023,699,IND,India,M,Import,0,W00,World,0,W00,World,H6,HS,True,95,"Toys, games and sports requisites; parts and accessories thereof",2,False,C00,TOTAL CPC,0,0,TOTAL MOT,-1,N/A,0.0,False,-1,N/A,0.0,False,,False,0.0,False,522491446.183,,522491446.183,0,False,True
C,A,20230101,2023,52,2023,699,IND,India,M,Import,0,W00,World,0,W00,World,H6,HS,True,38,Chemical products n.e.c.,2,False,C00,TOTAL CPC,0,0,TOTAL MOT,-1,N/A,0.0,False,-1,N/A,0.0,False,,False,0.0,False,7601438327.732,,7601438327.732,0,False,True
C,A,20230101,2023,52,2023,699,IND,India,M,Import,0,W00,World,0,W00,World,H6,HS,True,55,Man-made staple fibres,2,False,C00,TOTAL CPC,0,0,TOTAL MOT,-1,N/A,0.0,False,-1,N/A,0.0,False,,False,0.0,False,982177361.816,,982177361.816,0,False,True
C,A,20230101,2023,52,2023,699,IND,India,M,Import,0,W00,World,0,W00,World,H6,HS,True,58,"Fabrics; special woven fabrics, tufted textile fabrics, lace, tapestries, trimmings, embroidery",2,False,C00,TOTAL CPC,0,0,TOTAL MOT,-1,N/A,0.0,False,-1,N/A,0.0,False,,False,0.0,False,198350948.931,,198350948.931,0,False,True
C,A,20230101,2023,52,2023,699,IND,India,M,Import,0,W00,World,0,W00,World,H6,HS,True,61,Apparel and clothing accessories; knitted or crocheted,2,False,C00,TOTAL CPC,0,0,TOTAL MOT,-1,N/A,0.0,False,-1,N/A,0.0,False,,False,0.0,False,672578006.092,,672578006.092,0,False,True
C,A,20230101,2023,52,2023,699,IND,India,M,Import,0,W00,World,0,W00,World,H6,HS,True,79,Zinc and articles thereof,2,False,C00,TOTAL CPC,0,0,TOTAL MOT,-1,N/A,0.0,False,-1,N/A,0.0,False,,False,0.0,False,850723093.01,,850723093.01,0,False,True
C,A,20230101,2023,52,2023,699,IND,India,M,Import,0,W00,World,0,W00,World,H6,HS,True,82,"Tools, implements, cutlery, spoons and forks, of base metal; parts thereof, of base metal",2,False,C00,TOTAL CPC,0,0,TOTAL MOT,-1,N/A,0.0,False,-1,N/A,0.0,False,,False,0.0,False,1356625965.521,,1356625965.521,0,False,True
